cluster,decision,source,label,sha256,archive_member
0,dropped_label_conflict,kermany,NORMAL,4dbfae8f7a29a9871b5b6e6febc33b2a4d14cbf9b4a0aef37e3db018f92798c3,kermany/test/NORMAL/IM-0003-0001.jpeg
0,dropped_label_conflict,chittagong,NORMAL,2b65f62bab41bfbb69886c98a03fd797ef9caeb5c6c32aef7b62f55ea39ff78e,chittagong/nested_0/Training/normal/normal-7078.jpg
0,dropped_label_conflict,chittagong,PNEUMONIA,2b65f62bab41bfbb69886c98a03fd797ef9caeb5c6c32aef7b62f55ea39ff78e,chittagong/nested_0/Training/pneumonia/pneumonia-444.jpg
1,kept,kermany,NORMAL,b3527ee86d19cdb6dc6a36d7cea49c769b4ae4506d13c5914d617827708b931a,kermany/test/NORMAL/IM-0007-0001.jpeg
1,dropped_duplicate,chittagong,NORMAL,55ecf0fc9c6e29ea3641b05b5dc1fe4626c63ee46803d6d3c99b5cf0d9e7c671,chittagong/nested_0/Training/normal/normal-7222.jpg
2,dropped_label_conflict,kermany,NORMAL,5090dceb61876e6c20b13a3a44fdb040983bbc8d3201242e95ffc765f6bcc93b,kermany/test/NORMAL/IM-0015-0001.jpeg
2,dropped_label_conflict,chittagong,PNEUMONIA,f89a669e0641de7a8bb6e247bf9d17ef6854c8f57d83234576832d3376241062,chittagong/nested_0/Training/pneumonia/pneumonia-3905.jpg
3,dropped_label_conflict,kermany,NORMAL,cc2b511eb5a8dc4e87ffd1eafa7ce91958140d4467e942cdc32dc6f35e49d864,kermany/test/NORMAL/IM-0021-0001.jpeg
3,dropped_label_conflict,chittagong,PNEUMONIA,c38c8ce431778876101c91fe78b7f7dd3ae0b6acbf4752e9c701b789b9f5541a,chittagong/nested_0/Testing/pneumonia/pneumonia-5206.jpg
4,dropped_label_conflict,kermany,NORMAL,d09519831dd7f24f1db680e1147392d455e8dd485cd3f23fdc4c281e2f00d63f,kermany/test/NORMAL/IM-0022-0001.jpeg
4,dropped_label_conflict,chittagong,PNEUMONIA,e3eb79d95fcbc02d7e9f96bfa9bc66dfeaba27b98afcbcd3044284afb1318cda,chittagong/nested_0/Training/pneumonia/pneumonia-3903.jpg
5,dropped_label_conflict,kermany,NORMAL,9c9362820a864766b548872adc2ac75249b1ea74d6ac7939f9b4cfa5929bef3b,kermany/test/NORMAL/IM-0025-0001.jpeg
5,dropped_label_conflict,chittagong,PNEUMONIA,48d6a5c515dc3ceef983f6e3c469eaedda705832d7e6ba02e0479bd913cbdb1d,chittagong/nested_0/Testing/pneumonia/pneumonia-5205.jpg
6,dropped_label_conflict,kermany,NORMAL,45117d08a44f6b4d8fdc6747f7e42a9690eba431f5977f1cb06254dea3243650,kermany/test/NORMAL/IM-0028-0001.jpeg
6,dropped_label_conflict,chittagong,PNEUMONIA,96f9c874d1a9f4c29dcf0e4fb916d9ee099830594c04646daa312a0f28d0086e,chittagong/nested_0/Training/pneumonia/pneumonia-4191.jpg
7,kept,kermany,NORMAL,1076c13e96fd953b0c31826e513a377d678c7bc8fe7159db2a0e39afa5b6dd11,kermany/test/NORMAL/IM-0037-0001.jpeg
7,dropped_duplicate,chittagong,NORMAL,4630fe5af825d9ad873a5b2245190bdd10e870894ada1cf0c18372269be6abe7,chittagong/nested_0/Testing/normal/normal-7869.jpg
8,kept,kermany,NORMAL,2aeb3a99c890ab73bfba95c429e3b394d21f1e2b0407b6b39ab4873bbf6445ea,kermany/test/NORMAL/IM-0043-0001.jpeg
8,dropped_duplicate,chittagong,NORMAL,755362331e3347bace7f5e813a3d3611f00bbc56065eec6d0c6bc8f9758ee88c,chittagong/nested_0/Testing/normal/normal-8078.jpg
9,kept,kermany,NORMAL,3d4fed2aa62d75904ec26694e3c8dcfda4a4c1e303fe75f92e39a08b51698eb0,kermany/test/NORMAL/IM-0046-0001.jpeg
9,dropped_duplicate,chittagong,NORMAL,f952f01165c7f24bd366a08cacb579b11711a6d136b8e758b4d7b1a087cb0d97,chittagong/nested_0/Training/normal/normal-854.jpg
10,dropped_label_conflict,kermany,NORMAL,9eba025033ae7d1a073afb5911e5d0e7c4927f417f4105d9b16e0937f7df9d44,kermany/test/NORMAL/IM-0077-0001.jpeg
10,dropped_label_conflict,chittagong,PNEUMONIA,f38537500cf0064e9572852681f57fd311a8d77f65a88d64bd3af707490c6119,chittagong/nested_0/Training/pneumonia/pneumonia-160.jpg
11,dropped_label_conflict,kermany,NORMAL,38e03d6fba9f711cca4a287429501eabf4e07ef6b541427e0de2732f51ce4229,kermany/test/NORMAL/IM-0079-0001.jpeg
11,dropped_label_conflict,chittagong,PNEUMONIA,60daa1d78f487fe954f5420465893bf6d066d4efc6670f5f6d45078cad97ef1f,chittagong/nested_0/Training/pneumonia/pneumonia-3911.jpg
12,dropped_label_conflict,kermany,NORMAL,0866b550af9ea16cb96e7f43bb702f72fb06e01080f93a653aed6768eef5f8c1,kermany/test/NORMAL/IM-0086-0001.jpeg
12,dropped_label_conflict,chittagong,PNEUMONIA,cecd682b908898a3d26da3dcc76f0e9b4a6f8edd22e2ba210d1d9be797088c21,chittagong/nested_0/Testing/pneumonia/pneumonia-5134.jpg
13,dropped_label_conflict,kermany,NORMAL,64ef120eb5f54473e5b9a130ecdc110b5b486192d2028448c453dab47a257f9a,kermany/test/NORMAL/IM-0099-0001.jpeg
13,dropped_label_conflict,chittagong,PNEUMONIA,771fa22ff05d6d33e835ad1a6848abb936c6cc86169ac475c96af0c8e233afb1,chittagong/nested_0/Training/pneumonia/pneumonia-4025.jpg
14,kept,kermany,NORMAL,82dbd924dc27222176a78223adb91fcc77498493e41ed049901a465ad64cf4b9,kermany/test/NORMAL/IM-0101-0001.jpeg
14,dropped_duplicate,chittagong,NORMAL,bd7e332d67157bbc66a0e84fc11330c84b453ede7dae9dbbd87c19520f4c78da,chittagong/nested_0/Training/normal/normal-7607.jpg
15,dropped_label_conflict,kermany,NORMAL,c9e59f4bfd42365640526b8622d6a7a04155eccfb4a6342f2018c193b956f714,kermany/test/NORMAL/IM-0105-0001.jpeg
15,dropped_label_conflict,chittagong,NORMAL,ebf299321c1317c7fa338f6e45de046ff30e898437cc6bc001ea6eaf6ba1ebac,chittagong/nested_0/Training/normal/normal-7458.jpg
15,dropped_label_conflict,chittagong,PNEUMONIA,ebf299321c1317c7fa338f6e45de046ff30e898437cc6bc001ea6eaf6ba1ebac,chittagong/nested_0/Training/pneumonia/pneumonia-4590.jpg
16,kept,kermany,NORMAL,70a82835fb1feca303f8fcc06c57deae2c499b43421140916e3dcd32fc56fc9a,kermany/test/NORMAL/IM-0107-0001.jpeg
16,dropped_duplicate,chittagong,NORMAL,c5696cac94cad742ef94c760ea1a7ce17cc72b0023905653172c159447be93f9,chittagong/nested_0/Testing/normal/normal-7989.jpg
17,dropped_label_conflict,kermany,NORMAL,9ab44d1cd11cf6c57fee479c6f803a4aaf9271905981c8b9430dadb8b87d161d,kermany/test/NORMAL/IM-0110-0001.jpeg
17,dropped_label_conflict,chittagong,NORMAL,ec3ef1c3e887b1934dd44095950c36d26652eb4d600dbcb7cffb8bf2acb00629,chittagong/nested_0/Training/normal/normal-777.jpg
17,dropped_label_conflict,chittagong,PNEUMONIA,ec3ef1c3e887b1934dd44095950c36d26652eb4d600dbcb7cffb8bf2acb00629,chittagong/nested_0/Training/pneumonia/pneumonia-4213.jpg
18,kept,kermany,NORMAL,776b392f9584b6a545e53a6db39f62ad20b2ab1d11a140a9c29d147b1db25482,kermany/test/NORMAL/IM-0111-0001.jpeg
18,dropped_duplicate,chittagong,NORMAL,87d95816ea96ea0172139b2c1ccbc8a76b839f369d0ede837910486f62bfd36c,chittagong/nested_0/Testing/normal/normal-7942.jpg
18,dropped_duplicate,chittagong,NORMAL,87d95816ea96ea0172139b2c1ccbc8a76b839f369d0ede837910486f62bfd36c,chittagong/nested_0/Training/normal/normal-7942.jpg
19,dropped_label_conflict,kermany,NORMAL,f145a2313f1c1485ea4a90328f5b769a5f82cc236bcc373295424b116cb113f1,kermany/test/NORMAL/NORMAL2-IM-0007-0001.jpeg
19,dropped_label_conflict,chittagong,PNEUMONIA,3bbc0adec9af13e3eeadfd7625606571b7026c014483d9cd0999c55cdbd1b4b8,chittagong/nested_0/Training/pneumonia/pneumonia-3886.jpg
20,kept,kermany,NORMAL,f00d5705774e1aa4e8e9adaca7ef2898f87fe4edfb95d0e52c77124629380e54,kermany/test/NORMAL/NORMAL2-IM-0027-0001.jpeg
20,dropped_duplicate,chittagong,NORMAL,6b2178e25a54afa4d190b923ca197dce188901a55a48b53e886bb55302cd873c,chittagong/nested_0/Training/normal/normal-7130.jpg
21,kept,kermany,NORMAL,c9cd3a8672836a8518110a2ec734375ae571c4dca5e24ab6966462996dc8e58d,kermany/test/NORMAL/NORMAL2-IM-0029-0001.jpeg
21,dropped_duplicate,chittagong,NORMAL,9f25745a2d68ef9c17fa3b523f35ce8fd71a6333e29383a1525da4edfe3c10f4,chittagong/nested_0/Training/normal/normal-7620.jpg
22,dropped_label_conflict,kermany,NORMAL,c9377d511e1e9caed0105ec7d89f7a0fc987c36c91fbe62a96740d4381a6fd0a,kermany/test/NORMAL/NORMAL2-IM-0035-0001.jpeg
22,dropped_label_conflict,chittagong,PNEUMONIA,9151e278d253ac42e11a74cb07af72046963d98c980a2fc01671aaf00c5a9738,chittagong/nested_0/Testing/pneumonia/pneumonia-736.jpg
23,dropped_label_conflict,kermany,NORMAL,305eaaac2c84183b99d7e07f9921288f4c6386dd745ff5b432430c82e44abfe7,kermany/test/NORMAL/NORMAL2-IM-0041-0001.jpeg
23,dropped_label_conflict,chittagong,PNEUMONIA,6e5fbce95e91ba6ec0fe60f9e35d6e8e848b19dd5cd7226b5079db430dc099b8,chittagong/nested_0/Testing/pneumonia/pneumonia-699.jpg
24,kept,kermany,NORMAL,f6349cca75a3e7317176139fa81448850a58824b07833eacf885cc19a59be81e,kermany/test/NORMAL/NORMAL2-IM-0045-0001.jpeg
24,dropped_duplicate,chittagong,NORMAL,cc7133f1b12f3e1bf5b2c935e4e69a23c9c3d282bac4cd4c208b4347b2a0f343,chittagong/nested_0/Training/normal/normal-7097.jpg
25,dropped_label_conflict,kermany,NORMAL,213acd2b0ab026a8c916856db518c493cdf8210beb98978f3bdeffe37526c692,kermany/test/NORMAL/NORMAL2-IM-0051-0001.jpeg
25,dropped_label_conflict,chittagong,PNEUMONIA,b96f41a8641fbd79be1ce220136451ec6065f37488d6dbe7b4d92fe8c3d499bc,chittagong/nested_0/Training/pneumonia/pneumonia-4057.jpg
26,kept,kermany,NORMAL,88f092395b4c91977b4b8a781472f6fd2ccf47e8277b8e70e28e918f04c2ed09,kermany/test/NORMAL/NORMAL2-IM-0060-0001.jpeg
26,dropped_duplicate,chittagong,NORMAL,aee26287fc397def53ee4ae3e75ebe4f9417ce6d5de3f81589d54cfe70e12d9c,chittagong/nested_0/Training/normal/normal-7642.jpg
27,dropped_label_conflict,kermany,NORMAL,d86726c7c89f3d97c84a69421791888cef5bb7da468b23d63bb541f74d6055de,kermany/test/NORMAL/NORMAL2-IM-0072-0001.jpeg
27,dropped_label_conflict,chittagong,NORMAL,9ac6c5305a34f76a9458e8e1e28b827e5e5babf982e4eedc5205b044cf0a0d0b,chittagong/nested_0/Training/normal/normal-893.jpg
27,dropped_label_conflict,chittagong,PNEUMONIA,9ac6c5305a34f76a9458e8e1e28b827e5e5babf982e4eedc5205b044cf0a0d0b,chittagong/nested_0/Training/pneumonia/pneumonia-512.jpg
28,dropped_label_conflict,kermany,NORMAL,fae2085830a4c703c36348b3ccc2a5ddfd741c86f12dbef48d4a8a31726ae773,kermany/test/NORMAL/NORMAL2-IM-0095-0001.jpeg
28,dropped_label_conflict,kermany,NORMAL,fae2085830a4c703c36348b3ccc2a5ddfd741c86f12dbef48d4a8a31726ae773,kermany/test/NORMAL/NORMAL2-IM-0096-0001.jpeg
28,dropped_label_conflict,chittagong,PNEUMONIA,80bef92cac2b6afee07227cc6a8c75646ac9da4532bcd3973a8c859b653dac0b,chittagong/nested_0/Training/pneumonia/pneumonia-374.jpg
29,dropped_label_conflict,kermany,NORMAL,947eef7460bd26ce8fb72f78b704f23bb5228b843e4a8ad79705de220ae8f7c9,kermany/test/NORMAL/NORMAL2-IM-0105-0001.jpeg
29,dropped_label_conflict,chittagong,PNEUMONIA,d05329c5392595332d2ed9d1afa7c7b2f643863536613edf866258f07b3d537c,chittagong/nested_0/Training/pneumonia/pneumonia-386.jpg
30,kept,kermany,NORMAL,b8a6a29d829c35dd402bdab44ac8029c83e75c5d12fa1f78b0be5c58a6c556d9,kermany/test/NORMAL/NORMAL2-IM-0107-0001.jpeg
30,dropped_duplicate,chittagong,NORMAL,6694a262b49f6213bdc2ecee7ce90a1c21cc6b41583b52b1400a42e5b3e919b3,chittagong/nested_0/Training/normal/normal-7057.jpg
31,dropped_label_conflict,kermany,NORMAL,7ae8498e470d84dac1ec28110667074b599af4dfa373b3dd6c70cbebc088864f,kermany/test/NORMAL/NORMAL2-IM-0112-0001.jpeg
31,dropped_label_conflict,chittagong,PNEUMONIA,648b407883921d425ef64ee97e4dec357578a457fe65fd25bb9a1e79128cc687,chittagong/nested_0/Training/pneumonia/pneumonia-213.jpg
32,dropped_label_conflict,kermany,NORMAL,de3bd2a033b90621e42d7d1119536938b9249b4a0111fb3f9bb2de1eaac98007,kermany/test/NORMAL/NORMAL2-IM-0117-0001.jpeg
32,dropped_label_conflict,chittagong,PNEUMONIA,6ad376b9a969bcf0d267702b3019dcb91e0a767fa497f2d5e3469324fb1855e5,chittagong/nested_0/Training/pneumonia/pneumonia-4080.jpg
33,dropped_label_conflict,kermany,NORMAL,25d30b2606243e6852f5c3d4d2c1381a5bdbb885bd5b5fa9557409ee42a5d55f,kermany/test/NORMAL/NORMAL2-IM-0129-0001.jpeg
33,dropped_label_conflict,chittagong,PNEUMONIA,930b1b0dc1e084de404b7d27934323650b86319d02e78c94d6cbe503ba9b7f2a,chittagong/nested_0/Training/pneumonia/pneumonia-175.jpg
34,kept,kermany,NORMAL,6e88184bd28ba8cc47a2ae8f6de3a39fb464e8cc84564813a67c7209940f2ea8,kermany/test/NORMAL/NORMAL2-IM-0145-0001.jpeg
34,dropped_duplicate,chittagong,NORMAL,148a8f8c205480cfb3f2b30ffcbb02d6078e54ffb8e99449a8839218518da1d3,chittagong/nested_0/Training/normal/normal-7214.jpg
35,kept,kermany,NORMAL,01c0fd86393c1d436b164335ea4f020d44805f4d08ae9cae9adbd58ec79defc6,kermany/test/NORMAL/NORMAL2-IM-0171-0001.jpeg
35,dropped_duplicate,chittagong,NORMAL,8103cdfac3f5ccbfcd4810a235ab6ce91498115d28caf16f0c19baf56d448c79,chittagong/nested_0/Training/normal/normal-7073.jpg
36,kept,kermany,NORMAL,409f0f6c0f8a5b8ed4e0645633b07812aff5991aaee75bbe48044711a55c7c2c,kermany/test/NORMAL/NORMAL2-IM-0173-0001-0001.jpeg
36,dropped_duplicate,kermany,NORMAL,409f0f6c0f8a5b8ed4e0645633b07812aff5991aaee75bbe48044711a55c7c2c,kermany/test/NORMAL/NORMAL2-IM-0173-0001-0002.jpeg
37,dropped_label_conflict,kermany,NORMAL,841208b83be1b8aabc058eeecd42641641df5ae7276435b64ee558902211dc40,kermany/test/NORMAL/NORMAL2-IM-0207-0001.jpeg
37,dropped_label_conflict,chittagong,PNEUMONIA,67932564095fbe34593d6c416acb700acf17aa6bca7450997b7ab0cbe5f18ae2,chittagong/nested_0/Training/pneumonia/pneumonia-376.jpg
38,dropped_label_conflict,kermany,NORMAL,e557f9b883d4bb39f288ca22e98b211d75e26e756cebdc0ce463efd25152b42c,kermany/test/NORMAL/NORMAL2-IM-0210-0001.jpeg
38,dropped_label_conflict,chittagong,NORMAL,0ef115549a27646d663f9ae2a142859100196843f747238eb492ac9af03659f5,chittagong/nested_0/Training/normal/normal-7390.jpg
38,dropped_label_conflict,chittagong,PNEUMONIA,0ef115549a27646d663f9ae2a142859100196843f747238eb492ac9af03659f5,chittagong/nested_0/Training/pneumonia/pneumonia-4547.jpg
39,dropped_label_conflict,kermany,NORMAL,cc896671aa94f7f5266b6552a214c6a85ba5c566747e5709769b37157ca94933,kermany/test/NORMAL/NORMAL2-IM-0217-0001.jpeg
39,dropped_label_conflict,chittagong,PNEUMONIA,f92389669140eca3ea6810f9231f119f7be9f90a59dbf6938cbbb614c2713b84,chittagong/nested_0/Testing/pneumonia/pneumonia-716.jpg
40,dropped_label_conflict,kermany,NORMAL,fdec0295bdc4c39dfff00eb9af0b1159a0291a43473e1723d1288f23072a9c42,kermany/test/NORMAL/NORMAL2-IM-0221-0001.jpeg
40,dropped_label_conflict,chittagong,PNEUMONIA,c6068c79aaf1fffc4a359341fc6ea7a5251e9808ddb621f9aa3741cb4539975d,chittagong/nested_0/Testing/pneumonia/pneumonia-5144.jpg
41,kept,kermany,NORMAL,5f0cd26461e064a5088b1a4d9a9d036ffc9ac664a66d75a736aa342d33be6ce8,kermany/test/NORMAL/NORMAL2-IM-0222-0001.jpeg
41,dropped_duplicate,chittagong,NORMAL,d86c513dde6eccbbe3eee0c559960abcce78bdfd6039769c3b22d41f01ca9c02,chittagong/nested_0/Testing/normal/normal-7981.jpg
42,dropped_label_conflict,kermany,NORMAL,eadb2f45e5daa4bdc5a06806986661124a7f522a0e0769d8cb3790bac45d65fb,kermany/test/NORMAL/NORMAL2-IM-0233-0001.jpeg
42,dropped_label_conflict,chittagong,PNEUMONIA,80e5bdfd611b712877ee6b4ad7fdb1bcf798282e5d17d32bfcbd27e84dedcf3f,chittagong/nested_0/Training/pneumonia/pneumonia-4015.jpg
43,kept,kermany,NORMAL,d45c9ed8961a3f8a7b17c82d81a13c98133a7a645d224aeab51f9f956d6b0ab1,kermany/test/NORMAL/NORMAL2-IM-0241-0001.jpeg
43,dropped_duplicate,chittagong,NORMAL,b7b11c39a0feac8f38861e74bbb502776fca147084f6af5a45709590a810ee62,chittagong/nested_0/Training/normal/normal-7178.jpg
44,kept,kermany,NORMAL,d33d41ad42d62152689b5e5939ee03a94fd827c707e47fb451364c1a32adce72,kermany/test/NORMAL/NORMAL2-IM-0246-0001-0001.jpeg
44,dropped_duplicate,kermany,NORMAL,d33d41ad42d62152689b5e5939ee03a94fd827c707e47fb451364c1a32adce72,kermany/test/NORMAL/NORMAL2-IM-0246-0001-0002.jpeg
45,kept,kermany,NORMAL,6d38bbd83d8d79a9f8c72799e98a6cb7c11b43fd56553f1f74b3d82b284d2669,kermany/test/NORMAL/NORMAL2-IM-0246-0001.jpeg
45,dropped_duplicate,chittagong,NORMAL,d84859aa51e62b358c69e62f1c72c5db8bdb4ae65901c6cf3ddf777fc9ad681a,chittagong/nested_0/Training/normal/normal-7664.jpg
46,kept,kermany,NORMAL,dbaaa32193cab6bb632894de309f77a8461377d00e1b112ddb056dd488a0f35d,kermany/test/NORMAL/NORMAL2-IM-0252-0001.jpeg
46,dropped_duplicate,chittagong,NORMAL,42dc9b45e7ec10710c96fa457252e3f3de2ae6a205ce9651d48cb67621d101f6,chittagong/nested_0/Training/normal/normal-908.jpg
47,dropped_label_conflict,kermany,NORMAL,dc8e4ef1321be066cb33056610b86d810e3487ddd6c33f2e100dfe104e877e40,kermany/test/NORMAL/NORMAL2-IM-0275-0001.jpeg
47,dropped_label_conflict,chittagong,NORMAL,144b7df723ee3dca9109dfcf095aa629326ad7a41a0760da493d900ec78030e0,chittagong/nested_0/Training/normal/normal-7273.jpg
47,dropped_label_conflict,chittagong,PNEUMONIA,144b7df723ee3dca9109dfcf095aa629326ad7a41a0760da493d900ec78030e0,chittagong/nested_0/Training/pneumonia/pneumonia-462.jpg
48,dropped_label_conflict,kermany,NORMAL,4fa4357d575682ca62170cbeb9c6a4808517851c18f57f8afff2435b0852c2c6,kermany/test/NORMAL/NORMAL2-IM-0279-0001.jpeg
48,dropped_label_conflict,chittagong,PNEUMONIA,2dad7c8d20e275c015306431e4207dc41e429f8ea1856448572cb0ef87f3561a,chittagong/nested_0/Testing/pneumonia/pneumonia-5194.jpg
49,kept,kermany,NORMAL,57bafccd0e069f50b3c91bd1b8e910a063d8884a424e09a0a54289675cd0acc4,kermany/test/NORMAL/NORMAL2-IM-0280-0001.jpeg
49,dropped_duplicate,chittagong,NORMAL,dad155b3c09985ef536402a80a6a8040362e2fdfeb7ea1afa058d661480b5d26,chittagong/nested_0/Training/normal/normal-907.jpg
50,dropped_label_conflict,kermany,NORMAL,fde2c3bf0d0d2d322085d5cbae374938f524d97d3467baf13ea46336d0140cc1,kermany/test/NORMAL/NORMAL2-IM-0283-0001.jpeg
50,dropped_label_conflict,chittagong,PNEUMONIA,47f37966ed16f857f747fc39554e67968f5762db20920a90b250053a71c675a0,chittagong/nested_0/Testing/pneumonia/pneumonia-5223.jpg
51,dropped_label_conflict,kermany,NORMAL,cdc4ea39809c180647f41077b2d07db67384e67637e57539b0258824c9e0dedf,kermany/test/NORMAL/NORMAL2-IM-0285-0001.jpeg
51,dropped_label_conflict,chittagong,PNEUMONIA,d50bbc30e550fb56bee3481e8affb85b3620a7bed05fc36780fb48aa6e048614,chittagong/nested_0/Training/pneumonia/pneumonia-518.jpg
52,dropped_label_conflict,kermany,NORMAL,7c7d1f47a2f07cda005da4bb3eda02d3e6c21f2c97875cde122ce4c781e7d809,kermany/test/NORMAL/NORMAL2-IM-0287-0001.jpeg
52,dropped_label_conflict,chittagong,NORMAL,111a336260d823c879e835a001b7f395e018bae9957e71355ec50dfcb66de25b,chittagong/nested_0/Training/normal/normal-7469.jpg
52,dropped_label_conflict,chittagong,PNEUMONIA,111a336260d823c879e835a001b7f395e018bae9957e71355ec50dfcb66de25b,chittagong/nested_0/Training/pneumonia/pneumonia-488.jpg
53,dropped_label_conflict,kermany,NORMAL,29039385c733d551e17bc1fe341b744019f448e2b7e5cecb33e678913fa6d349,kermany/test/NORMAL/NORMAL2-IM-0309-0001.jpeg
53,dropped_label_conflict,chittagong,PNEUMONIA,92706c94a235e6d2dada69e7e02d57b0ef8adcb2fad1d1cc36b73468a43cb0d9,chittagong/nested_0/Training/pneumonia/pneumonia-4041.jpg
54,dropped_label_conflict,kermany,NORMAL,5a38f254e14791b766c25df003a123132a39d0581c7f94f2f299546a67617788,kermany/test/NORMAL/NORMAL2-IM-0310-0001.jpeg
54,dropped_label_conflict,chittagong,NORMAL,e1a4636f1be170aa655410f62d4cc976f2bc13cfddc0d7c3e64e3f377582d139,chittagong/nested_0/Training/normal/normal-7288.jpg
54,dropped_label_conflict,chittagong,PNEUMONIA,e1a4636f1be170aa655410f62d4cc976f2bc13cfddc0d7c3e64e3f377582d139,chittagong/nested_0/Training/pneumonia/pneumonia-469.jpg
55,dropped_label_conflict,kermany,NORMAL,ed111227fc363b2717d298723594874430947004b86d31f419ae7530d3c774e3,kermany/test/NORMAL/NORMAL2-IM-0313-0001.jpeg
55,dropped_label_conflict,chittagong,PNEUMONIA,e8235eb66abd5f2363e32cb8665fbcbea5c5f42e62454b114704fe7fa8859f44,chittagong/nested_0/Training/pneumonia/pneumonia-4245.jpg
56,dropped_label_conflict,kermany,NORMAL,7143be39d62dadbfe45dfd18280b1f4c77ae66102b4bd60bdb175fc04e80f50a,kermany/test/NORMAL/NORMAL2-IM-0315-0001.jpeg
56,dropped_label_conflict,chittagong,PNEUMONIA,4ff65136fd7427398d4a7ce7b424a76c69b51d0df4b74c9362f0d2c586cb41ee,chittagong/nested_0/Training/pneumonia/pneumonia-76.jpg
57,kept,kermany,NORMAL,eba5deb1db1eb91956efadf16afa8c3e429a308073e71f2e5080d20aee959dbd,kermany/test/NORMAL/NORMAL2-IM-0332-0001.jpeg
57,dropped_duplicate,chittagong,NORMAL,a083a678ac15708d222abcf79f094ba1e8690f13f047c2ee51d34a8a34625d5b,chittagong/nested_0/Training/normal/normal-666.jpg
58,kept,kermany,NORMAL,824b0f05051d3f3722320c5ec3a76690814970fc9c7ab2ad345a554a75e3e32b,kermany/test/NORMAL/NORMAL2-IM-0338-0001.jpeg
58,dropped_duplicate,chittagong,NORMAL,a6326ec40e7f5983f4e4b19f8d4849349639d01db4e3df510ef0217e3639be60,chittagong/nested_0/Training/normal/normal-7534.jpg
59,dropped_label_conflict,kermany,NORMAL,c59214db2b419fc6226f1deab972c0f30be29e242b96cb918ca1620c903fa3e2,kermany/test/NORMAL/NORMAL2-IM-0339-0001.jpeg
59,dropped_label_conflict,chittagong,PNEUMONIA,dfe88a33a918064ecb31f07a91060689fd8c01ac1f2c1c99f06592b5f665a1a8,chittagong/nested_0/Testing/pneumonia/pneumonia-5130.jpg
60,dropped_label_conflict,kermany,NORMAL,6996504cf378e5eb39b3d84585cc895a4261434813747a3258e55d9399cb8862,kermany/test/NORMAL/NORMAL2-IM-0346-0001.jpeg
60,dropped_label_conflict,chittagong,PNEUMONIA,abb85421fb5a9d68742f528173b9c747eab6acd48cf22a6a90cdfcd1521445e1,chittagong/nested_0/Testing/pneumonia/pneumonia-5164.jpg
61,kept,kermany,NORMAL,d5d83bf9cd371fc57cbdb96332857d4863fbc0557ed6b54648016f472121af7c,kermany/test/NORMAL/NORMAL2-IM-0348-0001.jpeg
61,dropped_duplicate,chittagong,NORMAL,ce45b48985eb87157b202ff7ae5a6560303b5a4b4024380b5f7bf8604a2503dd,chittagong/nested_0/Training/normal/normal-7532.jpg
62,dropped_label_conflict,kermany,NORMAL,1298f1c5bf8a5f46161ed7d2431792e729866a169db38cd72a086134dc0bc3e8,kermany/test/NORMAL/NORMAL2-IM-0351-0001.jpeg
62,dropped_label_conflict,chittagong,PNEUMONIA,7842fd95b9bc28719b57df0e24246210bcbe0c71bbae53c07192a5d1bd57862a,chittagong/nested_0/Training/pneumonia/pneumonia-75.jpg
63,dropped_label_conflict,kermany,NORMAL,1aa2861aa60a0a03d23a55b81c50a186f2e05fc51bd47c22d03598211c293102,kermany/test/NORMAL/NORMAL2-IM-0352-0001.jpeg
63,dropped_label_conflict,chittagong,PNEUMONIA,93a5ab41c32c90627c26ca3ef5869e452dad32e6352a60895d91a1579967084c,chittagong/nested_0/Testing/pneumonia/pneumonia-849.jpg
64,kept,kermany,NORMAL,a1362c8305bfbc3de8e95e522364be504e5921626c73304fb9956ec901b1f7c8,kermany/test/NORMAL/NORMAL2-IM-0354-0001.jpeg
64,dropped_duplicate,chittagong,NORMAL,6c7f4e210ca7d277163de0d9499f3d6c2ea75fd54953b2aa3129c55a1cbef238,chittagong/nested_0/Training/normal/normal-879.jpg
65,dropped_label_conflict,kermany,NORMAL,f011b4b662848d2d01523dcf0eabe6baf452f7c08c8b8f3b63f4ddc75b3d609e,kermany/test/NORMAL/NORMAL2-IM-0362-0001.jpeg
65,dropped_label_conflict,chittagong,PNEUMONIA,97cfb498aab2bb273eeb460ec6855248c1d78dbc3f99c2725f534f06670c52ee,chittagong/nested_0/Training/pneumonia/pneumonia-4123.jpg
66,kept,kermany,NORMAL,3e6bebfb3b6639af5218f9759c66d774f548213434ccf08f62307538378229e6,kermany/test/NORMAL/NORMAL2-IM-0369-0001.jpeg
66,dropped_duplicate,chittagong,NORMAL,bbbe6061981b6d89524ed5e39495dc3cff616c34b1f8eb04cd11b25947e86e03,chittagong/nested_0/Training/normal/normal-7542.jpg
67,kept,kermany,NORMAL,4994c152ee76831c0945a9f33a130e62e585b3b2989fb1151b0375f94c87f30f,kermany/test/NORMAL/NORMAL2-IM-0372-0001.jpeg
67,dropped_duplicate,chittagong,NORMAL,fbd6306b089e4cc0c03e384b615ef72e277daa2dade260fc427977647f169a1a,chittagong/nested_0/Training/normal/normal-635.jpg
68,kept,kermany,NORMAL,89c833b6840bc1849bb5995fb8adf7ece83e5d4a3a2d12808ba7329ee2200bb4,kermany/test/NORMAL/NORMAL2-IM-0380-0001.jpeg
68,dropped_duplicate,chittagong,NORMAL,d227064b9c4037f3bb3a5ddb0452daa2303e8d25233e72894c676017350e8a40,chittagong/nested_0/Training/normal/normal-7186.jpg
69,kept,kermany,PNEUMONIA,d83dc895ecb121be2e9496f528eeee0d673ff53683864ebeed508f543a46e35c,kermany/test/PNEUMONIA/person103_bacteria_488.jpeg
69,dropped_duplicate,chittagong,PNEUMONIA,f7b344f858bdbb390461d9fd2b2cf7514285e3595dbec90b03b296a7718df837,chittagong/nested_0/Training/pneumonia/pneumonia-4009.jpg
70,kept,kermany,PNEUMONIA,fda27b13cc2b36f08bb883d2934ed382aa0eb57ce9df6edbba7dc40c0f0455b4,kermany/test/PNEUMONIA/person103_bacteria_490.jpeg
70,dropped_duplicate,chittagong,PNEUMONIA,2ec2cca5682d629c79c407402b9f290f6b03e8ee06e71eb196e4fb76b7c9b913,chittagong/nested_0/Training/pneumonia/pneumonia-318.jpg
71,kept,kermany,PNEUMONIA,fd70987fab70f5f6226dac2bd1e0e50f18af74f6f222dee6a74c8de13946a50b,kermany/test/PNEUMONIA/person104_bacteria_491.jpeg
71,dropped_duplicate,chittagong,PNEUMONIA,8330bf358a17561ae453b017ea24c930bc78e3d3713613df9633712be96b4576,chittagong/nested_0/Training/pneumonia/pneumonia-4568.jpg
72,kept,kermany,PNEUMONIA,7d674d50a020c24a9b93784d6b7458f55e649bf057f79cc153ca0b6a9b5c7102,kermany/test/PNEUMONIA/person108_bacteria_506.jpeg
72,dropped_duplicate,chittagong,PNEUMONIA,414e963fb16b70ba99061537ff41e1275064c766a7b37f613d0e8a6d66671c58,chittagong/nested_0/Training/pneumonia/pneumonia-4281.jpg
73,kept,kermany,PNEUMONIA,92fd4e927f5890b50c599c64ae4dac352ef71387d5473a30dc80d35a3de18a32,kermany/test/PNEUMONIA/person109_bacteria_519.jpeg
73,dropped_duplicate,chittagong,PNEUMONIA,eeb9a206854ae8d691637ad9faf761d0688c03c60249ba89ced36909d5190f49,chittagong/nested_0/Training/pneumonia/pneumonia-527.jpg
74,kept,kermany,PNEUMONIA,db492a84153e4577ec5e7d157d4415c60cd5ab9a93209be00e53e8e9a5d373c2,kermany/test/PNEUMONIA/person111_bacteria_535.jpeg
74,dropped_duplicate,chittagong,PNEUMONIA,0dfd42872c80e39b372a86bf7c784ad785fc58f5e6c53e9dafbd59ed85785aad,chittagong/nested_0/Training/pneumonia/pneumonia-4173.jpg
75,kept,kermany,PNEUMONIA,e4c540d4739c0b677f18a245ad0a6455dc589638fd87eb4c74f7c1f0166e659c,kermany/test/PNEUMONIA/person117_bacteria_557.jpeg
75,dropped_duplicate,chittagong,PNEUMONIA,40735b500d52a1eb161575ff094ee0b2e830d646980ec7b7cd046fd7b478dd5f,chittagong/nested_0/Testing/pneumonia/pneumonia-749.jpg
76,kept,kermany,PNEUMONIA,28784692e79a2b4d8e9c137acb4afc3e8ca5eb1b73b61577481c9c6d8886999a,kermany/test/PNEUMONIA/person119_bacteria_568.jpeg
76,dropped_duplicate,chittagong,PNEUMONIA,e1222406cf3bdea0ec22b06c67e2dd51aa1b560ba5b1bcde1847d616e0c502b0,chittagong/nested_0/Training/pneumonia/pneumonia-500.jpg
77,kept,kermany,PNEUMONIA,67496e43ec191f4a760f229280438449a4eb729f062ac2e9a736f783f496cda9,kermany/test/PNEUMONIA/person11_virus_38.jpeg
77,dropped_duplicate,chittagong,PNEUMONIA,17e6a2ea0100de6c9c7ca1b6494ff977c2b5c1104b05deb79e5f185e4965af63,chittagong/nested_0/Training/pneumonia/pneumonia-496.jpg
78,kept,kermany,PNEUMONIA,8271bfe1fd3cb71cef665dee7b81c504100fd39d5a8f4773271d5b88e6bfe357,kermany/test/PNEUMONIA/person120_bacteria_570.jpeg
78,dropped_duplicate,chittagong,PNEUMONIA,2a4166a6fe90e1fa954cdebd07f13c19d4edcbb24267c0371a260134c5c649b9,chittagong/nested_0/Training/pneumonia/pneumonia-3969.jpg
79,kept,kermany,PNEUMONIA,c8e2d6cafb30abdc8d8d96403ab24651941dc17e413e35754b5e628b2e105592,kermany/test/PNEUMONIA/person120_bacteria_573.jpeg
79,dropped_duplicate,chittagong,PNEUMONIA,bb03831e0724fc5b285c91871fab0c16f8f1f57161d101cf34f12b30fb12d766,chittagong/nested_0/Training/pneumonia/pneumonia-4146.jpg
80,kept,kermany,PNEUMONIA,029868c1f29b8203a23e36cccc7e9924998ca9726c0c1755c13afb580227b0d4,kermany/test/PNEUMONIA/person124_bacteria_592.jpeg
80,dropped_duplicate,chittagong,PNEUMONIA,0533c6507755e0cb69ed86fc4e52ecbfa6d140d97493f6e8c3cf51562fe66e09,chittagong/nested_0/Training/pneumonia/pneumonia-4081.jpg
81,kept,kermany,PNEUMONIA,603b7db1059ef074156009eb1d6ca099ddb72bc6366f06e904d7f0439e04df63,kermany/test/PNEUMONIA/person125_bacteria_594.jpeg
81,dropped_duplicate,chittagong,PNEUMONIA,0e7f1c9196e63a4239af01ca3c04eaa1cadaa1e30e594b049d78d3cdfe2d816c,chittagong/nested_0/Training/pneumonia/pneumonia-4047.jpg
82,kept,kermany,PNEUMONIA,f08a120ad4440206393b5abee732ce7a23097a2ac225f55c268b175bc252f7cf,kermany/test/PNEUMONIA/person126_bacteria_598.jpeg
82,dropped_duplicate,chittagong,PNEUMONIA,f8ecd6d52a71904148486f6fc8fb82cdf1c76e95f893f4a2fd86493fb1c3daac,chittagong/nested_0/Training/pneumonia/pneumonia-550.jpg
83,kept,kermany,PNEUMONIA,ddfca2cec363f34db64a502b03e8a354c43e564a93453b8564695e01f3400be5,kermany/test/PNEUMONIA/person127_bacteria_602.jpeg
83,dropped_duplicate,chittagong,PNEUMONIA,29db990d5045bdcf229269606d12f6d7335beb1e2b670141093bcffa7b33a892,chittagong/nested_0/Training/pneumonia/pneumonia-558.jpg
84,kept,kermany,PNEUMONIA,5824d55942d95216b7808fafa10db02aeaf63485a1a4f480faa951794a2d28b3,kermany/test/PNEUMONIA/person128_bacteria_606.jpeg
84,dropped_duplicate,kermany,PNEUMONIA,5824d55942d95216b7808fafa10db02aeaf63485a1a4f480faa951794a2d28b3,kermany/test/PNEUMONIA/person128_bacteria_607.jpeg
85,kept,kermany,PNEUMONIA,245f37df41329f5bb9f01d5d8d00572158b5d9bd51ffe6eab2f1cf6c02e1fda6,kermany/test/PNEUMONIA/person128_bacteria_608.jpeg
85,dropped_duplicate,chittagong,PNEUMONIA,34d4a249eaf7e9de1b09070c02c4b21b6aa5bb19a0db5f803d1042c1c295675e,chittagong/nested_0/Training/pneumonia/pneumonia-52.jpg
86,kept,kermany,PNEUMONIA,96c522cc35ed96ff42ce07a929cdae18ac5329ac8609045092590e06fe2ce600,kermany/test/PNEUMONIA/person130_bacteria_623.jpeg
86,dropped_duplicate,chittagong,PNEUMONIA,e190c74238e11c51ca5b1b955d9c92aafc59abe69e75ece344d95322f56760d2,chittagong/nested_0/Training/pneumonia/pneumonia-271.jpg
87,kept,kermany,PNEUMONIA,8499a0b7bd0d57b3508c5bbb4d03b578111a6cd8cac62f74fbc6ddbc535d22b2,kermany/test/PNEUMONIA/person134_bacteria_642.jpeg
87,dropped_duplicate,chittagong,PNEUMONIA,7399fd7ec8a95de699750630840c9c222cba2519f4a123ba8a6bf3f4133c506e,chittagong/nested_0/Training/pneumonia/pneumonia-257.jpg
88,kept,kermany,PNEUMONIA,dfb4e7b7b96746cde5796d473f1667680020b2ca38cc7d69757c7a3f7e2a7f90,kermany/test/PNEUMONIA/person134_bacteria_643.jpeg
88,dropped_duplicate,kermany,PNEUMONIA,dfb4e7b7b96746cde5796d473f1667680020b2ca38cc7d69757c7a3f7e2a7f90,kermany/test/PNEUMONIA/person134_bacteria_644.jpeg
88,dropped_duplicate,chittagong,PNEUMONIA,139f44cc1b39c9db85a189b5147d9fb26cfb6580ec1b12b775c1218155406dba,chittagong/nested_0/Training/pneumonia/pneumonia-3960.jpg
89,kept,kermany,PNEUMONIA,b7a0e60ebc0ebd71fdf14f5a11f1631410a2385c3ae14d859282d37d3c095eef,kermany/test/PNEUMONIA/person136_bacteria_649.jpeg
89,dropped_duplicate,chittagong,PNEUMONIA,ae304a10ba670bb940a805561185941eeb5c0a73b6aa1831f851aeb65513ccbc,chittagong/nested_0/Training/pneumonia/pneumonia-4515.jpg
90,kept,kermany,PNEUMONIA,9ea43c91e2da10770d37b4c9738a97279e0d10da5eef0db031611f552db01eb5,kermany/test/PNEUMONIA/person137_bacteria_655.jpeg
90,dropped_duplicate,chittagong,PNEUMONIA,6fd6a1bfc942e64b3f45f3c3b7ad70daea32cc8c2191b4c8ccaaed612f92aea4,chittagong/nested_0/Training/pneumonia/pneumonia-4565.jpg
91,kept,kermany,PNEUMONIA,7a0708d6c4bd9c52746a820626f5a9333fe13a6ebd69e28232b28bc605b40d67,kermany/test/PNEUMONIA/person138_bacteria_659.jpeg
91,dropped_duplicate,chittagong,PNEUMONIA,fec856281582ce8ccc3e5d7a8bd01e2c37da5f49d51aa97e1d4011557bf28352,chittagong/nested_0/Training/pneumonia/pneumonia-36.jpg
92,kept,kermany,PNEUMONIA,fca6a6e6451bd1248ee625048db12a6a314f6f870df2b48b963ff94aa1b50509,kermany/test/PNEUMONIA/person140_bacteria_668.jpeg
92,dropped_duplicate,chittagong,PNEUMONIA,5d97e60d32e9416a014b71c714677c2a84ff7a859aecff2211df5abb29808927,chittagong/nested_0/Training/pneumonia/pneumonia-4022.jpg
93,kept,kermany,PNEUMONIA,d37b22926539a026feacff794cfa34a1c27142738acfeb67d6de7fddc5de049b,kermany/test/PNEUMONIA/person146_bacteria_704.jpeg
93,dropped_duplicate,chittagong,PNEUMONIA,75d8d7bcde7bdf1a4a05f3b73c7a7d09abbd7fceb263a948dcba915553569b1b,chittagong/nested_0/Training/pneumonia/pneumonia-4038.jpg
94,kept,kermany,PNEUMONIA,14131b57b4f04c770139b6cb7e8bcde118bacd57b715a8a857536902ca40527f,kermany/test/PNEUMONIA/person147_bacteria_707.jpeg
94,dropped_duplicate,chittagong,PNEUMONIA,72e5426bb20ac01a28e5985f90fffd569e75cc90628a7bbebe427a72eabea31a,chittagong/nested_0/Testing/pneumonia/pneumonia-5214.jpg
95,kept,kermany,PNEUMONIA,b1ba0bcc2736399f54a6276b97742ab2c58b3b4d76a10e7ebcacb8db65158db7,kermany/test/PNEUMONIA/person149_bacteria_713.jpeg
95,dropped_duplicate,chittagong,PNEUMONIA,7b7f27fdfa9e0bd18fa61de3009aedf6a0509801b84aaf00d047b74dbc8581d5,chittagong/nested_0/Training/pneumonia/pneumonia-3923.jpg
96,kept,kermany,PNEUMONIA,1453e99bf72294a161116a5c3971d48cb668c7136f2b58bd90aa88937b1bf1ce,kermany/test/PNEUMONIA/person152_bacteria_721.jpeg
96,dropped_duplicate,chittagong,PNEUMONIA,4620697ddd2ecd3ec22601a260bca368baf654375b27170a2b17c38fae4f0225,chittagong/nested_0/Training/pneumonia/pneumonia-463.jpg
97,kept,kermany,PNEUMONIA,bb20b7298a8fd503536e5c686f5293ce4ba4b08d0715779b82d5540a4d543add,kermany/test/PNEUMONIA/person152_bacteria_724.jpeg
97,dropped_duplicate,chittagong,PNEUMONIA,2722079facab8d2cc327d57fadbff65788ed12b57f35215af70d6a4425674882,chittagong/nested_0/Training/pneumonia/pneumonia-503.jpg
98,kept,kermany,PNEUMONIA,df5e1f039f2ac0511ce3b67ed47c0f260bc541553f507917a897919185bfcb69,kermany/test/PNEUMONIA/person158_bacteria_743.jpeg
98,dropped_duplicate,chittagong,PNEUMONIA,9798e0af85b53255703e56d96b8df8c99ae89f5ebd90cfe40e3d897e6ccda083,chittagong/nested_0/Training/pneumonia/pneumonia-4227.jpg
99,kept,kermany,PNEUMONIA,c5af9ec0a7d1255584656cdf8b07470be8a0c9d0ea7349278226c8bb0622e803,kermany/test/PNEUMONIA/person1613_virus_2799.jpeg
99,dropped_duplicate,chittagong,PNEUMONIA,5be6529892fd5062f1a92a329352b8014fba63106f3a33a63b0c6c43de707347,chittagong/nested_0/Training/pneumonia/pneumonia-215.jpg
100,kept,kermany,PNEUMONIA,ef40a4d6800faaf5936ab38dcd13fecd1837fa03e7f188899445c2a3c8042dca,kermany/test/PNEUMONIA/person1618_virus_2805.jpeg
100,dropped_duplicate,chittagong,PNEUMONIA,3599deaf15d5ccd0bc71b77eac467cc78eeb587e6bb497141094fac4b1b5d904,chittagong/nested_0/Training/pneumonia/pneumonia-458.jpg
101,kept,kermany,PNEUMONIA,eb6ebb93bd24f3d64a479f6e4665168e4d996a42a1f070e5120236bee3dccccc,kermany/test/PNEUMONIA/person161_bacteria_759.jpeg
101,dropped_duplicate,chittagong,PNEUMONIA,613f357fd24bb08894fe029e603ecdeb84f8a51281a0bdb4d6c921394d9fef4a,chittagong/nested_0/Training/pneumonia/pneumonia-4490.jpg
102,kept,kermany,PNEUMONIA,bd44c025ae3237da3023732c0b781b335ee4248b3b56daf97070a60829136585,kermany/test/PNEUMONIA/person1623_virus_2813.jpeg
102,dropped_duplicate,chittagong,PNEUMONIA,a23ff9b134a64e21844398f6b39d9a3c62e8ba89764a37f9dc3bc4982c5140ec,chittagong/nested_0/Testing/pneumonia/pneumonia-592.jpg
103,kept,kermany,PNEUMONIA,00b902736ee2da017487edd348d27b1bdef2ba5bec89039b8be42af5f97d6401,kermany/test/PNEUMONIA/person1644_virus_2844.jpeg
103,dropped_duplicate,chittagong,PNEUMONIA,f9d903a48b32c7eb3ac2681b7b8bd70b82c1c030bf1fc0abd7096a4776b61673,chittagong/nested_0/Training/pneumonia/pneumonia-4586.jpg
104,kept,kermany,PNEUMONIA,77984637bb9a929c789934f27ddc991e7807c6ad8fdcaee0fa37619e412ea2c9,kermany/test/PNEUMONIA/person1650_virus_2854.jpeg
104,dropped_duplicate,chittagong,PNEUMONIA,56e8cbef367496453e85e183cfbe81f2c92093d7cad4769feff7d50a5c97e703,chittagong/nested_0/Training/pneumonia/pneumonia-4132.jpg
105,kept,kermany,PNEUMONIA,2637e05d999763fddb82e0aa66c3c456ea40f075a1062046ef4d6622b7dc02fa,kermany/test/PNEUMONIA/person1656_virus_2862.jpeg
105,dropped_duplicate,chittagong,PNEUMONIA,67ae27481d99e3f0126468fa3fec7b454e3c9645a0e69b8f72fc3fbc3533fba0,chittagong/nested_0/Training/pneumonia/pneumonia-4130.jpg
106,kept,kermany,PNEUMONIA,24b785aaa09da2f13be00ab9c214aa1d372cc6dee4d58b02c5df776babe29285,kermany/test/PNEUMONIA/person1660_virus_2869.jpeg
106,dropped_duplicate,chittagong,PNEUMONIA,74c7f9c84d2e59f6f75af1c088389421ad02016eb72bddccc0885b899a7cca49,chittagong/nested_0/Training/pneumonia/pneumonia-115.jpg
107,kept,kermany,PNEUMONIA,514afd0fa610117fbfef0e6e5b81a4d73a24815827594119af684fb8d0b2f8e2,kermany/test/PNEUMONIA/person1661_virus_2872.jpeg
107,dropped_duplicate,kermany,PNEUMONIA,514afd0fa610117fbfef0e6e5b81a4d73a24815827594119af684fb8d0b2f8e2,kermany/test/PNEUMONIA/person1661_virus_2873.jpeg
108,kept,kermany,PNEUMONIA,3a3effe92fed92e0a8afec6d64608e5f073b1abbe096df797e3ad92c705e92ed,kermany/test/PNEUMONIA/person1675_virus_2891.jpeg
108,dropped_duplicate,chittagong,PNEUMONIA,3358d902a5250a6f593b0460037c601a893739edebc2b4d72f3e47442ea8531d,chittagong/nested_0/Training/pneumonia/pneumonia-4556.jpg
109,kept,kermany,PNEUMONIA,b210bae937c6e646055a796e32778e89b9addeb83d4f1844f4eb3fcb2ae847e9,kermany/test/PNEUMONIA/person172_bacteria_827.jpeg
109,dropped_duplicate,chittagong,PNEUMONIA,f6001f26d8ff9c4f62c0bf76238059bdf7f61acf89dd8e3bd9c305fa12d318c5,chittagong/nested_0/Training/pneumonia/pneumonia-4082.jpg
110,kept,kermany,PNEUMONIA,fcab6c8cfcec0654340bcfc10c023fe875edf1bc98f9d33d34fe0b0c3e5d7038,kermany/test/PNEUMONIA/person172_bacteria_828.jpeg
110,dropped_duplicate,chittagong,PNEUMONIA,6892d56bcf4a6babc758f9e81b33d28d5a249ebeaf16ee7d447fe3926aa5d6a4,chittagong/nested_0/Training/pneumonia/pneumonia-3979.jpg
111,kept,kermany,PNEUMONIA,5eb833628fe61989f0a3d9640fc774305a08f6a633f5b0cefaecb10b0d53a63c,kermany/test/PNEUMONIA/person174_bacteria_832.jpeg
111,dropped_duplicate,chittagong,PNEUMONIA,c57e9c43fe652f61eae601e4ee8a99380e8568dc92e862c76e70932c8d579ee9,chittagong/nested_0/Training/pneumonia/pneumonia-212.jpg
112,kept,kermany,PNEUMONIA,49fefde868d6a4e9f4bad45ddd01f228d5db1be754458d6e0534944a5e42de29,kermany/test/PNEUMONIA/person175_bacteria_833.jpeg
112,dropped_duplicate,chittagong,PNEUMONIA,d98c57ebea54b2f62c3bd141bccc7d68bb2eb19ccab5b7677e07d89adddfd548,chittagong/nested_0/Training/pneumonia/pneumonia-454.jpg
113,kept,kermany,PNEUMONIA,f4173e8706596ed3b1c2eb8db8f2d1fadc5ab2f11498a03be63186e1d122cf42,kermany/test/PNEUMONIA/person1_virus_13.jpeg
113,dropped_duplicate,chittagong,PNEUMONIA,ada02d5eca1daa45968ae06ebcb768e799cd6e44d431874c4b11f7d1078b9012,chittagong/nested_0/Training/pneumonia/pneumonia-4027.jpg
114,kept,kermany,PNEUMONIA,d0b01cbe27c7fceb52df8ee4734932d5045c657b2be8450b07aec76c0bf9341b,kermany/test/PNEUMONIA/person1_virus_6.jpeg
114,dropped_duplicate,chittagong,PNEUMONIA,4a40f153006e0c79664f800f906898e8ff5c48d2ec819a34c578862972399224,chittagong/nested_0/Training/pneumonia/pneumonia-4195.jpg
115,kept,kermany,PNEUMONIA,88456b1f758d7b8154b5d5368e81d082b84bcbb962b223cad0200fc5343db542,kermany/test/PNEUMONIA/person21_virus_52.jpeg
115,dropped_duplicate,chittagong,PNEUMONIA,651f220d5beba4b8e54d9785a3bf4a25ac23e9f2eca73f3ba68e3a6f330b2115,chittagong/nested_0/Training/pneumonia/pneumonia-486.jpg
116,kept,kermany,PNEUMONIA,89b2e8f1d3f68eccb3a1de0e3f34b123d14e3efe4b767585480213f3d1cc3a92,kermany/test/PNEUMONIA/person30_virus_69.jpeg
116,dropped_duplicate,chittagong,PNEUMONIA,487c5d8ab392076f708f20b73874f2bd0889f9834799fbcfda3839c7030fc32d,chittagong/nested_0/Training/pneumonia/pneumonia-441.jpg
117,kept,kermany,PNEUMONIA,df1152f7378c278b88580a03806d077e58c48d07dcc6bcac8c7159749697311d,kermany/test/PNEUMONIA/person43_virus_92.jpeg
117,dropped_duplicate,chittagong,PNEUMONIA,ed20920e7d837ba76d26869f92eb96bcd7bd51150501a99a4b623226385bfb7e,chittagong/nested_0/Training/pneumonia/pneumonia-98.jpg
118,kept,kermany,PNEUMONIA,b5e9af1537d498a55824dd31c97081dcefde8da8ba3bf4e694e008f8dbb52165,kermany/test/PNEUMONIA/person44_virus_93.jpeg
118,dropped_duplicate,chittagong,PNEUMONIA,4fa7729f833df64d108bc42cc928c71b3e2c53de231d643f92db8eb4ef250852,chittagong/nested_0/Training/pneumonia/pneumonia-3870.jpg
119,kept,kermany,PNEUMONIA,d6990906ae464d9d49f7bb823083af37dcef78625c573376bbf03231e7c59caa,kermany/test/PNEUMONIA/person44_virus_94.jpeg
119,dropped_duplicate,chittagong,PNEUMONIA,b15fac7aec100740f14e8eade32c7652bd6599368b5d9c91286fbd4ed2e1ebef,chittagong/nested_0/Training/pneumonia/pneumonia-485.jpg
120,kept,kermany,PNEUMONIA,17f40e197e6107e5d99d9569360f0ccd5b26c321b2800b84e9fc9c190ff59c34,kermany/test/PNEUMONIA/person46_virus_96.jpeg
120,dropped_duplicate,chittagong,PNEUMONIA,c7ea0950d09d6b856a815675c69d8b26c72d53069cc562c17badee8f02a68587,chittagong/nested_0/Training/pneumonia/pneumonia-4208.jpg
121,kept,kermany,PNEUMONIA,53e721016d5c42e526e281afdde9070fdf68dfce0f4652c0d6d1595cbf5f66f1,kermany/test/PNEUMONIA/person50_virus_102.jpeg
121,dropped_duplicate,chittagong,PNEUMONIA,1092097895a22768c2996ca81dcf59b47420aea56cbe84563a8c1aaced5b04e1,chittagong/nested_0/Training/pneumonia/pneumonia-4137.jpg
122,kept,kermany,PNEUMONIA,e29690c4666bb4409ae5dd1613c8e0318832ea5c4edc2661ce8ecce6a79cb73c,kermany/test/PNEUMONIA/person51_virus_105.jpeg
122,dropped_duplicate,chittagong,PNEUMONIA,884998ed3fcb4a0da7273ac9257db80f543efa87da8747957c08eaa3e5afa3c1,chittagong/nested_0/Training/pneumonia/pneumonia-573.jpg
123,kept,kermany,PNEUMONIA,bc6a03c24e90b580ba040525d895716b3110bc950d6d604431b952e1b3a6db92,kermany/test/PNEUMONIA/person53_virus_107.jpeg
123,dropped_duplicate,chittagong,PNEUMONIA,4a92edd579e5b0ba8e307719081dd2c7189880cceba43e49ebfede7b9dc61317,chittagong/nested_0/Training/pneumonia/pneumonia-4051.jpg
124,kept,kermany,PNEUMONIA,0df8b23400330b618b01f0302085f38c4f0f009143daea5c8e329a7e38210d00,kermany/test/PNEUMONIA/person56_virus_112.jpeg
124,dropped_duplicate,chittagong,PNEUMONIA,7b921d6cf02254e5ad280bcb1c8a9e3144679535c7032d79a896c005243f1dfb,chittagong/nested_0/Training/pneumonia/pneumonia-4526.jpg
125,kept,kermany,PNEUMONIA,26f08dc07a3490a7d77adde7f71f82df8e99a117dd0b3e53441fa1d11e5523c7,kermany/test/PNEUMONIA/person57_virus_113.jpeg
125,dropped_duplicate,chittagong,PNEUMONIA,2be80e70ccc2362887c916f5dfb6412ca4f36a878400aaf8a47cfaccd278fb15,chittagong/nested_0/Training/pneumonia/pneumonia-482.jpg
126,kept,kermany,PNEUMONIA,aaa9af4070e91e37166836aedefff9714baf2e4af32b54d7177657c1bbcb4ca9,kermany/test/PNEUMONIA/person71_virus_132.jpeg
126,dropped_duplicate,chittagong,PNEUMONIA,c91f815f5f0a196e42723c1b6540f076abce423bc23d723570a23b2a0b4615db,chittagong/nested_0/Training/pneumonia/pneumonia-4153.jpg
127,kept,kermany,PNEUMONIA,16266d18a221e37f17d6e5ab982ed3fa73c557e461985fc1b1d345ac41d2a376,kermany/test/PNEUMONIA/person75_virus_136.jpeg
127,dropped_duplicate,chittagong,PNEUMONIA,7d443ee63c162a263d8bfd8f5da40b2382453ab491ed6ef2ec6be981cfedd4e1,chittagong/nested_0/Testing/pneumonia/pneumonia-5177.jpg
128,kept,kermany,PNEUMONIA,47cacfeac82b05aabf20d230924bf4a215b7406febe3be1662dedd7220ec0a8c,kermany/test/PNEUMONIA/person77_virus_139.jpeg
128,dropped_duplicate,chittagong,PNEUMONIA,7c8dafd8167e7e561e63d2aa6cdd23e80d80abdc1dd32e194fddfcdbed7f7ec0,chittagong/nested_0/Testing/pneumonia/pneumonia-5168.jpg
128,dropped_duplicate,chittagong,PNEUMONIA,47cacfeac82b05aabf20d230924bf4a215b7406febe3be1662dedd7220ec0a8c,chittagong/nested_0/Training/pneumonia/person77_virus_139.jpeg
129,kept,kermany,PNEUMONIA,bd0e541dba2a237d9b64da42694ad20f6ce712a14963c59d0ceea5c0bb5b0e6e,kermany/test/PNEUMONIA/person78_bacteria_378.jpeg
129,dropped_duplicate,chittagong,PNEUMONIA,bd0e541dba2a237d9b64da42694ad20f6ce712a14963c59d0ceea5c0bb5b0e6e,chittagong/nested_0/Training/pneumonia/person78_bacteria_378.jpeg
130,kept,kermany,PNEUMONIA,848804c80a1734592608a2486542659ec5631da9ac9ae408c23746cad84760cf,kermany/test/PNEUMONIA/person78_bacteria_380.jpeg
130,dropped_duplicate,chittagong,PNEUMONIA,848804c80a1734592608a2486542659ec5631da9ac9ae408c23746cad84760cf,chittagong/nested_0/Training/pneumonia/person78_bacteria_380.jpeg
131,kept,kermany,PNEUMONIA,7f9ae693ffa90fdd4f58492a09ed5c8427008ccececb0c8c8a3c274da573884c,kermany/test/PNEUMONIA/person78_bacteria_381.jpeg
131,dropped_duplicate,chittagong,PNEUMONIA,7f9ae693ffa90fdd4f58492a09ed5c8427008ccececb0c8c8a3c274da573884c,chittagong/nested_0/Training/pneumonia/person78_bacteria_381.jpeg
132,kept,kermany,PNEUMONIA,0480f5263f31eb3d5ae999644ec5a0fa62fd14abb340e66433fdf3d472ef2b2a,kermany/test/PNEUMONIA/person78_bacteria_382.jpeg
132,dropped_duplicate,chittagong,PNEUMONIA,0480f5263f31eb3d5ae999644ec5a0fa62fd14abb340e66433fdf3d472ef2b2a,chittagong/nested_0/Training/pneumonia/person78_bacteria_382.jpeg
133,kept,kermany,PNEUMONIA,69f35b4024eb9e1fee97f923d4cce0a527004f2c08d13802281784584e6949b6,kermany/test/PNEUMONIA/person78_bacteria_384.jpeg
133,dropped_duplicate,chittagong,PNEUMONIA,69f35b4024eb9e1fee97f923d4cce0a527004f2c08d13802281784584e6949b6,chittagong/nested_0/Training/pneumonia/person78_bacteria_384.jpeg
134,kept,kermany,PNEUMONIA,abebfa983db758f0d5fe2180efbccbb774b53ead648e3841f555604063233328,kermany/test/PNEUMONIA/person78_bacteria_385.jpeg
134,dropped_duplicate,chittagong,PNEUMONIA,abebfa983db758f0d5fe2180efbccbb774b53ead648e3841f555604063233328,chittagong/nested_0/Training/pneumonia/person78_bacteria_385.jpeg
135,kept,kermany,PNEUMONIA,5a83e6bc4d54782dc8ca49d88535c8f687ba30e7256563ab8d0eea73a0af8eb9,kermany/test/PNEUMONIA/person78_bacteria_386.jpeg
135,dropped_duplicate,chittagong,PNEUMONIA,5a83e6bc4d54782dc8ca49d88535c8f687ba30e7256563ab8d0eea73a0af8eb9,chittagong/nested_0/Training/pneumonia/person78_bacteria_386.jpeg
136,kept,kermany,PNEUMONIA,2b3c8f515fc91379af16eec786b457520098eb426f05139ae556fdcf4582dbfc,kermany/test/PNEUMONIA/person78_bacteria_387.jpeg
136,dropped_duplicate,chittagong,PNEUMONIA,2b3c8f515fc91379af16eec786b457520098eb426f05139ae556fdcf4582dbfc,chittagong/nested_0/Training/pneumonia/person78_bacteria_387.jpeg
137,kept,kermany,PNEUMONIA,abe75b761f1eb492282b525186e1be1a3ce87c2cdac9d259586d59c8d3289845,kermany/test/PNEUMONIA/person78_virus_140.jpeg
137,dropped_duplicate,chittagong,PNEUMONIA,abe75b761f1eb492282b525186e1be1a3ce87c2cdac9d259586d59c8d3289845,chittagong/nested_0/Training/pneumonia/person78_virus_140.jpeg
137,dropped_duplicate,chittagong,PNEUMONIA,ac94076c22f99aa4c5cd3c6a318955d0c722ebef1c8cda1f55a08f227c4aa529,chittagong/nested_0/Training/pneumonia/pneumonia-528.jpg
138,kept,kermany,PNEUMONIA,2afc2f379e583e0fb31c5c716aae17eeb4474bce6877b3a5520ccf686379a94a,kermany/test/PNEUMONIA/person79_virus_148.jpeg
138,dropped_duplicate,chittagong,PNEUMONIA,2afc2f379e583e0fb31c5c716aae17eeb4474bce6877b3a5520ccf686379a94a,chittagong/nested_0/Training/pneumonia/person79_virus_148.jpeg
139,kept,kermany,PNEUMONIA,3c602c9107cfb732b330c10e1ff3e19e758b156b5f264c7fdd7d4d7ecb09fb16,kermany/test/PNEUMONIA/person80_bacteria_389.jpeg
139,dropped_duplicate,chittagong,PNEUMONIA,3c602c9107cfb732b330c10e1ff3e19e758b156b5f264c7fdd7d4d7ecb09fb16,chittagong/nested_0/Training/pneumonia/person80_bacteria_389.jpeg
140,kept,kermany,PNEUMONIA,83461e88e3724156a393ad0eec6050d19f21b8bd8ee1f617b3a7e87bbe730252,kermany/test/PNEUMONIA/person80_bacteria_390.jpeg
140,dropped_duplicate,chittagong,PNEUMONIA,0aac0b8d3f53aa97d656d4f9f703bef06ec84d06c916e37b49079f5ceb1eafe7,chittagong/nested_0/Training/pneumonia/pneumonia-393.jpg
141,kept,kermany,PNEUMONIA,ffcec9d2a6465fbde1f87bea681723c33c141725e3173bfe9a7ceb166501deba,kermany/test/PNEUMONIA/person81_bacteria_396.jpeg
141,dropped_duplicate,chittagong,PNEUMONIA,95ab5246bd9e43bcfe2ae26dc01b5ae7f5d39a7e0087af084686d9d70ebd8379,chittagong/nested_0/Training/pneumonia/pneumonia-3887.jpg
142,kept,kermany,PNEUMONIA,dac4f08d944df558f3331b6b0e479aabe4ba767074e6fdb423fbbce95aaa8551,kermany/test/PNEUMONIA/person83_bacteria_407.jpeg
142,dropped_duplicate,chittagong,PNEUMONIA,2fc02c5ebfa48e5168bcc03de49289d2d0b8c333a14b9647a3b0975c44ead493,chittagong/nested_0/Training/pneumonia/pneumonia-162.jpg
143,kept,kermany,PNEUMONIA,95cbf255c6e38580250eefc33782dfb68e6ab7c27f593158b78c3fd071a3d062,kermany/test/PNEUMONIA/person83_bacteria_410.jpeg
143,dropped_duplicate,chittagong,PNEUMONIA,22551c3ca40167d84d60bb34062935131d3db5b38cb1213437e4870f7ae9ba42,chittagong/nested_0/Training/pneumonia/pneumonia-375.jpg
144,kept,kermany,PNEUMONIA,31e48cd59fdede4fe435fcc54beae49ff64d327d9972446d5c37da8a152dcd9e,kermany/test/PNEUMONIA/person83_bacteria_411.jpeg
144,dropped_duplicate,chittagong,PNEUMONIA,497d187881d4d8a5f825b727b75d98b0133c80a3e167897b3e2da42229fc9705,chittagong/nested_0/Training/pneumonia/pneumonia-33.jpg
145,kept,kermany,PNEUMONIA,e3290b03b61f7355055cbee5fb1baa169c6f6ccba65d1f26cb40c7f0e293fa02,kermany/test/PNEUMONIA/person85_bacteria_419.jpeg
145,dropped_duplicate,chittagong,PNEUMONIA,c56c6c84adb16d75ce47dc0387cbe9ea753c2f0ca803291c292fb7c50e683ba6,chittagong/nested_0/Training/pneumonia/pneumonia-4587.jpg
146,kept,kermany,PNEUMONIA,4062cf87aa3192572310625cc15c8dd49c9751d3a9fc88759490976aa1cdfbc1,kermany/test/PNEUMONIA/person8_virus_27.jpeg
146,dropped_duplicate,chittagong,PNEUMONIA,c6d8304781589748ec02b8fb870b6b6fb10af044e5cb047d2f9d7b3f3dd52e1b,chittagong/nested_0/Training/pneumonia/pneumonia-4532.jpg
147,kept,kermany,PNEUMONIA,319ec51db243ce457578f57ef18515c7983dcb7543ce0b598c8c37da9df2f3f6,kermany/test/PNEUMONIA/person95_bacteria_463.jpeg
147,dropped_duplicate,chittagong,PNEUMONIA,819c96e7f868b9240a931b11214c9549f6fe8e9d04b4b32b1a62908978ec1949,chittagong/nested_0/Testing/pneumonia/pneumonia-5148.jpg
148,kept,kermany,PNEUMONIA,7fb537a957bf8405ab31114c608fc786314b1bd77beb7c5ad03f54de72ecdeea,kermany/test/PNEUMONIA/person96_bacteria_464.jpeg
148,dropped_duplicate,chittagong,PNEUMONIA,dfa003ab10194166c900a4d75d2754c7903e7cc8ca4bf39f2d15d5da0e18b361,chittagong/nested_0/Testing/pneumonia/pneumonia-5122.jpg
149,kept,kermany,NORMAL,de2079fb45d4bb0e4c6a48481e7b6ee31ab7601e83b43cd07820168b93de1d13,kermany/train/NORMAL/IM-0115-0001.jpeg
149,dropped_duplicate,chittagong,NORMAL,974df2ba97418e96fef0ac3cd2ce02ae165dc770e9e36e2ead37ab2f2a8e8512,chittagong/nested_0/Training/normal/normal-7191.jpg
150,dropped_label_conflict,kermany,NORMAL,05bc425eda168493cbe38eea4c079edbbfad1e17e3477892740b1fce97b69957,kermany/train/NORMAL/IM-0117-0001.jpeg
150,dropped_label_conflict,chittagong,NORMAL,0f41285907e219247302a13a7a97910f3b6a2359bd2382d132c9a8e024163033,chittagong/nested_0/Training/normal/normal-841.jpg
150,dropped_label_conflict,chittagong,PNEUMONIA,0f41285907e219247302a13a7a97910f3b6a2359bd2382d132c9a8e024163033,chittagong/nested_0/Training/pneumonia/pneumonia-4527.jpg
151,kept,kermany,NORMAL,46c9ea6d3c6ef09eac134e3cb3294caaa63aa2b8c5327814ebfa3f2e81d24af0,kermany/train/NORMAL/IM-0119-0001.jpeg
151,dropped_duplicate,chittagong,NORMAL,89145fd93318fc016156adea00aec4262b0795cb91061b31a27043e168b20581,chittagong/nested_0/Training/normal/normal-7481.jpg
152,dropped_label_conflict,kermany,NORMAL,eea992f8a396289babd7fc152293c35bce98fc2d00992557a1ae474145fccf7e,kermany/train/NORMAL/IM-0122-0001.jpeg
152,dropped_label_conflict,chittagong,PNEUMONIA,b6785452332c8735ce5c7021c2b53c8f5888728cd64c450cef8c758a003d65bd,chittagong/nested_0/Training/pneumonia/pneumonia-245.jpg
153,kept,kermany,NORMAL,8a610a236f7849f74ba04839ff100551b580b0645487e48f63a305cce611a1ed,kermany/train/NORMAL/IM-0127-0001.jpeg
153,dropped_duplicate,chittagong,NORMAL,b09734f887a218e8f3f39a4a82b50b625610c65d153ceb5387b51f9be970352e,chittagong/nested_0/Training/normal/normal-7619.jpg
154,dropped_label_conflict,kermany,NORMAL,42ef05086fc8a75f41897adc3e7fd1c21009d41ab5660332b095c1e9811f5574,kermany/train/NORMAL/IM-0133-0001.jpeg
154,dropped_label_conflict,chittagong,PNEUMONIA,2f205ed0a5eefd9c2720a49afa52ec6fc0cb7e681a7037498617976346633ba6,chittagong/nested_0/Training/pneumonia/pneumonia-4090.jpg
155,kept,kermany,NORMAL,4db5ab57e8b5fd1e1fb53885e74329edb5145f98d996d3381c5cf8c406db8a9f,kermany/train/NORMAL/IM-0143-0001.jpeg
155,dropped_duplicate,chittagong,NORMAL,b84e611d4f788006e0b673ec689f816a284a68052ed24c80b50b8c9c3150d7c0,chittagong/nested_0/Training/normal/normal-8.jpg
156,dropped_label_conflict,kermany,NORMAL,895973704b29973e14d854826bf303bb10d2d10a0bb22872ad93ec24f361fa89,kermany/train/NORMAL/IM-0156-0001.jpeg
156,dropped_label_conflict,chittagong,PNEUMONIA,43fa1d6c4acca360ad58c98f322c09cd548ec65328c0fcb4512552e66ae20479,chittagong/nested_0/Testing/pneumonia/pneumonia-725.jpg
157,dropped_label_conflict,kermany,NORMAL,5ece26a07643ca5322671f8137b19c85cb701a8ba6320814b842a34836e8da10,kermany/train/NORMAL/IM-0170-0001.jpeg
157,dropped_label_conflict,chittagong,PNEUMONIA,76460006974990cda6adcee4d6ca044b80d9eb272dbcc0205b7e0b24f1c072fb,chittagong/nested_0/Training/pneumonia/pneumonia-3936.jpg
158,kept,kermany,NORMAL,2fcbf1c55b7c2feafa44f0d458c3a380697c825c62bf942bbba67bc95c518ba4,kermany/train/NORMAL/IM-0176-0001.jpeg
158,dropped_duplicate,chittagong,NORMAL,4bd1ae7fc181950af48ad151bd1956fa5108ee2d01aa4b0caf176a27d65658c3,chittagong/nested_0/Training/normal/normal-7533.jpg
159,dropped_label_conflict,kermany,NORMAL,7ddfff727038547ab3c57301d67ca6c4e946ec7fc4202d1547590537f4b1d2bf,kermany/train/NORMAL/IM-0189-0001.jpeg
159,dropped_label_conflict,chittagong,PNEUMONIA,a7192ef3e6d7c6acc02a93d30bb26741754077f8598efd2d02620e554b7a6fa9,chittagong/nested_0/Training/pneumonia/pneumonia-4185.jpg
160,dropped_label_conflict,kermany,NORMAL,36cdffdf4e84865002860dd03af3b6f94a7c835fee50344234bc2535c3730de3,kermany/train/NORMAL/IM-0201-0001.jpeg
160,dropped_label_conflict,chittagong,PNEUMONIA,9ab59e717186b6b364d6d3f74da67ecec07a2521b867abfbd553ec330629c260,chittagong/nested_0/Testing/pneumonia/pneumonia-5202.jpg
161,dropped_label_conflict,kermany,NORMAL,b530f27695a6a254e436da3e06a2229a6604f927bebc5953968fa747090bb907,kermany/train/NORMAL/IM-0206-0001.jpeg
161,dropped_label_conflict,chittagong,PNEUMONIA,929de08052e53279baf641495934fb5e857ca4c3f7a53c3b582ca95fe6749407,chittagong/nested_0/Training/pneumonia/pneumonia-4048.jpg
162,kept,kermany,NORMAL,d43dc5904daed31b8acaf22d32923772cca709f5ce8f618fbdc4de4b114c2f96,kermany/train/NORMAL/IM-0207-0001.jpeg
162,dropped_duplicate,chittagong,NORMAL,1ac6b343793072410750f22fde0780c518af2b941be69fbc2f3857e3947c6d0f,chittagong/nested_0/Training/normal/normal-7104.jpg
163,kept,kermany,NORMAL,b808779f85624a001d5358183eadeae29ee570e6a28d44fce196257c06780c06,kermany/train/NORMAL/IM-0210-0001.jpeg
163,dropped_duplicate,chittagong,NORMAL,02397a3880117d73e342d35097d5184b900a0e70e14c98d7791bf3f85c6c9f2b,chittagong/nested_0/Training/normal/normal-7190.jpg
164,kept,kermany,NORMAL,8e7af1232568aeb8c752a21ab01580828b98d75dc2940d5f4d480d0b28f42521,kermany/train/NORMAL/IM-0216-0001.jpeg
164,dropped_duplicate,chittagong,NORMAL,04c28e6165b817fb94c7ea41449e06926dcf61a2f5772559c545a24eeb91329d,chittagong/nested_0/Testing/normal/normal-7927.jpg
165,dropped_label_conflict,kermany,NORMAL,1b09bc3262a3be8882bbabb3e735a5f7432b679751395ba70e6b7fdd2f6ceb44,kermany/train/NORMAL/IM-0217-0001.jpeg
165,dropped_label_conflict,chittagong,PNEUMONIA,12b7fd5a59552c14d6058fb08274585cb4566342b27ae3574e4c8e194c6a84a1,chittagong/nested_0/Training/pneumonia/pneumonia-196.jpg
166,dropped_label_conflict,kermany,NORMAL,23116904567e423b903ee36ab7ab1a2643257704f6868ce884aa37c2172a108e,kermany/train/NORMAL/IM-0222-0001.jpeg
166,dropped_label_conflict,chittagong,NORMAL,ff5d4657afff72bc1487d0819900e36ae1d2213fe458ea5fe4637e166c8a4770,chittagong/nested_0/Training/normal/normal-844.jpg
166,dropped_label_conflict,chittagong,PNEUMONIA,ff5d4657afff72bc1487d0819900e36ae1d2213fe458ea5fe4637e166c8a4770,chittagong/nested_0/Training/pneumonia/pneumonia-530.jpg
167,dropped_label_conflict,kermany,NORMAL,b8c29684d3c5743fea9452d98eff56f15df166e8e080ab15479b28ceb53f9c37,kermany/train/NORMAL/IM-0224-0001.jpeg
167,dropped_label_conflict,chittagong,PNEUMONIA,c0bf19b784717f7ed4e333eba5e4af7385f67d97bdc879b4193a32d815ba0779,chittagong/nested_0/Testing/pneumonia/pneumonia-863.jpg
168,dropped_label_conflict,kermany,NORMAL,37e2301a1407a469eed229080eb4d834075f8b96a299076b8328c1a6051aee83,kermany/train/NORMAL/IM-0226-0001.jpeg
168,dropped_label_conflict,chittagong,PNEUMONIA,0d9c94584537e01a77a769d90606e56ef50435cb7a5785641d49493ea1c25990,chittagong/nested_0/Testing/pneumonia/pneumonia-5244.jpg
169,dropped_label_conflict,kermany,NORMAL,6b660b7222b1f8a87d2d549dc0181f70ee370213ad664106aad79608fc73ad77,kermany/train/NORMAL/IM-0227-0001.jpeg
169,dropped_label_conflict,chittagong,PNEUMONIA,cec452f96c30bbd635dead1e9f864226423fcaad63652467d1321bedca3d6ddf,chittagong/nested_0/Testing/pneumonia/pneumonia-848.jpg
170,kept,kermany,NORMAL,5888bcd574637cb283d789843d9aad4b076595f67a842362b480072bb8901b36,kermany/train/NORMAL/IM-0228-0001.jpeg
170,dropped_duplicate,chittagong,NORMAL,22a41bd4fdce8dc9199814cb1ed9181de8a74eb6647062a71b2469f38172193b,chittagong/nested_0/Training/normal/normal-669.jpg
171,dropped_label_conflict,kermany,NORMAL,e26b3ecafd45c46bb8ee302af4509183b3378005a5d6177c03efae1e3cfd5988,kermany/train/NORMAL/IM-0238-0001.jpeg
171,dropped_label_conflict,chittagong,PNEUMONIA,f2d11fe2ab12ff237637297b6375cb5cba1f50ac9b8079d687c5548564e9e02b,chittagong/nested_0/Testing/pneumonia/pneumonia-617.jpg
172,kept,kermany,NORMAL,b4eec96eb9c9a4c9cf55837478e8ba221c2d4221b6752d3b51fabf8cb53a2484,kermany/train/NORMAL/IM-0239-0001.jpeg
172,dropped_duplicate,chittagong,NORMAL,8f7d53c966eff9259cd4844bd97e64523878fe6ab4d0636be73cbea7e8c4c338,chittagong/nested_0/Training/normal/normal-7064.jpg
173,dropped_label_conflict,kermany,NORMAL,fa09a9f00bca5e9c6c3656b87256f931cdd444f0a81a4c475943a0f2dc6277fa,kermany/train/NORMAL/IM-0242-0001.jpeg
173,dropped_label_conflict,chittagong,PNEUMONIA,c52f7fd6a7e5d77609d5479e757db8c75602be6d8e455323923ac181c7902862,chittagong/nested_0/Training/pneumonia/pneumonia-4264.jpg
174,dropped_label_conflict,kermany,NORMAL,ba696867ca5ecbb3e5f3a1e1c269e540a2b714f49144e63237ae30fd34b59749,kermany/train/NORMAL/IM-0244-0001.jpeg
174,dropped_label_conflict,chittagong,PNEUMONIA,702645d81a050bbfb8e40461d12895b20c5de86bfa65a03356f7557b17ae56b1,chittagong/nested_0/Training/pneumonia/pneumonia-4035.jpg
175,dropped_label_conflict,kermany,NORMAL,5b636b2959cc5b0028bf1680b1e979dfbf0b2739b36b3d58697111aa5e17acf7,kermany/train/NORMAL/IM-0249-0001.jpeg
175,dropped_label_conflict,chittagong,PNEUMONIA,3c069b85fcc98e05b5d449b24f409bd3b778030f5de47c5fd6edda22d6bf167b,chittagong/nested_0/Testing/pneumonia/pneumonia-5231.jpg
176,dropped_label_conflict,kermany,NORMAL,4e325d03341034d919fc75edcf7024d60fee657981b05db2216d8afec86fdb9d,kermany/train/NORMAL/IM-0250-0001.jpeg
176,dropped_label_conflict,chittagong,PNEUMONIA,c46101dd7ecd0fd6be69493ea01531c76e8a98af97bfe53eecdb0cbf78f47241,chittagong/nested_0/Testing/pneumonia/pneumonia-5207.jpg
177,dropped_label_conflict,kermany,NORMAL,45428d5cb1046aa915ef146c5a0c914ac7e01db454fa025629c46671686daf01,kermany/train/NORMAL/IM-0251-0001.jpeg
177,dropped_label_conflict,chittagong,PNEUMONIA,fba42b43bd2b9500bd59ce2953a5995df8e651d32f2a8da624abf262248f14e2,chittagong/nested_0/Testing/pneumonia/pneumonia-651.jpg
178,dropped_label_conflict,kermany,NORMAL,d93225087d91dee57b1b4573a707fbaf71f847bdc8d9e5c6fd5ae57096dc5e78,kermany/train/NORMAL/IM-0257-0001.jpeg
178,dropped_label_conflict,chittagong,NORMAL,b71ed9533642fa1c7b6d34c46acb662d9ca3ecb88d553ec36f2a0b176b8dba4b,chittagong/nested_0/Training/normal/normal-863.jpg
178,dropped_label_conflict,chittagong,PNEUMONIA,b71ed9533642fa1c7b6d34c46acb662d9ca3ecb88d553ec36f2a0b176b8dba4b,chittagong/nested_0/Training/pneumonia/pneumonia-495.jpg
179,dropped_label_conflict,kermany,NORMAL,17e7f225546496e60fd8ea86d993ac24908667fd0689a14477f82df462bc4552,kermany/train/NORMAL/IM-0262-0001.jpeg
179,dropped_label_conflict,chittagong,PNEUMONIA,06eb8d24bb3ab53eb7f412ec38ed50ba1879607a3589e12ac3ca7c9e8deb1c0c,chittagong/nested_0/Testing/pneumonia/pneumonia-745.jpg
180,kept,kermany,NORMAL,cd7b568405c80a1c4bc5c1a83c88e8cc44cd4e067c4a47f233fc68b68b420668,kermany/train/NORMAL/IM-0266-0001.jpeg
180,dropped_duplicate,chittagong,NORMAL,64dc532fccf9aa8d619a5e010c6efd535a23832c5cbb7061e5422b121f9013fb,chittagong/nested_0/Testing/normal/normal-7978.jpg
181,dropped_label_conflict,kermany,NORMAL,13d56f6b9d7f02f55923c1587352ac356819bd1fa9324d068fef98066873caa9,kermany/train/NORMAL/IM-0273-0001.jpeg
181,dropped_label_conflict,chittagong,PNEUMONIA,4e265509185b4114f4893e26d64bb6277753b4af26352c1c056b229bfb1b54d7,chittagong/nested_0/Training/pneumonia/pneumonia-3992.jpg
182,dropped_label_conflict,kermany,NORMAL,33ea3f8c06b3e21371eb2c7e2943509fffbe24694619fc98b0faba887813162f,kermany/train/NORMAL/IM-0279-0001.jpeg
182,dropped_label_conflict,chittagong,PNEUMONIA,3238d7626d31dfcc98ac347e0ec0f6d5982673b76e5cc7bd97bfed8b4416e34a,chittagong/nested_0/Training/pneumonia/pneumonia-4133.jpg
183,kept,kermany,NORMAL,614359deecd59e3a2347e1e343c4e899c2b3065e824c36603fbd46d6f291d1ce,kermany/train/NORMAL/IM-0283-0001.jpeg
183,dropped_duplicate,chittagong,NORMAL,6293bc13649570c60a9bbc3caa311979e740f3e64825c22378652de78c13bdf4,chittagong/nested_0/Testing/normal/normal-7936.jpg
183,dropped_duplicate,chittagong,NORMAL,6293bc13649570c60a9bbc3caa311979e740f3e64825c22378652de78c13bdf4,chittagong/nested_0/Training/normal/normal-7936.jpg
184,dropped_label_conflict,kermany,NORMAL,2fc314d8f9356a3fb46949886d28fe64a429c3bd8c713993f32382a3b8d44712,kermany/train/NORMAL/IM-0286-0001.jpeg
184,dropped_label_conflict,chittagong,PNEUMONIA,3f1f7392a32125e7f48c478bd2661a78493ffbe2e68daf6cf67f27bdb7d5662a,chittagong/nested_0/Training/pneumonia/pneumonia-526.jpg
185,dropped_label_conflict,kermany,NORMAL,5ed7e54576f7e8d0b6708f9217916bcd4491825431cc689555ab5586318bc7d2,kermany/train/NORMAL/IM-0295-0001.jpeg
185,dropped_label_conflict,chittagong,PNEUMONIA,061ed1bc91ce472b3a149a4d362d637a32897bfb87a4cb6bdeeb7125775c02a9,chittagong/nested_0/Training/pneumonia/pneumonia-337.jpg
186,kept,kermany,NORMAL,24bf494ee99f6ca5fcc1ac024cd8181d30e286d488019b783cde54adc3ecb0ab,kermany/train/NORMAL/IM-0297-0001.jpeg
186,dropped_duplicate,chittagong,NORMAL,e7aba8cde7d24cbd21e3f68994668ddee2b455225b9e48c9f6de68c284ff544e,chittagong/nested_0/Training/normal/normal-7076.jpg
187,dropped_label_conflict,kermany,NORMAL,8c89b32fb6f27757cbf7d7cac5fbc3d7a7d8c14402a55e4c5410955ec5dcf32b,kermany/train/NORMAL/IM-0298-0001.jpeg
187,dropped_label_conflict,chittagong,PNEUMONIA,f8c171951425c6983c16cdab97c15a26ece44de06a96fc0fae976675ad86ec7a,chittagong/nested_0/Training/pneumonia/pneumonia-206.jpg
188,dropped_label_conflict,kermany,NORMAL,9fe27151176acba965192a35c57576cea477d74b3fbfe3963a0e107503d25380,kermany/train/NORMAL/IM-0299-0001.jpeg
188,dropped_label_conflict,chittagong,PNEUMONIA,cd5d85c6229b3a1864076ae02563554633857c51fc60c8daac1c99a8f09c5bb8,chittagong/nested_0/Training/pneumonia/pneumonia-553.jpg
189,dropped_label_conflict,kermany,NORMAL,5d4a3fb0249efe4e8f8b1325eab66cb621d173deb274efaf613a355637ae1eda,kermany/train/NORMAL/IM-0301-0001.jpeg
189,dropped_label_conflict,chittagong,PNEUMONIA,2da0fbf5732d97fb26f816e6e3e91faed2c543800ed50affd1b5fbe0ebcf92ab,chittagong/nested_0/Testing/pneumonia/pneumonia-5155.jpg
190,dropped_label_conflict,kermany,NORMAL,4ca90d07580106c57c089fe8b2e86387d6bbc3ac4368d29ceeb6a940f3d2c594,kermany/train/NORMAL/IM-0303-0001.jpeg
190,dropped_label_conflict,chittagong,PNEUMONIA,6e76f13319b9a694f3d97078354081083339248507e33ab56dfcd4d011e851c1,chittagong/nested_0/Training/pneumonia/pneumonia-161.jpg
191,dropped_label_conflict,kermany,NORMAL,d21d04b3203628c5f005b15f6bf15a3b080cb5a1e5bb6390e143367b10cd4491,kermany/train/NORMAL/IM-0306-0001.jpeg
191,dropped_label_conflict,chittagong,PNEUMONIA,653675cced358ae2d9f3d7a7a479864622f38628b739765f784cac4ea51c1f19,chittagong/nested_0/Training/pneumonia/pneumonia-96.jpg
192,kept,kermany,NORMAL,05c61576866d70c127102c7006b70b79f7290e28db1c55e163db5da63b134d4f,kermany/train/NORMAL/IM-0307-0001.jpeg
192,dropped_duplicate,chittagong,NORMAL,a9ec287b09514c7fe12b9237380ffe8fa05fd87890e830b2792ef7b6ad27176b,chittagong/nested_0/Testing/normal/normal-7891.jpg
193,dropped_label_conflict,kermany,NORMAL,0b2ee03e7dec60c98e30065a79abff7a0d0f3e46426c752e0170c08083b68550,kermany/train/NORMAL/IM-0309-0001.jpeg
193,dropped_label_conflict,chittagong,PNEUMONIA,8e72dcf9aa7e0b4ee29ad677191ed32515300856f58a0cf473958bdd03204c2a,chittagong/nested_0/Testing/pneumonia/pneumonia-5171.jpg
194,dropped_label_conflict,kermany,NORMAL,014dc9f6c6cf5575afdef3891217683cbfe74df4149c13cdc9b9bc841688caf7,kermany/train/NORMAL/IM-0319-0001.jpeg
194,dropped_label_conflict,chittagong,PNEUMONIA,5b996a9310a64e9c7bea75a9b40858aea5f722a4f24ba9ad984ebdad64693009,chittagong/nested_0/Training/pneumonia/pneumonia-3972.jpg
195,dropped_label_conflict,kermany,NORMAL,d47612eb5e84dd927e068129e627cae31327cde2ee76f52ada49721db3b86afd,kermany/train/NORMAL/IM-0320-0001.jpeg
195,dropped_label_conflict,chittagong,PNEUMONIA,c6024e15baa39d45443bea07ed6ca8e9c15f0a93ac09347b0d79ddf0ccd117fa,chittagong/nested_0/Training/pneumonia/pneumonia-3935.jpg
196,kept,kermany,NORMAL,dbf7146e0dece5aade4518a9ca9eb979ad151e731edb63882e3117e80ae0ba8a,kermany/train/NORMAL/IM-0323-0001.jpeg
196,dropped_duplicate,chittagong,NORMAL,8e767224e84eb878015cfcf31987c46c26b9c18d7fcdd5677d90f6757403f137,chittagong/nested_0/Training/normal/normal-680.jpg
197,dropped_label_conflict,kermany,NORMAL,9cb5f2466605f265ffc4abb36f1ba5a439492f596c4ded19404523cf133b1ce6,kermany/train/NORMAL/IM-0329-0001.jpeg
197,dropped_label_conflict,chittagong,PNEUMONIA,7823d4365ba6568efe5682498186ffb72aa64dc733108ad263b07c3e150d182b,chittagong/nested_0/Training/pneumonia/pneumonia-4222.jpg
198,dropped_label_conflict,kermany,NORMAL,434fd6665bca2b1d28c43da2a86ceb197fdaaa358f8583bc921fb7e3bd5e9925,kermany/train/NORMAL/IM-0331-0001.jpeg
198,dropped_label_conflict,chittagong,PNEUMONIA,af817e360e0de2670824f472f93324aed0d8804b4688eb73583e448891e4da99,chittagong/nested_0/Training/pneumonia/pneumonia-4020.jpg
199,kept,kermany,NORMAL,f833f38e15bef3747d24c706fca71c0f9790eab78e305540c22a5198771b1c63,kermany/train/NORMAL/IM-0332-0001.jpeg
199,dropped_duplicate,chittagong,NORMAL,7d0782e6e898606435a29fea0a081b575b5dbc2e6e213da833c38b516bf0deff,chittagong/nested_0/Training/normal/normal-7131.jpg
200,dropped_label_conflict,kermany,NORMAL,7fed99488be067aac081af694d1a31a97fc3bb8c11977d62eda0e8d94aacacda,kermany/train/NORMAL/IM-0343-0001.jpeg
200,dropped_label_conflict,chittagong,PNEUMONIA,ee4f94da1b5fab525813c960965853ab3cc2038c32780dda53d0b4d921033157,chittagong/nested_0/Testing/pneumonia/pneumonia-635.jpg
201,kept,kermany,NORMAL,eeaabcb17fa9ccc6b1ef2a3b3f34d90b39677ce67e3d570d7bfede3a2541347d,kermany/train/NORMAL/IM-0347-0001.jpeg
201,dropped_duplicate,chittagong,NORMAL,d5d33eed9e3d005481b74f717c89d847359a52540b574335853746c8bfc5c8b0,chittagong/nested_0/Testing/normal/normal-8079.jpg
202,dropped_label_conflict,kermany,NORMAL,e485dc38355f63bfdb4f1ddb55fdfd42e7cff496af68638661141b965afdd761,kermany/train/NORMAL/IM-0348-0001.jpeg
202,dropped_label_conflict,chittagong,PNEUMONIA,490f41af452821b7f25208bd5a9328006147f3d3703e7a9bd164d1d04e43b653,chittagong/nested_0/Training/pneumonia/pneumonia-408.jpg
203,kept,kermany,NORMAL,1182673b3a33ee63dc9bc2d7f89d7d25215243bea54940ba6281f6c057787e17,kermany/train/NORMAL/IM-0349-0001.jpeg
203,dropped_duplicate,chittagong,NORMAL,fec514ae55b0ee89efbe549ca838c2a0b73a1938630b42748ad248307424f6e2,chittagong/nested_0/Training/normal/normal-826.jpg
204,dropped_label_conflict,kermany,NORMAL,2fd1ec1b6de793ad1f4fa888b4ff9653a00f73f0d8203c1876804e9d57ba3dd0,kermany/train/NORMAL/IM-0353-0001.jpeg
204,dropped_label_conflict,chittagong,PNEUMONIA,932b6b2c763214dcdbd0ba84435dbd64536bfee75e6564f515e442530f01eea0,chittagong/nested_0/Training/pneumonia/pneumonia-4170.jpg
205,dropped_label_conflict,kermany,NORMAL,64e607036ca212fbb5f8944aedc32d751ae3255860b5c0e40c983a44b77df0b5,kermany/train/NORMAL/IM-0356-0001.jpeg
205,dropped_label_conflict,chittagong,NORMAL,905dd41cddf8a6a0bd25e6823e77414dad03509ab1030952362dac224c093260,chittagong/nested_0/Training/normal/normal-7382.jpg
205,dropped_label_conflict,chittagong,PNEUMONIA,905dd41cddf8a6a0bd25e6823e77414dad03509ab1030952362dac224c093260,chittagong/nested_0/Training/pneumonia/pneumonia-4541.jpg
206,dropped_label_conflict,kermany,NORMAL,a5374d1025f3fe4b0b01fa08b847cf7a5916878f9c9b5478ef44e560d45fde0a,kermany/train/NORMAL/IM-0359-0001.jpeg
206,dropped_label_conflict,chittagong,PNEUMONIA,1b066b25184b61d40d7d084a25c3e2a28f2d98b5a88e945b77a5101c252a42aa,chittagong/nested_0/Training/pneumonia/pneumonia-4043.jpg
207,dropped_label_conflict,kermany,NORMAL,c433e2ae673e5185d0cfc038d9a73e59e9ac5d78dcef3ddcd9d370f2fafc864b,kermany/train/NORMAL/IM-0362-0001.jpeg
207,dropped_label_conflict,chittagong,PNEUMONIA,aaa08137e1d07c36af5f409846ef6c9e116af92d831ec59466d9383618729c9f,chittagong/nested_0/Testing/pneumonia/pneumonia-5114.jpg
208,dropped_label_conflict,kermany,NORMAL,ec5f2687b7951863fc2c33d71758dfe9b2d6b6be088d152b952632f834d146ee,kermany/train/NORMAL/IM-0365-0001.jpeg
208,dropped_label_conflict,chittagong,PNEUMONIA,e1dd2b37660d64d958b4d17b669f96104115da7ba6461c02d79d907678971888,chittagong/nested_0/Training/pneumonia/pneumonia-4046.jpg
209,kept,kermany,NORMAL,41c11dc74b7541539b402d5a28b43ca441d77c93c9689df642c21c74c7606560,kermany/train/NORMAL/IM-0370-0001.jpeg
209,dropped_duplicate,chittagong,NORMAL,4f097aea1b8708e7909804bfdd900b95903871a41ae83da8c42bb43a925ae19e,chittagong/nested_0/Training/normal/normal-661.jpg
210,dropped_label_conflict,kermany,NORMAL,5b13cbe17684eb7658659915cf9f4b861794236b54679af86f9c2fcc5a9bd2ef,kermany/train/NORMAL/IM-0371-0001.jpeg
210,dropped_label_conflict,chittagong,PNEUMONIA,d3f32ccd4ef910130bda5d65370dec67b10d8df1da9cca888ae94382ae45ad62,chittagong/nested_0/Training/pneumonia/pneumonia-230.jpg
211,dropped_label_conflict,kermany,NORMAL,a854953409ceef10a6addc82736c0e0c93b1e575dc47eedc67337f4ec0a2149f,kermany/train/NORMAL/IM-0377-0001.jpeg
211,dropped_label_conflict,chittagong,PNEUMONIA,7e22f849b9d8f2aa8ce2152146040ef04487282715016e944dbe13114a952d43,chittagong/nested_0/Training/pneumonia/pneumonia-4269.jpg
212,kept,kermany,NORMAL,970c8c90e433a6983dadbf10f12bdcd9f0cd22b5566ac4a88980658f4f5fd867,kermany/train/NORMAL/IM-0383-0001.jpeg
212,dropped_duplicate,chittagong,NORMAL,1e2f5f4897739890b30d1c2925b8af6830cd076d735bc2700b1cc64e54219fb9,chittagong/nested_0/Training/normal/normal-90.jpg
213,kept,kermany,NORMAL,2bc5da1faf9889ec065c0cbd253a58921c8d846fa6e67aa79bf1bcde193eaa2a,kermany/train/NORMAL/IM-0386-0001.jpeg
213,dropped_duplicate,chittagong,NORMAL,2f95573016a494120f21e5d8803db7638d68640665aae3f5519a551c3b66db98,chittagong/nested_0/Training/normal/normal-7555.jpg
214,kept,kermany,NORMAL,86c3d886745b9af25e0f2f9100adccff6f9c0b610498f75789ec4e912a9793cf,kermany/train/NORMAL/IM-0400-0001.jpeg
214,dropped_duplicate,chittagong,NORMAL,018a41af1d85986a6b3b73004a36ce2e6591e8dd73511184724be49b7792bcae,chittagong/nested_0/Training/normal/normal-7596.jpg
215,kept,kermany,NORMAL,e2373513d8df533125995f3e8784953a5805df0efa0c588098467c3883a71be6,kermany/train/NORMAL/IM-0403-0001.jpeg
215,dropped_duplicate,chittagong,NORMAL,87cbf712d49b91de238029daaa6c41e708b6d6546d6dd29155e9f858ea5df089,chittagong/nested_0/Training/normal/normal-7599.jpg
216,dropped_label_conflict,kermany,NORMAL,4664381ca610a524f66c754e18f43efa10d8d7bd8ce3b315655760909c558979,kermany/train/NORMAL/IM-0408-0001.jpeg
216,dropped_label_conflict,chittagong,NORMAL,fe672bb7dad849fd53b1298fc85c7b144d583b21a2f322dd244ee368d11b02b4,chittagong/nested_0/Training/normal/normal-7061.jpg
216,dropped_label_conflict,chittagong,PNEUMONIA,fe672bb7dad849fd53b1298fc85c7b144d583b21a2f322dd244ee368d11b02b4,chittagong/nested_0/Training/pneumonia/pneumonia-443.jpg
217,dropped_label_conflict,kermany,NORMAL,9d40603add6f4f02348f1b3c8d6de8a76e48e7397d6bfe72d3e5d775e127772d,kermany/train/NORMAL/IM-0411-0001.jpeg
217,dropped_label_conflict,chittagong,PNEUMONIA,b86125eb71190814122e969484f535692acbf1e88dc709cc515a0a557a092831,chittagong/nested_0/Training/pneumonia/pneumonia-4164.jpg
218,dropped_label_conflict,kermany,NORMAL,d692178d116e7af125c6cbabf001be61cfae03a7aca4cf1d4573c43491d082d1,kermany/train/NORMAL/IM-0419-0001.jpeg
218,dropped_label_conflict,chittagong,PNEUMONIA,55fd0b3857c947e608a2d9cd877baab919cb31d6f73074d76a248ae26b58e032,chittagong/nested_0/Training/pneumonia/pneumonia-4093.jpg
219,dropped_label_conflict,kermany,NORMAL,265b82c78ce180f9dfb35f4ed354497efcc828f062b0d43929b6bb19aaba3d2d,kermany/train/NORMAL/IM-0420-0001.jpeg
219,dropped_label_conflict,chittagong,PNEUMONIA,d2186f0190c2aac2d058bb502c15fa6ff89ff578f9f722528ded7494182f007c,chittagong/nested_0/Training/pneumonia/pneumonia-4100.jpg
220,kept,kermany,NORMAL,63f6800bf44ead55f50b136bc059874b81f3dd65eb96646284868f2a45c05eef,kermany/train/NORMAL/IM-0421-0001.jpeg
220,dropped_duplicate,chittagong,NORMAL,7b8ab5cf21a0794a5f75605bdb608e75b2afd98eb738c60891782a45ffacbbe6,chittagong/nested_0/Training/normal/normal-7150.jpg
221,dropped_label_conflict,kermany,NORMAL,4aacbc415a4283b218064b9d94facfb07ab32705a8403b5a72ccc0415ae29108,kermany/train/NORMAL/IM-0424-0001.jpeg
221,dropped_label_conflict,chittagong,PNEUMONIA,5d1e855d88735c2604398c1500f7f30d16fc343f9720876ee014c5a69fb1f962,chittagong/nested_0/Training/pneumonia/pneumonia-4112.jpg
222,dropped_label_conflict,kermany,NORMAL,13bd089c256289d186dca96be5f6fa02dd98214f8973ee2bee1f874c50e773b1,kermany/train/NORMAL/IM-0425-0001.jpeg
222,dropped_label_conflict,chittagong,PNEUMONIA,fa39efe20901b9f1a6cc841068aeeb58326c8c49194bc2e9c72d4864042cc797,chittagong/nested_0/Training/pneumonia/pneumonia-4260.jpg
223,kept,kermany,NORMAL,9e96191af9ceffee67e0cbff1ecebc61e60649a3284c74089411fb9f9902ff3e,kermany/train/NORMAL/IM-0427-0001.jpeg
223,dropped_duplicate,chittagong,NORMAL,f6605fbf2843c5a79bca9dfde3534aba8d8f5135a9a32d77ed28abc3a0e5fddc,chittagong/nested_0/Testing/normal/normal-8010.jpg
224,kept,kermany,NORMAL,ba55f24095dd1e044903ac5456163d0c1f4b1fe0f03d9b2072cf7b662e891383,kermany/train/NORMAL/IM-0431-0001.jpeg
224,dropped_duplicate,chittagong,NORMAL,a49e62f21ec1dd881bb49f30a6989435d43672e894432708c7ae8ca7fd3e9032,chittagong/nested_0/Training/normal/normal-686.jpg
225,dropped_label_conflict,kermany,NORMAL,74721f3bebdbbfc43b33b5019e185ff5bd5d8f441cba186b88c77bb621958d86,kermany/train/NORMAL/IM-0433-0001.jpeg
225,dropped_label_conflict,chittagong,NORMAL,bc35a1d0facaec58b002fa75d61b60b986ab4397d379f6089bd61417bc3aeee2,chittagong/nested_0/Training/normal/normal-846.jpg
225,dropped_label_conflict,chittagong,PNEUMONIA,bc35a1d0facaec58b002fa75d61b60b986ab4397d379f6089bd61417bc3aeee2,chittagong/nested_0/Training/pneumonia/pneumonia-4534.jpg
226,dropped_label_conflict,kermany,NORMAL,f471db2afc0e3a6b2fd90500907b4cd2cab8dd334e944c37848a8554fd6a77b7,kermany/train/NORMAL/IM-0435-0001.jpeg
226,dropped_label_conflict,chittagong,PNEUMONIA,9ec6b1d6bc424de9855d535dcf7be3368016cf0e77b167f27b050346d92bb59b,chittagong/nested_0/Testing/pneumonia/pneumonia-5146.jpg
227,kept,kermany,NORMAL,635381dd1c39554a1cb347193fca81d5853aec24186276285705ee5270aaed75,kermany/train/NORMAL/IM-0437-0001.jpeg
227,dropped_duplicate,chittagong,NORMAL,22ca109ebfe6388ca151a75d197528e0a44915d8aef2a83fbcc54dedf9143a6c,chittagong/nested_0/Training/normal/normal-7665.jpg
228,kept,kermany,NORMAL,8f3239f8007a3802c066fde4f6ad808efc9d01f8b022efbda60b8614d61903ed,kermany/train/NORMAL/IM-0440-0001.jpeg
228,dropped_duplicate,chittagong,NORMAL,73cd8af34cc2ac642c13b0a66b33323abb4e982ba35e6c0fcc511c1869dd369c,chittagong/nested_0/Training/normal/normal-862.jpg
229,dropped_label_conflict,kermany,NORMAL,2aa6d4442b50fdb14e3b9d4273a084a1c910ec9325c0b02c7df7cee4ff41cf75,kermany/train/NORMAL/IM-0446-0001.jpeg
229,dropped_label_conflict,chittagong,NORMAL,3d5ed0abcc9f801b1972dca08ef6ed6c4914135c7b06aea75f84dd1cd2b4dc9a,chittagong/nested_0/Training/normal/normal-713.jpg
229,dropped_label_conflict,chittagong,PNEUMONIA,3d5ed0abcc9f801b1972dca08ef6ed6c4914135c7b06aea75f84dd1cd2b4dc9a,chittagong/nested_0/Training/pneumonia/pneumonia-3947.jpg
230,dropped_label_conflict,kermany,NORMAL,61fec018820794e2702b835bc7916ee3dc1569872cd0004c4399e1ea69f19118,kermany/train/NORMAL/IM-0448-0001.jpeg
230,dropped_label_conflict,chittagong,PNEUMONIA,9b6de441d7619e2f0dba807b36ce2d090078bcb38bcbbc83615e81a20c0213f8,chittagong/nested_0/Training/pneumonia/pneumonia-416.jpg
231,dropped_label_conflict,kermany,NORMAL,cbe54f98f75b62f962b77112685c44605d85824684c6d8188b7457a5ef2e6345,kermany/train/NORMAL/IM-0449-0001.jpeg
231,dropped_label_conflict,chittagong,PNEUMONIA,0e81844402fa0557c5d63275ed1d38ed46eb75489e7dda9f7f3e44917741fc69,chittagong/nested_0/Training/pneumonia/pneumonia-3991.jpg
232,dropped_label_conflict,kermany,NORMAL,f73a8bc7ad3d6e1529f3a0babf3533ad9039b5b64fd63335ce9af8dbfa181df8,kermany/train/NORMAL/IM-0450-0001.jpeg
232,dropped_label_conflict,chittagong,PNEUMONIA,953bb248cea139d3a17dea8e5dee34ebf3b5f888cc676c9e3208eb36449c7205,chittagong/nested_0/Training/pneumonia/pneumonia-4125.jpg
233,dropped_label_conflict,kermany,NORMAL,5872908f3f45c533db1f2e96ffaa900a5bed5f4dbd7bc856af228fe78b45200c,kermany/train/NORMAL/IM-0452-0001.jpeg
233,dropped_label_conflict,chittagong,PNEUMONIA,d95390b3533c30ad60852ab40c499ea06fe2bcbd1190069c329022518327429d,chittagong/nested_0/Training/pneumonia/pneumonia-4107.jpg
234,dropped_label_conflict,kermany,NORMAL,112195a14e73197166b6ee2213f7de171a6a2f75b4f2846211986a0507cf4f13,kermany/train/NORMAL/IM-0459-0001.jpeg
234,dropped_label_conflict,chittagong,PNEUMONIA,d32783407c6c8d12131332be1bf55cfe14d59f12a3fdf1d6d1322882ec7539d0,chittagong/nested_0/Testing/pneumonia/pneumonia-619.jpg
235,dropped_label_conflict,kermany,NORMAL,660faece55360760b1f55f34975b5a591f76338bd2b71bfd15a49f59a200c717,kermany/train/NORMAL/IM-0460-0001.jpeg
235,dropped_label_conflict,chittagong,PNEUMONIA,50b32272b1fe9f4840150ce2db5ee796a4d549e893ab7bbae8d8d931ce080e2f,chittagong/nested_0/Training/pneumonia/pneumonia-4098.jpg
236,kept,kermany,NORMAL,0aabe89623539adc54eb9b1bf1d3b94c57fdb92a0e27d6990a12ee6a1a0d87d6,kermany/train/NORMAL/IM-0464-0001.jpeg
236,dropped_duplicate,chittagong,NORMAL,1e6c7f0175a215199ec174eb60e3f2ecb44c8f8aef0a4b24a103c447853ba050,chittagong/nested_0/Training/normal/normal-7603.jpg
237,kept,kermany,NORMAL,f75941f3bccc32c919584f6c30fe0754c91dffa24d5425cb9cf271adc2f8f284,kermany/train/NORMAL/IM-0469-0001.jpeg
237,dropped_duplicate,chittagong,NORMAL,1f625803c3dfbb81ac0304619a594309b864b3761d45994824465dd850bef8b7,chittagong/nested_0/Training/normal/normal-7217.jpg
238,dropped_label_conflict,kermany,NORMAL,e5c46bac2ebc311c4cb7ba1c43568e7fae236724e0074b3a0692e0e732825ff8,kermany/train/NORMAL/IM-0475-0001.jpeg
238,dropped_label_conflict,chittagong,NORMAL,b176f1f8091983ee429192ad576aef81adf379b01e8ecab6ab0298c4eedfe91d,chittagong/nested_0/Training/normal/normal-7377.jpg
238,dropped_label_conflict,chittagong,PNEUMONIA,b176f1f8091983ee429192ad576aef81adf379b01e8ecab6ab0298c4eedfe91d,chittagong/nested_0/Training/pneumonia/pneumonia-4538.jpg
239,kept,kermany,NORMAL,a871390d7b5ae175a91821cd23ec864f3ef7ef6b24d6b0f4b66a39ace2298123,kermany/train/NORMAL/IM-0480-0001.jpeg
239,dropped_duplicate,chittagong,NORMAL,682188066b94cc7c510142bb361db72d58802728467939aeddd6a45454fac8c4,chittagong/nested_0/Training/normal/normal-7128.jpg
240,kept,kermany,NORMAL,a2533dfc8afd1e0eacd5e5c330b993e89b0aecc100dbe0589b2a0305c614246f,kermany/train/NORMAL/IM-0486-0001.jpeg
240,dropped_duplicate,chittagong,NORMAL,f4a3476d95ac780bae5ad00feaaee2b2a8a3ce56d89b1eb11e3562ac0dbd4c02,chittagong/nested_0/Training/normal/normal-595.jpg
241,dropped_label_conflict,kermany,NORMAL,1fbe241f68abbf62cda84aff6b825dc7a4bb6319ed8e3437ee0aae07c5b0a8b5,kermany/train/NORMAL/IM-0489-0001.jpeg
241,dropped_label_conflict,chittagong,PNEUMONIA,46022dba4b26178fe14682ea09fb6c950568e3f2baea4cce76e2f3ebe37e0d20,chittagong/nested_0/Testing/pneumonia/pneumonia-5248.jpg
242,dropped_label_conflict,kermany,NORMAL,d0b6a0294e31ea6c45f62e399eac3d6fa6ab4fdc3c3415c8649e54e6bb8293ad,kermany/train/NORMAL/IM-0491-0001-0001.jpeg
242,dropped_label_conflict,chittagong,PNEUMONIA,b72e11895bf9e7abc34bc1c979651c080716d0f97078f482f32b0d7b04030966,chittagong/nested_0/Training/pneumonia/pneumonia-4236.jpg
243,dropped_label_conflict,kermany,NORMAL,7897009b17ae7afd1280fd2b8bee2d9bf1f7bf2dddb8ff495cd118cad61d9378,kermany/train/NORMAL/IM-0492-0001.jpeg
243,dropped_label_conflict,chittagong,PNEUMONIA,b44a51f5b4d85353f7ba70113ba222f4b59ded0098747b4e351190569156bb05,chittagong/nested_0/Training/pneumonia/pneumonia-199.jpg
244,dropped_label_conflict,kermany,NORMAL,4cb2ea4b77cb270da5c4f13906e6c8122f949293b4326194e6cdd9ca9a38c456,kermany/train/NORMAL/IM-0499-0001-0001.jpeg
244,dropped_label_conflict,chittagong,PNEUMONIA,dcd2314ffdec8d0c20565c040b34aa15d86b3b910bc720c14113307129d99e59,chittagong/nested_0/Training/pneumonia/pneumonia-4017.jpg
245,kept,kermany,NORMAL,c703b47ee9c7f84b9a8b115570d85abce51da998dd12b11c9a393c861b197514,kermany/train/NORMAL/IM-0501-0001-0001.jpeg
245,dropped_duplicate,chittagong,NORMAL,216813f7cb86736314baa9dbba24a0b5c52000ee559df355eb8219154d5c2f01,chittagong/nested_0/Training/normal/normal-608.jpg
246,kept,kermany,NORMAL,9a41f0aa79b08650e6a24eeeb5f5856be238d0bac947eedb0a3ba729aefea2a1,kermany/train/NORMAL/IM-0504-0001.jpeg
246,dropped_duplicate,chittagong,NORMAL,b8a7b40efe1f6e2e01042ce07268337ce6ff84b64329ced0e1c7c941314924ad,chittagong/nested_0/Training/normal/normal-7528.jpg
247,dropped_label_conflict,kermany,NORMAL,22074fb15584fa6d3859b9611ea60c43b6186a32fbf28ff369381955d2eaa2d3,kermany/train/NORMAL/IM-0505-0001.jpeg
247,dropped_label_conflict,chittagong,NORMAL,c36691794e0f7d0ab2ee7087935927413e28272c4a3efb58eff20fe6653abb22,chittagong/nested_0/Training/normal/normal-767.jpg
247,dropped_label_conflict,chittagong,PNEUMONIA,c36691794e0f7d0ab2ee7087935927413e28272c4a3efb58eff20fe6653abb22,chittagong/nested_0/Training/pneumonia/pneumonia-4188.jpg
248,dropped_label_conflict,kermany,NORMAL,d63670f1646c17484d69f135d0aac3eb4a1a9427dae668bbf02e2fbdb255b5f0,kermany/train/NORMAL/IM-0506-0001.jpeg
248,dropped_label_conflict,chittagong,PNEUMONIA,b7a45557848778ce11ffa2458418c44cfcb51d2eb4e2f1972b6b1983ef8b99b0,chittagong/nested_0/Training/pneumonia/pneumonia-229.jpg
249,kept,kermany,NORMAL,e3fe47d9c18aa28464a462bb1e79b499f2c751952574c9bd0f3c784afde86e16,kermany/train/NORMAL/IM-0509-0001-0002.jpeg
249,dropped_duplicate,chittagong,NORMAL,048ab11e51096ac1b066e960962ce934eb5d3d4ce55bdbd368e1a4283e9f53a1,chittagong/nested_0/Training/normal/normal-619.jpg
250,dropped_label_conflict,kermany,NORMAL,88608e16413bc171a69e572d385c1a14cefff125e6608f697e096561e48e53aa,kermany/train/NORMAL/IM-0513-0001.jpeg
250,dropped_label_conflict,chittagong,PNEUMONIA,44ae79beda7158345c8ce1c7ad933909430546d5dc348b48fa39e75afb2c11c8,chittagong/nested_0/Training/pneumonia/pneumonia-4138.jpg
251,dropped_label_conflict,kermany,NORMAL,0b6b4813c1003a68cb2feb7f8416ae546adf880a6358f39420072fa07cd2315e,kermany/train/NORMAL/IM-0517-0001.jpeg
251,dropped_label_conflict,chittagong,PNEUMONIA,f22701218714303880a99ee04185a8a483c2dabf12d69faed823bbf367dd0982,chittagong/nested_0/Testing/pneumonia/pneumonia-5230.jpg
252,kept,kermany,NORMAL,16c8a694c91b80f1d97efb91455ab8b3facd6221ea401d740086722d4bad0134,kermany/train/NORMAL/IM-0519-0001-0001.jpeg
252,dropped_duplicate,chittagong,NORMAL,86df918e9b3d76cd76ecb788127a85bc17d37cd6a23b114f4a7dae24c5e55ee0,chittagong/nested_0/Training/normal/normal-7546.jpg
253,kept,kermany,NORMAL,e50b577068b22688ba145d9499996413d739662dca417c2c954689521496bc26,kermany/train/NORMAL/IM-0519-0001.jpeg
253,dropped_duplicate,chittagong,NORMAL,c3adb58df72f6b248802b707c697939e4cd08f740e81895daa1a7a10c3d30099,chittagong/nested_0/Training/normal/normal-696.jpg
254,dropped_label_conflict,kermany,NORMAL,43ed7909c169fb5db326e54219c0319935172d17b73131e6ade6beaef95c8d9e,kermany/train/NORMAL/IM-0521-0001.jpeg
254,dropped_label_conflict,chittagong,PNEUMONIA,b8a5f8cb623f65105ec5f748336d889c71447d68e5ff58ab4bab9f8c666a9b62,chittagong/nested_0/Testing/pneumonia/pneumonia-5218.jpg
255,dropped_label_conflict,kermany,NORMAL,018b2a4f622bbb9c07b51fe675b87bdf6a5958cfe02571d142a26c12b4905271,kermany/train/NORMAL/IM-0522-0001.jpeg
255,dropped_label_conflict,chittagong,PNEUMONIA,7295d4e06e463a8f2bb12b56cb2fcf2a37268b20944f5e9e3ff52956c23811da,chittagong/nested_0/Testing/pneumonia/pneumonia-5229.jpg
256,dropped_label_conflict,kermany,NORMAL,642b66938fe98666fecba80f927e975d9abdbb40d4b1684f4271b4d92c437024,kermany/train/NORMAL/IM-0523-0001-0002.jpeg
256,dropped_label_conflict,chittagong,PNEUMONIA,982c14c9d68c810417f1f2f5c8213250e50c7f35822f61fa0860300a717d4509,chittagong/nested_0/Training/pneumonia/pneumonia-4162.jpg
257,dropped_label_conflict,kermany,NORMAL,0e262d11936bb7aa5e2892007af7785481cd828b7655853b449ad275ace9f346,kermany/train/NORMAL/IM-0523-0001.jpeg
257,dropped_label_conflict,chittagong,PNEUMONIA,aef23ff2fa8f2cfc63c88bd39183dbb3119566c3b00d88a7f4e4562cd71cd665,chittagong/nested_0/Training/pneumonia/pneumonia-4262.jpg
258,kept,kermany,NORMAL,9cb2041a055c052bee1da6ec6f6063cfd4fe3f524d38f7a4af2d6e47d10812a7,kermany/train/NORMAL/IM-0525-0001-0001.jpeg
258,dropped_duplicate,chittagong,NORMAL,003c9b38428644bedd8fdc774d5132f46cccf402fb9d79e46f1de6ca8be9404a,chittagong/nested_0/Training/normal/normal-646.jpg
259,dropped_label_conflict,kermany,NORMAL,c1e6e67e896039da5e2b1802f9b24208a8e3c98f1fd85ad4d08afddf6a826cd2,kermany/train/NORMAL/IM-0527-0001.jpeg
259,dropped_label_conflict,chittagong,PNEUMONIA,0c4a3888bd8f903b3e18dc530f061c8bf6406861920ea0c383a64aa0c4800dfa,chittagong/nested_0/Training/pneumonia/pneumonia-173.jpg
260,dropped_label_conflict,kermany,NORMAL,c3a484a84fe16850259a8207097333d31893b36e1bf48e60225a7d594fa0d6fc,kermany/train/NORMAL/IM-0528-0001.jpeg
260,dropped_label_conflict,chittagong,PNEUMONIA,357592172d9e460b9ef8c01acf9f6bc44c084604ff842bd5eae5659522f8fe3c,chittagong/nested_0/Training/pneumonia/pneumonia-4237.jpg
261,dropped_label_conflict,kermany,NORMAL,bca16194656cbc279b98ea03a8112c823d4bfa53c6135878ee266a099b68c062,kermany/train/NORMAL/IM-0530-0001.jpeg
261,dropped_label_conflict,chittagong,NORMAL,ed836d6624e6907e3965617fec01713518f9202847290f17fb0dbc5e1c3fa268,chittagong/nested_0/Training/normal/normal-7374.jpg
261,dropped_label_conflict,chittagong,PNEUMONIA,ed836d6624e6907e3965617fec01713518f9202847290f17fb0dbc5e1c3fa268,chittagong/nested_0/Training/pneumonia/pneumonia-4536.jpg
262,kept,kermany,NORMAL,50b6060448ca24bdac7135f5d4a079eeaa8dea9e3b5c4951f0c061f98f35efda,kermany/train/NORMAL/IM-0533-0001-0002.jpeg
262,dropped_duplicate,chittagong,NORMAL,7971ec2c22efbff414bbce1b471fb4653d3958585d8863cfc53eb21ef73d6b57,chittagong/nested_0/Training/normal/normal-69.jpg
263,dropped_label_conflict,kermany,NORMAL,d66b93ea2a15f4d95a4ed35d16f5d47c443cc3f7455baf44a317ef86c97de5ec,kermany/train/NORMAL/IM-0539-0001-0001.jpeg
263,dropped_label_conflict,chittagong,PNEUMONIA,58a87145230986f7b58861c2011f215eeb0d32ce7a8741903794fb9da8219e26,chittagong/nested_0/Training/pneumonia/pneumonia-3956.jpg
264,kept,kermany,NORMAL,3acc51f884aef145f94aee359e01c767e4b32e63b4f6e491742cc281a833530d,kermany/train/NORMAL/IM-0539-0001-0002.jpeg
264,dropped_duplicate,chittagong,NORMAL,604860c3b0e560f51494c3f34ccaebb4ab6a5d2ffef54223ff441743e7855643,chittagong/nested_0/Training/normal/normal-7487.jpg
265,dropped_label_conflict,kermany,NORMAL,63fbe14b1eba285c642de6153b197d65a562bd035c18aee6f16a69d1954fa59a,kermany/train/NORMAL/IM-0540-0001.jpeg
265,dropped_label_conflict,chittagong,PNEUMONIA,b0c644709fba3df6ca23c614baa8f03746661ad8985f2fa9d5b5c5a75ce87988,chittagong/nested_0/Training/pneumonia/pneumonia-3871.jpg
266,dropped_label_conflict,kermany,NORMAL,fef22aae0f607f7f8c6b834a0dca5c08c8611a2544d489674c060bf40ae0df92,kermany/train/NORMAL/IM-0544-0001.jpeg
266,dropped_label_conflict,chittagong,PNEUMONIA,664e1a7f02d6f639cd3a0ed3fe04181ce7bafe9f62aa809039e296f4045a8aa7,chittagong/nested_0/Testing/pneumonia/pneumonia-694.jpg
267,kept,kermany,NORMAL,1700b7437a2b1a29fd98bd2a719dc2d3322e7cb4ba6501f63ee1a3e54796dcf2,kermany/train/NORMAL/IM-0545-0001.jpeg
267,dropped_duplicate,chittagong,NORMAL,59986235152693542bfb4e54740114244b06a16d8dc08ed984f1dedf61beb44b,chittagong/nested_0/Testing/normal/normal-7950.jpg
268,kept,kermany,NORMAL,fd73ef73672342152c134a7fe854222a4631324d227db53b9715b3eeaf725286,kermany/train/NORMAL/IM-0548-0001.jpeg
268,dropped_duplicate,chittagong,NORMAL,1294201b21f31461d861d349991d103ceff623817f0b10dd07e6166e324c69e0,chittagong/nested_0/Training/normal/normal-7041.jpg
269,dropped_label_conflict,kermany,NORMAL,0ece423b4206e377360275cedce4f305ac09a8ac486ed65f883a5c5c77a3a0b5,kermany/train/NORMAL/IM-0549-0001-0002.jpeg
269,dropped_label_conflict,chittagong,PNEUMONIA,570e7d2e12965e92a1151388a2eb414918f44a8be68cfadec50ce7ac66e7b34c,chittagong/nested_0/Training/pneumonia/pneumonia-336.jpg
270,kept,kermany,NORMAL,73628b1064a6c75a283ea2b46203ea70245e184c298fd452834a462e17024a8d,kermany/train/NORMAL/IM-0551-0001-0001.jpeg
270,dropped_duplicate,chittagong,NORMAL,e833f990325ab8ef0dd4f0bcb4e31d881d3d707201755799aa4b6a5a308af0af,chittagong/nested_0/Training/normal/normal-671.jpg
271,kept,kermany,NORMAL,bc98cb241731af7288cdc429c397c34ed844efba0727ead896b024a59a81689c,kermany/train/NORMAL/IM-0555-0001-0002.jpeg
271,dropped_duplicate,chittagong,NORMAL,dbd7ab519f6cbb22b63f4fdb81509e4a6fddc9f29efde6c75165b45cef0e9b1b,chittagong/nested_0/Training/normal/normal-7522.jpg
272,dropped_label_conflict,kermany,NORMAL,e24acf321f77211152481ecb13ce423a4b836b0d3a8cb065f23249c3563db2c8,kermany/train/NORMAL/IM-0556-0001.jpeg
272,dropped_label_conflict,chittagong,PNEUMONIA,e7cd3926d25c90ba71ae097096e4af35571d83e929cbfeb730b785ee7e32a114,chittagong/nested_0/Training/pneumonia/pneumonia-4105.jpg
273,dropped_label_conflict,kermany,NORMAL,74cf6b836c4593c53dc2a1c6268243b288cc24159a3e57518f373915cce66ff2,kermany/train/NORMAL/IM-0557-0001.jpeg
273,dropped_label_conflict,chittagong,PNEUMONIA,8245a433f7d08ee9ac9d4a8370f4ffbdd201ceb349c69203d78ef913da460339,chittagong/nested_0/Training/pneumonia/pneumonia-560.jpg
274,dropped_label_conflict,kermany,NORMAL,dcc30abc38034cb99a503c1395e4dd7a18129e5547fbe10410e2c8ede47177f7,kermany/train/NORMAL/IM-0560-0001.jpeg
274,dropped_label_conflict,chittagong,PNEUMONIA,920a1536fe376f74fcbfa06255b239c3735c845c22be0ca16c5782ffdcf8234c,chittagong/nested_0/Training/pneumonia/pneumonia-531.jpg
275,kept,kermany,NORMAL,ebc9cf514e6d325d807ba86e3ccece4cf513aa5f1caf05bea3007280b3ce77e0,kermany/train/NORMAL/IM-0561-0001.jpeg
275,dropped_duplicate,chittagong,NORMAL,dae70041ac1dd9d71d7c6f3691b4c128a9274c8c7164a69ac8cd9d29d0a4806b,chittagong/nested_0/Testing/normal/normal-7988.jpg
276,dropped_label_conflict,kermany,NORMAL,48c9a87c15f248e278161fa8dbca56834b832cccf898951c97ce74231025dc75,kermany/train/NORMAL/IM-0564-0001.jpeg
276,dropped_label_conflict,chittagong,PNEUMONIA,519e95fd5210735d5a39e51481d41c7060d74feec2013277e18955d560142fcd,chittagong/nested_0/Testing/pneumonia/pneumonia-630.jpg
277,dropped_label_conflict,kermany,NORMAL,11fccf65a38671659499c6da6b635dfa24fb491ed3e412f73216438a15b1064c,kermany/train/NORMAL/IM-0566-0001.jpeg
277,dropped_label_conflict,chittagong,PNEUMONIA,6ce4f0af4bb3b4aea4c51ed8b0b1ce83c6d96a8c8ffd9a03a7ba214c28e84ad6,chittagong/nested_0/Testing/pneumonia/pneumonia-5165.jpg
278,dropped_label_conflict,kermany,NORMAL,80d02b351524239514c423412163e81796ba58b76a21b096fb1119bf8f353a1c,kermany/train/NORMAL/IM-0568-0001.jpeg
278,dropped_label_conflict,chittagong,PNEUMONIA,060f0345d5b65d2f639e29aa8ee7bb692c8011c714830e6461ea45f12ca21def,chittagong/nested_0/Training/pneumonia/pneumonia-4194.jpg
279,dropped_label_conflict,kermany,NORMAL,4ac30d48391de9aa4ec3693df90d898fd63bdfe864041275aa271af3fc1a7e78,kermany/train/NORMAL/IM-0569-0001.jpeg
279,dropped_label_conflict,chittagong,PNEUMONIA,6f4ec836dcaa15ecf8a8bb13987269851a16403776d91826b0ff8b5b49378725,chittagong/nested_0/Training/pneumonia/pneumonia-3987.jpg
280,dropped_label_conflict,kermany,NORMAL,8f37e2e937590acd04d8a92ea3df8ab54008dcfa1056f3f15688ed8172ce71dc,kermany/train/NORMAL/IM-0570-0001.jpeg
280,dropped_label_conflict,chittagong,PNEUMONIA,2fa25b0b92a0bc76a0f8af773abf54599e4e71185a4682130d6b58e75d09e577,chittagong/nested_0/Training/pneumonia/pneumonia-431.jpg
281,dropped_label_conflict,kermany,NORMAL,7f4fa8a8c9892ec3b4656793901b09b38c797d4fc2b0dd9222effc0b067fa9c9,kermany/train/NORMAL/IM-0575-0001.jpeg
281,dropped_label_conflict,chittagong,PNEUMONIA,412e1bac982592c75964c84f4b34658c4b1b790d7ee8c133096019e3d4de9c6b,chittagong/nested_0/Training/pneumonia/pneumonia-562.jpg
282,dropped_label_conflict,kermany,NORMAL,3917ecf425508d0758d1028c2c1199f6696ea7d07682bd506cac44be031268e1,kermany/train/NORMAL/IM-0577-0001.jpeg
282,dropped_label_conflict,chittagong,NORMAL,38bf8bde25e0cf52bea8501f6a44a376d10c5c56c085b0c9f2ce0108fb5e340f,chittagong/nested_0/Training/normal/normal-7423.jpg
282,dropped_label_conflict,chittagong,PNEUMONIA,38bf8bde25e0cf52bea8501f6a44a376d10c5c56c085b0c9f2ce0108fb5e340f,chittagong/nested_0/Training/pneumonia/pneumonia-4573.jpg
283,dropped_label_conflict,kermany,NORMAL,94498cbd036a42dad82ced29aaa18fe31914f9e751a1ec366c17ce2907cd1b66,kermany/train/NORMAL/IM-0579-0001.jpeg
283,dropped_label_conflict,chittagong,PNEUMONIA,003e5adcd0ae959941e069009cfd0f6e540aa51df3ba9073dbb39dbe4c1c9e82,chittagong/nested_0/Training/pneumonia/pneumonia-397.jpg
284,kept,kermany,NORMAL,b7bde2f3372d15932aa9c5c847c577ce3c41e4bbcdea32844d16065a47124705,kermany/train/NORMAL/IM-0596-0001.jpeg
284,dropped_duplicate,chittagong,NORMAL,b9e5760741e849f6d3c28ff46c7b8adbf82800a661efc22a348c1882d16e3d58,chittagong/nested_0/Training/normal/normal-7160.jpg
285,kept,kermany,NORMAL,9f94e181c8274ba2a9d587e45d10255f86dd6c22617ae7dc73be118ece894a4e,kermany/train/NORMAL/IM-0599-0001.jpeg
285,dropped_duplicate,chittagong,NORMAL,e9e2fd220e9c27f19e0f94007841a84124458b1e25d6ceec24fee2fb5155b75c,chittagong/nested_0/Training/normal/normal-86.jpg
286,dropped_label_conflict,kermany,NORMAL,981a44134e7c24226cdbc6d16fc64cdf4e09e11b82584d4d66366c92544e2505,kermany/train/NORMAL/IM-0600-0001.jpeg
286,dropped_label_conflict,chittagong,PNEUMONIA,d88b37da82addd73dd8259a9d1defb1dc7283849a2d9bf95175a3e349cda9f1e,chittagong/nested_0/Testing/pneumonia/pneumonia-5139.jpg
287,kept,kermany,NORMAL,7b92af65dc1bdffb0e0c050ad98630b2ab5c9d9d71197ff234c94a580018ebba,kermany/train/NORMAL/IM-0606-0001.jpeg
287,dropped_duplicate,chittagong,NORMAL,bf5a8090ebc59de9da114518c8ecd301ae824c56dd7d813c8fc2493b8608b300,chittagong/nested_0/Testing/normal/normal-8117.jpg
288,dropped_label_conflict,kermany,NORMAL,3ebea284df521c8f9248f19236b24610519afbbe1e48eef27b65a896c0544ba6,kermany/train/NORMAL/IM-0608-0001-0002.jpeg
288,dropped_label_conflict,chittagong,PNEUMONIA,490c3a2492b6fdf3c4fcaea60817ca9de250280aba149e9f094d3ccda3dee8b0,chittagong/nested_0/Training/pneumonia/pneumonia-224.jpg
289,dropped_label_conflict,kermany,NORMAL,46a5aed222a7cf03d59c0b5bda5545efcc109947b77685831e5f0395f2bd5c82,kermany/train/NORMAL/IM-0608-0001.jpeg
289,dropped_label_conflict,chittagong,PNEUMONIA,c6f958958695926424cf77a1ce38541c59276c04624ae1e4789cb00d967f15d7,chittagong/nested_0/Testing/pneumonia/pneumonia-831.jpg
290,dropped_label_conflict,kermany,NORMAL,c79b63e68a25d6fb66ae5b936591fbe94cba42624724d77ac11717c057ff6457,kermany/train/NORMAL/IM-0614-0001.jpeg
290,dropped_label_conflict,chittagong,NORMAL,0634602bca09cbb8a5275977a931e3f59059a1858aa3dbadd50e932d58bd960c,chittagong/nested_0/Training/normal/normal-7361.jpg
290,dropped_label_conflict,chittagong,PNEUMONIA,0634602bca09cbb8a5275977a931e3f59059a1858aa3dbadd50e932d58bd960c,chittagong/nested_0/Training/pneumonia/pneumonia-4531.jpg
291,dropped_label_conflict,kermany,NORMAL,ff67f04d9ad47a1bf17756a1678d8d50854ca14df161b99c83afdebb2577f3b3,kermany/train/NORMAL/IM-0619-0001.jpeg
291,dropped_label_conflict,chittagong,PNEUMONIA,696501eb58a90f75f47ae580411b37b53e669952aaad58af6b46d8c138e2dd3a,chittagong/nested_0/Testing/pneumonia/pneumonia-5173.jpg
292,dropped_label_conflict,kermany,NORMAL,45e5b9bc2bfae91646bb0d50f83165da1b5c7fab74873235e41b545da1b43a00,kermany/train/NORMAL/IM-0620-0001-0001.jpeg
292,dropped_label_conflict,chittagong,PNEUMONIA,d69c6e33e1e96fef58acd64430549693d80874be33a4a30ec875123ccda9d149,chittagong/nested_0/Training/pneumonia/pneumonia-4207.jpg
293,dropped_label_conflict,kermany,NORMAL,5350c09b1c5ad120207ccfe8c644ba61bd5ded08d182f6963d2f1c4b7ef4b6ab,kermany/train/NORMAL/IM-0620-0001-0002.jpeg
293,dropped_label_conflict,chittagong,PNEUMONIA,66945edafd0f00eca6607dcf5b4df855799ff7ad18c1ed07406ca33fb3cd6b19,chittagong/nested_0/Training/pneumonia/pneumonia-4032.jpg
294,kept,kermany,NORMAL,9d5e10c4c735aa1aebb9298aa08b1f317a439785cdceffec2dc22c5d1ccfb550,kermany/train/NORMAL/IM-0621-0001.jpeg
294,dropped_duplicate,chittagong,NORMAL,2e6285e0f9731b5699626d7c8fec2d89a2cf188ac39112c5bbdff0691f87669e,chittagong/nested_0/Training/normal/normal-7297.jpg
295,dropped_label_conflict,kermany,NORMAL,ec88bbe7ff9b9a88630338112cb72f49fc3f2a9d6303c64ea870a9151fdd9672,kermany/train/NORMAL/IM-0622-0001.jpeg
295,dropped_label_conflict,chittagong,PNEUMONIA,1d03296eef53b8a3772c59eb2ab209651b70160277887eb06cc99c6b3a53f6d4,chittagong/nested_0/Testing/pneumonia/pneumonia-747.jpg
296,kept,kermany,NORMAL,6c59958f1f4008727869bb813fedc30bdd3663e10a1e8a970482703f71db5f56,kermany/train/NORMAL/IM-0626-0001-0001.jpeg
296,dropped_duplicate,chittagong,NORMAL,ecb4b5f06de1fe3e09ebf8f410329c2167f0e59581224a1d5a6a349119ed45c4,chittagong/nested_0/Training/normal/normal-7194.jpg
297,kept,kermany,NORMAL,15be0098f473769d0de29ef3d77718f18fb4e96395e9b2efc694aa144eb6256d,kermany/train/NORMAL/IM-0630-0001.jpeg
297,dropped_duplicate,chittagong,NORMAL,da1414a537a9f5ce488a6a61b14242baa5a42dc7712562e3eac284636546d0f4,chittagong/nested_0/Testing/normal/normal-7970.jpg
298,dropped_label_conflict,kermany,NORMAL,2e73ce1c61456e24589ac4fe0798497320c2576029af0103a1cc27496ae71c97,kermany/train/NORMAL/IM-0631-0001-0001.jpeg
298,dropped_label_conflict,chittagong,PNEUMONIA,aec2e80c9448cdc3248046f2ce594b7aa564cadb92dfcfe97c1df45ec9b7a8b5,chittagong/nested_0/Training/pneumonia/pneumonia-4520.jpg
299,kept,kermany,NORMAL,bcaf82315c7ea13c7a0e70a02609169045d0be6e952079bbcfafc03d98c3725c,kermany/train/NORMAL/IM-0631-0001-0002.jpeg
299,dropped_duplicate,chittagong,NORMAL,16bd0310670e4aca8151473d4d3a0d0cc93daedbbacd994ba99e89946ee12287,chittagong/nested_0/Training/normal/normal-7167.jpg
300,dropped_label_conflict,kermany,NORMAL,a1bbf2a518216afb6d17b7d6d5359ed6aa395c9184da578d022b0fc79c155253,kermany/train/NORMAL/IM-0631-0001.jpeg
300,dropped_label_conflict,chittagong,NORMAL,82de6a5afbfd85e01bbca5d7bc21dcae56401d5f580e755c6ef137782c487983,chittagong/nested_0/Training/normal/normal-7325.jpg
300,dropped_label_conflict,chittagong,PNEUMONIA,82de6a5afbfd85e01bbca5d7bc21dcae56401d5f580e755c6ef137782c487983,chittagong/nested_0/Training/pneumonia/pneumonia-4509.jpg
301,dropped_label_conflict,kermany,NORMAL,24c615fb6461255e747e5ba0bf8b95a256e768816a29088f18e32739549b0a82,kermany/train/NORMAL/IM-0632-0001.jpeg
301,dropped_label_conflict,chittagong,PNEUMONIA,9980c6b32d5b8383b87fb9d1cd96348e25ef34b165162369d0b6cdd495eaf95d,chittagong/nested_0/Training/pneumonia/pneumonia-4094.jpg
302,dropped_label_conflict,kermany,NORMAL,a97da206a89370239bbfa5201e982401fe0b5eeeb78f97460e3ce0f9b0808ea2,kermany/train/NORMAL/IM-0633-0001.jpeg
302,dropped_label_conflict,chittagong,PNEUMONIA,7b40ba43922da3c70530720672467b312188963019910fdc97e93e31999aa410,chittagong/nested_0/Testing/pneumonia/pneumonia-5243.jpg
303,kept,kermany,NORMAL,fa79b7f5754a296fc25ce872bbcafd5427f4608a9e444512e7278a7469bafa57,kermany/train/NORMAL/IM-0635-0001.jpeg
303,dropped_duplicate,chittagong,NORMAL,827ccd03086cbc8a87d3027dae7efd2b2fd53e180e34a9e83135e93694d3dac8,chittagong/nested_0/Testing/normal/normal-8008.jpg
304,dropped_label_conflict,kermany,NORMAL,ec1e654fd0b52afc0b5906c3be29d2617dbd69585e7d74020f0f7b5640e83ddf,kermany/train/NORMAL/IM-0637-0001.jpeg
304,dropped_label_conflict,chittagong,PNEUMONIA,40a8dbff5a1bb5b716cb973bf18e7d69f3543d70e259b385466f1d53deb7dc4c,chittagong/nested_0/Testing/pneumonia/pneumonia-616.jpg
305,dropped_label_conflict,kermany,NORMAL,14b9f3a1fa0aa4332b35e865f56776a4676a142d37c39e6078e594b1ca1980af,kermany/train/NORMAL/IM-0640-0001-0001.jpeg
305,dropped_label_conflict,chittagong,PNEUMONIA,8015e8c82155665f005775e413e6789e846c0f5e4cf28761b2fc2d290371de5f,chittagong/nested_0/Training/pneumonia/pneumonia-3914.jpg
306,kept,kermany,NORMAL,cabbd0eb4eff8c5fca52906e88304db17823f01e4f1e05a8dc12b7594260ec95,kermany/train/NORMAL/IM-0640-0001.jpeg
306,dropped_duplicate,chittagong,NORMAL,3533800c0575fa1bd4897e46a34fabd379001122e947fd50332b4c9473d45e0c,chittagong/nested_0/Training/normal/normal-923.jpg
307,dropped_label_conflict,kermany,NORMAL,523b8e32a520569147323c4950b4605f7e45f7423fa6d8306d544a9018f8d1a8,kermany/train/NORMAL/IM-0642-0001.jpeg
307,dropped_label_conflict,chittagong,NORMAL,9639df961ee7377872d840d46b2129e9d73c8498eb91773a7e1e39559451a8d4,chittagong/nested_0/Training/normal/normal-7409.jpg
307,dropped_label_conflict,chittagong,PNEUMONIA,9639df961ee7377872d840d46b2129e9d73c8498eb91773a7e1e39559451a8d4,chittagong/nested_0/Training/pneumonia/pneumonia-4558.jpg
308,kept,kermany,NORMAL,a86131988f36f298e07a6703668544c1ece2cc6d1c99fc49ae99dc1479d278bc,kermany/train/NORMAL/IM-0643-0001.jpeg
308,dropped_duplicate,chittagong,NORMAL,b436c71e4646054adaa85cc53ec09c28ed9ad46da040b6c4bcacfeb985272b5e,chittagong/nested_0/Training/normal/normal-858.jpg
309,dropped_label_conflict,kermany,NORMAL,090002b93b85abd7b736d413d4f8767293c09a6d1dc9dd993b0490ccc1fd0563,kermany/train/NORMAL/IM-0648-0001.jpeg
309,dropped_label_conflict,chittagong,NORMAL,d04e48dba99ec784992a3dc50210be55bd8e0e0f93ada390e76dadfe6519b044,chittagong/nested_0/Training/normal/normal-7312.jpg
309,dropped_label_conflict,chittagong,PNEUMONIA,d04e48dba99ec784992a3dc50210be55bd8e0e0f93ada390e76dadfe6519b044,chittagong/nested_0/Training/pneumonia/pneumonia-470.jpg
310,dropped_label_conflict,kermany,NORMAL,a28f292ae4bd2fb938b6c5f5154bb4d08a063bd2274dffc8ee1ed7f55d2b8455,kermany/train/NORMAL/IM-0649-0001.jpeg
310,dropped_label_conflict,chittagong,PNEUMONIA,2a03e610f19c509817863acafdaffdb7d906574ca7900d93669d63b6fb40393f,chittagong/nested_0/Training/pneumonia/pneumonia-147.jpg
311,dropped_label_conflict,kermany,NORMAL,d5fe46f4d79c73f07047d7ae22d245c386e2f1a7b50f3bc610bcd8f88c241b22,kermany/train/NORMAL/IM-0650-0001.jpeg
311,dropped_label_conflict,chittagong,PNEUMONIA,5c5d7acaba9d84bd393f6af09e25913b6da54dcb6cdb57433c8c67c84e8e762e,chittagong/nested_0/Training/pneumonia/pneumonia-4179.jpg
312,dropped_label_conflict,kermany,NORMAL,82c538602c5627110b7b96fef7797e25ced9848a1272eca5b22ffe3ddefceb05,kermany/train/NORMAL/IM-0654-0001.jpeg
312,dropped_label_conflict,chittagong,NORMAL,c606fc77a1f29a0af44f34af05b8df4ae7f2583c8a6802e0787044a3e6c50d1b,chittagong/nested_0/Training/normal/normal-726.jpg
312,dropped_label_conflict,chittagong,PNEUMONIA,c606fc77a1f29a0af44f34af05b8df4ae7f2583c8a6802e0787044a3e6c50d1b,chittagong/nested_0/Training/pneumonia/pneumonia-4005.jpg
313,dropped_label_conflict,kermany,NORMAL,baa2eb327aa6e1b0313fbb85161b4f66ba3bc0e54e28cea21484f7fde7cfc643,kermany/train/NORMAL/IM-0660-0001-0001.jpeg
313,dropped_label_conflict,chittagong,PNEUMONIA,140c6ad6ceec63adf1eeb078f4bc84532b0d1a58a0cb533a6971eaad97a20fce,chittagong/nested_0/Training/pneumonia/pneumonia-3948.jpg
314,dropped_label_conflict,kermany,NORMAL,34e9d119122e679a057a19a9db9a97aeb9be57f1941cf1a8dbb685b52c9596a6,kermany/train/NORMAL/IM-0660-0001.jpeg
314,dropped_label_conflict,chittagong,PNEUMONIA,b88dd1222943e572dddd8f50e3dcb48b671da828e81667820d42dd3670102dc4,chittagong/nested_0/Training/pneumonia/pneumonia-3953.jpg
315,dropped_label_conflict,kermany,NORMAL,14e33f34f396be7c735e02dde8083f335799f0ee2a317e20155ef3570012d207,kermany/train/NORMAL/IM-0661-0001.jpeg
315,dropped_label_conflict,chittagong,PNEUMONIA,9466e2263f76c14e9f33989c3ccd9d43d00c71eb9205d8c28cd31528489c9818,chittagong/nested_0/Testing/pneumonia/pneumonia-654.jpg
316,dropped_label_conflict,kermany,NORMAL,e2e6bcd49a036bff4239abd02bd006f354dcd2d3ee4cd065cfa4f6f3606da273,kermany/train/NORMAL/IM-0662-0001.jpeg
316,dropped_label_conflict,chittagong,PNEUMONIA,1ee1647698bc4cb170af87b7d8caaa4095f70d60b4c7864797764098a74e7120,chittagong/nested_0/Training/pneumonia/pneumonia-3930.jpg
317,dropped_label_conflict,kermany,NORMAL,c032122078a5e121ef03dc30fba202f0fad14baedfbeae63b7f0fba7d776f005,kermany/train/NORMAL/IM-0663-0001.jpeg
317,dropped_label_conflict,chittagong,PNEUMONIA,cf32dba62684bc8df16cec16d5414d58302bedbed27d18b95160d632722f4d6b,chittagong/nested_0/Training/pneumonia/pneumonia-244.jpg
318,dropped_label_conflict,kermany,NORMAL,23438b885fc88a0060ec990a52017ad1f006ee38644f6f7fea0389b3b5010395,kermany/train/NORMAL/IM-0664-0001.jpeg
318,dropped_label_conflict,chittagong,NORMAL,7bc2d4375628826f73d1ce27fda21e5c6d6277e12522e0a7f04fd72cf836226d,chittagong/nested_0/Training/normal/normal-7356.jpg
318,dropped_label_conflict,chittagong,PNEUMONIA,7bc2d4375628826f73d1ce27fda21e5c6d6277e12522e0a7f04fd72cf836226d,chittagong/nested_0/Training/pneumonia/pneumonia-4528.jpg
319,dropped_label_conflict,kermany,NORMAL,3c93e5e526878c8bc868252d745971a83356103505140055957c6adce880a73a,kermany/train/NORMAL/IM-0668-0001.jpeg
319,dropped_label_conflict,chittagong,PNEUMONIA,4e9bca44a37ef84fcb85346bd39936f9c53fb14ba06e5b5dc5d153d65d4103eb,chittagong/nested_0/Testing/pneumonia/pneumonia-593.jpg
320,kept,kermany,NORMAL,b6aa837ecb19ef705164b245452d7772d8261786f91fc86f335ae8f2521f08e6,kermany/train/NORMAL/IM-0675-0001.jpeg
320,dropped_duplicate,chittagong,NORMAL,c8837e9daff216c90c2b38dce8926856619c188cad3e1d8d167ab1351e726d85,chittagong/nested_0/Training/normal/normal-7219.jpg
321,dropped_label_conflict,kermany,NORMAL,0c7d2cabde7310daadc18cf0a46b3f5f534a4ad6a5b6aab31edb4e975d5fe565,kermany/train/NORMAL/IM-0681-0001.jpeg
321,dropped_label_conflict,chittagong,PNEUMONIA,d79a42e7bc3dab2e130b1bf1405b2d6aa173ac5575a250150d55e72d3dc993f8,chittagong/nested_0/Training/pneumonia/pneumonia-4147.jpg
322,dropped_label_conflict,kermany,NORMAL,93b99c991eb9ad9c7816c7917ffb99c6526892090073efd52ca8cbb364141b8c,kermany/train/NORMAL/IM-0683-0001.jpeg
322,dropped_label_conflict,chittagong,NORMAL,c3e878d9fcf7d83456182395a6b15e940fea86be667034c033a176642c10ca38,chittagong/nested_0/Training/normal/normal-7556.jpg
322,dropped_label_conflict,chittagong,PNEUMONIA,c3e878d9fcf7d83456182395a6b15e940fea86be667034c033a176642c10ca38,chittagong/nested_0/Training/pneumonia/pneumonia-499.jpg
323,dropped_label_conflict,kermany,NORMAL,2191f2e0ae72d85ce0cc48fef1b88ee48ef9f32d926bd9c0b9cfba736b0fa0f3,kermany/train/NORMAL/IM-0686-0001.jpeg
323,dropped_label_conflict,chittagong,PNEUMONIA,822a9d6b13c5e0ebb4c6f4d3f1545c79b6d10a3974054157a53541cd62742dc9,chittagong/nested_0/Training/pneumonia/pneumonia-81.jpg
324,dropped_label_conflict,kermany,NORMAL,0c655ffc269e946a3df94fb6665f4cfb3e31f33e81f56be824d25df9abbc5fca,kermany/train/NORMAL/IM-0688-0001.jpeg
324,dropped_label_conflict,chittagong,PNEUMONIA,7bedd3b5491f738825ec168201575c49511fe92c490a27936895bd15d7b983f1,chittagong/nested_0/Training/pneumonia/pneumonia-4104.jpg
325,kept,kermany,NORMAL,220f2c25208b70e6a90011bb317ef06ae50c1ae3e072932ffdb8d1ddf4694f4f,kermany/train/NORMAL/IM-0693-0001.jpeg
325,dropped_duplicate,chittagong,NORMAL,e42a32c7ff5826540cbbf11853cb3b547e06584c71a37dc28522e54ae0edf7f1,chittagong/nested_0/Training/normal/normal-7573.jpg
326,kept,kermany,NORMAL,2cf29f8d8d29fb768e03c24f17abb7f1d0c4eea67727e7c5450391255e1baf89,kermany/train/NORMAL/IM-0696-0001.jpeg
326,dropped_duplicate,chittagong,NORMAL,11428022b1cfa8d06e5cda13ba1f1a7878745e12feb35e2dd9ac029e1232b62c,chittagong/nested_0/Testing/normal/normal-8166.jpg
327,dropped_label_conflict,kermany,NORMAL,bab09e5f0977f647498886751df8a01bd5d8c0021d1458b98104cd86c1700807,kermany/train/NORMAL/IM-0698-0001.jpeg
327,dropped_label_conflict,chittagong,PNEUMONIA,117a860b6a31c269eeee5d778268c3652bdf755153b696a7307b25e060ba054f,chittagong/nested_0/Training/pneumonia/pneumonia-4045.jpg
328,dropped_label_conflict,kermany,NORMAL,b7b14cbe7b95a6a4abc1bfdcb9ca1f5ace43761dba77b7b185d3bc96d18326d0,kermany/train/NORMAL/IM-0701-0001.jpeg
328,dropped_label_conflict,chittagong,PNEUMONIA,3bca8f8784b0b6293eb742109ef6034753f863195a56b54386faf561ec5871fe,chittagong/nested_0/Testing/pneumonia/pneumonia-629.jpg
329,dropped_label_conflict,kermany,NORMAL,3f2f24eb4c7b16d858e858a887d2d14486c80d9134815977b328eeb90ec68dea,kermany/train/NORMAL/IM-0704-0001.jpeg
329,dropped_label_conflict,chittagong,PNEUMONIA,6e7d70779725b2628664b5748023c5f0bab752aa4dfed31a8159f348fa5b8509,chittagong/nested_0/Testing/pneumonia/pneumonia-5147.jpg
330,dropped_label_conflict,kermany,NORMAL,f9c73787bb2dd73f0f99424ee07b787015df94921ade5d3e5a8b7830543ff6df,kermany/train/NORMAL/IM-0705-0001.jpeg
330,dropped_label_conflict,chittagong,PNEUMONIA,db04b8ead06a64924e01d1c4c15d52491580e898ed0fa77bd1a353ca0d41d778,chittagong/nested_0/Training/pneumonia/pneumonia-4091.jpg
331,dropped_label_conflict,kermany,NORMAL,22e01b99b24762c6215fd70e223804411200a83bc904475b41f23855957fea8b,kermany/train/NORMAL/IM-0707-0001.jpeg
331,dropped_label_conflict,chittagong,PNEUMONIA,62bd6c85b994cf2d9cb3e1d3f8597d3c36e9f3ef2e97fc33c08972f0746ad875,chittagong/nested_0/Training/pneumonia/pneumonia-395.jpg
332,kept,kermany,NORMAL,021033ddf650264bb5f92fe2cc38bb9750b2d5ea1e5c3fc87b41262a86018f81,kermany/train/NORMAL/IM-0717-0001.jpeg
332,dropped_duplicate,chittagong,NORMAL,c250d0a94d55782b86fef7d1234be711bc33596b5bd56b9c18e17eadc9b11f1d,chittagong/nested_0/Testing/normal/normal-8162.jpg
333,kept,kermany,NORMAL,c68b6bf750484b60fe20b5de15e63c10f7671860bc10881f5e4b7aa29fc4dd83,kermany/train/NORMAL/IM-0721-0001.jpeg
333,dropped_duplicate,chittagong,NORMAL,bf2db4a40bb3e8a73b87bc3015d9b69ef3d8e565203b358ca6350c39ac756d9d,chittagong/nested_0/Training/normal/normal-60.jpg
334,dropped_label_conflict,kermany,NORMAL,0fcb0e17abf46e03f322d733d2f24948ddd6e29f57b5a526c93e783c6386a45b,kermany/train/NORMAL/IM-0722-0001.jpeg
334,dropped_label_conflict,chittagong,PNEUMONIA,7091b6eb2b57dcecf5e1d537fbe1ebbeaa7bf59cf63d3df02d88ecb7dd305e51,chittagong/nested_0/Training/pneumonia/pneumonia-4259.jpg
335,dropped_label_conflict,kermany,NORMAL,78949e0e75503c3cbc7dabbc50182078fb9a8431d0d959fecfc674b88c69e17b,kermany/train/NORMAL/IM-0724-0001.jpeg
335,dropped_label_conflict,chittagong,PNEUMONIA,07b2796f8da71af681329ba9c5a032f086e2399a6a9e8d6d7a5e3e70344f2330,chittagong/nested_0/Training/pneumonia/pneumonia-400.jpg
336,kept,kermany,NORMAL,1352d21daee4f8358fc5c62edefa42448b2c0d18aa1105bac2ba924ab51eb1cb,kermany/train/NORMAL/IM-0727-0001.jpeg
336,dropped_duplicate,chittagong,NORMAL,abdea7a804931a189ec3f505a06dec0a4452e97f8d10c5122ec0b36cdb45ffa4,chittagong/nested_0/Training/normal/normal-653.jpg
337,dropped_label_conflict,kermany,NORMAL,1b0cc79a57b88cc4bc7988227aad571797d7eebcf2d08377492c8633e4037acb,kermany/train/NORMAL/IM-0734-0001.jpeg
337,dropped_label_conflict,chittagong,PNEUMONIA,956bf6615a4b5beb02e28b34a0ba621e102e10c0559a51788160bfe481ef79bd,chittagong/nested_0/Testing/pneumonia/pneumonia-5131.jpg
338,kept,kermany,NORMAL,d71a505e3eaa9cfc0f245a18248191513de5371f0777228c2c4552c0cd067d20,kermany/train/NORMAL/IM-0736-0001.jpeg
338,dropped_duplicate,chittagong,NORMAL,2ba2c62dea1bdbe363ba6d51849ab2d86f0ace1847a57ec6d26c18d2c1f638a8,chittagong/nested_0/Training/normal/normal-7108.jpg
339,dropped_label_conflict,kermany,NORMAL,eb49fa75ba489d705f03b575698bcb1df3751313d59824adaf7404f2d89f795b,kermany/train/NORMAL/IM-0739-0001.jpeg
339,dropped_label_conflict,chittagong,PNEUMONIA,88ee89c15369c9d84d4080b50dc5f12fa92066566c8fae0fd08533440166edc9,chittagong/nested_0/Testing/pneumonia/pneumonia-653.jpg
340,dropped_label_conflict,kermany,NORMAL,0102bc2c003f20bc6f67aa08ac9fb5085b8e590503c8acb44bd712203b869ed9,kermany/train/NORMAL/IM-0747-0001.jpeg
340,dropped_label_conflict,chittagong,PNEUMONIA,60ac89d4b480017a4b94ec8ad8ad7e28b8e967ff944c7169709ec508aaf64f07,chittagong/nested_0/Training/pneumonia/pneumonia-4108.jpg
341,dropped_label_conflict,kermany,NORMAL,a87476c5e10f7fd56cbcc24d6ce0e70cd15f0b8e80bb4be678d0c228dc409298,kermany/train/NORMAL/NORMAL2-IM-0383-0001.jpeg
341,dropped_label_conflict,chittagong,PNEUMONIA,046922fecc17e93b32996438437f9c80785bdd5715c15bfcedcc5809d4286402,chittagong/nested_0/Training/pneumonia/pneumonia-227.jpg
342,dropped_label_conflict,kermany,NORMAL,082de1e214c34af770ce6d71c72cfbbfb3816e9770b84defc03a63082af12344,kermany/train/NORMAL/NORMAL2-IM-0384-0001.jpeg
342,dropped_label_conflict,chittagong,PNEUMONIA,1987d6e75056ba90edb5eadb18c49226a0500b8d31d7d64bfad3f86a095b0bcc,chittagong/nested_0/Training/pneumonia/pneumonia-363.jpg
343,dropped_label_conflict,kermany,NORMAL,fd7bcad8d4a94104336c2f173cc65bb6d98c6e1408cc8028a6ee86442cb49887,kermany/train/NORMAL/NORMAL2-IM-0386-0001.jpeg
343,dropped_label_conflict,chittagong,PNEUMONIA,f868201f17f7b0432d5d2a1d7a92dc51b78bbd8fa31387bdaa61538c575b989f,chittagong/nested_0/Training/pneumonia/pneumonia-4199.jpg
344,dropped_label_conflict,kermany,NORMAL,6ae717480d396d450dcd008ebba16215b5ccf4e6b76d3b387c320c0718de76fd,kermany/train/NORMAL/NORMAL2-IM-0390-0001.jpeg
344,dropped_label_conflict,chittagong,NORMAL,f41a064c9c90d5763b3a951d4e52e50ee44bf3a838d2027997bb17cbb54df6b3,chittagong/nested_0/Training/normal/normal-7331.jpg
344,dropped_label_conflict,chittagong,PNEUMONIA,f41a064c9c90d5763b3a951d4e52e50ee44bf3a838d2027997bb17cbb54df6b3,chittagong/nested_0/Training/pneumonia/pneumonia-4513.jpg
345,dropped_label_conflict,kermany,NORMAL,32ea979c387d1ce5a42e9656ad2f829559739f8d33077a14942b4bc0e50f7ce5,kermany/train/NORMAL/NORMAL2-IM-0392-0001.jpeg
345,dropped_label_conflict,chittagong,PNEUMONIA,a0fc2b626cfde81ecf3f021e5f1cdb49df91c81a4f090efb089ef50bb0a86790,chittagong/nested_0/Testing/pneumonia/pneumonia-662.jpg
346,dropped_label_conflict,kermany,NORMAL,69f6fe6830f528ca8108c6d5b361eef9f60bca79d67cfaafe76f84e1b7fb2fc1,kermany/train/NORMAL/NORMAL2-IM-0394-0001.jpeg
346,dropped_label_conflict,chittagong,PNEUMONIA,05f91132d75c6fc9d843ad3c343abc25a3aa45e3160096d9e1f8f9e9f9de64c0,chittagong/nested_0/Training/pneumonia/pneumonia-580.jpg
347,dropped_label_conflict,kermany,NORMAL,5d281b8ff1dbb01d6614c2b6915704602c416a07f0c7bef25593008878777def,kermany/train/NORMAL/NORMAL2-IM-0399-0001.jpeg
347,dropped_label_conflict,chittagong,PNEUMONIA,9f29d3a5dce7d71b92d85cc10c4369aa6ae860516fc6b8a58c672129541aae67,chittagong/nested_0/Training/pneumonia/pneumonia-4064.jpg
348,dropped_label_conflict,kermany,NORMAL,7dd57ae04cc345e05ea0fe634f1e229b208a818d531a53c19498698d9defefc8,kermany/train/NORMAL/NORMAL2-IM-0403-0001.jpeg
348,dropped_label_conflict,chittagong,PNEUMONIA,6b5b9b9d1e0acbad21a9da0c88a333f114cd22e446e2bd9ba1d7beb7819cd9b1,chittagong/nested_0/Testing/pneumonia/pneumonia-5162.jpg
349,kept,kermany,NORMAL,316c43142d87d195cb4497c4c27781f02b563e18291cdc941704fa8fe8b96372,kermany/train/NORMAL/NORMAL2-IM-0404-0001.jpeg
349,dropped_duplicate,chittagong,NORMAL,5bb588ebaacbb17b314c368accf6ba4a8a2ddf7be2a9390e8a55e8ed81cd516a,chittagong/nested_0/Training/normal/normal-750.jpg
350,dropped_label_conflict,kermany,NORMAL,306b711bf41df67d2a312a98bd52ed07023fe7623edca72bdfb7038956a6c4a5,kermany/train/NORMAL/NORMAL2-IM-0412-0001.jpeg
350,dropped_label_conflict,chittagong,PNEUMONIA,0c5603ec39dde68185f2d1677cd36b7399aa02f4e819c1009a4da78599d3dd74,chittagong/nested_0/Training/pneumonia/pneumonia-3938.jpg
351,dropped_label_conflict,kermany,NORMAL,2cd6286d5787a8bbf7f28af5fac5254dc3f593eabae5768a9637cba51b268655,kermany/train/NORMAL/NORMAL2-IM-0414-0001.jpeg
351,dropped_label_conflict,chittagong,PNEUMONIA,ac276ba217184c372d10bcce9a7737885fd61aa343bd6a3e78dd0044541f8f41,chittagong/nested_0/Training/pneumonia/pneumonia-3913.jpg
352,dropped_label_conflict,kermany,NORMAL,0ae9d22ab5408bac77789b0d92d1dbd0c2dbe475583319a94c048bc0501610b4,kermany/train/NORMAL/NORMAL2-IM-0416-0001-0001.jpeg
352,dropped_label_conflict,chittagong,PNEUMONIA,f7869b768f4645c5fa7254332a5d9a4286f320322c6e3ccdac08e9ae050afc28,chittagong/nested_0/Training/pneumonia/pneumonia-120.jpg
353,kept,kermany,NORMAL,5c19a091e5fbfac88e1bd4d99e716689e3348045207985a339a8c89fab11e99a,kermany/train/NORMAL/NORMAL2-IM-0418-0001.jpeg
353,dropped_duplicate,chittagong,NORMAL,78378423a9f57777285ac8af8ecca24cbb78081cd6db1748fb5bc270b67279af,chittagong/nested_0/Training/normal/normal-7668.jpg
354,dropped_label_conflict,kermany,NORMAL,11698a9f38e164cae54f711236a8e215e6d6f537990fc993a41efac5f8a5dc78,kermany/train/NORMAL/NORMAL2-IM-0419-0001.jpeg
354,dropped_label_conflict,chittagong,PNEUMONIA,c7d3adf6326f9efbb1d29709a56680e456d9740dada0daa3346969d022692c47,chittagong/nested_0/Testing/pneumonia/pneumonia-645.jpg
355,kept,kermany,NORMAL,1866837b2810f866cb9eb819dfd7d61422395fb81b2c496ca60c0d9bf033e98b,kermany/train/NORMAL/NORMAL2-IM-0425-0001.jpeg
355,dropped_duplicate,chittagong,NORMAL,1df1e4e02ebf11d20d962a8efe2b284f7d4801b34fcd09d188a0ada91cae36ce,chittagong/nested_0/Testing/normal/normal-7991.jpg
356,kept,kermany,NORMAL,a20aff783b0840bd80576666d20d559556d5ef08e6720b7858e5c02e8e657d7d,kermany/train/NORMAL/NORMAL2-IM-0427-0001.jpeg
356,dropped_duplicate,chittagong,NORMAL,912471b58d59aa5cfa4cd4f2fd112ed61e99b2f8b59d6136840f63089b181397,chittagong/nested_0/Training/normal/normal-7618.jpg
357,dropped_label_conflict,kermany,NORMAL,0b5fa9574e5ffa9004120b67850a20724857bfbd303e6c67f9dca5abba9d5789,kermany/train/NORMAL/NORMAL2-IM-0433-0001.jpeg
357,dropped_label_conflict,chittagong,PNEUMONIA,3bdf2bc6400dc5aea2c9352405bfd3276f6760cad2efd001b30c97bcf3b08ec2,chittagong/nested_0/Training/pneumonia/pneumonia-113.jpg
358,dropped_label_conflict,kermany,NORMAL,847547692b9fa8ecdefaeb47402847cce00132ff04e0c4522601075af0350d52,kermany/train/NORMAL/NORMAL2-IM-0441-0001.jpeg
358,dropped_label_conflict,chittagong,PNEUMONIA,343109948b194e517c9a8c29573b421cac77fbdc83ab55607b34771ebdee4652,chittagong/nested_0/Training/pneumonia/pneumonia-4121.jpg
359,dropped_label_conflict,kermany,NORMAL,596647a38d6afa637a9a43d2d5a094c298d9cb26f5f10b4a8f5df418364c9cdf,kermany/train/NORMAL/NORMAL2-IM-0443-0001.jpeg
359,dropped_label_conflict,chittagong,NORMAL,d9b116255619af0940c815f6269b1a4cb4820a72e4d5decc31ac6866f5cd3854,chittagong/nested_0/Training/normal/normal-744.jpg
359,dropped_label_conflict,chittagong,PNEUMONIA,d9b116255619af0940c815f6269b1a4cb4820a72e4d5decc31ac6866f5cd3854,chittagong/nested_0/Training/pneumonia/pneumonia-405.jpg
360,dropped_label_conflict,kermany,NORMAL,a792c7b0c633733eae67c008ffbf4d80710a58f1fb946519a19f4cb9b1fdc366,kermany/train/NORMAL/NORMAL2-IM-0450-0001.jpeg
360,dropped_label_conflict,chittagong,PNEUMONIA,20cc31215e06808e226405d7f2e59e45a4f56445440347e5767429b82434229f,chittagong/nested_0/Training/pneumonia/pneumonia-4078.jpg
361,dropped_label_conflict,kermany,NORMAL,9a0c86b5d2f293210729ebb2ec4ff0dd3081b641d3cd3958a1fecce4d1286689,kermany/train/NORMAL/NORMAL2-IM-0452-0001.jpeg
361,dropped_label_conflict,chittagong,PNEUMONIA,87f84a10b77a360cbba276895ac5c6455e203f9eba060a30f53ed607e39ebc29,chittagong/nested_0/Training/pneumonia/pneumonia-4212.jpg
362,kept,kermany,NORMAL,301e2190d18100a1a08a5d0785cb9563105aca809bb313e6c6ceeacc311d1292,kermany/train/NORMAL/NORMAL2-IM-0462-0001.jpeg
362,dropped_duplicate,chittagong,NORMAL,83482423c6e3bc5abbd6741b5c529c86e311c8b510cf1505187d25faff6285d9,chittagong/nested_0/Training/normal/normal-865.jpg
363,dropped_label_conflict,kermany,NORMAL,2eeb767f7b43f7ec1a5ffbb99b4ec4336ce096ac5e538ea255fefcc920a85efd,kermany/train/NORMAL/NORMAL2-IM-0464-0001.jpeg
363,dropped_label_conflict,chittagong,PNEUMONIA,70b64979de42f1f99ba0c27f305f37f5be18fceb27c0fdb638107f6dbb104a58,chittagong/nested_0/Training/pneumonia/pneumonia-4088.jpg
364,dropped_label_conflict,kermany,NORMAL,3764934ec96de4fbd68398af0481e5f80d772ea4c0f3e9885cba22a421ac0bc9,kermany/train/NORMAL/NORMAL2-IM-0465-0001.jpeg
364,dropped_label_conflict,chittagong,PNEUMONIA,fefb4ca56943da815d9beb39f1943fec4d4dfea7d1ccf55800196f8119742343,chittagong/nested_0/Training/pneumonia/pneumonia-4120.jpg
365,kept,kermany,NORMAL,732f564eb9da2c5b54127c3c1ca13ed8c5586ff16bd45243e6e29dc83936dd84,kermany/train/NORMAL/NORMAL2-IM-0472-0001.jpeg
365,dropped_duplicate,chittagong,NORMAL,5d893576a6976f46d52d0e4f5743028cdbcfa3e0cc44c8a050e9f8028c144d74,chittagong/nested_0/Training/normal/normal-645.jpg
366,dropped_label_conflict,kermany,NORMAL,052a7a3eae991277aae0844784cd68c207a90719b3a72c4d7499fea02d67d8db,kermany/train/NORMAL/NORMAL2-IM-0474-0001.jpeg
366,dropped_label_conflict,chittagong,PNEUMONIA,90f93176e102e67cbd6c4ff6822049d0ff299550619d76c677b7a38a6c21e38b,chittagong/nested_0/Training/pneumonia/pneumonia-3944.jpg
367,dropped_label_conflict,kermany,NORMAL,7c9113d516a845003e13fbba9a5b079e478c5d09c61442767a368d8e0ae948bc,kermany/train/NORMAL/NORMAL2-IM-0475-0001.jpeg
367,dropped_label_conflict,chittagong,PNEUMONIA,8e33c9e8ae5f5de6d71c00fc0b4b800150b7bc7575ca2945cb73e56bb867365e,chittagong/nested_0/Training/pneumonia/pneumonia-4239.jpg
368,kept,kermany,NORMAL,0d7fb76e81565b4e21cf98a2a3a61c7e3d1071ee12f66049f756464672b47d4e,kermany/train/NORMAL/NORMAL2-IM-0482-0001.jpeg
368,dropped_duplicate,chittagong,NORMAL,34925fc49beb51c3a9e1b71e529ff84649e46c9161b0e9b1c7bfb05e60301737,chittagong/nested_0/Training/normal/normal-7521.jpg
369,kept,kermany,NORMAL,975aee79c7706e5c79ac56c95f2a64d3bc877427b40e8604bb7ff0882036188d,kermany/train/NORMAL/NORMAL2-IM-0488-0001.jpeg
369,dropped_duplicate,chittagong,NORMAL,38253a68900d3cebe4c4ba37ba88ec244c8c14448d2bc1bc90650111dd974a74,chittagong/nested_0/Training/normal/normal-7247.jpg
370,dropped_label_conflict,kermany,NORMAL,1ef9d2eee363c59db6b9313c5da953777552d13c5930b7d14be60a496de58df8,kermany/train/NORMAL/NORMAL2-IM-0491-0001.jpeg
370,dropped_label_conflict,chittagong,PNEUMONIA,d4336b60c99730570edacdf14a8b1adc9e875347d3c4c65a72c4e97c0c93ddae,chittagong/nested_0/Testing/pneumonia/pneumonia-720.jpg
371,dropped_label_conflict,kermany,NORMAL,a3e823154f7255dea8c75901b806bcbbd2f5ce5ba9e8e1b2357f67f8a3f82968,kermany/train/NORMAL/NORMAL2-IM-0502-0001.jpeg
371,dropped_label_conflict,chittagong,PNEUMONIA,85edf736576081aa130e972a78681ce1b83952bf28d6a4052e56e0e087f195c0,chittagong/nested_0/Training/pneumonia/pneumonia-4263.jpg
372,dropped_label_conflict,kermany,NORMAL,f76e1f43324543fd6c6bd7fe46ae1cf328fb95b163d5ee9becd6e72b94ca5716,kermany/train/NORMAL/NORMAL2-IM-0503-0001.jpeg
372,dropped_label_conflict,chittagong,NORMAL,fa8b3b16c717702788d6fee9ec7b23865ef2f7bc78b93c69d214539d1cc8fdb9,chittagong/nested_0/Training/normal/normal-710.jpg
372,dropped_label_conflict,chittagong,PNEUMONIA,fa8b3b16c717702788d6fee9ec7b23865ef2f7bc78b93c69d214539d1cc8fdb9,chittagong/nested_0/Training/pneumonia/pneumonia-3922.jpg
373,dropped_label_conflict,kermany,NORMAL,a598b0ee85002f97277e650c0d3cf96a0781ada981581ed460b06acab75d3beb,kermany/train/NORMAL/NORMAL2-IM-0506-0001.jpeg
373,dropped_label_conflict,chittagong,PNEUMONIA,accaa48d74c418e59ae9ed8701939ec9318afa178d1a0cb04da5e5ad1a0d83af,chittagong/nested_0/Testing/pneumonia/pneumonia-5169.jpg
374,dropped_label_conflict,kermany,NORMAL,8fcc4a1b1d75de9a7eb2cd3fd72cf0ba4da98fc7c167fb8802370b57fae9091a,kermany/train/NORMAL/NORMAL2-IM-0511-0001.jpeg
374,dropped_label_conflict,chittagong,NORMAL,ff1b36f9e439e03d67285723843db794346fae91a485ad0dad78a022d98ee91b,chittagong/nested_0/Training/normal/normal-721.jpg
374,dropped_label_conflict,chittagong,PNEUMONIA,ff1b36f9e439e03d67285723843db794346fae91a485ad0dad78a022d98ee91b,chittagong/nested_0/Training/pneumonia/pneumonia-392.jpg
375,dropped_label_conflict,kermany,NORMAL,9c28379873161aceb94867e796e31f997c25f40ee971a1eff6b8b84590515472,kermany/train/NORMAL/NORMAL2-IM-0515-0001.jpeg
375,dropped_label_conflict,chittagong,NORMAL,c0dff954e620c858d8c3239bf52c6247c7360db58c22eec498dff61eedd0a2ec,chittagong/nested_0/Training/normal/normal-7444.jpg
375,dropped_label_conflict,chittagong,PNEUMONIA,c0dff954e620c858d8c3239bf52c6247c7360db58c22eec498dff61eedd0a2ec,chittagong/nested_0/Training/pneumonia/pneumonia-4582.jpg
376,dropped_label_conflict,kermany,NORMAL,3ae074e83e181b18a4c4cc3fa8e0a128f90104378791c181365d01e81b6f67a6,kermany/train/NORMAL/NORMAL2-IM-0517-0001.jpeg
376,dropped_label_conflict,chittagong,PNEUMONIA,7d7a250026cabaee376ccf6486bb1217c9012e1d7ec671ea2d172c9d8290eb55,chittagong/nested_0/Training/pneumonia/pneumonia-3876.jpg
377,kept,kermany,NORMAL,300e19d512cb2bb25a2ad97268ba969f485a76c7b2c48f48d6d947ec894d85a2,kermany/train/NORMAL/NORMAL2-IM-0522-0001.jpeg
377,dropped_duplicate,chittagong,NORMAL,967a600584ce2b2aa56f239a172e2259a6e31f35c9a00fa84738c7ba2a50b855,chittagong/nested_0/Training/normal/normal-7629.jpg
378,dropped_label_conflict,kermany,NORMAL,06823042e55b7a457d3edf9bd867d38695bf48411fc731de0be2558874ba8eb7,kermany/train/NORMAL/NORMAL2-IM-0523-0001.jpeg
378,dropped_label_conflict,chittagong,NORMAL,33687a3f8b13fad3b204a456eb2fc51070e77915d5a65530ff1d2b25ff031fbf,chittagong/nested_0/Training/normal/normal-7438.jpg
378,dropped_label_conflict,chittagong,PNEUMONIA,33687a3f8b13fad3b204a456eb2fc51070e77915d5a65530ff1d2b25ff031fbf,chittagong/nested_0/Training/pneumonia/pneumonia-484.jpg
379,kept,kermany,NORMAL,e46854d107e238a38e159b6c381db8c12f3a076ee43c395aef43810cb49f6b1a,kermany/train/NORMAL/NORMAL2-IM-0525-0001.jpeg
379,dropped_duplicate,chittagong,NORMAL,0a62c2a6fec6eef81a43b1dc081860d24a0a534f808954aa5ccfa7b6d649bcc1,chittagong/nested_0/Training/normal/normal-658.jpg
380,kept,kermany,NORMAL,2ea9c3cf1f8735d21483d8469ffd36b46854940d20fd3ab2caf47d975547a27f,kermany/train/NORMAL/NORMAL2-IM-0526-0001.jpeg
380,dropped_duplicate,chittagong,NORMAL,9d1439f3b470e6a0d1b821897d793773abc32160a33e482a07fc08142f783261,chittagong/nested_0/Testing/normal/normal-8011.jpg
381,dropped_label_conflict,kermany,NORMAL,548624b939c6c40101a5b9dae20ede753116530ab2010e4756edd02339524cc9,kermany/train/NORMAL/NORMAL2-IM-0530-0001.jpeg
381,dropped_label_conflict,chittagong,PNEUMONIA,04dc16fbe750c155d923f2a98dd35b881c78d4d5f4166a9e66241a0ecd1a448c,chittagong/nested_0/Training/pneumonia/pneumonia-41.jpg
382,dropped_label_conflict,kermany,NORMAL,4e1eee5f162cf1a253da60db840adb93b6c4b088b61460635445e1806e54f773,kermany/train/NORMAL/NORMAL2-IM-0541-0001.jpeg
382,dropped_label_conflict,chittagong,PNEUMONIA,26f926643a19a5ac67ef33ed5b28d0a97790dde68420adc8aed50f7e75586fdf,chittagong/nested_0/Testing/pneumonia/pneumonia-707.jpg
383,dropped_label_conflict,kermany,NORMAL,2f75d7b2f8a81511745a5f7a264fbfc2bc2e8192b634e7cdde61c624833da245,kermany/train/NORMAL/NORMAL2-IM-0545-0001.jpeg
383,dropped_label_conflict,chittagong,PNEUMONIA,c7143f147a8bda13e1f72e0859735b04be5ca9db6af534592d47a016654806b6,chittagong/nested_0/Training/pneumonia/pneumonia-4249.jpg
384,dropped_label_conflict,kermany,NORMAL,5ab14ce79ecc947180d6fa88821e53c326f90282b8ec16f8c489227b9448ad4b,kermany/train/NORMAL/NORMAL2-IM-0555-0001-0001.jpeg
384,dropped_label_conflict,chittagong,PNEUMONIA,35f1c4e55989f43dd97e30948adebac296e4ed4f4fc609beef27df99086213c6,chittagong/nested_0/Training/pneumonia/pneumonia-4267.jpg
385,dropped_label_conflict,kermany,NORMAL,a6d03bf936f9ccf9a86209a063812cd06fe09aa5043c5b0464ed943229b79591,kermany/train/NORMAL/NORMAL2-IM-0555-0001-0002.jpeg
385,dropped_label_conflict,chittagong,PNEUMONIA,0ced73a9f40f5b201679048d029778d307a3532b486eb7b8af6639b23721544a,chittagong/nested_0/Training/pneumonia/pneumonia-40.jpg
386,dropped_label_conflict,kermany,NORMAL,cc9378717df07f6f1d2c513422701bd196601ca54fb8d8ccd439d1a457252051,kermany/train/NORMAL/NORMAL2-IM-0557-0001.jpeg
386,dropped_label_conflict,chittagong,PNEUMONIA,d2ee398b807be84de2e14ce58f6219e7fb4c9d53f74354e7c2d282e8d18b91a4,chittagong/nested_0/Training/pneumonia/pneumonia-219.jpg
387,dropped_label_conflict,kermany,NORMAL,1e06a60220a013d33882ee664aa6930c3fce4d92ce7e1932921ab5404129edb7,kermany/train/NORMAL/NORMAL2-IM-0558-0001.jpeg
387,dropped_label_conflict,chittagong,PNEUMONIA,55eadd5c73008382a3db79b8611e456ab760866381397fc9984e41621e2700dc,chittagong/nested_0/Training/pneumonia/pneumonia-6.jpg
388,dropped_label_conflict,kermany,NORMAL,e893a97b0e7b9c7d166a239bab7e78c0c418c416368c92ca918056513fbd6273,kermany/train/NORMAL/NORMAL2-IM-0563-0001.jpeg
388,dropped_label_conflict,chittagong,PNEUMONIA,0d9e46801ec4cc1b5e32e4577502f14f46a2db67455a9b479cca6748ee295d67,chittagong/nested_0/Training/pneumonia/pneumonia-9.jpg
389,dropped_label_conflict,kermany,NORMAL,e01d4cdd7344e1b8cbde7b28eb2e714043137f68c9ad55f2121b7797aa2f17c8,kermany/train/NORMAL/NORMAL2-IM-0566-0001.jpeg
389,dropped_label_conflict,chittagong,PNEUMONIA,dcdb035ce6c651541673955f88a10e5d60847428a215213bb8f13c3314e00598,chittagong/nested_0/Testing/pneumonia/pneumonia-711.jpg
390,kept,kermany,NORMAL,bae318eb07a7734078e75d547eb4e2d64ea867ee34b4008470d65639046b58fc,kermany/train/NORMAL/NORMAL2-IM-0571-0001.jpeg
390,dropped_duplicate,chittagong,NORMAL,de6123aa61ab3fbfdb9e960b0d61b1c5ae1e477237e6e330d0093eacc2d1e776,chittagong/nested_0/Testing/normal/normal-7901.jpg
391,kept,kermany,NORMAL,161109bd8360abfdbad22433a0420cb0e7cb9cfd1214e77405564a958887af05,kermany/train/NORMAL/NORMAL2-IM-0572-0001.jpeg
391,dropped_duplicate,chittagong,NORMAL,a81bbb7343a6b66f3d635f2e2b98fb1d3d262d951832892c75cc088f4a791a21,chittagong/nested_0/Training/normal/normal-7655.jpg
392,kept,kermany,NORMAL,789a10c59a958d4eabd5f64aeada25295756f040d7ec2273e55ce499dd6e58a9,kermany/train/NORMAL/NORMAL2-IM-0573-0001.jpeg
392,dropped_duplicate,chittagong,NORMAL,d2d9873d734ec2b96e8c4c1954119e9a655e4586dd448072870d41be03c6eace,chittagong/nested_0/Training/normal/normal-7154.jpg
393,dropped_label_conflict,kermany,NORMAL,b7aebfcb449003052c5681ef37f01786e5a3ea4765f1f1bd0f6e072e6090a931,kermany/train/NORMAL/NORMAL2-IM-0578-0001.jpeg
393,dropped_label_conflict,chittagong,PNEUMONIA,30100123483a9f15c14a7d924b02af0996faff551ee4dc3bc963398f8b9f6ddf,chittagong/nested_0/Training/pneumonia/pneumonia-410.jpg
394,dropped_label_conflict,kermany,NORMAL,19f2861fdf6e59bf29003f9ea720d879fffbfe85002489f53e07747d285a36dd,kermany/train/NORMAL/NORMAL2-IM-0579-0001.jpeg
394,dropped_label_conflict,chittagong,PNEUMONIA,bd13023baacc53c1a270567d914df63d8c3b5ac203f40e43681e2bfd3d7bf83f,chittagong/nested_0/Training/pneumonia/pneumonia-61.jpg
395,kept,kermany,NORMAL,3853a4552e0bc9aea1f45b2e7ee27be5954cdf9a0365d7972663b62b5495d9ae,kermany/train/NORMAL/NORMAL2-IM-0587-0001-0001.jpeg
395,dropped_duplicate,kermany,NORMAL,3853a4552e0bc9aea1f45b2e7ee27be5954cdf9a0365d7972663b62b5495d9ae,kermany/train/NORMAL/NORMAL2-IM-0587-0001-0002.jpeg
396,kept,kermany,NORMAL,d3bc627b20573802220d143928f1e898fef01cda1288c7d305d3e8fff7a3a2ca,kermany/train/NORMAL/NORMAL2-IM-0588-0001.jpeg
396,dropped_duplicate,chittagong,NORMAL,35d84c4be661b4944bcc21ebe87a61729078d9cc81482a58896f71df962e05fd,chittagong/nested_0/Training/normal/normal-586.jpg
397,kept,kermany,NORMAL,6bfcb5bd9cb291c2113613f6db5e286840df7d241c9e18a261c96e314cd21583,kermany/train/NORMAL/NORMAL2-IM-0592-0001.jpeg
397,dropped_duplicate,chittagong,NORMAL,2ca0e4ac0dd8050cb54a7e5ecce180d37b02f2e17254f17a8372b8f4d2ec6bae,chittagong/nested_0/Training/normal/normal-585.jpg
398,dropped_label_conflict,kermany,NORMAL,2712e9eed89b0b9c05401cff1e5e736d7930d9bf22104ee0a07f7ec07312eaa5,kermany/train/NORMAL/NORMAL2-IM-0600-0001.jpeg
398,dropped_label_conflict,chittagong,PNEUMONIA,6b6a24e01642abebf5ff901269b4962c24ac28cf4ac185a1124af922617bbdd8,chittagong/nested_0/Training/pneumonia/pneumonia-3940.jpg
399,dropped_label_conflict,kermany,NORMAL,77a9eaa89eda84e4f1281c8b6aadd3938ed0d448932d048bd0474463d6ae3b2b,kermany/train/NORMAL/NORMAL2-IM-0611-0001.jpeg
399,dropped_label_conflict,chittagong,PNEUMONIA,b6af6cd43cbc2170fceb162f908d161b5a87df9f2a32f618264c41cac993e9e8,chittagong/nested_0/Training/pneumonia/pneumonia-4031.jpg
400,kept,kermany,NORMAL,a6f5d96c79428abbfe11b4aba65c2ba5e4b391a26efbaa30eb78631d3eb401b2,kermany/train/NORMAL/NORMAL2-IM-0620-0001.jpeg
400,dropped_duplicate,chittagong,NORMAL,4b2ab3c4d4020f2afbceb8ce92c824b0abed9c3ac4e999baf1b61339abbedca1,chittagong/nested_0/Training/normal/normal-7673.jpg
401,kept,kermany,NORMAL,2999c59a1e933bf3dea8fbeeaaf8da664012fe2b25dd654c42580fbcbcadde3f,kermany/train/NORMAL/NORMAL2-IM-0636-0001.jpeg
401,dropped_duplicate,chittagong,NORMAL,16d1ebfd2ff753e6688e4b8466260636002eac6929ee7b6883d241573774645d,chittagong/nested_0/Testing/normal/normal-7945.jpg
401,dropped_duplicate,chittagong,NORMAL,16d1ebfd2ff753e6688e4b8466260636002eac6929ee7b6883d241573774645d,chittagong/nested_0/Training/normal/normal-7945.jpg
402,dropped_label_conflict,kermany,NORMAL,2334009a70aeb62a02ccdcb7911db7eb610264c7987c243095be20be6dc5a978,kermany/train/NORMAL/NORMAL2-IM-0641-0001.jpeg
402,dropped_label_conflict,chittagong,PNEUMONIA,0d36abc2e9152c0cc59fcabe0c23b1a22028696cb5bbc4cd2a57d5e87d20ac0b,chittagong/nested_0/Training/pneumonia/pneumonia-16.jpg
403,kept,kermany,NORMAL,c4138ef109093ac54e1442ba2c6e6b70daec657ae10852e43b7d4c7ba05efce0,kermany/train/NORMAL/NORMAL2-IM-0645-0001.jpeg
403,dropped_duplicate,chittagong,NORMAL,f91e62303ed349ebffa452c16dd18d093fd74b4bc4279c9c015a35ff31760d03,chittagong/nested_0/Training/normal/normal-7229.jpg
404,kept,kermany,NORMAL,09b02d53d5a362805172998f01022522adb8ae0ebf899a5e44d9905b5bdb20ac,kermany/train/NORMAL/NORMAL2-IM-0652-0001.jpeg
404,dropped_duplicate,chittagong,NORMAL,a743fce6394536f7926226bf78c4752521900f36ac3d78137e18424ca359efd1,chittagong/nested_0/Training/normal/normal-616.jpg
405,dropped_label_conflict,kermany,NORMAL,ed68dd04ad134b4cbf886464dc7acf58a91869431671db7193438e12aeb64c38,kermany/train/NORMAL/NORMAL2-IM-0660-0001.jpeg
405,dropped_label_conflict,chittagong,PNEUMONIA,9d4bbd089e6b8ec29ab7ec46535c4436ab54c2fd75d3c7999fb865bd29d9cf85,chittagong/nested_0/Training/pneumonia/pneumonia-217.jpg
406,dropped_label_conflict,kermany,NORMAL,056e4e43133b66c74bfa438d4bbf203d0ef3a8f3f5996b92d446a72749ee632d,kermany/train/NORMAL/NORMAL2-IM-0661-0001.jpeg
406,dropped_label_conflict,chittagong,PNEUMONIA,c2b6ab16ba472e761c37b1b772a17be40417fcb2163b501ffbb659405fa5a545,chittagong/nested_0/Training/pneumonia/pneumonia-3926.jpg
407,dropped_label_conflict,kermany,NORMAL,3d51640e33bafcac2452d681ca6004d151b08f0416297594de8ac67aa619032e,kermany/train/NORMAL/NORMAL2-IM-0665-0001.jpeg
407,dropped_label_conflict,chittagong,PNEUMONIA,783238c53babdb3c2bf3381a4c0e75116d5f18576b479d9e919765af9c01d653,chittagong/nested_0/Training/pneumonia/pneumonia-127.jpg
408,dropped_label_conflict,kermany,NORMAL,0cf4c0683ebadbe39d0d3f70824fe442cc427043416d240fe0ef670eb3124607,kermany/train/NORMAL/NORMAL2-IM-0667-0001.jpeg
408,dropped_label_conflict,chittagong,PNEUMONIA,3e303463306224781f870261c135236f0a3e0f8cfd7c1a112b6e4b6ce15df831,chittagong/nested_0/Testing/pneumonia/pneumonia-5156.jpg
409,dropped_label_conflict,kermany,NORMAL,877f1060ecc56ce6856a8dfae01024c099313ef45d24f698a2b91d7da2f05798,kermany/train/NORMAL/NORMAL2-IM-0668-0001.jpeg
409,dropped_label_conflict,chittagong,NORMAL,8e792618c4cf03d59325760bbb63a7e20001263962f7c7db2ae209f603c2a506,chittagong/nested_0/Training/normal/normal-839.jpg
409,dropped_label_conflict,chittagong,PNEUMONIA,8e792618c4cf03d59325760bbb63a7e20001263962f7c7db2ae209f603c2a506,chittagong/nested_0/Training/pneumonia/pneumonia-4517.jpg
410,kept,kermany,NORMAL,36f734b39dd18b2fee0a2c032c37835b1d56b6c4d137ae400b5e9ae94b1ba159,kermany/train/NORMAL/NORMAL2-IM-0673-0001.jpeg
410,dropped_duplicate,chittagong,NORMAL,bde56e680ac39185aaacf1155a58eea148a6432c7b3a754f3aad9b139a118b45,chittagong/nested_0/Training/normal/normal-7035.jpg
411,kept,kermany,NORMAL,e6bc802787255128583bebc8468b555f09ba970eea0fd6fc639d35964aec9c16,kermany/train/NORMAL/NORMAL2-IM-0693-0001.jpeg
411,dropped_duplicate,chittagong,NORMAL,7ad9c2f4320e14dd40c3ab7034354acd119bfd07b4b3b8fff9e50d2d704fff17,chittagong/nested_0/Training/normal/normal-7181.jpg
412,dropped_label_conflict,kermany,NORMAL,70f4278f3b0d66b5c2e1f82334129635b6422127744435c9176f4731722d6eb7,kermany/train/NORMAL/NORMAL2-IM-0699-0001.jpeg
412,dropped_label_conflict,chittagong,NORMAL,2bbdb202ef8e5d562ac59c4f9ee99a594efa86c8e7fea9c5b33f492764d32998,chittagong/nested_0/Training/normal/normal-840.jpg
412,dropped_label_conflict,chittagong,PNEUMONIA,2bbdb202ef8e5d562ac59c4f9ee99a594efa86c8e7fea9c5b33f492764d32998,chittagong/nested_0/Training/pneumonia/pneumonia-4521.jpg
413,kept,kermany,NORMAL,6a3137a7ad3c03760ef566155d837b6d1f1c986cd99d6b2e7a2d34c1ac60bd0b,kermany/train/NORMAL/NORMAL2-IM-0700-0001.jpeg
413,dropped_duplicate,chittagong,NORMAL,6edd4ad8eab30768b9c4e4572f1c5b8191667767c888c22aa8ad4950905c85bd,chittagong/nested_0/Training/normal/normal-810.jpg
414,kept,kermany,NORMAL,c1b747bf909bd5e2fe1fbc5edc8f381137c3f69aeffbac8da0c56a8df36d25eb,kermany/train/NORMAL/NORMAL2-IM-0702-0001.jpeg
414,dropped_duplicate,chittagong,NORMAL,130413cd838400d7adc886d7fcc59baa1996adbb2112d0c170f519ef2dd6f2ce,chittagong/nested_0/Testing/normal/normal-982.jpg
415,dropped_label_conflict,kermany,NORMAL,e1c68ec7d84c3467651aa04d62115401f87d80524be963e6e2bb6916f836d855,kermany/train/NORMAL/NORMAL2-IM-0719-0001.jpeg
415,dropped_label_conflict,chittagong,PNEUMONIA,bfac70bf34007fa15e100aaf201530d3ca6cd4f144a29a769b0b793136b94375,chittagong/nested_0/Training/pneumonia/pneumonia-358.jpg
416,dropped_label_conflict,kermany,NORMAL,35973f5abfc125ab92ec942ec3d56b4eff948fe46ce6f3fd00ae44043933f0d7,kermany/train/NORMAL/NORMAL2-IM-0749-0001.jpeg
416,dropped_label_conflict,chittagong,PNEUMONIA,8a1a9799e49088d5820caddc33dec00e31604da3883aca9f7aa4e1e9f97d965f,chittagong/nested_0/Training/pneumonia/pneumonia-412.jpg
417,kept,kermany,NORMAL,ac5bda7b4d75da916801a09b838a871659fa3a304b4bff4ff300c6da9437a24f,kermany/train/NORMAL/NORMAL2-IM-0777-0001.jpeg
417,dropped_duplicate,chittagong,NORMAL,2468baefb6831aadb8e97f01c5be81d312636b92932942e7c9a01a18b0aa506f,chittagong/nested_0/Testing/normal/normal-7954.jpg
418,dropped_label_conflict,kermany,NORMAL,71ba4114fa33cf70ef590667f9a2c52f080f895d0e9df18ebc2b43deb02b8c4d,kermany/train/NORMAL/NORMAL2-IM-0781-0001.jpeg
418,dropped_label_conflict,chittagong,PNEUMONIA,0e199c348270e065e69095549dd0a0bf89f8b7fdeb013cdaa06f56c36cd3a2c3,chittagong/nested_0/Training/pneumonia/pneumonia-4583.jpg
419,dropped_label_conflict,kermany,NORMAL,f97d6320248284d70fde639232ef33714148a1632a6a0fd3e4d9382cfc15148b,kermany/train/NORMAL/NORMAL2-IM-0793-0001.jpeg
419,dropped_label_conflict,chittagong,PNEUMONIA,11066ba8987090003599135b28a75858700361ebfc37c6052fe881f1435b34ee,chittagong/nested_0/Training/pneumonia/pneumonia-4003.jpg
420,dropped_label_conflict,kermany,NORMAL,d9214e8372210473d315777d387b7e7b0dc2e88d28bd94ac7b4b7ed53926e876,kermany/train/NORMAL/NORMAL2-IM-0797-0001.jpeg
420,dropped_label_conflict,chittagong,PNEUMONIA,b577c99a4ec50474573b1b33b367d63b61f0a5a7a317c69bc7e25bcceeeafb83,chittagong/nested_0/Training/pneumonia/pneumonia-4256.jpg
421,kept,kermany,NORMAL,21e5ed06b8d27c860f7b9542ac926d3a0056716a42e6d900d3d8dcf69247ce90,kermany/train/NORMAL/NORMAL2-IM-0799-0001.jpeg
421,dropped_duplicate,chittagong,NORMAL,0222097d8eab3ed82080d399ec8f3a488c274ac2df4e34732133ca38ce11a6ea,chittagong/nested_0/Testing/normal/normal-8017.jpg
422,dropped_label_conflict,kermany,NORMAL,57bfd69540b6d022aaec3aa973dc8b1659f5516b59b0fb4d1cbd7b1c0e5380c4,kermany/train/NORMAL/NORMAL2-IM-0806-0001.jpeg
422,dropped_label_conflict,chittagong,PNEUMONIA,6bb2b2edb0a8b60e4dfee6fec319bd9dee0e91b900f94aeb81afe58b5bcbd8b4,chittagong/nested_0/Training/pneumonia/pneumonia-3985.jpg
423,dropped_label_conflict,kermany,NORMAL,939e689af1f8e379e2fbfaa63fe1562996a26add99309d1969125d3b885041f5,kermany/train/NORMAL/NORMAL2-IM-0816-0001.jpeg
423,dropped_label_conflict,chittagong,NORMAL,9ccef498f9fb51ce7e54dda21286615630a8ab05e1734665fb46caa93d004b44,chittagong/nested_0/Training/normal/normal-759.jpg
423,dropped_label_conflict,chittagong,PNEUMONIA,9ccef498f9fb51ce7e54dda21286615630a8ab05e1734665fb46caa93d004b44,chittagong/nested_0/Training/pneumonia/pneumonia-422.jpg
424,dropped_label_conflict,kermany,NORMAL,dbf2f7c668924580cf23f32614d3099aafb2e843e0fdfe071e4be85ccf571c06,kermany/train/NORMAL/NORMAL2-IM-0818-0001-0002.jpeg
424,dropped_label_conflict,chittagong,PNEUMONIA,f6fd1ad6f11ef9b0c97536832500b67d078c1de630e33871e7798b89999c19ec,chittagong/nested_0/Training/pneumonia/pneumonia-4276.jpg
425,dropped_label_conflict,kermany,NORMAL,d5af63f860cf3b71e24816a5c0aa2f3ffe672cea7c232eecb612e24ca192d046,kermany/train/NORMAL/NORMAL2-IM-0827-0001.jpeg
425,dropped_label_conflict,chittagong,PNEUMONIA,8dd1fb4ec00c047f696fdce2b6624c12c25ab9d6b0910d0ebe16b75b9cbff466,chittagong/nested_0/Training/pneumonia/pneumonia-3955.jpg
426,dropped_label_conflict,kermany,NORMAL,3dfed98094a33c78ce6963ceeaf20cb6d4b8aa3b561772e115ce785b3ceb5b30,kermany/train/NORMAL/NORMAL2-IM-0828-0001.jpeg
426,dropped_label_conflict,chittagong,PNEUMONIA,653f884fd637d6a197437bc0220f73a76bcb020ba32aec379966ec1ea60a37aa,chittagong/nested_0/Testing/pneumonia/pneumonia-695.jpg
426,dropped_label_conflict,chittagong,NORMAL,653f884fd637d6a197437bc0220f73a76bcb020ba32aec379966ec1ea60a37aa,chittagong/nested_0/Training/normal/normal-612.jpg
427,dropped_label_conflict,kermany,NORMAL,fb79d523680911e46f9fb6968a30857afc870635b3bc3ed7cadc6805f234847c,kermany/train/NORMAL/NORMAL2-IM-0830-0001.jpeg
427,dropped_label_conflict,chittagong,NORMAL,fe859972e99bd32f875e85f719da4217efbb291ddcb67a7f84f52f828b3e55fb,chittagong/nested_0/Testing/normal/normal-8020.jpg
427,dropped_label_conflict,chittagong,PNEUMONIA,fe859972e99bd32f875e85f719da4217efbb291ddcb67a7f84f52f828b3e55fb,chittagong/nested_0/Training/pneumonia/pneumonia-541.jpg
428,dropped_label_conflict,kermany,NORMAL,9501fb82af71b3b86831bf801bb35cc5e194acfe55983e48ab94fecee0ef297a,kermany/train/NORMAL/NORMAL2-IM-0831-0001.jpeg
428,dropped_label_conflict,chittagong,PNEUMONIA,2d1ee7083eff05408b5db7cbc633a0e3bf564dacbe108b4d0d015d2d5b505327,chittagong/nested_0/Training/pneumonia/pneumonia-25.jpg
429,dropped_label_conflict,kermany,NORMAL,b64669de5a7b34747dae2258563b3de25858523780f9ab4be619bd6e15ec0333,kermany/train/NORMAL/NORMAL2-IM-0834-0001.jpeg
429,dropped_label_conflict,chittagong,PNEUMONIA,b0c48cb564cea05d36f32531e14383b56593eb060d64c153856da8ab7485ec38,chittagong/nested_0/Testing/pneumonia/pneumonia-627.jpg
430,kept,kermany,NORMAL,7cc3042d16b8de8e3de87b8667493f662d496b48197a09b9f269eb1ddb383663,kermany/train/NORMAL/NORMAL2-IM-0840-0001.jpeg
430,dropped_duplicate,chittagong,NORMAL,bce4bc4bcf5587555bb3125871b776c06c2ae7178855dcfd62ad49888ca3c904,chittagong/nested_0/Testing/normal/normal-7947.jpg
430,dropped_duplicate,chittagong,NORMAL,bce4bc4bcf5587555bb3125871b776c06c2ae7178855dcfd62ad49888ca3c904,chittagong/nested_0/Training/normal/normal-7947.jpg
431,dropped_label_conflict,kermany,NORMAL,00457a8bb2895cfe0466e810aed94939da43ce7ac0b96a7d0814a63409577e3a,kermany/train/NORMAL/NORMAL2-IM-0842-0001.jpeg
431,dropped_label_conflict,chittagong,PNEUMONIA,c5d939a49e2435da8ea257e2d309e31f440743ffb7a500fa386131fc7ff78166,chittagong/nested_0/Testing/pneumonia/pneumonia-746.jpg
432,dropped_label_conflict,kermany,NORMAL,caa5df07e3ddb0a474f2124889925c1096611ac5681159b497f3e67bc29ec1d0,kermany/train/NORMAL/NORMAL2-IM-0846-0001.jpeg
432,dropped_label_conflict,chittagong,PNEUMONIA,535fe07c2ac22e8e2b2637e17169c0cbb897cbce42e2890d68c81509b4de43ee,chittagong/nested_0/Testing/pneumonia/pneumonia-650.jpg
433,dropped_label_conflict,kermany,NORMAL,814c5d23549bc12efe03b41df643bff9ba68eff69e9e61c3fa42655ea8fce64f,kermany/train/NORMAL/NORMAL2-IM-0847-0001.jpeg
433,dropped_label_conflict,chittagong,PNEUMONIA,2f73e52e9acd453bba4e29ccc6461ed622f6a4f7483dc836835db0d2b58092f1,chittagong/nested_0/Training/pneumonia/pneumonia-4055.jpg
434,dropped_label_conflict,kermany,NORMAL,3105a4bdc2c7de294be4d546cb7ada0a78472cb462049f35ee01f451809236a6,kermany/train/NORMAL/NORMAL2-IM-0851-0001-0001.jpeg
434,dropped_label_conflict,chittagong,PNEUMONIA,28c91e4229553b852b6f1cd3d5b6d2beb777f24a2f1a7ebab60fa386488368e9,chittagong/nested_0/Training/pneumonia/pneumonia-406.jpg
435,kept,kermany,NORMAL,56cf4a0d0c7b605ce283c6baa8fceed1b1d8320a52a457d7be32bd9f42c0b99f,kermany/train/NORMAL/NORMAL2-IM-0854-0001.jpeg
435,dropped_duplicate,chittagong,NORMAL,03006fb385b939ebf257c58caedd3441c2df0fe09c9790f1e70b7ccfe96e0d7b,chittagong/nested_0/Training/normal/normal-7189.jpg
436,dropped_label_conflict,kermany,NORMAL,109f5038051a5a13532714fe690d05a73a64de26c82f370f5797849839cad32a,kermany/train/NORMAL/NORMAL2-IM-0860-0001.jpeg
436,dropped_label_conflict,chittagong,NORMAL,19c4727fff38be48bae7efed182e3e715c3ab7ed175eab2cd73a0fcb60e8d21b,chittagong/nested_0/Training/normal/normal-761.jpg
436,dropped_label_conflict,chittagong,PNEUMONIA,19c4727fff38be48bae7efed182e3e715c3ab7ed175eab2cd73a0fcb60e8d21b,chittagong/nested_0/Training/pneumonia/pneumonia-4157.jpg
437,dropped_label_conflict,kermany,NORMAL,652b1760e4502e4172b2fdd7d73e37997d4d356a4bb86599f4e2e1a0c30013bc,kermany/train/NORMAL/NORMAL2-IM-0868-0001.jpeg
437,dropped_label_conflict,chittagong,PNEUMONIA,0722589890358f1feeb7becd22ed81824d5b4f51a117d5c2e20ce88545378775,chittagong/nested_0/Testing/pneumonia/pneumonia-5158.jpg
438,dropped_label_conflict,kermany,NORMAL,c58f0971409dbba0010b34aa2bb35f6ee060188a0bffeeb31ea0ebd290f4b35a,kermany/train/NORMAL/NORMAL2-IM-0869-0001.jpeg
438,dropped_label_conflict,chittagong,NORMAL,a3578933e29163d4dc1c0ad736bcff5f75248a318db3524c4ed032aa08be3013,chittagong/nested_0/Training/normal/normal-7393.jpg
438,dropped_label_conflict,chittagong,PNEUMONIA,a3578933e29163d4dc1c0ad736bcff5f75248a318db3524c4ed032aa08be3013,chittagong/nested_0/Training/pneumonia/pneumonia-4551.jpg
439,dropped_label_conflict,kermany,NORMAL,51f091d59eb7f7db097cdc35fb767a68427068e424981d9b98b1a283aa70e77d,kermany/train/NORMAL/NORMAL2-IM-0871-0001.jpeg
439,dropped_label_conflict,chittagong,PNEUMONIA,75696aeb2d422af500a316eb9dec3c19bb0b57a40de4ba53b213267681005979,chittagong/nested_0/Training/pneumonia/pneumonia-233.jpg
440,dropped_label_conflict,kermany,NORMAL,0553ad826ad75fef190d4983c9d38b2a85e0327e10262ac7c03b48cefae328fa,kermany/train/NORMAL/NORMAL2-IM-0875-0001.jpeg
440,dropped_label_conflict,chittagong,NORMAL,bc26dd56bb175b198be297bbfe7371dc5947e1d2001751d604cba003e7434917,chittagong/nested_0/Training/normal/normal-7329.jpg
440,dropped_label_conflict,chittagong,PNEUMONIA,bc26dd56bb175b198be297bbfe7371dc5947e1d2001751d604cba003e7434917,chittagong/nested_0/Training/pneumonia/pneumonia-4510.jpg
441,kept,kermany,NORMAL,af9756ca456035db9d6aa004b7a491033c17182729d8d92afcf8d828d7fa9ae4,kermany/train/NORMAL/NORMAL2-IM-0877-0001.jpeg
441,dropped_duplicate,chittagong,NORMAL,28c7e328f420cbc1c0c8b2faab35c425c7b728eeceaadbf872521551fa3afc06,chittagong/nested_0/Training/normal/normal-588.jpg
442,kept,kermany,NORMAL,a5d72be321e4d3525a312dbd408a7e2f3906c6f9cc1608d76c7b4aa4aa905080,kermany/train/NORMAL/NORMAL2-IM-0880-0001.jpeg
442,dropped_duplicate,chittagong,NORMAL,149299da293d61ccdde2e353d11be26c2c51124a5981f09eb3abce7d2bff29bc,chittagong/nested_0/Training/normal/normal-7265.jpg
443,kept,kermany,NORMAL,0fdc440f4c4ce0440000e4508b26aedf200120bebf0ff2321e4712f09de0bd3b,kermany/train/NORMAL/NORMAL2-IM-0881-0001.jpeg
443,dropped_duplicate,chittagong,NORMAL,def77e8d3d7dafcdabe530751aa345707b05424a496886588a7a9d3dd092ccc3,chittagong/nested_0/Training/normal/normal-7496.jpg
444,dropped_label_conflict,kermany,NORMAL,6fd4e8fecbf0101770ae4682f71a6989042dce067d09048ffea6658babad3159,kermany/train/NORMAL/NORMAL2-IM-0886-0001.jpeg
444,dropped_label_conflict,chittagong,PNEUMONIA,69b2a1a1a555c2d33ee060571a17ff33bbd851e134e44d453dddd0015ca9ec21,chittagong/nested_0/Testing/pneumonia/pneumonia-637.jpg
445,dropped_label_conflict,kermany,NORMAL,e8abe4f3244ccd748447b6f4f73d53d079c6ab1ca523a7d2519fe94bfb0a3320,kermany/train/NORMAL/NORMAL2-IM-0887-0001.jpeg
445,dropped_label_conflict,chittagong,PNEUMONIA,45dd3bfcf9fe80856d7f14fa2d2120329fa002a362d4d8adf98ee8a7c626e2d5,chittagong/nested_0/Training/pneumonia/pneumonia-3937.jpg
446,dropped_label_conflict,kermany,NORMAL,784108970953028547243022d7f85e29f3aa943d23abd49242e2b6083909de2a,kermany/train/NORMAL/NORMAL2-IM-0897-0001.jpeg
446,dropped_label_conflict,chittagong,PNEUMONIA,50b57867383666d51cbb4293eb524b5d2fedb6b1e541163286263a89b49c4bcb,chittagong/nested_0/Training/pneumonia/pneumonia-544.jpg
447,dropped_label_conflict,kermany,NORMAL,764017bd151589b0644c5aef7d0c4d2ee71ec883b1f22850486b503554452ab2,kermany/train/NORMAL/NORMAL2-IM-0906-0001.jpeg
447,dropped_label_conflict,chittagong,PNEUMONIA,387330b95c84ab368d1a294dcba0096622707fc0884be380a8e8dc1b0450df3b,chittagong/nested_0/Testing/pneumonia/pneumonia-789.jpg
448,dropped_label_conflict,kermany,NORMAL,9aea6e6192b36dd875b2059ee375ff430c41f3da969c0c4a9810349157d3e00e,kermany/train/NORMAL/NORMAL2-IM-0908-0001.jpeg
448,dropped_label_conflict,chittagong,PNEUMONIA,4153ce5c00350ea77438d92d3bd11df1993c3aabf65d6a43f98c6d4c7d7fa462,chittagong/nested_0/Training/pneumonia/pneumonia-3990.jpg
449,dropped_label_conflict,kermany,NORMAL,d7bf63f28808490d5a9cff4d26da1d5d0c576e7de05b8fb55408118fada1c915,kermany/train/NORMAL/NORMAL2-IM-0909-0001.jpeg
449,dropped_label_conflict,chittagong,PNEUMONIA,7c4a40f05341de4be5c2cb063f928533bae5496ae713f0e3eafb02af7168d3bb,chittagong/nested_0/Training/pneumonia/pneumonia-42.jpg
450,dropped_label_conflict,kermany,NORMAL,a97d81036f171e570f56a8fdbdcdc6e055a8baecc3381087112e38daa5629cbb,kermany/train/NORMAL/NORMAL2-IM-0913-0001.jpeg
450,dropped_label_conflict,chittagong,PNEUMONIA,2c57acf283dcf512513410e5d5c173c435eb9beb5da8f3c390b9f14ba8ccba26,chittagong/nested_0/Training/pneumonia/pneumonia-3984.jpg
451,dropped_label_conflict,kermany,NORMAL,4e0b5c26b1eb9481646bc0a18c632bc5a1fb21c6417a1b0311dc4a80d8ee8fc3,kermany/train/NORMAL/NORMAL2-IM-0918-0001.jpeg
451,dropped_label_conflict,chittagong,PNEUMONIA,35fdaa3a62574add9b0f0b8dc127ac407ea0d764b848244bea613c07e769adf2,chittagong/nested_0/Testing/pneumonia/pneumonia-641.jpg
452,dropped_label_conflict,kermany,NORMAL,444843432b5914e5772817824060b4f598c042d19a1a761463a61157bca13fc0,kermany/train/NORMAL/NORMAL2-IM-0923-0001.jpeg
452,dropped_label_conflict,chittagong,PNEUMONIA,15fecd61c44a59c2a48ae22de59dd0a95797d4716fe0c0f2ac89088c030b2c94,chittagong/nested_0/Training/pneumonia/pneumonia-372.jpg
453,dropped_label_conflict,kermany,NORMAL,045e6d19faee9f2bc12c72a567bd3b9983c06e57568943fcc57e03c36a702428,kermany/train/NORMAL/NORMAL2-IM-0927-0001.jpeg
453,dropped_label_conflict,chittagong,PNEUMONIA,17b0c9f2e72791003d8cd825d01cd9645137d0ac1efef24132312e60bee0271f,chittagong/nested_0/Training/pneumonia/pneumonia-418.jpg
454,dropped_label_conflict,kermany,NORMAL,6177ec6adb86b23487fbdc013e3ada4d935c54c2e2e4a050db189949ca29687e,kermany/train/NORMAL/NORMAL2-IM-0930-0001.jpeg
454,dropped_label_conflict,chittagong,PNEUMONIA,bab2be6d5f83a503bb3296c0acd53c0f66b706888c8269583bf53a9b48c60a06,chittagong/nested_0/Training/pneumonia/pneumonia-269.jpg
455,dropped_label_conflict,kermany,NORMAL,87f8bf6b9737768786a56329b0c876d9abaeef90ac0fb9834c04b91c80791c9e,kermany/train/NORMAL/NORMAL2-IM-0932-0001.jpeg
455,dropped_label_conflict,chittagong,PNEUMONIA,b5be972d08589512c2f6e111b5606780a7e71ea8e1c6f1527aec25ff6fbc57b5,chittagong/nested_0/Testing/pneumonia/pneumonia-5167.jpg
456,kept,kermany,NORMAL,09f0cd5d7588e85e6d8318ee5b60781598c618f37b9149251f497235b89b31ae,kermany/train/NORMAL/NORMAL2-IM-0935-0001.jpeg
456,dropped_duplicate,chittagong,NORMAL,454c7fc2537ae234679df7b3f6bb56b6becf0cebcc4a3d00617685f52cdafaa7,chittagong/nested_0/Testing/normal/normal-8082.jpg
457,dropped_label_conflict,kermany,NORMAL,d51c884aa69ac4108d8a7ea2798e3570cdbf6b6eec41cde1bfc95ae18972f728,kermany/train/NORMAL/NORMAL2-IM-0939-0001.jpeg
457,dropped_label_conflict,chittagong,PNEUMONIA,9c2f45ef036c12ae85a7ed8da6aaa9311cec1f6d9e6385d942043e2b69242581,chittagong/nested_0/Training/pneumonia/pneumonia-4059.jpg
458,dropped_label_conflict,kermany,NORMAL,0f31a699a86cd78df279d30549d5fb7a8c580915b9853047bbdaacb8e6b02f44,kermany/train/NORMAL/NORMAL2-IM-0941-0001.jpeg
458,dropped_label_conflict,chittagong,PNEUMONIA,daa58cc421368a103d76f4340f5634753bf6b087f1310b9ea996e51ce94ae468,chittagong/nested_0/Training/pneumonia/pneumonia-4588.jpg
459,dropped_label_conflict,kermany,NORMAL,aa95355c6134821a1e73f97c4efe6bf422a2e48cd64b3a49eea59ca631930287,kermany/train/NORMAL/NORMAL2-IM-0944-0001.jpeg
459,dropped_label_conflict,chittagong,PNEUMONIA,1d008c66322e5a08d7c512f04f5c8f195ee3fa6fcf11e38e25d2e631875d933e,chittagong/nested_0/Testing/pneumonia/pneumonia-693.jpg
460,kept,kermany,NORMAL,19243b0b27b987e2037eacd2cef819c1eecb7fc2be858a6e27b7c5c564800d06,kermany/train/NORMAL/NORMAL2-IM-0947-0001.jpeg
460,dropped_duplicate,chittagong,NORMAL,903504c5f920ae93496f3f95a4e499c02f57bd58188fc26d35d7b3c4f7df9526,chittagong/nested_0/Testing/normal/normal-8065.jpg
461,dropped_label_conflict,kermany,NORMAL,8ce13f0a76a997a3866254ba3193de3fe2c574a8a2177f36f838e12b824c50bb,kermany/train/NORMAL/NORMAL2-IM-0950-0001.jpeg
461,dropped_label_conflict,chittagong,PNEUMONIA,5ccbd81df0c5d29ea8c8116db308a83a94619e649d4b7ddd24199f4e0c73d2e3,chittagong/nested_0/Training/pneumonia/pneumonia-4099.jpg
462,kept,kermany,NORMAL,2c525ad50cff012200589b49ec2c820655d06d9b1d8a7069a974d8baf3612375,kermany/train/NORMAL/NORMAL2-IM-0955-0001.jpeg
462,dropped_duplicate,chittagong,NORMAL,9fa7e3ab0cb2426eab2f6e11f8dcb32e8099befd24665468f2f6ff60e49ed454,chittagong/nested_0/Training/normal/normal-7646.jpg
463,dropped_label_conflict,kermany,NORMAL,feef255ab113931e618a8a2fdfe304d68d9df3f511bedcdcac34dd986b8fb257,kermany/train/NORMAL/NORMAL2-IM-0961-0001.jpeg
463,dropped_label_conflict,chittagong,PNEUMONIA,1998e6b05e79708a78904d8e7a08c3f0ad75bac51e67ea4fcf61d9d16241ae28,chittagong/nested_0/Training/pneumonia/pneumonia-4223.jpg
464,dropped_label_conflict,kermany,NORMAL,7dc927b5a256013f129f5eb2f4fe7b07edbe74bdffa7ef498125e8898e9af68d,kermany/train/NORMAL/NORMAL2-IM-0969-0001.jpeg
464,dropped_label_conflict,chittagong,PNEUMONIA,5b9d229ecfe10ac449377ba1f52f1df017a0ad1ded032a64e3e115cc55ad091c,chittagong/nested_0/Testing/pneumonia/pneumonia-5221.jpg
465,dropped_label_conflict,kermany,NORMAL,ea853bbaf6afb81b7bad267f6cd0d3ed2a7a2bb156cad02e45d5c36445861212,kermany/train/NORMAL/NORMAL2-IM-0971-0001-0002.jpeg
465,dropped_label_conflict,chittagong,PNEUMONIA,c35ba1a7001762470370cb7356547c69ba726c2c7b526e0462f9853e173015e3,chittagong/nested_0/Training/pneumonia/pneumonia-338.jpg
466,dropped_label_conflict,kermany,NORMAL,e6f167675728e31a05392a1d7a5bd11d868bb79557ac8a2c9c71182ee98faf3d,kermany/train/NORMAL/NORMAL2-IM-0975-0001.jpeg
466,dropped_label_conflict,chittagong,PNEUMONIA,2eb180eb6df13548518140ac43febd445d2c2200c4b2103240b7518c6e7ea8e1,chittagong/nested_0/Training/pneumonia/pneumonia-251.jpg
467,dropped_label_conflict,kermany,NORMAL,01e860a0e0e118647ab92d6d133b18232e9add3ffd1e5ea3904006438231b51e,kermany/train/NORMAL/NORMAL2-IM-0978-0001.jpeg
467,dropped_label_conflict,chittagong,NORMAL,24305c9ca21fdc6f9a3c4a5378b94e4f653c8da2d27db1ed441ca60312a92df5,chittagong/nested_0/Training/normal/normal-7287.jpg
467,dropped_label_conflict,chittagong,PNEUMONIA,24305c9ca21fdc6f9a3c4a5378b94e4f653c8da2d27db1ed441ca60312a92df5,chittagong/nested_0/Training/pneumonia/pneumonia-468.jpg
468,dropped_label_conflict,kermany,NORMAL,d88a8e9be5d2f9b326817e0c41b08bf95d10318f5e59a44b7a56d3e3b2b89b76,kermany/train/NORMAL/NORMAL2-IM-0983-0001-0001.jpeg
468,dropped_label_conflict,chittagong,PNEUMONIA,393243e21d595b88b2e36671ea6e212a7f394b6ec502fc7ff0e072be8390ef4a,chittagong/nested_0/Training/pneumonia/pneumonia-3920.jpg
469,dropped_label_conflict,kermany,NORMAL,8b7d8b063dfbb50a182abfe396122b81bda0641199d4928a8cda44647f44f57c,kermany/train/NORMAL/NORMAL2-IM-0987-0001.jpeg
469,dropped_label_conflict,chittagong,PNEUMONIA,8ffec11dc5c1ce91fdfcf887e45150ac59819ff5743f1b4438bae592ca0df148,chittagong/nested_0/Training/pneumonia/pneumonia-4271.jpg
470,dropped_label_conflict,kermany,NORMAL,e86d1d80a153d5e856f49daa0f686e42477c9a029f59dccc7383319682312e06,kermany/train/NORMAL/NORMAL2-IM-0988-0001.jpeg
470,dropped_label_conflict,chittagong,PNEUMONIA,659b207cf0a707a2bdddffbf768239cde0665bd25c264382a89bc466ec31f5d2,chittagong/nested_0/Training/pneumonia/pneumonia-437.jpg
471,dropped_label_conflict,kermany,NORMAL,16a6107f93c10d84a2f305f950f0111112072f4f8eee284fe66f4aa410faac86,kermany/train/NORMAL/NORMAL2-IM-0989-0001.jpeg
471,dropped_label_conflict,chittagong,PNEUMONIA,259a667006cdd94c4391f0280e6b9493e180092839c562d06896ef1ec624cbf4,chittagong/nested_0/Training/pneumonia/pneumonia-3873.jpg
472,kept,kermany,NORMAL,220d1014dd7977ca16563c7546372a7e2eb2991704e135ac2edd6dabb117880d,kermany/train/NORMAL/NORMAL2-IM-0995-0001-0002.jpeg
472,dropped_duplicate,chittagong,NORMAL,64146b4aeb493c65880f5e8e32059c67a2a666c52c3b1103b740c1b5bbbfa13a,chittagong/nested_0/Testing/normal/normal-8018.jpg
473,dropped_label_conflict,kermany,NORMAL,10f5a580a7beb01dac57c3c7987f59eaef39492644d3e200bab35c6c1399bb20,kermany/train/NORMAL/NORMAL2-IM-0998-0001.jpeg
473,dropped_label_conflict,chittagong,PNEUMONIA,f5d40eb59756140d708421918bd49b1c91d67160f51ce9f4c556003dbff44800,chittagong/nested_0/Training/pneumonia/pneumonia-78.jpg
474,dropped_label_conflict,kermany,NORMAL,18cf861805152f8393fd384e0c26b1b4bf5e8aa38bbe92e238e4907f907b531b,kermany/train/NORMAL/NORMAL2-IM-0999-0001.jpeg
474,dropped_label_conflict,chittagong,PNEUMONIA,25f125090bcc422a61951ad8e522b6e81e2207f1a8450a1d9945d1897bc8fb63,chittagong/nested_0/Testing/pneumonia/pneumonia-710.jpg
475,dropped_label_conflict,kermany,NORMAL,c73276aa65f8627b0a4ea89594ea19d930692840bde45afa446c137b2799619f,kermany/train/NORMAL/NORMAL2-IM-1001-0001.jpeg
475,dropped_label_conflict,chittagong,PNEUMONIA,700891585abf5135aa004ac04b22b7ded985eee7811d3fb40edd3be09e3b2538,chittagong/nested_0/Training/pneumonia/pneumonia-4019.jpg
476,dropped_label_conflict,kermany,NORMAL,c1b43b9a4cc2945fe8197620c53bfca70b7762b4b466662e3e332c0a692e98a7,kermany/train/NORMAL/NORMAL2-IM-1002-0001.jpeg
476,dropped_label_conflict,chittagong,PNEUMONIA,06b55b3a32ebdd6719fc3b02c4124a1c9adb6272a096f6017561d5786e824e86,chittagong/nested_0/Training/pneumonia/pneumonia-4229.jpg
477,dropped_label_conflict,kermany,NORMAL,4653bc4a246a6cda2075575bb4461dc29a29d5a01f82d82c79b687fb05a13071,kermany/train/NORMAL/NORMAL2-IM-1006-0001.jpeg
477,dropped_label_conflict,chittagong,PNEUMONIA,5990f79a4434a5d0643c2438ffdd61a3590675978fdad62ff8ac08f8e7f4cb27,chittagong/nested_0/Training/pneumonia/pneumonia-90.jpg
478,kept,kermany,NORMAL,d019bb17303e6f410e1245df23b431e6af7ac2256b5df52ebf7b1170f4055fe5,kermany/train/NORMAL/NORMAL2-IM-1008-0001.jpeg
478,dropped_duplicate,chittagong,NORMAL,69ba13ec926baf93bfcc9b511bfb48b26fa2afb4bd699acafc642be6680dc368,chittagong/nested_0/Training/normal/normal-7193.jpg
479,kept,kermany,NORMAL,5bfa4f1b9aa00adb9adac71f272608fe50f0bde1e244ec7f6234f4aa06aba391,kermany/train/NORMAL/NORMAL2-IM-1016-0001.jpeg
479,dropped_duplicate,chittagong,NORMAL,f171b7ff046b32057ba3052a0099ab48208176ce5f9e315f314f6e0c92d5acc5,chittagong/nested_0/Testing/normal/normal-7894.jpg
480,dropped_label_conflict,kermany,NORMAL,c89048b1fb43238b984e9c707a2bb1a835bcf303129a111a37eac9740239662c,kermany/train/NORMAL/NORMAL2-IM-1017-0001.jpeg
480,dropped_label_conflict,chittagong,PNEUMONIA,3b02d9558ee911841de56a112f1e29c7a8eb2c06ab471a4ba8792f0d7032266e,chittagong/nested_0/Testing/pneumonia/pneumonia-717.jpg
481,dropped_label_conflict,kermany,NORMAL,8b59679fac69b1b36f174978639773f0b8584aac9a5bdbeaf4211cfc687af26d,kermany/train/NORMAL/NORMAL2-IM-1019-0001.jpeg
481,dropped_label_conflict,chittagong,PNEUMONIA,bb6c617732b58937f2b8617c33ce71065b1b77c69caf3a981fd4c46ced957631,chittagong/nested_0/Training/pneumonia/pneumonia-574.jpg
482,kept,kermany,NORMAL,03bd3ec362ba642dfac8a7eb5f38717e8f6e80dc4c831454e4fa1160e22a1acc,kermany/train/NORMAL/NORMAL2-IM-1020-0001-0001.jpeg
482,dropped_duplicate,chittagong,NORMAL,d400a74501b92c5b19d9243b7f0c8fd4db853d770c9507993dbaf008cb9ef6c5,chittagong/nested_0/Training/normal/normal-637.jpg
483,dropped_label_conflict,kermany,NORMAL,e488217c47689ef31823a7f1b0e19d20f6ac259d8f2ab7094a811cb59bacd9f2,kermany/train/NORMAL/NORMAL2-IM-1023-0001.jpeg
483,dropped_label_conflict,chittagong,PNEUMONIA,2965e8bc1fd235e985272b58cad898a4785ece5f341096923367f99edab8bb48,chittagong/nested_0/Training/pneumonia/pneumonia-4275.jpg
484,dropped_label_conflict,kermany,NORMAL,c0264db3cedfb4a12947e41e58426dcaa6775d490ae5600147192cbf8df2f530,kermany/train/NORMAL/NORMAL2-IM-1024-0001.jpeg
484,dropped_label_conflict,chittagong,PNEUMONIA,a71fd73dfe1e3dcf6ee2cb0bb72dc0a320077262171b267cef8ce012e83cbac0,chittagong/nested_0/Training/pneumonia/pneumonia-4210.jpg
485,dropped_label_conflict,kermany,NORMAL,e1c49e5543ada1cc9becc833354c24e5921abe9f4bc0ac4702720c51f81d2fe8,kermany/train/NORMAL/NORMAL2-IM-1026-0001.jpeg
485,dropped_label_conflict,chittagong,PNEUMONIA,643b44b79b0c85127f7877e53078632201048acadf721b8970768f2fcc9bd487,chittagong/nested_0/Training/pneumonia/pneumonia-39.jpg
486,dropped_label_conflict,kermany,NORMAL,595ae3a8750ff734cef97d6a1860b85b6b8225f974813219e1f50f736ac86d9e,kermany/train/NORMAL/NORMAL2-IM-1027-0001.jpeg
486,dropped_label_conflict,chittagong,PNEUMONIA,9039fec1f4b1169cd349f98e27007dd1119304f36481e596a414153945cf33ae,chittagong/nested_0/Training/pneumonia/pneumonia-130.jpg
487,kept,kermany,NORMAL,7263615cba042c959114280f7119ded8af1c933253463bcf574afd56967c5bbe,kermany/train/NORMAL/NORMAL2-IM-1035-0001.jpeg
487,dropped_duplicate,chittagong,NORMAL,7bf5932360f09277fa722375c07ba1947c0810d3238ddbd8a9930a5151033dc0,chittagong/nested_0/Training/normal/normal-7074.jpg
488,kept,kermany,NORMAL,909013431d14353f7a6e17252838753c6bee1a78d2c00eb924ee8c160749c214,kermany/train/NORMAL/NORMAL2-IM-1037-0001.jpeg
488,dropped_duplicate,chittagong,NORMAL,ee1d846ba322917ecfa4ee775602970385ef3105123f3129adec05706fcd0ea5,chittagong/nested_0/Training/normal/normal-7148.jpg
489,kept,kermany,NORMAL,94f65ae5502465693ba67abf898397918102c9dfbc90c0de20bccfcc6586a5fa,kermany/train/NORMAL/NORMAL2-IM-1044-0001.jpeg
489,dropped_duplicate,chittagong,NORMAL,8ff954a1628f5b3acd0e1f8cc68a9ccfbeb7bf6aa4ee613e255078987efbd950,chittagong/nested_0/Testing/normal/normal-7959.jpg
489,dropped_duplicate,chittagong,NORMAL,8ff954a1628f5b3acd0e1f8cc68a9ccfbeb7bf6aa4ee613e255078987efbd950,chittagong/nested_0/Training/normal/normal-7959.jpg
490,dropped_label_conflict,kermany,NORMAL,155ff982a8c9af0ca73308a1e64e99813fb2b738d5a849f5f837a4d04022cc77,kermany/train/NORMAL/NORMAL2-IM-1045-0001.jpeg
490,dropped_label_conflict,chittagong,PNEUMONIA,f1ce8c2c0229d5ac41041ac33a9092e245aae25c6ce30486d4c376497d63505f,chittagong/nested_0/Training/pneumonia/pneumonia-3957.jpg
491,kept,kermany,NORMAL,52f5262ace51b9394fcca379eed4601786f8a0f525d78159e3c4b66d88b91e0c,kermany/train/NORMAL/NORMAL2-IM-1051-0001.jpeg
491,dropped_duplicate,chittagong,NORMAL,9207fd71a649b271919b526cc4272274cd8ab92def9c267e0aefcc9744c15f10,chittagong/nested_0/Training/normal/normal-7210.jpg
492,dropped_label_conflict,kermany,NORMAL,4b1027144a21d8d9e7ff38a3c468570cdd37983d4075dcd7a31c57feaaad0fb6,kermany/train/NORMAL/NORMAL2-IM-1059-0001.jpeg
492,dropped_label_conflict,chittagong,PNEUMONIA,910d2d6335f55a03015e257b684039ff86bac426226d972e37f1e0f8256eef09,chittagong/nested_0/Testing/pneumonia/pneumonia-698.jpg
493,dropped_label_conflict,kermany,NORMAL,2792da819355b8c610c081637bacdd6c2d7213f4786cbd66e69c631e6ed4d1f5,kermany/train/NORMAL/NORMAL2-IM-1088-0001.jpeg
493,dropped_label_conflict,chittagong,PNEUMONIA,f5ddea7a50fa6fbff2e0a2d02330659e0878025bbd0b603fd2c5795828789d28,chittagong/nested_0/Training/pneumonia/pneumonia-114.jpg
494,dropped_label_conflict,kermany,NORMAL,5fbe2160aa6f11a10f67de8b2dea1512a6694914081366fc6a433e4d7110762d,kermany/train/NORMAL/NORMAL2-IM-1096-0001-0001.jpeg
494,dropped_label_conflict,chittagong,PNEUMONIA,eb48a38b4017d6a6384ead498fd485be8d9abb9f1d34f24e8cf6b971861be28b,chittagong/nested_0/Testing/pneumonia/pneumonia-5174.jpg
495,kept,kermany,NORMAL,2a0e84140a5ee346ca53f20bf33931485a774ad35f0d86e1d92403a612e16d57,kermany/train/NORMAL/NORMAL2-IM-1096-0001.jpeg
495,dropped_duplicate,chittagong,NORMAL,8a1ac4e9335a54429a749c4ef6cd8260a151e5d0d440d8af580785d6a8880c80,chittagong/nested_0/Training/normal/normal-7477.jpg
496,dropped_label_conflict,kermany,NORMAL,42d0353a6603dd33f8717607b80c0de6e70e6ad88ceb1fcf45880fc4ca657455,kermany/train/NORMAL/NORMAL2-IM-1105-0001.jpeg
496,dropped_label_conflict,chittagong,NORMAL,1d87d8beb70a1e463e27bb4f08935ba75c0c32ed7f3f9810ebad268f710c4c77,chittagong/nested_0/Training/normal/normal-905.jpg
496,dropped_label_conflict,chittagong,PNEUMONIA,1d87d8beb70a1e463e27bb4f08935ba75c0c32ed7f3f9810ebad268f710c4c77,chittagong/nested_0/Training/pneumonia/pneumonia-516.jpg
497,dropped_label_conflict,kermany,NORMAL,78c7fc4d312ad54e5dcf63a948fac55060c78127f81745636254a9ed2895b50e,kermany/train/NORMAL/NORMAL2-IM-1106-0001.jpeg
497,dropped_label_conflict,chittagong,PNEUMONIA,3d8774423d29ec9e2bb1293f7c7ee0e37e989b44b9b32f87f5ec1e8e744bddad,chittagong/nested_0/Training/pneumonia/pneumonia-4166.jpg
498,dropped_label_conflict,kermany,NORMAL,996c9bdeb743f9f4c67f190c6cf2e488bb0349edf00b81c82e45135173aa4303,kermany/train/NORMAL/NORMAL2-IM-1108-0001.jpeg
498,dropped_label_conflict,chittagong,PNEUMONIA,1a2dcfdfd080715057663faa18fffe24d8ef1d8b8812658ed7c9a67411be383c,chittagong/nested_0/Training/pneumonia/pneumonia-93.jpg
499,dropped_label_conflict,kermany,NORMAL,84e582191d428c23e2c8cef8e7ba6d5c682f541c71b6696a26b1b86904eb3ab3,kermany/train/NORMAL/NORMAL2-IM-1113-0001.jpeg
499,dropped_label_conflict,chittagong,PNEUMONIA,cec57d0ad61b23ce5633c3ac0b099ae8646abe08c6f82bc9f46f4a354fb7c40f,chittagong/nested_0/Testing/pneumonia/pneumonia-697.jpg
500,kept,kermany,NORMAL,cee059822cbba7f71ef9decc98899a300745d155ef0d757ba1622d4d628e54c0,kermany/train/NORMAL/NORMAL2-IM-1116-0001-0002.jpeg
500,dropped_duplicate,chittagong,NORMAL,cd6773e7e35108e141ed19e34548a5a44e9208f7bc76829002c1f36e69b63d3c,chittagong/nested_0/Training/normal/normal-65.jpg
501,dropped_label_conflict,kermany,NORMAL,04fccc7efa12ae9753a440bc9e4e060ffb7ddd0063e9b3939b056644b9f3480f,kermany/train/NORMAL/NORMAL2-IM-1118-0001.jpeg
501,dropped_label_conflict,chittagong,PNEUMONIA,a57e5862df2461f3a414d26202f6378de438aac4c483b0b456725b9b6a8c520c,chittagong/nested_0/Training/pneumonia/pneumonia-32.jpg
502,kept,kermany,NORMAL,0dbb7fd2c03b3bbcaefb81d0c512781961c95d52b7806aadc029bdbb0543e39e,kermany/train/NORMAL/NORMAL2-IM-1120-0001.jpeg
502,dropped_duplicate,chittagong,NORMAL,e6f3ab25e59beabd771a6edbed7cd20e71eac74af6b5d384b15035a937b905c0,chittagong/nested_0/Training/normal/normal-650.jpg
503,dropped_label_conflict,kermany,NORMAL,145cbbf48eb3ba29835daa04bd1d07128023b00feaed5d23159fa15d24dcab2b,kermany/train/NORMAL/NORMAL2-IM-1124-0001.jpeg
503,dropped_label_conflict,chittagong,PNEUMONIA,83b695aa88e4e6434a8cf011f91754f999652b7d38551c310884aa4db984c7fb,chittagong/nested_0/Training/pneumonia/pneumonia-4037.jpg
504,kept,kermany,NORMAL,27200872ddef276f753fb3c973f53a8442294091872f1ee30c37864da7a19f20,kermany/train/NORMAL/NORMAL2-IM-1127-0001.jpeg
504,dropped_duplicate,chittagong,NORMAL,bf0ae360bcb5bec4c1d266b38d46a0b333073b870b3847976ed62bf752cbae9e,chittagong/nested_0/Training/normal/normal-7417.jpg
505,dropped_label_conflict,kermany,NORMAL,18515bead9adff41999e2f927e85b708987f05b086bf9d09654a7b0b94e0492f,kermany/train/NORMAL/NORMAL2-IM-1128-0001-0001.jpeg
505,dropped_label_conflict,chittagong,NORMAL,89487eec5559578d313588b6b962579355dd47eda1c3642aec11eefd45fb0697,chittagong/nested_0/Training/normal/normal-727.jpg
505,dropped_label_conflict,chittagong,PNEUMONIA,89487eec5559578d313588b6b962579355dd47eda1c3642aec11eefd45fb0697,chittagong/nested_0/Training/pneumonia/pneumonia-396.jpg
506,dropped_label_conflict,kermany,NORMAL,b6061bb897c632e4a73b240f746b8fc63d22543504e86e330a51872cab738fa2,kermany/train/NORMAL/NORMAL2-IM-1128-0001-0002.jpeg
506,dropped_label_conflict,chittagong,PNEUMONIA,9c033baddc6034ddbb95a0e54b50f72fdd9320c27b7f29442426c05aa475b66f,chittagong/nested_0/Training/pneumonia/pneumonia-415.jpg
507,dropped_label_conflict,kermany,NORMAL,98e37b581ff3c68cb97149e8ed8dd407ef6358b2fa6a03eab72cb8fb5e545aed,kermany/train/NORMAL/NORMAL2-IM-1136-0001.jpeg
507,dropped_label_conflict,chittagong,PNEUMONIA,e079e02c5ffb8d1fef7d758a0ea3143653e6ff0bdac6174b64e61a5adaa69957,chittagong/nested_0/Training/pneumonia/pneumonia-425.jpg
508,dropped_label_conflict,kermany,NORMAL,3c18affb72f2a8589413ac01e27f83341081a37af72d3ab9885d7fef7ae0f3e6,kermany/train/NORMAL/NORMAL2-IM-1138-0001.jpeg
508,dropped_label_conflict,chittagong,PNEUMONIA,596ed79d15766a450852dd750f90a6f3870a3d791b0778867967c3a897478433,chittagong/nested_0/Testing/pneumonia/pneumonia-752.jpg
509,kept,kermany,NORMAL,5d4c0bba65b10fcd6aa47b38c2bc56a916eddb7c4b4a882ef272f2fef951fc9f,kermany/train/NORMAL/NORMAL2-IM-1141-0001.jpeg
509,dropped_duplicate,chittagong,NORMAL,661db647bb4e8d7a20605f5d0b4f05d40dbea9543e43f0ad35b8e425197053ae,chittagong/nested_0/Training/normal/normal-7503.jpg
510,dropped_label_conflict,kermany,NORMAL,5dfd1ba64e382ec96d196ce4b4f54a26f71b17e63a2705aa8bdd3560a199f052,kermany/train/NORMAL/NORMAL2-IM-1142-0001.jpeg
510,dropped_label_conflict,chittagong,PNEUMONIA,76b3d0408b82e8b4e303f85965ca3ada93200d7966b8a0aa196ac0dcc0307bfd,chittagong/nested_0/Training/pneumonia/pneumonia-540.jpg
511,kept,kermany,NORMAL,c15d67a615c27fe838af4c8e2b2df094edeb811967662165f2f717c869c84b19,kermany/train/NORMAL/NORMAL2-IM-1150-0001.jpeg
511,dropped_duplicate,chittagong,NORMAL,74f7094dfdd6bd6a5f85dd2ac9dcbb720474c609b6fbe757b10d4e4cc5232e75,chittagong/nested_0/Training/normal/normal-81.jpg
512,dropped_label_conflict,kermany,NORMAL,583eaaf1a2bdf348d33f223d280d162bf9730ae852cc98f15928698b6e24c17e,kermany/train/NORMAL/NORMAL2-IM-1152-0001-0002.jpeg
512,dropped_label_conflict,chittagong,PNEUMONIA,3ce8d6250d9555613f4048b1e5abbc90f28368ffdd7743a0fcbae079b1e17596,chittagong/nested_0/Training/pneumonia/pneumonia-577.jpg
513,dropped_label_conflict,kermany,NORMAL,a3f302e68fe36ccc00285c3ded58d8e43333fcb814edb52131bd13129ca9db96,kermany/train/NORMAL/NORMAL2-IM-1152-0001.jpeg
513,dropped_label_conflict,chittagong,PNEUMONIA,1ed77299a74197e44b351be3886600555eedc15e819e96f339576ed32cfe9f28,chittagong/nested_0/Testing/pneumonia/pneumonia-737.jpg
514,dropped_label_conflict,kermany,NORMAL,6a0de7c5977442909c37fc34b017029a5975bbbfb6e0e323770fac011cd0bbe8,kermany/train/NORMAL/NORMAL2-IM-1153-0001.jpeg
514,dropped_label_conflict,chittagong,PNEUMONIA,01c13957694eb70ef2753582979325f5dfdd35b816077f9dad63ca7e0a2ed3cb,chittagong/nested_0/Testing/pneumonia/pneumonia-636.jpg
515,kept,kermany,NORMAL,b0444c20fb804130736946fdcc5ceecaa79f89e295619cb84c0cc68944ed3da7,kermany/train/NORMAL/NORMAL2-IM-1154-0001-0001.jpeg
515,dropped_duplicate,chittagong,NORMAL,2a5e0df388cf3e6f95ce941a73c1865bfe794a2ba2e4d0f1a70e497c6b6c9913,chittagong/nested_0/Testing/normal/normal-8000.jpg
516,dropped_label_conflict,kermany,NORMAL,ca0e162130ce94cf9ee60717e14b0e54751a4355dbc92de400a2b2b92a61b3e5,kermany/train/NORMAL/NORMAL2-IM-1162-0001.jpeg
516,dropped_label_conflict,chittagong,PNEUMONIA,cecc6fde0c7fdf9cc0624104c73f534642bec62a6a958f2449c7c1c0a30e523c,chittagong/nested_0/Testing/pneumonia/pneumonia-5209.jpg
517,dropped_label_conflict,kermany,NORMAL,392d0e53ba57bcb147c8d3379e82014b3820f8f346451ea10e7a8b86ae47f32b,kermany/train/NORMAL/NORMAL2-IM-1171-0001.jpeg
517,dropped_label_conflict,chittagong,PNEUMONIA,05203f0a77d57fe7c20d0926dd1489aff1182780582dcb15a2f46c4f9db730ea,chittagong/nested_0/Training/pneumonia/pneumonia-3949.jpg
518,dropped_label_conflict,kermany,NORMAL,01762c0ff72af646d5f0bc4b48359e98121148830653da845ae6ee43bf666a67,kermany/train/NORMAL/NORMAL2-IM-1176-0001.jpeg
518,dropped_label_conflict,chittagong,PNEUMONIA,3843ecd32af00d247958a336a9d01c1e82cd1310f2b6fb43df55c7bcd742cd8c,chittagong/nested_0/Training/pneumonia/pneumonia-521.jpg
519,dropped_label_conflict,kermany,NORMAL,2305dcd1ae938539a51ef7b0223bd88cf2c20206fe097d15208af1574a710855,kermany/train/NORMAL/NORMAL2-IM-1178-0001.jpeg
519,dropped_label_conflict,chittagong,PNEUMONIA,e3234c86ed33f56bf1bb0770b55411b1077dd5c5f063fcce2f7425ac5b467f81,chittagong/nested_0/Testing/pneumonia/pneumonia-5196.jpg
520,dropped_label_conflict,kermany,NORMAL,b3d53809381e341770fbc2b1c2a00c6d98586f19e78562b412d36b428aa91a63,kermany/train/NORMAL/NORMAL2-IM-1179-0001.jpeg
520,dropped_label_conflict,chittagong,PNEUMONIA,cee332d3e752cbd57983e51b09ee53d38e3e931b5467037c7398be792c6c8d36,chittagong/nested_0/Training/pneumonia/pneumonia-4232.jpg
521,dropped_label_conflict,kermany,NORMAL,a77e81d1fb1337786d3dff9db66bdba172b6f96ac38e5e6d965290d8ea6c0376,kermany/train/NORMAL/NORMAL2-IM-1180-0001.jpeg
521,dropped_label_conflict,chittagong,PNEUMONIA,aef0e9d43c57eeb052abf449dfc15e8cbb943988e0cf26b168772438d493126e,chittagong/nested_0/Training/pneumonia/pneumonia-246.jpg
522,dropped_label_conflict,kermany,NORMAL,34ca0ddfdf6ff4f3844c419b82735e18d0b6b4e09ec4442d3d3057f9f344d805,kermany/train/NORMAL/NORMAL2-IM-1181-0001.jpeg
522,dropped_label_conflict,chittagong,PNEUMONIA,ba1e5b89b282ced0be0b5648d18c69e064ed7cab50f070c2c21932161000c4ec,chittagong/nested_0/Training/pneumonia/pneumonia-4183.jpg
523,dropped_label_conflict,kermany,NORMAL,370c0c832cc120ad253b11902d0f71090679d75b6c97a7aa7bed1653c6cff95b,kermany/train/NORMAL/NORMAL2-IM-1185-0001.jpeg
523,dropped_label_conflict,chittagong,PNEUMONIA,d802c3682f515673cd39efa6bf2c3f7546019d96b282313f830587553fe11946,chittagong/nested_0/Training/pneumonia/pneumonia-235.jpg
524,dropped_label_conflict,kermany,NORMAL,ba4f2e019cc7252c3efe62e2ec317e164fc3ee0a444a8f16191ce6381bc2e842,kermany/train/NORMAL/NORMAL2-IM-1192-0001.jpeg
524,dropped_label_conflict,chittagong,PNEUMONIA,16178341f4ee4856b5757b6a8b274f69bb623ae68dae86f49009484161b69c83,chittagong/nested_0/Training/pneumonia/pneumonia-83.jpg
525,kept,kermany,NORMAL,921a60a8efd3484ff927860b8186bb472ee2d7a4e1df029d7eec3ff1e0c7e538,kermany/train/NORMAL/NORMAL2-IM-1194-0001.jpeg
525,dropped_duplicate,chittagong,NORMAL,8998dff1d48863814dd5896375e0656b9f4d1b06074cd1c2e7829666aa28262d,chittagong/nested_0/Training/normal/normal-7520.jpg
526,kept,kermany,NORMAL,643fb01ba77eca00208b0fa1c2e72632062fa3805c3e5425ef479ccbe3bbb2ff,kermany/train/NORMAL/NORMAL2-IM-1197-0001.jpeg
526,dropped_duplicate,chittagong,NORMAL,5dcfbb7a93fd9aa9e78b4d407f698b3fef527a674d0a4fe21d4d5d2310c023ae,chittagong/nested_0/Training/normal/normal-884.jpg
527,dropped_label_conflict,kermany,NORMAL,702218f09f48d55fb5e56790925f094b3a22059f1d2b08fcdc8e549ee2354cab,kermany/train/NORMAL/NORMAL2-IM-1205-0001.jpeg
527,dropped_label_conflict,chittagong,PNEUMONIA,340b131d537faedda472390d7d99e77989d05a6eb4619f3af9a5db97cf7f009d,chittagong/nested_0/Training/pneumonia/pneumonia-4226.jpg
528,dropped_label_conflict,kermany,NORMAL,30447c15e60dd41d3a257c6f8b41dcef8e960f43e80c1043634d44a790754871,kermany/train/NORMAL/NORMAL2-IM-1209-0001.jpeg
528,dropped_label_conflict,chittagong,PNEUMONIA,500ea98e03fd9b66fbd2d48ba939eddbbd377be5283d5ea59ff1fad3fa3ac1c8,chittagong/nested_0/Training/pneumonia/pneumonia-205.jpg
529,kept,kermany,NORMAL,ef1494f0de26cc222478ee73646bb62153ab28aa271475a28c14d8f4df9c7fa9,kermany/train/NORMAL/NORMAL2-IM-1221-0001.jpeg
529,dropped_duplicate,chittagong,NORMAL,f81f6e23bc6e20fcc19d4e583362b847407eb871f2f3ffc6b567ec911f5cd7d8,chittagong/nested_0/Training/normal/normal-7165.jpg
530,kept,kermany,NORMAL,24afa58f12503e5577536d8499679f9aa1c992dd9c7f84dfe060bd43fc03b3f7,kermany/train/NORMAL/NORMAL2-IM-1223-0001.jpeg
530,dropped_duplicate,chittagong,NORMAL,8fca912828779242dc11b68c34cca0deb22220d9543bc167e8ada296d19707ee,chittagong/nested_0/Training/normal/normal-701.jpg
531,kept,kermany,NORMAL,460b8f387c463395022a6cd1c8685e56320ba87d61b4d8194a98a6c26535704a,kermany/train/NORMAL/NORMAL2-IM-1236-0001.jpeg
531,dropped_duplicate,chittagong,NORMAL,e68f4f3a78d285d9a451cf5922dd573871cee76375f32ccd5c1bb3dc6eacfdd1,chittagong/nested_0/Testing/normal/normal-7919.jpg
532,kept,kermany,NORMAL,62639c940aebdd5a8c3cdd8f10122dab1402e692fd0906e32d6c66aff849cfbb,kermany/train/NORMAL/NORMAL2-IM-1253-0001.jpeg
532,dropped_duplicate,chittagong,NORMAL,a902b2cff77042f6eb24a5783400c4e2e3a118b004372ce5fa688808a8aff5fc,chittagong/nested_0/Training/normal/normal-7113.jpg
533,dropped_label_conflict,kermany,NORMAL,9663845c89132150d9ee6b766b72300d140751d33e716e03f0f01e0bd8978f4d,kermany/train/NORMAL/NORMAL2-IM-1257-0001.jpeg
533,dropped_label_conflict,chittagong,PNEUMONIA,8b4aa21109b2c5fcec6ac95c49df93c934c7481c490227c1abf0c7b6a0209950,chittagong/nested_0/Training/pneumonia/pneumonia-3869.jpg
534,dropped_label_conflict,kermany,NORMAL,c50563172e9defafe9e7cd19c7984c9aca6b169b5ba9e28bdce77044d5b5cd80,kermany/train/NORMAL/NORMAL2-IM-1258-0001.jpeg
534,dropped_label_conflict,chittagong,PNEUMONIA,d222fc7bd322e7a5d8b8bb1c3528bef07e00797f5dee9998012d5697cfb11562,chittagong/nested_0/Testing/pneumonia/pneumonia-5228.jpg
535,dropped_label_conflict,kermany,NORMAL,e78028d0ecee12ef2873f3f2837f4a46675e3ad520faa6072aace1d83348522d,kermany/train/NORMAL/NORMAL2-IM-1262-0001.jpeg
535,dropped_label_conflict,chittagong,PNEUMONIA,ff089581d0ae4b261dffe5a38c692cd5e14b31378d0d778245c5efb1bc988cab,chittagong/nested_0/Testing/pneumonia/pneumonia-5204.jpg
536,dropped_label_conflict,kermany,NORMAL,3539ad45db3061d4e3064b0064386ef79f7844f1f3371385e2a2ddf50f338d13,kermany/train/NORMAL/NORMAL2-IM-1264-0001.jpeg
536,dropped_label_conflict,chittagong,NORMAL,eb80d8d1325c4eb8e3af173f48600d5055f26e9d0138b06d74f6ae897da73221,chittagong/nested_0/Training/normal/normal-7383.jpg
536,dropped_label_conflict,chittagong,PNEUMONIA,eb80d8d1325c4eb8e3af173f48600d5055f26e9d0138b06d74f6ae897da73221,chittagong/nested_0/Training/pneumonia/pneumonia-4542.jpg
537,dropped_label_conflict,kermany,NORMAL,020d3e3c10ef0d2da4bb6cdb2a6fd3bacc18e47bd0eeec6bada76f246a602f44,kermany/train/NORMAL/NORMAL2-IM-1266-0001-0001.jpeg
537,dropped_label_conflict,chittagong,PNEUMONIA,4bf7371ec72781c7beb56f87b480d64b5ba6377c2a2b05eb83a59a6d9136b236,chittagong/nested_0/Training/pneumonia/pneumonia-4290.jpg
538,dropped_label_conflict,kermany,NORMAL,7ae1430bc8e0c24832084f849a69bfa95746700e11e85988135d06c426a5f52b,kermany/train/NORMAL/NORMAL2-IM-1266-0001.jpeg
538,dropped_label_conflict,chittagong,PNEUMONIA,06f8e1b59eb7914c41ed653c666d58ae183ab04394c63b8b539014cd22779621,chittagong/nested_0/Training/pneumonia/pneumonia-423.jpg
539,kept,kermany,NORMAL,070c6be150a2b9ceb025c7777ab272af0ed87dcccff34a65a03796bd1f905ae3,kermany/train/NORMAL/NORMAL2-IM-1267-0001.jpeg
539,dropped_duplicate,chittagong,NORMAL,28ccb4ff4f25e4eabdf28499a68f2845ca189e9802473f52102c7efc6540a884,chittagong/nested_0/Testing/normal/normal-7943.jpg
539,dropped_duplicate,chittagong,NORMAL,28ccb4ff4f25e4eabdf28499a68f2845ca189e9802473f52102c7efc6540a884,chittagong/nested_0/Training/normal/normal-7943.jpg
540,kept,kermany,NORMAL,a3deb0ecc35fce916bcce40927d2d4331a4396bc51d13b58cbeace10a712be34,kermany/train/NORMAL/NORMAL2-IM-1269-0001-0001.jpeg
540,dropped_duplicate,chittagong,NORMAL,3fc76826eb8ddfe89bfbc9491a38d89c911773c214cce1b616a7dd2db43efa75,chittagong/nested_0/Training/normal/normal-593.jpg
541,dropped_label_conflict,kermany,NORMAL,632fcd1c05c053db5b6b2c86a36657704eda137bd9983d061d87c13403b6bacb,kermany/train/NORMAL/NORMAL2-IM-1269-0001-0002.jpeg
541,dropped_label_conflict,chittagong,PNEUMONIA,42c2820b8a246ec60b66da52ba16f8dd7335a2ee67eeb79df856cb2e75c57616,chittagong/nested_0/Training/pneumonia/pneumonia-4018.jpg
542,dropped_label_conflict,kermany,NORMAL,cbacbe719cf75f5c15c878664901d44d2da9c6769094f0460cf0336b6a077df7,kermany/train/NORMAL/NORMAL2-IM-1272-0001.jpeg
542,dropped_label_conflict,chittagong,PNEUMONIA,39dab9fb220850c8d13a7fe1492c9f14a08b759213a11e03866d4c97c93e2c58,chittagong/nested_0/Training/pneumonia/pneumonia-232.jpg
543,kept,kermany,NORMAL,5e645399cd3dace3c8b5506b5d3c375b175060392ad1613b31017a94f290ba43,kermany/train/NORMAL/NORMAL2-IM-1273-0001.jpeg
543,dropped_duplicate,chittagong,NORMAL,84f1d873ec7ec1de449c0490bd685766847aceeeedabab9dddf77de5025a5e8d,chittagong/nested_0/Training/normal/normal-587.jpg
544,dropped_label_conflict,kermany,NORMAL,d0c2d1d0ff7e40102c073cf05d3e730d810ec9aff6e01519ff61b4062009e292,kermany/train/NORMAL/NORMAL2-IM-1275-0001.jpeg
544,dropped_label_conflict,chittagong,PNEUMONIA,3fdbb5a4ce2d4ba2eaffa57b9b437beb1815a769dcfde810dbfa8030e35d2822,chittagong/nested_0/Training/pneumonia/pneumonia-373.jpg
545,dropped_label_conflict,kermany,NORMAL,48a6e873230e06a9bcf982bbd5c38778f02c78d217a7cefe4acce421a92db5bd,kermany/train/NORMAL/NORMAL2-IM-1277-0001-0001.jpeg
545,dropped_label_conflict,chittagong,PNEUMONIA,0d679ae5fb37c8d7bb867c5da58f4388bf6a83b2affa6e1f79540b1b92ef8c99,chittagong/nested_0/Training/pneumonia/pneumonia-438.jpg
546,kept,kermany,NORMAL,8e6b7951e2647011751cc87225880d7557a29b11a33fed637e92f455f72ec034,kermany/train/NORMAL/NORMAL2-IM-1280-0001.jpeg
546,dropped_duplicate,chittagong,NORMAL,9a3cd704f344c07f1af1c7bccbaa9259207b63a2ce38824557c3a077ce7b3590,chittagong/nested_0/Training/normal/normal-7463.jpg
547,dropped_label_conflict,kermany,NORMAL,70f3fdfeb4131bcde4c45c3cef055e5a00ee5aea345bc19a76742caa7732b921,kermany/train/NORMAL/NORMAL2-IM-1285-0001.jpeg
547,dropped_label_conflict,chittagong,PNEUMONIA,f47affaf7e2a725724291a2d36acc6f49f06142cc70a2349afba439462d9fe0b,chittagong/nested_0/Training/pneumonia/pneumonia-250.jpg
548,dropped_label_conflict,kermany,NORMAL,6eae53f484d03503dbe4aafa67f97f7e0ce9875a8fd960829bb28736e3a00219,kermany/train/NORMAL/NORMAL2-IM-1286-0001.jpeg
548,dropped_label_conflict,chittagong,NORMAL,e0d787f37b95e561ff120b01335eed900066b86364de061ba9d0b1c374b4faaa,chittagong/nested_0/Training/normal/normal-754.jpg
548,dropped_label_conflict,chittagong,PNEUMONIA,e0d787f37b95e561ff120b01335eed900066b86364de061ba9d0b1c374b4faaa,chittagong/nested_0/Training/pneumonia/pneumonia-4114.jpg
549,dropped_label_conflict,kermany,NORMAL,7b6872872b3c4a624f728297036f6283d046da1f831c9552906bd99f56f95fc1,kermany/train/NORMAL/NORMAL2-IM-1287-0001.jpeg
549,dropped_label_conflict,chittagong,PNEUMONIA,9b12c05b8b61b7ce76fc2cf5371215c6686d64940116ccd3fde1d36f17e6ea73,chittagong/nested_0/Training/pneumonia/pneumonia-4143.jpg
550,dropped_label_conflict,kermany,NORMAL,5d8327386c4d038c6f5698531cd3c8845bef0629a69655f754b9b50c4b22733d,kermany/train/NORMAL/NORMAL2-IM-1290-0001.jpeg
550,dropped_label_conflict,chittagong,PNEUMONIA,dcb04f3284eddccd3908b5a9db4817de362fc6325ff1a810ecc61fe5d76a79b6,chittagong/nested_0/Testing/pneumonia/pneumonia-5141.jpg
551,dropped_label_conflict,kermany,NORMAL,3fb2e278259a5735bcb494cf4a1b72d9dd4f3c7ed40e0bcb8f00db9e94b04ccb,kermany/train/NORMAL/NORMAL2-IM-1293-0001.jpeg
551,dropped_label_conflict,chittagong,PNEUMONIA,2ebb3064ad0dc1892db758c22d416aea5f290ee4b736f625d09c9cfca72d1c52,chittagong/nested_0/Training/pneumonia/pneumonia-218.jpg
552,dropped_label_conflict,kermany,NORMAL,8baa0d65b71907e8764684994b5cf27a6f19bebd27f1a0eebe96cc324264dca0,kermany/train/NORMAL/NORMAL2-IM-1294-0001-0001.jpeg
552,dropped_label_conflict,chittagong,PNEUMONIA,58d494646dc0c7836ad2f666da048e544e8b3e8da40e5dbb5dcdeb72c35e31b0,chittagong/nested_0/Training/pneumonia/pneumonia-4238.jpg
553,kept,kermany,NORMAL,de46540a0b406426b219ce97a0e5dc0459bc7d27c122c7d63ba8590f6eb326a5,kermany/train/NORMAL/NORMAL2-IM-1300-0001.jpeg
553,dropped_duplicate,chittagong,NORMAL,ce97a22ee9885f1ed2e84af34991dbba8520829902622ebe09f812cca8c1feeb,chittagong/nested_0/Testing/normal/normal-8004.jpg
554,kept,kermany,NORMAL,9b2c3e2a693ecfd7613be1c967700f6369042d008288861dacbcbb7c95c51b75,kermany/train/NORMAL/NORMAL2-IM-1303-0001.jpeg
554,dropped_duplicate,chittagong,NORMAL,09d930633f4eb48bf196feb93706324587c7128104761ddb0e922cb5f0ac1cca,chittagong/nested_0/Training/normal/normal-7467.jpg
555,dropped_label_conflict,kermany,NORMAL,68dfcd16102766b82dadada3e5507c64adb9cb18e54aa26b45e5515c597c1f9d,kermany/train/NORMAL/NORMAL2-IM-1307-0001.jpeg
555,dropped_label_conflict,chittagong,NORMAL,bc093b0cf82c3b7850b2d268469e447ffb73d559f4ca5b8d5ae1406a264d29df,chittagong/nested_0/Training/normal/normal-7479.jpg
555,dropped_label_conflict,chittagong,PNEUMONIA,bc093b0cf82c3b7850b2d268469e447ffb73d559f4ca5b8d5ae1406a264d29df,chittagong/nested_0/Training/pneumonia/pneumonia-491.jpg
556,kept,kermany,NORMAL,7c2b0f28ebd7b2f90e95d1258a4f067686cf09bfccef16f426104e5e4bc9a140,kermany/train/NORMAL/NORMAL2-IM-1311-0001.jpeg
556,dropped_duplicate,chittagong,NORMAL,008841c44e48c5a2d92a34e03fdbf482039fc4eeb6d6f70fe236abf4484bdac4,chittagong/nested_0/Testing/normal/normal-8087.jpg
557,dropped_label_conflict,kermany,NORMAL,7d3bc164710a94d281974e93be1bb8be9bb3675c8be687dad1770bafb1ac7a6a,kermany/train/NORMAL/NORMAL2-IM-1314-0001.jpeg
557,dropped_label_conflict,chittagong,PNEUMONIA,efd2c3a1eb241846a8cb4ba5608992251d5500b6a554dcbf64b76528320459f2,chittagong/nested_0/Training/pneumonia/pneumonia-64.jpg
558,dropped_label_conflict,kermany,NORMAL,1bd8e7e5f07be820949a54c45444909454ddc428fc420e071c2763f1eb3ad6f1,kermany/train/NORMAL/NORMAL2-IM-1315-0001.jpeg
558,dropped_label_conflict,chittagong,PNEUMONIA,26aee5e7dbd25e486f178c7d4cd2921bd53c784e2ddf1629c57e7fb1224dec0f,chittagong/nested_0/Training/pneumonia/pneumonia-4026.jpg
559,kept,kermany,NORMAL,bf93d57239c9e0fc554cc42f966e421fb9e5be7bd8393f1a3a376fd0629dd42d,kermany/train/NORMAL/NORMAL2-IM-1316-0001.jpeg
559,dropped_duplicate,chittagong,NORMAL,3d01e5187b2baeed4fa65afaa4cd00ad29932524ac00f5299cde258c14fd2cb3,chittagong/nested_0/Training/normal/normal-589.jpg
560,kept,kermany,NORMAL,46e6044b9ded87259c1486879be66bc9bfbcc81752eaf5d69f4b8b8df52cf45a,kermany/train/NORMAL/NORMAL2-IM-1317-0001.jpeg
560,dropped_duplicate,chittagong,NORMAL,76a803d33aa62542e9c564c926da4b346394b67598d78ff9787a1786ebebf4ff,chittagong/nested_0/Training/normal/normal-7251.jpg
561,kept,kermany,NORMAL,a30470168ad7e309c6373a2d177ec5fd90bebd26cfb31825d90de945c5b08af3,kermany/train/NORMAL/NORMAL2-IM-1319-0001.jpeg
561,dropped_duplicate,chittagong,NORMAL,6516261015b58a22a922836d49f0e6ef5a617eae7fc10af4d5bfd777865056cd,chittagong/nested_0/Training/normal/normal-7525.jpg
562,dropped_label_conflict,kermany,NORMAL,1435e0dabd86f70deca7f10471db9d76288a2ab3540fc9a6e5ded2701282a645,kermany/train/NORMAL/NORMAL2-IM-1320-0001.jpeg
562,dropped_label_conflict,chittagong,PNEUMONIA,e8173cf3c1b71eff099896dc79b6ae87151b28c6e9463142de0ff02096f968a6,chittagong/nested_0/Training/pneumonia/pneumonia-225.jpg
563,dropped_label_conflict,kermany,NORMAL,f852a8751294f0724a1a26aa7b6ac2ee28f837a04d2f510cd59f6fa5a7e37824,kermany/train/NORMAL/NORMAL2-IM-1322-0001.jpeg
563,dropped_label_conflict,chittagong,PNEUMONIA,5168f6359d26fe9b84b2ef1a540c6a71d43c0db3f3b68a4643e1eeffec3bd757,chittagong/nested_0/Training/pneumonia/pneumonia-4033.jpg
564,dropped_label_conflict,kermany,NORMAL,f386a1efb35336ed1c1544519c0e1b69217210c9f292f7b3af992630f3f94c76,kermany/train/NORMAL/NORMAL2-IM-1327-0001.jpeg
564,dropped_label_conflict,chittagong,PNEUMONIA,d25b2c04587e250b4a80c0de74c4cfc94f6f1bc6dbb30b4b0145044bc7175d1c,chittagong/nested_0/Training/pneumonia/pneumonia-4001.jpg
565,kept,kermany,NORMAL,f4ad89bb1fcac1c8b406ebe6352197f845264357441d13e33c3e0ef0eb7d0f24,kermany/train/NORMAL/NORMAL2-IM-1333-0001.jpeg
565,dropped_duplicate,chittagong,NORMAL,869505be78959954a3d21c6808078d7c64584194fb582d056206f0652a0d6cd9,chittagong/nested_0/Training/normal/normal-78.jpg
566,dropped_label_conflict,kermany,NORMAL,214d4bf87b37440e7b63a1344f54785446a0d157f8dc794b4273fbe3794dfb3a,kermany/train/NORMAL/NORMAL2-IM-1338-0001.jpeg
566,dropped_label_conflict,chittagong,NORMAL,b0e56b661c9976681b3e925c23bd453e66a6f5e9d17e576455877b7fce52827b,chittagong/nested_0/Training/normal/normal-793.jpg
566,dropped_label_conflict,chittagong,PNEUMONIA,b0e56b661c9976681b3e925c23bd453e66a6f5e9d17e576455877b7fce52827b,chittagong/nested_0/Training/pneumonia/pneumonia-4293.jpg
567,dropped_label_conflict,kermany,NORMAL,07beca51a70ddd64eb39cc4771d94ad4abf495cb1dbf820a2e57b431451023e0,kermany/train/NORMAL/NORMAL2-IM-1341-0001.jpeg
567,dropped_label_conflict,chittagong,PNEUMONIA,e1bf4425b8675830338c64e57f0ae582bf934c175a3b67c01ae57ff47fe8c018,chittagong/nested_0/Training/pneumonia/pneumonia-4117.jpg
568,kept,kermany,NORMAL,b9c6a7f3a806bbe06b2d4c7badd4e0a056e1efd41b06a47f8b18bd65ca465d04,kermany/train/NORMAL/NORMAL2-IM-1343-0001.jpeg
568,dropped_duplicate,chittagong,NORMAL,dc48c6145ffcbdfee251ada1c43008cc24bdd300587405b1673d8d38a34785b8,chittagong/nested_0/Training/normal/normal-798.jpg
569,dropped_label_conflict,kermany,NORMAL,84ea579cdedc3088768bce765d4ce81bd6e37432ca172768cda009e87d78c2ee,kermany/train/NORMAL/NORMAL2-IM-1345-0001-0001.jpeg
569,dropped_label_conflict,chittagong,PNEUMONIA,0384020060fd960eed92923d2eb73a7bfaa440df534d857aee3dbc88d3505af6,chittagong/nested_0/Training/pneumonia/pneumonia-4110.jpg
570,dropped_label_conflict,kermany,NORMAL,8f642153df592275bfb273ccea1e79e1fbb064f19af504b8c2a4817a2167329e,kermany/train/NORMAL/NORMAL2-IM-1347-0001.jpeg
570,dropped_label_conflict,chittagong,PNEUMONIA,1f3e21c3f8d42b2a5a263cfc8f517510a756ac56d57771544a002737cafe593c,chittagong/nested_0/Testing/pneumonia/pneumonia-5193.jpg
571,kept,kermany,NORMAL,62b34d931e4b0522f4a0ccffad7587ed4810e79d590c77c809640a82c046be08,kermany/train/NORMAL/NORMAL2-IM-1349-0001.jpeg
571,dropped_duplicate,chittagong,NORMAL,47369aacfd2581a2161dc8f86a92bf34fe1f4f26035705285abb615362ec3e0e,chittagong/nested_0/Training/normal/normal-913.jpg
572,dropped_label_conflict,kermany,NORMAL,5b59156308bd057d2e5df1ac2bccbc494de0b15a4e5a9b8881f37f55320e4edd,kermany/train/NORMAL/NORMAL2-IM-1350-0001.jpeg
572,dropped_label_conflict,chittagong,PNEUMONIA,86ea27462639bc5d28640adede87ec898f26328cb8730553eb8d54f2432eb625,chittagong/nested_0/Testing/pneumonia/pneumonia-5192.jpg
573,dropped_label_conflict,kermany,NORMAL,5f971d4f36f0d5ccb3bb3f4d7374569a99ab8568c3327cfcbcb262244d3bc22d,kermany/train/NORMAL/NORMAL2-IM-1379-0001.jpeg
573,dropped_label_conflict,chittagong,NORMAL,5f53d17d66d58d5cbd110eb1e14ee03a031631fb156de69f8b95316d13576894,chittagong/nested_0/Training/normal/normal-904.jpg
573,dropped_label_conflict,chittagong,PNEUMONIA,5f53d17d66d58d5cbd110eb1e14ee03a031631fb156de69f8b95316d13576894,chittagong/nested_0/Training/pneumonia/pneumonia-515.jpg
574,dropped_label_conflict,kermany,NORMAL,0f6edc46fd05f4a680ed2bf9356c01f35534873836355272da25e10268b867d8,kermany/train/NORMAL/NORMAL2-IM-1412-0001.jpeg
574,dropped_label_conflict,chittagong,PNEUMONIA,38cc54801effa61d9175f75317fd7d8cb635d6e5b9da5d99398313e51d2141dc,chittagong/nested_0/Testing/pneumonia/pneumonia-5240.jpg
575,kept,kermany,NORMAL,1eab167cd836a153ddeb61a0e59ff21b276fb79b0aab70491605a77ffc52f4ac,kermany/train/NORMAL/NORMAL2-IM-1431-0001.jpeg
575,dropped_duplicate,chittagong,NORMAL,3fd40c3563c9a04a30897d03043858b12afc2f94e1176e9a2b05fe6ea4492a0a,chittagong/nested_0/Training/normal/normal-7236.jpg
576,dropped_label_conflict,kermany,NORMAL,91c3cb7e4c579b7f9d7f48780575caacfbc51898841cdc0d0d1a388bbba47203,kermany/train/NORMAL/NORMAL2-IM-1440-0001.jpeg
576,dropped_label_conflict,chittagong,PNEUMONIA,919f05b7c1a7139583bb443d43aaa692c25024ae9cbb669bf9bc5a88afa53af1,chittagong/nested_0/Training/pneumonia/pneumonia-198.jpg
577,kept,kermany,PNEUMONIA,5f25988a8a8610d6044b0d8e66874016ec61aba34248c3e53a5faad0ffa075c3,kermany/train/PNEUMONIA/person1002_bacteria_2933.jpeg
577,dropped_duplicate,chittagong,PNEUMONIA,421ca25eaedbe8e86046ea3f3acf29005e2600c363efa98aa5d9e9a4a313c18c,chittagong/nested_0/Testing/pneumonia/pneumonia-5136.jpg
578,kept,kermany,PNEUMONIA,9170b5b11c02f30becf0b1594997426bf340691c1f012d8840d081f422edca4b,kermany/train/PNEUMONIA/person1003_virus_1685.jpeg
578,dropped_duplicate,chittagong,PNEUMONIA,f32e94b8c51f50415f90a2bf19f356d57d115525c20ac04e094643714590bbbb,chittagong/nested_0/Testing/pneumonia/pneumonia-847.jpg
579,kept,kermany,PNEUMONIA,11f269e16d503680104d98bd918c3bc2e50eb68a347f3f05f54f511b54de5fb3,kermany/train/PNEUMONIA/person1004_bacteria_2935.jpeg
579,dropped_duplicate,chittagong,PNEUMONIA,3f11c2d51b8b40cd6c659d05af74f512582c6546e369a71a775ed9f8b8fa5078,chittagong/nested_0/Testing/pneumonia/pneumonia-715.jpg
580,kept,kermany,PNEUMONIA,8d537aa526d7c00b5c59e5d8b682cd7f11e1e9e927acc4e169f8788f22ecbde0,kermany/train/PNEUMONIA/person1007_bacteria_2938.jpeg
580,dropped_duplicate,chittagong,PNEUMONIA,c509694218183c1007e3167004be9e16f30e22484f633abfb9800e8ed825b2b8,chittagong/nested_0/Training/pneumonia/pneumonia-65.jpg
581,kept,kermany,PNEUMONIA,3c4fe84bd8014c6958deeb2cf80d2333d82e837778792c16bcbf126c10d223c5,kermany/train/PNEUMONIA/person1008_virus_1691.jpeg
581,dropped_duplicate,chittagong,PNEUMONIA,bd3934a119ed754c8224375aafd9eab66b940215b32cc6b6c9080c7690e34442,chittagong/nested_0/Training/pneumonia/pneumonia-186.jpg
582,kept,kermany,PNEUMONIA,24c66ec4d057fea066ca20ccca444733fa27687409c84f8eefd61d70f1936da2,kermany/train/PNEUMONIA/person1009_virus_1694.jpeg
582,dropped_duplicate,chittagong,PNEUMONIA,9ba8bdf1cbd247df3449add3266ebcea9cd3f1817e56088f94ae7f34e09e17cc,chittagong/nested_0/Training/pneumonia/pneumonia-3890.jpg
583,kept,kermany,PNEUMONIA,289b96e618abeffaaadcd694d560b7cb2c18ef82cdd06e0c0d5f732cbfc1ba39,kermany/train/PNEUMONIA/person1010_bacteria_2941.jpeg
583,dropped_duplicate,chittagong,PNEUMONIA,1168a6b349efe877fe524ab3bbc28aba41f1cbfc4d5311f49211ccdc904971cd,chittagong/nested_0/Training/pneumonia/pneumonia-19.jpg
584,kept,kermany,PNEUMONIA,b6d03c9f33297eb549f6a1ecc8c29854bc5e851425e0b7d0915a8a24858228bc,kermany/train/PNEUMONIA/person101_virus_188.jpeg
584,dropped_duplicate,chittagong,PNEUMONIA,82b19d796dc40963accb165190c4779fce06f897d05b7bddb52d5e242c892389,chittagong/nested_0/Training/pneumonia/pneumonia-402.jpg
585,kept,kermany,PNEUMONIA,1bb5da5d92d1e32a64f90214a149690783a5b420bf101289190a9ea1fa8fef4a,kermany/train/PNEUMONIA/person1020_bacteria_2951.jpeg
585,dropped_duplicate,chittagong,PNEUMONIA,22f69d5b2bac1d86b940f6ea6fa6afbb755665d2110eba1fac27e20d0c1ab8f1,chittagong/nested_0/Testing/pneumonia/pneumonia-606.jpg
586,kept,kermany,PNEUMONIA,2105095193a6387afd3ba6045cbb1b2b5eb80433fae590bd99836160c0a4caf7,kermany/train/PNEUMONIA/person1022_virus_1712.jpeg
586,dropped_duplicate,chittagong,PNEUMONIA,cd7d4c8d3eee9b0d1e73a24ea3fe4d4f26a688dc4883bfbd2446ee0447f68314,chittagong/nested_0/Training/pneumonia/pneumonia-568.jpg
587,kept,kermany,PNEUMONIA,68c871bdfa10e2bef0ae67c3c304d947054c5a8b9af73d340c6d272b9987ea1b,kermany/train/PNEUMONIA/person1028_bacteria_2959.jpeg
587,dropped_duplicate,chittagong,PNEUMONIA,ac096943dbd520d91521abfb592da4d04c80409585fcc8d8a651a96832e4b616,chittagong/nested_0/Training/pneumonia/pneumonia-385.jpg
588,kept,kermany,PNEUMONIA,f614964bc03fb0b4328c31c42acb119107615705b7f2ea62b71b4a5ef7634afe,kermany/train/PNEUMONIA/person102_virus_189.jpeg
588,dropped_duplicate,chittagong,PNEUMONIA,a20589287f657f0a071e64644e600468869fd54baf0d21f77fa1df78eaf2f18b,chittagong/nested_0/Training/pneumonia/pneumonia-4248.jpg
589,kept,kermany,PNEUMONIA,2c21de9c068dffd61a0e5ab2a7354e059ac1b60e68a9ae4c2f6a1c1cf40690d5,kermany/train/PNEUMONIA/person1030_virus_1722.jpeg
589,dropped_duplicate,chittagong,PNEUMONIA,c9ed0974144b63bb1bedc03e7b3ec228e20d3c182f80b73facbd54117cf270bf,chittagong/nested_0/Testing/pneumonia/pneumonia-5142.jpg
590,kept,kermany,PNEUMONIA,77a50f3410f570512eb2736ffbc1af0d0cd715a684bc2233903c7e6bc5c1c812,kermany/train/PNEUMONIA/person1031_bacteria_2964.jpeg
590,dropped_duplicate,chittagong,PNEUMONIA,5bf714402a5844b14b86e15f10494ce0316b31186e9a7791dcf06ae01eee9056,chittagong/nested_0/Testing/pneumonia/pneumonia-5182.jpg
591,kept,kermany,PNEUMONIA,0a03106be59f60bea34c054b14179c0c1ee735b69fd7b579fc42453c35bd17ae,kermany/train/PNEUMONIA/person1035_bacteria_2969.jpeg
591,dropped_duplicate,chittagong,PNEUMONIA,057e6dec686075159b1b53b2603caef6ccfe07d93cc866b7ceab1d2b71870b37,chittagong/nested_0/Training/pneumonia/pneumonia-4062.jpg
592,kept,kermany,PNEUMONIA,33948df1e61ede2aa48d1e7b033d890c046ab4af102a1662b11ee65423555042,kermany/train/PNEUMONIA/person1040_bacteria_2974.jpeg
592,dropped_duplicate,chittagong,PNEUMONIA,17b6b6b7b9759529b7ad65b72f73d19bf5186546612f39e7f7577b7a2d8db829,chittagong/nested_0/Training/pneumonia/pneumonia-367.jpg
593,kept,kermany,PNEUMONIA,7a780c8bd78657220a8573a6c3f2d20b3baafc05c0bad79314bc63f59054302e,kermany/train/PNEUMONIA/person1041_bacteria_2975.jpeg
593,dropped_duplicate,chittagong,PNEUMONIA,0cc2b7d92037e2c6b764c72e1ef0987cf31ac758b9b6608b72b03a69a0d17cc2,chittagong/nested_0/Training/pneumonia/pneumonia-4042.jpg
594,kept,kermany,PNEUMONIA,3705f2e2ea2529f1bbc7e34ba9a2e8898a7cf87142e236bde443da33285c6054,kermany/train/PNEUMONIA/person1045_bacteria_2979.jpeg
594,dropped_duplicate,chittagong,PNEUMONIA,8f2ba32f6a5b1ebc3fb0948fa7ba9c658058413282456b7332f1b0065de29e4a,chittagong/nested_0/Training/pneumonia/pneumonia-3889.jpg
595,kept,kermany,PNEUMONIA,a12f27850d89d99ce399eb6b9da8a140ca424367afc7aa7a0a8df123ef8bc109,kermany/train/PNEUMONIA/person1046_bacteria_2980.jpeg
595,dropped_duplicate,chittagong,PNEUMONIA,42e7c2ce1a56fa28a87f45af26b2b55b7ee765f37d31cbdb71bc21114fd04409,chittagong/nested_0/Training/pneumonia/pneumonia-176.jpg
596,kept,kermany,PNEUMONIA,1268c7792ab19b0336f0506be3c677441b3fa708fad86ae8fbf6d8e0da651c44,kermany/train/PNEUMONIA/person1048_virus_1744.jpeg
596,dropped_duplicate,chittagong,PNEUMONIA,a6fb35e8917c50a29dde5131b470e040397a7833e21cd44148686fd8de5216f4,chittagong/nested_0/Training/pneumonia/pneumonia-4171.jpg
597,kept,kermany,PNEUMONIA,d5691c0eedcf1299a8f716f4e9fae9cb4d69dee108e35a03e8fce0387fef2408,kermany/train/PNEUMONIA/person1053_bacteria_2987.jpeg
597,dropped_duplicate,chittagong,PNEUMONIA,99108a6733b09e62f5f50e7c54bf1c95fb78583aa7e30a831b380e9a22808506,chittagong/nested_0/Training/pneumonia/pneumonia-63.jpg
598,kept,kermany,PNEUMONIA,0eda7fbb3b1b848375d53d1c9bb7575a8a7de1fb11968c7cc4d9f8532db88571,kermany/train/PNEUMONIA/person1056_virus_1755.jpeg
598,dropped_duplicate,chittagong,PNEUMONIA,0d973b4eef1d71de922bf3de0bc0f9eb1c7ab654f80033ba4c3ab038e53a30a1,chittagong/nested_0/Training/pneumonia/pneumonia-4187.jpg
599,kept,kermany,PNEUMONIA,698a23a53b75cbcbdcde728da4a8ac135b694fc6dd56da7163d00a38282c45ba,kermany/train/PNEUMONIA/person1059_virus_1758.jpeg
599,dropped_duplicate,chittagong,PNEUMONIA,72e1ca8003cbbf2acd2c9c248d6c9681baa72a8c8ac0a703961808d0bb44e2b8,chittagong/nested_0/Training/pneumonia/pneumonia-110.jpg
600,kept,kermany,PNEUMONIA,b0fa6ff033c478810631a0834d748c19d0c20f6bacff1a1e41ce817f230173d9,kermany/train/PNEUMONIA/person1062_bacteria_2996.jpeg
600,dropped_duplicate,chittagong,PNEUMONIA,85d5bfb6a41d491534faac10e1f36818f6e2884244da70a3da5f0c68528f0491,chittagong/nested_0/Training/pneumonia/pneumonia-4115.jpg
601,kept,kermany,PNEUMONIA,bf946bd59440b8e524de11f020525909fdf19b6e011e55e231febb275020ce8b,kermany/train/PNEUMONIA/person1065_bacteria_2999.jpeg
601,dropped_duplicate,chittagong,PNEUMONIA,676d8e32b6da6d31dc29121ffdf823ad5db9ffb1ed6d05306ed1495c327303d9,chittagong/nested_0/Training/pneumonia/pneumonia-424.jpg
602,kept,kermany,PNEUMONIA,7a23ca41d2e7f6d05b17f3682066adea96d96874047830a7cc84e8c79f97ffa0,kermany/train/PNEUMONIA/person1067_bacteria_3001.jpeg
602,dropped_duplicate,chittagong,PNEUMONIA,2aa64fef158af6ff453296289738d3d1865ab4d5b6dfc0e765ee5db9dd344f13,chittagong/nested_0/Training/pneumonia/pneumonia-3968.jpg
603,kept,kermany,PNEUMONIA,0ce899d88d96214cf3aaf1e92357487df2e00f8fc7743230bcf8c43afbee86ba,kermany/train/PNEUMONIA/person1068_bacteria_3002.jpeg
603,dropped_duplicate,chittagong,PNEUMONIA,17ea323e0dc416b7cd71e4ad08a9a8554c238a26d4a673b3ff63c6b9a9b0646e,chittagong/nested_0/Testing/pneumonia/pneumonia-5195.jpg
604,kept,kermany,PNEUMONIA,b2b87a5bdcd996db95f848717d20748d60b5d91df48bc3d17badc317a8a60565,kermany/train/PNEUMONIA/person1072_bacteria_3006.jpeg
604,dropped_duplicate,chittagong,PNEUMONIA,506d438b1b62784e4438490b276405187801716599c4fc2295fc558e3b5e7a2e,chittagong/nested_0/Training/pneumonia/pneumonia-497.jpg
605,kept,kermany,PNEUMONIA,44adfa6cc1ce278fff9ab75cd27eb1eba3c4b187c903b91172bdbcc4b27a233f,kermany/train/PNEUMONIA/person1072_virus_1775.jpeg
605,dropped_duplicate,chittagong,PNEUMONIA,65916c5fd4a4bac85ff6bb656492f63cbb37e0bbbeb77a8fcfe3e72b693f83d2,chittagong/nested_0/Testing/pneumonia/pneumonia-787.jpg
606,kept,kermany,PNEUMONIA,a28f3f2859fe56329e8f9c784a02f5a9957d7505e7dc049b18c15b4f815a6222,kermany/train/PNEUMONIA/person1073_bacteria_3011.jpeg
606,dropped_duplicate,chittagong,PNEUMONIA,fa6f670333d86d30132c3af957bb8c6794f33f164468ea0c12b22e479979dfa6,chittagong/nested_0/Training/pneumonia/pneumonia-319.jpg
607,kept,kermany,PNEUMONIA,b99102c789ff42314336bd626057f7717f91c63b47b555ed5c4abf1f4c28742e,kermany/train/PNEUMONIA/person1078_bacteria_3018.jpeg
607,dropped_duplicate,chittagong,PNEUMONIA,374f6ae677950c8c1bd4611639abb1e4ca5a2c0b29734d1d3fb87ae44e0ba082,chittagong/nested_0/Training/pneumonia/pneumonia-4161.jpg
608,kept,kermany,PNEUMONIA,0fda909430399689fd98bda155369f917b6865795a7831653906b3d627f374f0,kermany/train/PNEUMONIA/person1080_virus_1791.jpeg
608,dropped_duplicate,chittagong,PNEUMONIA,e98a09f0b8221b97070cc01176d27d3731b86c874bbf5b8bc89675595855c56d,chittagong/nested_0/Training/pneumonia/pneumonia-4579.jpg
609,kept,kermany,PNEUMONIA,5ddcac2c0104f18459bd73f384b0ab1c0df6abe4ab73bebbb973eb5cc1029145,kermany/train/PNEUMONIA/person1084_bacteria_3024.jpeg
609,dropped_duplicate,chittagong,PNEUMONIA,84859c8d546af26e5abb90b26521dcf92a0b89a9507b2b7a0dba8697ce9d7fc8,chittagong/nested_0/Training/pneumonia/pneumonia-477.jpg
610,kept,kermany,PNEUMONIA,afb58207b20b720286268a7dced28cbcfdc41ecf1e503586a1d2de4a58b88a27,kermany/train/PNEUMONIA/person1088_bacteria_3028.jpeg
610,dropped_duplicate,chittagong,PNEUMONIA,b4a215aceec724c98b92c68de711abba872d80c6c68b3d869ae395142ff8d425,chittagong/nested_0/Testing/pneumonia/pneumonia-5107.jpg
611,kept,kermany,PNEUMONIA,13ba095bea736cec72b19ce6b349890079c7846e4b17b31d50726dab20e2fc9c,kermany/train/PNEUMONIA/person108_virus_201.jpeg
611,dropped_duplicate,chittagong,PNEUMONIA,5e6dd380dd96c5e4c0408522453f0a87459c354afaa5f368936a2eba8f1ddda9,chittagong/nested_0/Training/pneumonia/pneumonia-447.jpg
612,kept,kermany,PNEUMONIA,6417afa37d8d7a3365b5110991e9ead12564cd01dd6df44f9f50d264df477d6b,kermany/train/PNEUMONIA/person1092_virus_1811.jpeg
612,dropped_duplicate,chittagong,PNEUMONIA,e5d7f237142caddbdb2c03dc8b8093749b012d8ee5a61ebe76bf225115d13bd0,chittagong/nested_0/Training/pneumonia/pneumonia-4555.jpg
613,kept,kermany,PNEUMONIA,b6dadfdc17d642e3409fa5e536813df2cd6409ad8b4533911af4c372a363321d,kermany/train/PNEUMONIA/person1094_virus_1814.jpeg
613,dropped_duplicate,chittagong,PNEUMONIA,b181d795055d54071b218c8857406b969c2a7b26e2df99915a81bf4cb15b48bc,chittagong/nested_0/Training/pneumonia/pneumonia-403.jpg
614,kept,kermany,PNEUMONIA,088ce94f82ddf279b51ea3382a76ed8a0ec0b853179a9057c1c97c3bcb042587,kermany/train/PNEUMONIA/person1098_bacteria_3039.jpeg
614,dropped_duplicate,chittagong,PNEUMONIA,8b318274777cd3b06e2c39868c214368308f93aaf91c1be7bf1cc3fe9aba225f,chittagong/nested_0/Training/pneumonia/pneumonia-4552.jpg
615,kept,kermany,PNEUMONIA,18499abf5c03067165e02de56170914d3d8ee4581a85848eff0dfb20317de67c,kermany/train/PNEUMONIA/person1099_virus_1819.jpeg
615,dropped_duplicate,chittagong,PNEUMONIA,d35cf5c6039b7cd930c1c797f93cabdd3317c520dc36e3b3122394442857991b,chittagong/nested_0/Training/pneumonia/pneumonia-121.jpg
616,kept,kermany,PNEUMONIA,4f5f2c3cfcae7ae00e3651960cd715dc4d2337ac4485eae696d2f431f20bf80f,kermany/train/PNEUMONIA/person1100_virus_1820.jpeg
616,dropped_duplicate,chittagong,PNEUMONIA,2d9fd30350a63473538b66102603e027a87b00f8db7f16b22e5efbca1b4fd924,chittagong/nested_0/Training/pneumonia/pneumonia-254.jpg
617,kept,kermany,PNEUMONIA,ea36d7111ef6d7757ff7f02d655a55a2b14ce496f8b3fe5f236f798870a0d2ec,kermany/train/PNEUMONIA/person1101_bacteria_3042.jpeg
617,dropped_duplicate,chittagong,PNEUMONIA,8a607b2bfa07402eae203bbb06a37dbc0d81e9af1a6b0c59ee22a37ee033f967,chittagong/nested_0/Training/pneumonia/pneumonia-138.jpg
618,kept,kermany,PNEUMONIA,ca0f15adcb1627c853243e8ecc0b0d8d3d01d74304ea4b7c56ce6e78ec3bbd1f,kermany/train/PNEUMONIA/person1104_virus_1826.jpeg
618,dropped_duplicate,chittagong,PNEUMONIA,92da35b75a344e91d5ce0f13496c6becc54034e410652a1db670ed8d346717f1,chittagong/nested_0/Training/pneumonia/pneumonia-53.jpg
619,kept,kermany,PNEUMONIA,4d76f8e1531d0dcf54005e4a7f421e2bdb47a411dc26a5f92bb019b71893e924,kermany/train/PNEUMONIA/person1107_virus_1832.jpeg
619,dropped_duplicate,chittagong,PNEUMONIA,82acb22c52a3e46f790936fa2faa6997fef1313ac29dab00ff5eb7a16ab38ddc,chittagong/nested_0/Training/pneumonia/pneumonia-4201.jpg
620,kept,kermany,PNEUMONIA,b289cb8932ead2437b0d14eaa5d2ce963d60465dafbccc6fac2698e32673119b,kermany/train/PNEUMONIA/person1108_virus_1833.jpeg
620,dropped_duplicate,chittagong,PNEUMONIA,a18640c6bdad4422c72e0a738e21f693db3eb0c7a8e853c6abf446e4db5c1192,chittagong/nested_0/Training/pneumonia/pneumonia-3916.jpg
621,kept,kermany,PNEUMONIA,00a7f3549893e45cee5623c67e248f78f66c211285d73d55781c2d368b476451,kermany/train/PNEUMONIA/person1109_bacteria_3050.jpeg
621,dropped_duplicate,chittagong,PNEUMONIA,4f11461bd33fc7a70edce12f16be39e17a86ce07659508dc102a4d8f97195f33,chittagong/nested_0/Training/pneumonia/pneumonia-4548.jpg
622,kept,kermany,PNEUMONIA,014c1f20ac7d6464cfa4b1a6135f3e56bd52ec3dc63537789d055e2a4559c9d3,kermany/train/PNEUMONIA/person110_virus_205.jpeg
622,dropped_duplicate,chittagong,PNEUMONIA,cef614d7f73e005ea59bd8b5fa8698aac204ed635eca95dc8dea36ef9614c397,chittagong/nested_0/Testing/pneumonia/pneumonia-5197.jpg
623,kept,kermany,PNEUMONIA,8ede03368156117cf70bb73168654045abf28751c81f43536349a345749265b2,kermany/train/PNEUMONIA/person110_virus_206.jpeg
623,dropped_duplicate,chittagong,PNEUMONIA,46b066d108cdf6c0f6f1155185eca9ce653950d5d44e1f95b999bf9cd3fa1964,chittagong/nested_0/Training/pneumonia/pneumonia-3943.jpg
624,kept,kermany,PNEUMONIA,61101ddde4edc0a41d7bb74d45fffb2d35e75cb4a502ae6323efaccca86fe1f7,kermany/train/PNEUMONIA/person1115_virus_1840.jpeg
624,dropped_duplicate,chittagong,PNEUMONIA,ca0b93d093e29914f67444d07d9c0519961fed193e5c50d2a80f22a25edb0c63,chittagong/nested_0/Training/pneumonia/pneumonia-487.jpg
625,kept,kermany,PNEUMONIA,00ff0a3feea268e93f949ef064679d51b9489e8d127e7763048e07898ff82f25,kermany/train/PNEUMONIA/person111_virus_209.jpeg
625,dropped_duplicate,chittagong,PNEUMONIA,82c0844e831c59c0173ec127ad867972cdd5eeb2fa0b797796845ddff9ef7b86,chittagong/nested_0/Testing/pneumonia/pneumonia-652.jpg
626,kept,kermany,PNEUMONIA,9653f94b4436d1416a31dc9991ea0398760f04eaa6daff0ab55d50eb30e4efcd,kermany/train/PNEUMONIA/person111_virus_210.jpeg
626,dropped_duplicate,chittagong,PNEUMONIA,ba935eaba28849f81c9b842c291ec0d29cb3551d9312b957081bb896aa04bd1d,chittagong/nested_0/Training/pneumonia/pneumonia-4103.jpg
627,kept,kermany,PNEUMONIA,4422ad6026426d9a62c01b024d00d6e658cba07fd1684de9985148c901155d1a,kermany/train/PNEUMONIA/person1124_virus_1851.jpeg
627,dropped_duplicate,chittagong,PNEUMONIA,2126de8ecd1379fda06eb096c2a5fe6b1a09b83f49bdb082bd4ad0db8af166f4,chittagong/nested_0/Training/pneumonia/pneumonia-208.jpg
628,kept,kermany,PNEUMONIA,cb88f92917ba7bc4b3dcb16408c8c435f7d8a618b744d593d13dddb6d10625c2,kermany/train/PNEUMONIA/person1128_bacteria_3069.jpeg
628,dropped_duplicate,chittagong,PNEUMONIA,9b736b6775e38320ba6a1c3ce244e33d75ebffb03622b3f5b1987cce82869a0a,chittagong/nested_0/Training/pneumonia/pneumonia-555.jpg
629,kept,kermany,PNEUMONIA,3fd2b6ef8105b3798728f60c9d7b1db8cc369978c9c04cb620f8b1e1274bd4cd,kermany/train/PNEUMONIA/person1130_virus_1860.jpeg
629,dropped_duplicate,chittagong,PNEUMONIA,5224aee0c31cc95ba9e2e77fb72c30b9e0a4c5540319cd0637d8b84bab4fd675,chittagong/nested_0/Training/pneumonia/pneumonia-4054.jpg
630,kept,kermany,PNEUMONIA,5fbe2fda290f7bb58ae4808e01f416d3804c4d87bfec1962fc7146776066706b,kermany/train/PNEUMONIA/person1132_virus_1863.jpeg
630,dropped_duplicate,chittagong,PNEUMONIA,6d39b361ea3d00d1e62c705bba7ea6aa6f1743973ed1a6fc2e0aff125bca1a6d,chittagong/nested_0/Training/pneumonia/pneumonia-49.jpg
631,kept,kermany,PNEUMONIA,fde44c1301b8e895a4c93dad18d98ce9edb71d08b157397eb4276688b42fe71a,kermany/train/PNEUMONIA/person1133_bacteria_3075.jpeg
631,dropped_duplicate,chittagong,PNEUMONIA,c730996a1e4476cea21be5b425d6b35dda5bb8053f0f6e4b43b43ae5303eced8,chittagong/nested_0/Testing/pneumonia/pneumonia-751.jpg
632,kept,kermany,PNEUMONIA,c53cc03aa36cde52b7a5540b1b563c1ecdfea7e65cf9a5b99fdec0818ad7a5d5,kermany/train/PNEUMONIA/person1137_virus_1876.jpeg
632,dropped_duplicate,chittagong,PNEUMONIA,52c7a9052a41544a4a4cb92d6b6c210e8a4672955e41d1b4ca370d7c9c40f0d6,chittagong/nested_0/Training/pneumonia/pneumonia-3908.jpg
633,kept,kermany,PNEUMONIA,4ae5e8e026569745d018103f64a2bbb072e1a308a44c8bc8c4b95272267d691f,kermany/train/PNEUMONIA/person1139_virus_1882.jpeg
633,dropped_duplicate,chittagong,PNEUMONIA,cbe79c7995f35d50be52cfb13382a3a0e93e57a4993ee7fde756846df5376202,chittagong/nested_0/Training/pneumonia/pneumonia-23.jpg
634,kept,kermany,PNEUMONIA,d9a42c5795f716fd2559af3171ed49c0ba71a3c18243efcf925153a257e8ce25,kermany/train/PNEUMONIA/person1140_bacteria_3083.jpeg
634,dropped_duplicate,chittagong,PNEUMONIA,f9c2df09cf12e5629c04730b2be09d30c91dc7ca2777add8bcea187c7aa3de40,chittagong/nested_0/Training/pneumonia/pneumonia-4514.jpg
635,kept,kermany,PNEUMONIA,2d32196767456ec126256de2bedb125f25ae1514e890d69f7138f4ef6b544080,kermany/train/PNEUMONIA/person1141_virus_1886.jpeg
635,dropped_duplicate,chittagong,PNEUMONIA,19b542dc87aa0c0cc9f8a7ed5dbec5cd47bc384c27bcc4a79f8e4c29ce11b551,chittagong/nested_0/Training/pneumonia/pneumonia-4282.jpg
636,kept,kermany,PNEUMONIA,de5c4bf13f58d0f5bc1e89a2cdf7b5be24352888a0c9ab035cdb874ce64c8dfb,kermany/train/PNEUMONIA/person1142_virus_1892.jpeg
636,dropped_duplicate,chittagong,PNEUMONIA,618d28228ce65793976216e6d31cef79a1af2a3111b6a5a2e454e2e034f08522,chittagong/nested_0/Training/pneumonia/pneumonia-240.jpg
637,kept,kermany,PNEUMONIA,74c7c2a86d90170fbda92f0896ee6252b6febf66a7b94ae7d43a7353d86ff99a,kermany/train/PNEUMONIA/person1143_virus_1897.jpeg
637,dropped_duplicate,chittagong,PNEUMONIA,9857210f78c12534751f8746e2a45bf9e54434a8d044e73f996c8b551796b648,chittagong/nested_0/Testing/pneumonia/pneumonia-5233.jpg
638,kept,kermany,PNEUMONIA,e571239f728c122e3571a81e6b3e2cf1419f778033d8d597135b714f103fcbd4,kermany/train/PNEUMONIA/person1145_virus_1902.jpeg
638,dropped_duplicate,chittagong,PNEUMONIA,fd6346df5bc26d28be911cc422193304e1aab16615871abf25d621f01174301b,chittagong/nested_0/Training/pneumonia/pneumonia-51.jpg
639,kept,kermany,PNEUMONIA,9eb01ff683fecdc928ea68981fc134822314daa0fc1472408f259626a846265a,kermany/train/PNEUMONIA/person1147_virus_1917.jpeg
639,dropped_duplicate,chittagong,PNEUMONIA,8d13f308c0e3c474d8f801cc74a3a00818b3998bc4515c47c44b325452fbf982,chittagong/nested_0/Training/pneumonia/pneumonia-4070.jpg
640,kept,kermany,PNEUMONIA,934d332ff8dbd2cb9fff22dbc69454216b2ea476429fa248e5b8aca04b487ece,kermany/train/PNEUMONIA/person1147_virus_1919.jpeg
640,dropped_duplicate,chittagong,PNEUMONIA,7d489f1db95c8074cc1dc354cc4ed40051e9003912fbcaf8a569ac55d03c43eb,chittagong/nested_0/Training/pneumonia/pneumonia-3883.jpg
641,kept,kermany,PNEUMONIA,23dd9ef7a78da2d6275f2762518e76af5b22a1fa0b7d360a180d1333055af8ef,kermany/train/PNEUMONIA/person1150_bacteria_3095.jpeg
641,dropped_duplicate,chittagong,PNEUMONIA,c0c7ee4eb0485ae391dd3103e708e8ac3a075aa282f9fa859e57a900a15fadf9,chittagong/nested_0/Training/pneumonia/pneumonia-494.jpg
642,kept,kermany,PNEUMONIA,1006596953f3107e71916b8dd82cd301f4e23704b8dea0af29eafb7a2f8eee0b,kermany/train/PNEUMONIA/person1152_virus_1930.jpeg
642,dropped_duplicate,chittagong,PNEUMONIA,77df18b440e508f82a009324ba7e47afd665de004b83438ba5a1ad95938c3f30,chittagong/nested_0/Training/pneumonia/pneumonia-4283.jpg
643,kept,kermany,PNEUMONIA,df140d1ff3d874e28afe73cdb692951ba17973617014d75fffcb7562caeb0e0b,kermany/train/PNEUMONIA/person1154_bacteria_3099.jpeg
643,dropped_duplicate,chittagong,PNEUMONIA,bd95e206cebad3d803b8721c92553d203561ab07cdbb40b37b54073fae4e0c0a,chittagong/nested_0/Training/pneumonia/pneumonia-3996.jpg
644,kept,kermany,PNEUMONIA,2be6dc0ac35b4fb41fc04cc72350352ebdea295027f1d476a77c6472b303ef82,kermany/train/PNEUMONIA/person1155_virus_1934.jpeg
644,dropped_duplicate,chittagong,PNEUMONIA,b0840239a0b56bbbcebfe492431f5498ecdfc3ff80b5bb19a9061c28c364a26a,chittagong/nested_0/Testing/pneumonia/pneumonia-642.jpg
645,kept,kermany,PNEUMONIA,8ca25ef94241fe3ceb956d46930ea3d5b4c203fd022db9c095dec26bed6bcad5,kermany/train/PNEUMONIA/person1156_virus_1935.jpeg
645,dropped_duplicate,chittagong,PNEUMONIA,0c4839c5ccf03ef0fbdfa604a54df7d6c59224c942ae7612a187832fa53c5f32,chittagong/nested_0/Testing/pneumonia/pneumonia-832.jpg
646,kept,kermany,PNEUMONIA,2d77a1a4729ca9bcc0711a4655ae89d06126dd4cd4af94789a372e4fe7e22db4,kermany/train/PNEUMONIA/person1158_virus_1938.jpeg
646,dropped_duplicate,chittagong,PNEUMONIA,977583263d313d809850c84a298d86e655c13e81c3d7cf5e5a9dfb4bc9a2cac4,chittagong/nested_0/Training/pneumonia/pneumonia-197.jpg
647,kept,kermany,PNEUMONIA,5fb092d368614bb8e7118554893cf49d8d6714d28f1017c0c84a548c7f9f0da2,kermany/train/PNEUMONIA/person1158_virus_1943.jpeg
647,dropped_duplicate,chittagong,PNEUMONIA,a6589a04a81f998bc8ab95322f75a9438504ebd32c150248b76a7027a712b10c,chittagong/nested_0/Training/pneumonia/pneumonia-542.jpg
648,kept,kermany,PNEUMONIA,0033d6b3f444134e4d3a320b4c9e34cdbc4ffe1fdb90023673ed1df46c643314,kermany/train/PNEUMONIA/person1159_virus_1944.jpeg
648,dropped_duplicate,kermany,PNEUMONIA,0033d6b3f444134e4d3a320b4c9e34cdbc4ffe1fdb90023673ed1df46c643314,kermany/train/PNEUMONIA/person1159_virus_1945.jpeg
649,kept,kermany,PNEUMONIA,d4e6710517b8a74ebf1b9b355cfc4e1cf759a40a09a5bcefb75eb2ab148634f6,kermany/train/PNEUMONIA/person1162_bacteria_3107.jpeg
649,dropped_duplicate,chittagong,PNEUMONIA,c4377606808a1462fa8292d5f4852e3f0bca465eaf4c2f0a7453fbd496459047,chittagong/nested_0/Training/pneumonia/pneumonia-547.jpg
650,kept,kermany,PNEUMONIA,284e5d2e98d5125ce4abd97554e141f2cc1e51d034388bc47ce03d9d490034e6,kermany/train/PNEUMONIA/person1164_virus_1956.jpeg
650,dropped_duplicate,chittagong,PNEUMONIA,caa1c0926e5d4a73211fdc7cb85d481c892e89e4bf2984831d07fea94be156e3,chittagong/nested_0/Training/pneumonia/pneumonia-111.jpg
651,kept,kermany,PNEUMONIA,d038c6795d6207e59fcc592ae3ed26db5267dfccbd50e5def67254de0d748e02,kermany/train/PNEUMONIA/person1164_virus_1957.jpeg
651,dropped_duplicate,chittagong,PNEUMONIA,9d3d0639f42953b4795b8811b58fcd0a59f1b6c93744a2fecb416185b606e217,chittagong/nested_0/Training/pneumonia/pneumonia-523.jpg
652,kept,kermany,PNEUMONIA,f436d3c913ea97786ea4cca89ad0ebd6033d0ba5d726b59723e47256712d855d,kermany/train/PNEUMONIA/person1164_virus_1958.jpeg
652,dropped_duplicate,chittagong,PNEUMONIA,e48f60bd7d203e77f788f2a52870864d40d2484bb7682d3f62dfa6ba12bb26d4,chittagong/nested_0/Training/pneumonia/pneumonia-331.jpg
653,kept,kermany,PNEUMONIA,92989b2fd910464ddd67b5b54c253b9afefc22e991a3350bdd2258e2ac2da9a5,kermany/train/PNEUMONIA/person1167_bacteria_3113.jpeg
653,dropped_duplicate,chittagong,PNEUMONIA,5b7e510dce21f3f059188a59910902b614c73e35b64460bda5e6aa7aad0ba110,chittagong/nested_0/Training/pneumonia/pneumonia-502.jpg
654,kept,kermany,PNEUMONIA,c71becbec435bbf214ea1ef37eb8c6c2dd80710d05b1ea0f65741597549abe01,kermany/train/PNEUMONIA/person1168_bacteria_3114.jpeg
654,dropped_duplicate,chittagong,PNEUMONIA,0e8b8974a356a2a08b66d56a7d3f0ea5fe7eef3b71964e0950dbf6feb08a7105,chittagong/nested_0/Training/pneumonia/pneumonia-4240.jpg
655,kept,kermany,PNEUMONIA,a4e305d5e6bdcb05770d0bff8521269f856721341e4c951ac7b3fbe7d58eae24,kermany/train/PNEUMONIA/person1168_bacteria_3115.jpeg
655,dropped_duplicate,chittagong,PNEUMONIA,c81bfee3881cb285e854b71d3b2db00ade04f871aa26c9357aa3c6877b7df5e6,chittagong/nested_0/Testing/pneumonia/pneumonia-5163.jpg
656,kept,kermany,PNEUMONIA,3152d3600f0e97355618b5345b96b28ad25a35388c72ab7f5ba56160166e89a2,kermany/train/PNEUMONIA/person1168_virus_1965.jpeg
656,dropped_duplicate,chittagong,PNEUMONIA,ae69a7865898de6f2218cbd411abb281aebe59eeebd5d539503adeb8e9975261,chittagong/nested_0/Training/pneumonia/pneumonia-4209.jpg
657,kept,kermany,PNEUMONIA,f11ff64863e1233423c710e66f8dc8d75dee45880088cd0a685f5a37c9bf64d3,kermany/train/PNEUMONIA/person1170_virus_1970.jpeg
657,dropped_duplicate,chittagong,PNEUMONIA,f1bf1bd10a5f39f2f776add0b9a3bb17603f81d8a8e9190cdd6893cce74b3ce0,chittagong/nested_0/Training/pneumonia/pneumonia-4511.jpg
658,kept,kermany,PNEUMONIA,d19e71a3fde17b37af29ee60ae5f8e97de74ce73852145bd4c307d010893ea1e,kermany/train/PNEUMONIA/person1172_virus_1977.jpeg
658,dropped_duplicate,chittagong,PNEUMONIA,a50d2c38cb2dee28f5a95475d3f9ac5e2633ee22405c19d2332d7b8b6007bab9,chittagong/nested_0/Training/pneumonia/pneumonia-380.jpg
659,kept,kermany,PNEUMONIA,6007c3945a4587101cafd60215ecc37fbdc7a940670521d2a52ad965eb9c381d,kermany/train/PNEUMONIA/person1173_virus_1978.jpeg
659,dropped_duplicate,chittagong,PNEUMONIA,cd61499c52b571f3a0ebb529eae8ec9f8137ac5c2b829280c1410e655f63e5bc,chittagong/nested_0/Training/pneumonia/pneumonia-7.jpg
660,kept,kermany,PNEUMONIA,063d4c0e6f85199a5ee04619da5345d88f0e7464e71fc508280258ad96ffc360,kermany/train/PNEUMONIA/person1175_bacteria_3122.jpeg
660,dropped_duplicate,chittagong,PNEUMONIA,c5c2ba7ce3ced02d59c203f0559f6f220da110cf02e999523f8472201adf1d58,chittagong/nested_0/Training/pneumonia/pneumonia-508.jpg
661,kept,kermany,PNEUMONIA,e61f64726dbc53cbefdeffd4987bd46ce26fe47dc0972c8532f1c646a95f788a,kermany/train/PNEUMONIA/person1176_bacteria_3123.jpeg
661,dropped_duplicate,chittagong,PNEUMONIA,635a2f4d4af4895b9045ca1f06e4bcb25c1ae0cad184805906318cfe1808f896,chittagong/nested_0/Testing/pneumonia/pneumonia-805.jpg
662,kept,kermany,PNEUMONIA,367c4251d5f3f63e1a464a6171d9909703190cbaf5791653836c066f7c36257e,kermany/train/PNEUMONIA/person1176_virus_1997.jpeg
662,dropped_duplicate,chittagong,PNEUMONIA,cabce06763ee0c4555a3f2268c78125d4aa14f9832ac886fa604760809273110,chittagong/nested_0/Training/pneumonia/pneumonia-4566.jpg
663,kept,kermany,PNEUMONIA,df13c55a065f56106ddad883fb27a6efeb49c20f70408cc8f94979a3f20c9ad8,kermany/train/PNEUMONIA/person1178_bacteria_3126.jpeg
663,dropped_duplicate,chittagong,PNEUMONIA,14e43087f960ebab10c8240c948a24e9a0ecb3b052c6d545e9b6334de6a0a6d7,chittagong/nested_0/Training/pneumonia/pneumonia-335.jpg
664,kept,kermany,PNEUMONIA,8f72d6384c56a02393eb2b814e937596d2c0790cb5c4cfa8c4df7ad50e946ade,kermany/train/PNEUMONIA/person117_virus_223.jpeg
664,dropped_duplicate,chittagong,PNEUMONIA,f69e2421fcb0bbac1757628c977b821d036e4431e561954fdd308afafa14442c,chittagong/nested_0/Training/pneumonia/pneumonia-191.jpg
665,kept,kermany,PNEUMONIA,902a9df29f24eea7043f70adaa47c097086692fd115951d96e4296e03f03e7da,kermany/train/PNEUMONIA/person1180_virus_2013.jpeg
665,dropped_duplicate,chittagong,PNEUMONIA,7f125ff94f883dfe0fe8c6f00dd26534e686e5a4078c5b7f41591ebd8291e777,chittagong/nested_0/Training/pneumonia/pneumonia-237.jpg
666,kept,kermany,PNEUMONIA,2f37dded42f63a60d6122fb0144949f9611ed217e5b607883794f96b0dc7040e,kermany/train/PNEUMONIA/person1183_virus_2018.jpeg
666,dropped_duplicate,chittagong,PNEUMONIA,54c5dda0eb6dd9d2e832560a8cfb7223ff3341b171861b400f96b595396d0e28,chittagong/nested_0/Testing/pneumonia/pneumonia-5154.jpg
667,kept,kermany,PNEUMONIA,d46aeaf36060452704bcb4ac83a9c78f37b34377ba958a5111406014f6ba0708,kermany/train/PNEUMONIA/person1186_bacteria_3134.jpeg
667,dropped_duplicate,chittagong,PNEUMONIA,fd524a1d22da467edf1f63a42843976972fc0acce57eea046043f27150de9770,chittagong/nested_0/Training/pneumonia/pneumonia-345.jpg
668,kept,kermany,PNEUMONIA,eac31843aa2abec4a93a30cb4cf02766b159e09646ad4b75e88adbda1a4544e2,kermany/train/PNEUMONIA/person1186_bacteria_3135.jpeg
668,dropped_duplicate,chittagong,PNEUMONIA,53a4743021712146530bb3d884031766c3b9e9be89ce54d1f02ce7a33781fcaf,chittagong/nested_0/Testing/pneumonia/pneumonia-5106.jpg
669,kept,kermany,PNEUMONIA,07f0dad6e939ee732f61fd8acf3abfc95da74229e2062cad9bbe9854f36285cc,kermany/train/PNEUMONIA/person1187_virus_2023.jpeg
669,dropped_duplicate,chittagong,PNEUMONIA,55b49b5bfa2ce03f497fbb8373560055d007dacdb01fc8ba36e07b6c5e001ded,chittagong/nested_0/Training/pneumonia/pneumonia-4124.jpg
670,kept,kermany,PNEUMONIA,68a2ac36c280ddae8cc5cd83cdc9843168ac59eae602ad185bb490e14bb22905,kermany/train/PNEUMONIA/person1191_virus_2032.jpeg
670,dropped_duplicate,chittagong,PNEUMONIA,1fd54e87abd2c06ae23d2671ac89b2a2510e3fe3bca655547d6dd7c020db33f8,chittagong/nested_0/Training/pneumonia/pneumonia-399.jpg
671,kept,kermany,PNEUMONIA,45839fda8732405a521c3912ded68de13e1ab65395f0207023fb870812c55f72,kermany/train/PNEUMONIA/person1200_virus_2042.jpeg
671,dropped_duplicate,chittagong,PNEUMONIA,2cbea4794c64512a39d20aadc8e6da8a90ac5d29602f9fee4701cc450191583a,chittagong/nested_0/Training/pneumonia/pneumonia-4543.jpg
672,kept,kermany,PNEUMONIA,8e52ee8475c7b31c8376802318e3d92d0d26bdf2e41d078d3ceeb659e4098904,kermany/train/PNEUMONIA/person1201_bacteria_3151.jpeg
672,dropped_duplicate,chittagong,PNEUMONIA,9321c830b5070c160d82a4f6550f79c59b61761da0e62be72d9663956a671801,chittagong/nested_0/Training/pneumonia/pneumonia-112.jpg
673,kept,kermany,PNEUMONIA,5fab4e1fb602ff0421dd8e24d6566e20afe431c78f39912a71f9c689f964d585,kermany/train/PNEUMONIA/person1202_bacteria_3153.jpeg
673,dropped_duplicate,chittagong,PNEUMONIA,d46f25b2e13b229a4a1ad5e7b05a8f36f7e14d586b8cdf1a727fea8e68406b83,chittagong/nested_0/Testing/pneumonia/pneumonia-5124.jpg
674,kept,kermany,PNEUMONIA,624c0dd85a3196a59257bc897eda86c02619555bb5d886d16bb414cf96dd942d,kermany/train/PNEUMONIA/person1203_bacteria_3155.jpeg
674,dropped_duplicate,chittagong,PNEUMONIA,e5e25d8a147254ffe83836c940467c2f97e9779eb29a49dd0e518e9ad6e4ebaf,chittagong/nested_0/Training/pneumonia/pneumonia-427.jpg
675,kept,kermany,PNEUMONIA,01ba0d1450df76b939c8096010ccb0fda512814de599683757fc7dcd51c8f6d9,kermany/train/PNEUMONIA/person1211_virus_2056.jpeg
675,dropped_duplicate,chittagong,PNEUMONIA,3b4ebb170b3ec510b5c2c126569802b2d2662837bcf6d483b77ddc7a5e53b6fc,chittagong/nested_0/Testing/pneumonia/pneumonia-626.jpg
676,kept,kermany,PNEUMONIA,7143a9b231e78fac8acfe9bf285cac22623fff245a093fc875d663f91db832fc,kermany/train/PNEUMONIA/person1220_bacteria_3174.jpeg
676,dropped_duplicate,chittagong,PNEUMONIA,658fcaceeff83b70a4965893d5d63fc04b33e830d156c7c8562ba349e5bebf76,chittagong/nested_0/Training/pneumonia/pneumonia-4119.jpg
677,kept,kermany,PNEUMONIA,260adc7bc6f20c0f34983ead2cde4cbadf42981538d58fc9da7ece347300a5e5,kermany/train/PNEUMONIA/person1223_bacteria_3178.jpeg
677,dropped_duplicate,chittagong,PNEUMONIA,7076890befb9fc18098a0c03488c192347c764ec34c83ba8f325b57dc3eb36b1,chittagong/nested_0/Training/pneumonia/pneumonia-4272.jpg
678,kept,kermany,PNEUMONIA,4581354bc4e962e0e3af0cc699ea4065900db8665b3db36d52a75524ef21c2e4,kermany/train/PNEUMONIA/person1223_virus_2073.jpeg
678,dropped_duplicate,chittagong,PNEUMONIA,90f66725b808fe359025d85aec372e4ffd2f7bc78712d50ac014ebf90159caaa,chittagong/nested_0/Testing/pneumonia/pneumonia-5212.jpg
679,kept,kermany,PNEUMONIA,8e8c596637280b16a3931c4c885cd93c3c9db2df8a219108ce91392e7fee6587,kermany/train/PNEUMONIA/person1224_virus_2074.jpeg
679,dropped_duplicate,chittagong,PNEUMONIA,19f3c79349c7ace8c061fc2ffe890c2de9c9750e347c6e1124f0cf81b3334634,chittagong/nested_0/Testing/pneumonia/pneumonia-5208.jpg
680,kept,kermany,PNEUMONIA,3d40dff61fa839c6ab2a5ca4eb04e89186d43af6758b3b0e53d6362cc40b9088,kermany/train/PNEUMONIA/person1226_virus_2077.jpeg
680,dropped_duplicate,chittagong,PNEUMONIA,85e20f55f2930bc880b95a6deef83153e63232840c0db384c2a7a315f35bd4e6,chittagong/nested_0/Training/pneumonia/pneumonia-3912.jpg
681,kept,kermany,PNEUMONIA,bb9040b773b3ecca56134e3b1db6e098849ebc8501faf0126208e50184e1139c,kermany/train/PNEUMONIA/person122_virus_229.jpeg
681,dropped_duplicate,chittagong,PNEUMONIA,46194916451244893df7bffd2cdc4517568c095aed9fa355e009821d002e4ba4,chittagong/nested_0/Training/pneumonia/pneumonia-209.jpg
682,kept,kermany,PNEUMONIA,3d6d05ff6dd760ed7b5b9a3efa4e09ba30274c5e1674fc8c1231174e1fcf6800,kermany/train/PNEUMONIA/person1231_virus_2088.jpeg
682,dropped_duplicate,chittagong,PNEUMONIA,51ee5faeb97f320c7e92828baaa9860825d65eccd447baa3087ad9edf9f9f49f,chittagong/nested_0/Training/pneumonia/pneumonia-339.jpg
683,kept,kermany,PNEUMONIA,bc59058a37b304acc64dddd6534c377d4a7bfa76e1ff965ef5baff0381282705,kermany/train/PNEUMONIA/person1233_virus_2090.jpeg
683,dropped_duplicate,chittagong,PNEUMONIA,2f8e1c1c20e85213743f03ee562ea658d465215b56cbcc3c2597b842a972ab3b,chittagong/nested_0/Training/pneumonia/pneumonia-4068.jpg
684,kept,kermany,PNEUMONIA,581f84a6944de864b40db76bf10e3110ddd6e88aa71ea8d6455402189f5690a5,kermany/train/PNEUMONIA/person1235_virus_2095.jpeg
684,dropped_duplicate,chittagong,PNEUMONIA,c5aa93b91e17558ce620a8e7ec58a67b1b3b1b9674e598c3ed6d73f59185c718,chittagong/nested_0/Training/pneumonia/pneumonia-55.jpg
685,kept,kermany,PNEUMONIA,ef6ea9774452a1ff9d947762a76a6e0ec9d3412347484b224936591240dc3281,kermany/train/PNEUMONIA/person1237_bacteria_3193.jpeg
685,dropped_duplicate,chittagong,PNEUMONIA,19d88ce46acbddea38ef1c1b790f20dee628eb0e552413a38ac66afcff7fd055,chittagong/nested_0/Training/pneumonia/pneumonia-404.jpg
686,kept,kermany,PNEUMONIA,2ecdac67cd2e95d61eea042fccca23d685d1403fddde0715ae9a7ebfe42bff8a,kermany/train/PNEUMONIA/person1239_virus_2099.jpeg
686,dropped_duplicate,chittagong,PNEUMONIA,361d7c060ee2b0648644ca880e53b2cc1edd53ca57f65d7e8d20ac77f83fc75a,chittagong/nested_0/Training/pneumonia/pneumonia-4083.jpg
687,kept,kermany,PNEUMONIA,0d3bdc5ba77f86dbd4d6194f544eec44326190d9bffba5b229791506aabc8640,kermany/train/PNEUMONIA/person1241_virus_2106.jpeg
687,dropped_duplicate,chittagong,PNEUMONIA,72e6a12429864323294d2c9c442e3e2b2d665b3b189265bfb1daecf0460641b9,chittagong/nested_0/Training/pneumonia/pneumonia-4522.jpg
688,kept,kermany,PNEUMONIA,9dfa25c8307702ad1f943d20608a73bbe6a7d1d01a594fd012f1fe208f435cff,kermany/train/PNEUMONIA/person1242_virus_2109.jpeg
688,dropped_duplicate,chittagong,PNEUMONIA,b5b35889d43068e519a630a0d252efe88d8e0699c2684cd00110ec35345fb32e,chittagong/nested_0/Training/pneumonia/pneumonia-4508.jpg
689,kept,kermany,PNEUMONIA,7775aa5af05675c355942799ae337da5fb0004ce6e375aa9bc9097ca721c7889,kermany/train/PNEUMONIA/person1243_bacteria_3199.jpeg
689,dropped_duplicate,chittagong,PNEUMONIA,0760e0f64f7d464fcb0ce22b640c18f17265aa4660d4954ec77f317153222b04,chittagong/nested_0/Training/pneumonia/pneumonia-190.jpg
690,kept,kermany,PNEUMONIA,8e713ae12ebc592bc3b0841d9a92843061551e245076e114751fc43d7b7985c7,kermany/train/PNEUMONIA/person1249_virus_2118.jpeg
690,dropped_duplicate,chittagong,PNEUMONIA,50336ad5ce1983d09f75c5c4877260d5494eec5c7154c8831f9414805cddb4c8,chittagong/nested_0/Training/pneumonia/pneumonia-71.jpg
691,kept,kermany,PNEUMONIA,4aa8c6a8aa599575302f82cb22423ea72f050e69f67f17843616040aed4722e4,kermany/train/PNEUMONIA/person124_virus_231.jpeg
691,dropped_duplicate,chittagong,PNEUMONIA,5ac4b915a96d4e0e0c31b61fbe543268b293fb95082df085a0a2bace7e69486b,chittagong/nested_0/Testing/pneumonia/pneumonia-748.jpg
692,kept,kermany,PNEUMONIA,183fc6e9c946fbbdcfe0198b5c0b8f182c3da03f298315e8a58f8856ce4ff795,kermany/train/PNEUMONIA/person124_virus_240.jpeg
692,dropped_duplicate,chittagong,PNEUMONIA,9f880005ec0af923d8fccd7c19087069125433d897e3c7e0149ba7d3593abb67,chittagong/nested_0/Testing/pneumonia/pneumonia-712.jpg
693,kept,kermany,PNEUMONIA,e285c6e5bcdfa02facb543bb81ee85c40837f17a02047667cb39484ff122484a,kermany/train/PNEUMONIA/person124_virus_245.jpeg
693,dropped_duplicate,chittagong,PNEUMONIA,c80091b506a81139d01b932e8b67b87b5e726fe1f6f59d885d57e5876216fe5c,chittagong/nested_0/Training/pneumonia/pneumonia-439.jpg
694,kept,kermany,PNEUMONIA,1679da3844455b96ea5e792b12d24a832c4dba570628c27cb594fbfd7e2c9914,kermany/train/PNEUMONIA/person124_virus_246.jpeg
694,dropped_duplicate,kermany,PNEUMONIA,1679da3844455b96ea5e792b12d24a832c4dba570628c27cb594fbfd7e2c9914,kermany/train/PNEUMONIA/person124_virus_247.jpeg
694,dropped_duplicate,chittagong,PNEUMONIA,806681bd6b8965e37fa67389217852704e7323cf6ec627af41d9bd4d5d44f593,chittagong/nested_0/Training/pneumonia/pneumonia-426.jpg
695,kept,kermany,PNEUMONIA,cc17bc2e8e80e0b738ac7592159483115c87065bbfa728420c156b707828bc98,kermany/train/PNEUMONIA/person124_virus_249.jpeg
695,dropped_duplicate,chittagong,PNEUMONIA,35ab1ae2dc9da98499f782e9ad9450c78123b90f91146dbce6394fbe0aaeb7c6,chittagong/nested_0/Training/pneumonia/pneumonia-506.jpg
696,kept,kermany,PNEUMONIA,2938e1c3e6d93e0a715acbed734f16450fa8138d22f8b31c81cfa66d35ab4b49,kermany/train/PNEUMONIA/person124_virus_251.jpeg
696,dropped_duplicate,chittagong,PNEUMONIA,a79c82d041f835d9b9560fc32f4b4ddde3dd0ff04c1fcfb4475304aff66f623e,chittagong/nested_0/Training/pneumonia/pneumonia-4060.jpg
697,kept,kermany,PNEUMONIA,752e568f7d10f09cca138dfee3b2554240d08d7fabd846c371faa5f7439756fd,kermany/train/PNEUMONIA/person1250_bacteria_3207.jpeg
697,dropped_duplicate,chittagong,PNEUMONIA,8f555c6f2989434009793f8dfb66ecdf11f296eb44b8a05c2d08f5b7f7e3d8e7,chittagong/nested_0/Training/pneumonia/pneumonia-137.jpg
698,kept,kermany,PNEUMONIA,3dd74c365a3af529b1e5a29f33d4c07d12e4769b68a2985abb4875f081368043,kermany/train/PNEUMONIA/person1251_bacteria_3208.jpeg
698,dropped_duplicate,chittagong,PNEUMONIA,e006a0bc85a9c65b477f7f338a5274be23ed20707abd7363aa45a5d0df11f7c4,chittagong/nested_0/Training/pneumonia/pneumonia-38.jpg
699,kept,kermany,PNEUMONIA,e7b6dbc724927c8478b1109c0997db6f163fbab1a3cb1332fa2d20c12efced07,kermany/train/PNEUMONIA/person1252_bacteria_3209.jpeg
699,dropped_duplicate,chittagong,PNEUMONIA,486aa8729e92ba09e3b10d1d63daa088dfec6c492d8a41c5b1b3fad398850b25,chittagong/nested_0/Testing/pneumonia/pneumonia-5190.jpg
700,kept,kermany,PNEUMONIA,4f4eee27328b47f3a4e712c3e4ac2e960d6fd728a4acf28694a146d6914bd22f,kermany/train/PNEUMONIA/person1259_virus_2139.jpeg
700,dropped_duplicate,chittagong,PNEUMONIA,322d9486d185544c94a685ba495b1e893b8b3da856d3b45d2f6ca024acecca17,chittagong/nested_0/Training/pneumonia/pneumonia-483.jpg
701,kept,kermany,PNEUMONIA,1e273d0058cfb3cf5fb401b74797903a3e66c75fd2dbd8d14f4ef0890013d7c4,kermany/train/PNEUMONIA/person1261_virus_2147.jpeg
701,dropped_duplicate,kermany,PNEUMONIA,1e273d0058cfb3cf5fb401b74797903a3e66c75fd2dbd8d14f4ef0890013d7c4,kermany/train/PNEUMONIA/person1261_virus_2148.jpeg
702,kept,kermany,PNEUMONIA,2338f6af5aa64e01b1d2e35f86348abcfb423f582288e915c42f3cf2917ec9b9,kermany/train/PNEUMONIA/person1262_bacteria_3220.jpeg
702,dropped_duplicate,chittagong,PNEUMONIA,7c067b20d3b90981cfb9076ab8ded1bd6ab34bf6878ea01fa5f21a3a10864212,chittagong/nested_0/Training/pneumonia/pneumonia-455.jpg
703,kept,kermany,PNEUMONIA,ba02db14cc6e19de359e6aa7eeed26136490db6fecf4eb30c5332ec40bf2ecf5,kermany/train/PNEUMONIA/person1267_bacteria_3226.jpeg
703,dropped_duplicate,chittagong,PNEUMONIA,57e34deb8b2b81883424bac91c1ecc712f82231361668b3fa73e618e18211bdc,chittagong/nested_0/Testing/pneumonia/pneumonia-607.jpg
704,kept,kermany,PNEUMONIA,dd890aeb5de0e641f66f08d8b66192ca9e90016fc90cf6bb450ce522b3a545ae,kermany/train/PNEUMONIA/person126_virus_255.jpeg
704,dropped_duplicate,chittagong,PNEUMONIA,c26104b941aacef9c1f427f9832b1fe5510b3ac684b6aa1716a3affa9e5bcc40,chittagong/nested_0/Training/pneumonia/pneumonia-4270.jpg
705,kept,kermany,PNEUMONIA,2bffd6ddc0fdd8e3dea638d6941ba3e279868718bdd31db671c9044d45e9227c,kermany/train/PNEUMONIA/person1270_virus_2163.jpeg
705,dropped_duplicate,chittagong,PNEUMONIA,b43780037c465566a915a9ecb677aee731cca1ec21203c8b1ffd48f3f4ae750e,chittagong/nested_0/Training/pneumonia/pneumonia-4197.jpg
706,kept,kermany,PNEUMONIA,9371cb131bf2786d8e2fc74eea283c274f04213f440895f9fa3bb0ba2b70ee05,kermany/train/PNEUMONIA/person1271_bacteria_3231.jpeg
706,dropped_duplicate,chittagong,PNEUMONIA,99e0a66be92a3e4f21e4c1fc386b9f0fb570cdbf6ce65a988d1f5e482de2d248,chittagong/nested_0/Training/pneumonia/pneumonia-3942.jpg
707,kept,kermany,PNEUMONIA,feff6740319850661e90349ce6615d2a66042523d90a902dc3c34378c6153820,kermany/train/PNEUMONIA/person1272_bacteria_3232.jpeg
707,dropped_duplicate,chittagong,PNEUMONIA,c389dd28044058cd89069121c6e727aa5d52f69fbd1cf51a6726086f8a33df54,chittagong/nested_0/Training/pneumonia/pneumonia-4097.jpg
708,kept,kermany,PNEUMONIA,b156cd11df0d3011d1962e216b4a4e710413490736bc58316fbd14f52cd8c026,kermany/train/PNEUMONIA/person1276_bacteria_3239.jpeg
708,dropped_duplicate,chittagong,PNEUMONIA,80bedda7d6b540ba86c8d693919a72bbb64845858ff14c570f071f8a3907305f,chittagong/nested_0/Training/pneumonia/pneumonia-4092.jpg
709,kept,kermany,PNEUMONIA,750e6211280a1b06bdc354967b1ff6ad700860b7ed7e059fbece6fd4cc8d495a,kermany/train/PNEUMONIA/person1277_bacteria_3240.jpeg
709,dropped_duplicate,chittagong,PNEUMONIA,8dfeccfc1fafb8dda523d90f710308ecd225a1ba450dbd34eb4f54f0db8cae0e,chittagong/nested_0/Training/pneumonia/pneumonia-158.jpg
710,kept,kermany,PNEUMONIA,523b7a3c807bcadb585dccaa130d89bda209d394af4b156a962ae55f9a4ef7bd,kermany/train/PNEUMONIA/person1281_virus_2204.jpeg
710,dropped_duplicate,chittagong,PNEUMONIA,6576f4055aef1ecb725b6b33198b8a684444f085b14bbcbe60db933b721f6821,chittagong/nested_0/Training/pneumonia/pneumonia-3932.jpg
711,kept,kermany,PNEUMONIA,38d1e3273a9eaa8c4f8b0261db3403561e1f158782898e53aff40b9828c9ecc9,kermany/train/PNEUMONIA/person1283_virus_2206.jpeg
711,dropped_duplicate,chittagong,PNEUMONIA,57efb46fdede7fabbfb3edb3580bfd405162da0ded0da74b4b65675d468e03ab,chittagong/nested_0/Training/pneumonia/pneumonia-334.jpg
712,kept,kermany,PNEUMONIA,2890310930e241b05e9ab276835c629f2ca5cc0d2fd129488f3f92a783ea398c,kermany/train/PNEUMONIA/person1284_bacteria_3247.jpeg
712,dropped_duplicate,chittagong,PNEUMONIA,41a02bbc49897713d4cf886b6b5febe437f73365be6700d31e182f6d3d06b866,chittagong/nested_0/Training/pneumonia/pneumonia-43.jpg
713,kept,kermany,PNEUMONIA,d51415076d3049dd88d2fc9c0ac06fa791e84904ac2a47c3834575640b809fc6,kermany/train/PNEUMONIA/person1287_bacteria_3250.jpeg
713,dropped_duplicate,chittagong,PNEUMONIA,dc04f93f6d9d405f7513a563414c8a11ebd551b6cd0ae095a1e90ff6a8670c20,chittagong/nested_0/Training/pneumonia/pneumonia-449.jpg
714,kept,kermany,PNEUMONIA,4acda6ddd731ff98cdcded67ea63ffc228c5d272803aea9f57dda01df33f66f4,kermany/train/PNEUMONIA/person128_virus_261.jpeg
714,dropped_duplicate,chittagong,PNEUMONIA,f7053b22c0080391f839b87888016bb01fd99c57e27e0978b8f03a18a98cb335,chittagong/nested_0/Testing/pneumonia/pneumonia-713.jpg
715,kept,kermany,PNEUMONIA,3b4831ef1126ec4d3e032347133e5f809556203f8546e037bd0353d5069a4a57,kermany/train/PNEUMONIA/person1290_virus_2215.jpeg
715,dropped_duplicate,chittagong,PNEUMONIA,4a8044f4832082dfe3c1e9ae6ea974a172ffd8c2a308100b7c08eb2fa4f83b55,chittagong/nested_0/Training/pneumonia/pneumonia-378.jpg
716,kept,kermany,PNEUMONIA,55d5419f255c642411887c0d295b81fb0bf6ede46b60ee13f8957236334e6579,kermany/train/PNEUMONIA/person1290_virus_2216.jpeg
716,dropped_duplicate,chittagong,PNEUMONIA,a66b6e3f2bf36f978b88be368a410c3bb929327ddd21420d235f21844e0105b1,chittagong/nested_0/Testing/pneumonia/pneumonia-646.jpg
717,kept,kermany,PNEUMONIA,c3469ac33a05dffc3ce1b022fce08fea7add1b741436458516022b4d638f0048,kermany/train/PNEUMONIA/person1297_bacteria_3260.jpeg
717,dropped_duplicate,chittagong,PNEUMONIA,6be03c48a1662593b2f5511423f5586944a74f3ba8ae08c6f626db825fb73196,chittagong/nested_0/Training/pneumonia/pneumonia-21.jpg
718,kept,kermany,PNEUMONIA,04e83f0f5f07ed2d0212d0f1d21115809c2e2e4f6592c43d009bcb23efb64f3f,kermany/train/PNEUMONIA/person1298_virus_2226.jpeg
718,dropped_duplicate,chittagong,PNEUMONIA,fd5acdaee154bde1384ace16c69b8294c177d8ef87b5b45bd8a74691665c841a,chittagong/nested_0/Training/pneumonia/pneumonia-228.jpg
719,kept,kermany,PNEUMONIA,b2c02a68eb673325a20aef112999ce282c3aae754baad6fd6a040ee5615b3e60,kermany/train/PNEUMONIA/person1300_bacteria_3264.jpeg
719,dropped_duplicate,chittagong,PNEUMONIA,2ef3a8c1f3c8c5c667719debb8ecd5e21e0df1bd308dc5a361884a40f8108246,chittagong/nested_0/Training/pneumonia/pneumonia-59.jpg
720,kept,kermany,PNEUMONIA,839b218c589e751fc008979f1a8e35ecaa6a0afde5b052724e89f2a90453f14d,kermany/train/PNEUMONIA/person1300_virus_2240.jpeg
720,dropped_duplicate,chittagong,PNEUMONIA,12f117daaf15ab475ffd18f6f0f6846abcc049c82e06ddaabacfd9550824cf03,chittagong/nested_0/Training/pneumonia/pneumonia-72.jpg
721,kept,kermany,PNEUMONIA,9b32ae30a1b36f05486321a5f625f735d6c696513ee46137e7e21a16d502c6ef,kermany/train/PNEUMONIA/person1302_bacteria_3266.jpeg
721,dropped_duplicate,chittagong,PNEUMONIA,bbace6584a2b9bbfc03372e1c86fa2fb4246b3c409a30756f4b72cabd8e6b748,chittagong/nested_0/Training/pneumonia/pneumonia-140.jpg
722,kept,kermany,PNEUMONIA,219290941ed09f8f8e81983d0fa91a39d724f0946fb75b18cecd2bd9806b007a,kermany/train/PNEUMONIA/person1306_bacteria_3277.jpeg
722,dropped_duplicate,chittagong,PNEUMONIA,2698924f38c215b424213cade014c40de50d59820858d22ff255f6a48167f317,chittagong/nested_0/Training/pneumonia/pneumonia-4562.jpg
723,kept,kermany,PNEUMONIA,2d5b19bc8798432026abc2cc581e832ddbc77c89513b4e002bd11d3d1295376d,kermany/train/PNEUMONIA/person1307_bacteria_3278.jpeg
723,dropped_duplicate,chittagong,PNEUMONIA,09b8fccb1bce0c3b2c92981c69de26035d36bfb6dbfac0647fa551cb01fc46ca,chittagong/nested_0/Training/pneumonia/pneumonia-4202.jpg
724,kept,kermany,PNEUMONIA,6a9b3aa63bc05d25a9189c424d87703b769d4f1e1fe0b5796a875620df63a8e4,kermany/train/PNEUMONIA/person1309_bacteria_3294.jpeg
724,dropped_duplicate,chittagong,PNEUMONIA,b01718a4ace12eeb173033079963abcc48fcde78b24147d81380c8d72091481f,chittagong/nested_0/Training/pneumonia/pneumonia-4159.jpg
725,kept,kermany,PNEUMONIA,0fc7d48608c6c1efbe65da597ef1efd67a226c36cfdaaaec6b04a2e86ad64a4f,kermany/train/PNEUMONIA/person1310_bacteria_3302.jpeg
725,dropped_duplicate,chittagong,PNEUMONIA,6b5aa978a14b38cb52d6c1b1fe7dd27ab5e0a1f050457f46fc6617021e160b5b,chittagong/nested_0/Training/pneumonia/pneumonia-3910.jpg
726,kept,kermany,PNEUMONIA,4f8e2e78bcd10fa6a04d3679c6ea4b1b96db441becac20758728a019d26f7916,kermany/train/PNEUMONIA/person1310_bacteria_3304.jpeg
726,dropped_duplicate,chittagong,PNEUMONIA,cc7801fd9903faf5689997131ccf8b242125518078f1227b3113b30b940360b0,chittagong/nested_0/Training/pneumonia/pneumonia-543.jpg
727,kept,kermany,PNEUMONIA,175ea9537a25784d9cae1f39ac833e6bf87b64593da39144f6860e80896a3be2,kermany/train/PNEUMONIA/person1311_virus_2259.jpeg
727,dropped_duplicate,chittagong,PNEUMONIA,9b47e0bf0f734a38267217e4a4d74b6bf412c09c9a987e061873347b3e1aa4af,chittagong/nested_0/Training/pneumonia/pneumonia-4177.jpg
728,kept,kermany,PNEUMONIA,9abe31146a4e6e0bd87509d744b97ea28b291f58e7acd14640b671967851be2e,kermany/train/PNEUMONIA/person1312_bacteria_3317.jpeg
728,dropped_duplicate,kermany,PNEUMONIA,9abe31146a4e6e0bd87509d744b97ea28b291f58e7acd14640b671967851be2e,kermany/train/PNEUMONIA/person1312_bacteria_3318.jpeg
728,dropped_duplicate,chittagong,PNEUMONIA,59a8b0149cc93eb6dbf2a911387c5eea516b5a7e4d263997e9976fe300ce9178,chittagong/nested_0/Training/pneumonia/pneumonia-481.jpg
729,kept,kermany,PNEUMONIA,057d0f650c0161023e9a27db02af2df63913a0aaacccd0b33e1b917ec21255b1,kermany/train/PNEUMONIA/person1313_bacteria_3320.jpeg
729,dropped_duplicate,chittagong,PNEUMONIA,18bd97b9513689d2f5d6fd7717e8cf4bba18ae8a9ebfcb85235488e5bd73599d,chittagong/nested_0/Training/pneumonia/pneumonia-3970.jpg
730,kept,kermany,PNEUMONIA,7e6801c451a8fe73df95f38b5fe1ce09c5c4ec7f90ab75ead9137762752ebe2c,kermany/train/PNEUMONIA/person1313_virus_2264.jpeg
730,dropped_duplicate,chittagong,PNEUMONIA,03f6359bdcd9218db0c73c40900f3c8e7687179381c7cd2855f2924b941bd166,chittagong/nested_0/Training/pneumonia/pneumonia-4235.jpg
731,kept,kermany,PNEUMONIA,23e1bffeacd57d3bb553d9abf2a8ff25f9e206df8122615e7615e45dd94f781b,kermany/train/PNEUMONIA/person1314_virus_2269.jpeg
731,dropped_duplicate,chittagong,PNEUMONIA,7a1ee5357e42fdc8fcfef1c9684f3daae62ec00acd5a6caed62d05d6a29ccff9,chittagong/nested_0/Training/pneumonia/pneumonia-4154.jpg
732,kept,kermany,PNEUMONIA,06bb95c484c0cac726bacfff293f1a5c3a78b7e653a76b31d1be28f3b502be2c,kermany/train/PNEUMONIA/person1315_virus_2270.jpeg
732,dropped_duplicate,chittagong,PNEUMONIA,19cd2658b1fa6512232b2f8bd5ed39ccb27952b39e1120c0628f3e8e4a3d9245,chittagong/nested_0/Training/pneumonia/pneumonia-4023.jpg
733,kept,kermany,PNEUMONIA,3fa90c9434ecda04042b46db7f7ee387945c31b2f93773fcd3dfaa431dd88a94,kermany/train/PNEUMONIA/person1316_virus_2271.jpeg
733,dropped_duplicate,chittagong,PNEUMONIA,c6c68c4f06e235e917f82c2f0e177a4eef6481c0cc7652d299fc97168aa9b6af,chittagong/nested_0/Training/pneumonia/pneumonia-325.jpg
734,kept,kermany,PNEUMONIA,df72f7b4e05c8f15a4f13c8781eadb7945b5187631d70a58db2a4164a6bdc44b,kermany/train/PNEUMONIA/person1317_bacteria_3332.jpeg
734,dropped_duplicate,chittagong,PNEUMONIA,6e9118c6dc93dc2ee813f3a39053d2e5d6f4034eb7823f1e411abeed8fb8f161,chittagong/nested_0/Training/pneumonia/pneumonia-4158.jpg
735,kept,kermany,PNEUMONIA,52b787bd2d80b8cac3b14ae35c5b786836488ce8e7f39c8dedd0ff82bc0aa471,kermany/train/PNEUMONIA/person1317_virus_2273.jpeg
735,dropped_duplicate,chittagong,PNEUMONIA,f48b09377b55a20e59cecbb2ba22904494a6daafff89e484f5f5e321fedd3383,chittagong/nested_0/Training/pneumonia/pneumonia-3901.jpg
736,kept,kermany,PNEUMONIA,92e7473906e39a1f6c509a868bde1a145df4dc3193d2bc833de3c9ae154350fe,kermany/train/PNEUMONIA/person1318_virus_2274.jpeg
736,dropped_duplicate,chittagong,PNEUMONIA,7074441c0032eae123793266baef4f60c6c217b5184732e881d6741c9e8bcee5,chittagong/nested_0/Training/pneumonia/pneumonia-4152.jpg
737,kept,kermany,PNEUMONIA,168dce5bca7a9091ed56f29d6a50704d62c861a841560e0c93b758bbd38e28c5,kermany/train/PNEUMONIA/person1320_bacteria_3340.jpeg
737,dropped_duplicate,chittagong,PNEUMONIA,851b6eef0e7e14b3208c2c49bec66c3750573c969f68c1d51e8ac4f91eb047a1,chittagong/nested_0/Training/pneumonia/pneumonia-4563.jpg
738,kept,kermany,PNEUMONIA,9f4d638b56ef312c407f02739b39abcde3cb2fd0dd84df1b7b3ba44743c96000,kermany/train/PNEUMONIA/person1320_bacteria_3348.jpeg
738,dropped_duplicate,chittagong,PNEUMONIA,30b70be4dfa6734201de33e37c07052b80fcb03e83a7f4b98e10f78624432e04,chittagong/nested_0/Training/pneumonia/pneumonia-3981.jpg
739,kept,kermany,PNEUMONIA,53dfb2d58533af9c646f103852f9b6fae99ffddf716aadb9c273a74f0263bdc5,kermany/train/PNEUMONIA/person1320_virus_2277.jpeg
739,dropped_duplicate,chittagong,PNEUMONIA,5c7b5f9a532e93b182c0adb8d505877d13cc5cc47eb213daa37ea462c93615f6,chittagong/nested_0/Training/pneumonia/pneumonia-467.jpg
740,kept,kermany,PNEUMONIA,55306dfdb9a4235d21a71a40d836df1478b9ef0729c86a746206aeb2377b26db,kermany/train/PNEUMONIA/person1323_bacteria_3363.jpeg
740,dropped_duplicate,chittagong,PNEUMONIA,7e22b540d2ea2ebf08d702305f248671c6a2735b01d7127b9bb19433f9e315b1,chittagong/nested_0/Testing/pneumonia/pneumonia-5172.jpg
741,kept,kermany,PNEUMONIA,a18bc7ab8e6614bb8b5f95bc3ff44df6d30ff9969baa39fa2654f95ca99eb4c7,kermany/train/PNEUMONIA/person1324_virus_2284.jpeg
741,dropped_duplicate,chittagong,PNEUMONIA,514205a34baae0aa26abd3711138c108842421d1e319f03947634c9bf711329e,chittagong/nested_0/Training/pneumonia/pneumonia-370.jpg
742,kept,kermany,PNEUMONIA,4c08e0cf86b1fb50d853439014a3fb7f84a4abb4a6b832a7b18488e509c52427,kermany/train/PNEUMONIA/person1325_bacteria_3366.jpeg
742,dropped_duplicate,chittagong,PNEUMONIA,13dfc60548b0fca396f66ffa4cf3ce826199e673ef029ff834f33d736343cdea,chittagong/nested_0/Training/pneumonia/pneumonia-311.jpg
743,kept,kermany,PNEUMONIA,545de9601d8f455625dfb819287bc7f922c2a3441507c9279b09846f012897a6,kermany/train/PNEUMONIA/person1327_bacteria_3373.jpeg
743,dropped_duplicate,chittagong,PNEUMONIA,6ee88b512c07e542a5550595147b2e16cc25ed09c917604d04fe36392ba1cbb6,chittagong/nested_0/Training/pneumonia/pneumonia-3918.jpg
744,kept,kermany,PNEUMONIA,ef12e8925cfce57b20445253dbb5a32bc0894acb2e96a7c4c1a7ca442fb57036,kermany/train/PNEUMONIA/person1328_virus_2293.jpeg
744,dropped_duplicate,chittagong,PNEUMONIA,e38b65267c9322f7b02fa4177e2035576942cae995220007d7806ed36a67d9e8,chittagong/nested_0/Training/pneumonia/pneumonia-4004.jpg
745,kept,kermany,PNEUMONIA,2650f110c585776657861e0d2eb2c155e8b20e47d8b1393785685064655a46e5,kermany/train/PNEUMONIA/person132_virus_266.jpeg
745,dropped_duplicate,chittagong,PNEUMONIA,0314323e56c2188748c9377cbff843e339326716b25374d50508900d6c5c55e3,chittagong/nested_0/Training/pneumonia/pneumonia-4572.jpg
746,kept,kermany,PNEUMONIA,9acec86cea9f711a26c4412964015a2349895b39041f329760a05ad2a370c82e,kermany/train/PNEUMONIA/person1332_virus_2300.jpeg
746,dropped_duplicate,chittagong,PNEUMONIA,a81faf37121f5e3805e46acd6fd520cf660368722f8c01ee902dec42f8bcc6ec,chittagong/nested_0/Training/pneumonia/pneumonia-411.jpg
747,kept,kermany,PNEUMONIA,72b38db0d2ee2951ba9a7455521c4b70f815ac70e6147c7a51755866e459b376,kermany/train/PNEUMONIA/person1333_bacteria_3385.jpeg
747,dropped_duplicate,chittagong,PNEUMONIA,b2cba88eaa28007dfea2e92cd767684fbc52b591e061b165eaabbc0143e63efd,chittagong/nested_0/Training/pneumonia/pneumonia-4560.jpg
748,kept,kermany,PNEUMONIA,93e1d5ff682a5d9c5b9e7e32ecddb7653728517955ebb6edcb981d97947d0bc1,kermany/train/PNEUMONIA/person1333_bacteria_3386.jpeg
748,dropped_duplicate,chittagong,PNEUMONIA,46efea1acc9b5cdaa8a171e7d3330bf7293d1f9ae1e3a8d6c7d5e495f627314e,chittagong/nested_0/Training/pneumonia/pneumonia-4176.jpg
749,kept,kermany,PNEUMONIA,9e2cff415bc49aa2d9fe2d39cc71276efdf655d15b506c6db981e0146a8e1bc2,kermany/train/PNEUMONIA/person1333_virus_2301.jpeg
749,dropped_duplicate,chittagong,PNEUMONIA,80de90189f2d6cff933088a18d375f29fb8fef827069c90dbe28bf78bf7bf462,chittagong/nested_0/Testing/pneumonia/pneumonia-750.jpg
750,kept,kermany,PNEUMONIA,4061e097b81c13cfd8010041e9e90e749883a545e4d270b3e287862318566b3d,kermany/train/PNEUMONIA/person1336_virus_2306.jpeg
750,dropped_duplicate,chittagong,PNEUMONIA,4883c7cb12d9dad3d724a723084e24f18c5ac910d7a24940e0324c5eb747521e,chittagong/nested_0/Training/pneumonia/pneumonia-4530.jpg
751,kept,kermany,PNEUMONIA,377b9133faf8ecfa010a1d8bbb167c1df76ff63533b8b375bad557c54390812b,kermany/train/PNEUMONIA/person1338_bacteria_3394.jpeg
751,dropped_duplicate,chittagong,PNEUMONIA,0c11aeaaac1246491b91f200d2e893f0bfce3e8dbd2d9f9c4c67bb14c82be8a2,chittagong/nested_0/Training/pneumonia/pneumonia-4261.jpg
752,kept,kermany,PNEUMONIA,5b83dbe5b9ac7c3ca284d07438410f9cae29e1c6a7b803624b0b6e98ec591fe2,kermany/train/PNEUMONIA/person1338_virus_2308.jpeg
752,dropped_duplicate,chittagong,PNEUMONIA,6792f93958132d7cd8c86ea2ce8338c0a60db5dc03e977a80cdc1d88b155f648,chittagong/nested_0/Training/pneumonia/pneumonia-421.jpg
753,kept,kermany,PNEUMONIA,aea689788c90c4e9d91ff765e0751262a6eda9de92aa9868ad9acde3751a1125,kermany/train/PNEUMONIA/person1339_bacteria_3399.jpeg
753,dropped_duplicate,chittagong,PNEUMONIA,dd88a5afe234a3f7080aabde2ddbb9bd7605fb89ca6c24f15a561a259e2a6fe8,chittagong/nested_0/Training/pneumonia/pneumonia-3973.jpg
754,kept,kermany,PNEUMONIA,acd4ff7a30a93ad0ca1654bb6ea6d702d744e443afdb8e26dab63524969a360e,kermany/train/PNEUMONIA/person1340_virus_2312.jpeg
754,dropped_duplicate,chittagong,PNEUMONIA,45c960df3562e3ac8c81852cf4327983ca43807cb5c785536593087e34b5a59d,chittagong/nested_0/Testing/pneumonia/pneumonia-631.jpg
755,kept,kermany,PNEUMONIA,0adc468c217eb85d17de6c0b2724aa1e126255ffe966ebd840cdedce6197e964,kermany/train/PNEUMONIA/person1341_virus_2313.jpeg
755,dropped_duplicate,chittagong,PNEUMONIA,b91e75ed15ba1810fe3596e25bae7909b47335224923e8c0d8b163f681009f5a,chittagong/nested_0/Training/pneumonia/pneumonia-3961.jpg
756,kept,kermany,PNEUMONIA,48f0d840f9036cf629bd38878bbe1d8a2d060780eeceacf90a618b242f60b6ef,kermany/train/PNEUMONIA/person1342_virus_2315.jpeg
756,dropped_duplicate,chittagong,PNEUMONIA,10493e255e856e2b32d98baf4f71da92a086cca66332a3d7b4ddd843b38eeb75,chittagong/nested_0/Training/pneumonia/pneumonia-4593.jpg
757,kept,kermany,PNEUMONIA,d77e4825fff27bbc2cc15a81dcba699ed8178cd220da72e37872524314fcf8ad,kermany/train/PNEUMONIA/person1343_bacteria_3413.jpeg
757,dropped_duplicate,kermany,PNEUMONIA,d77e4825fff27bbc2cc15a81dcba699ed8178cd220da72e37872524314fcf8ad,kermany/train/PNEUMONIA/person1343_bacteria_3414.jpeg
758,kept,kermany,PNEUMONIA,4a0522048535879c1fdb5d736708ebc13e473ac52b69a0c014cfe0db8e13d728,kermany/train/PNEUMONIA/person1343_bacteria_3415.jpeg
758,dropped_duplicate,chittagong,PNEUMONIA,5e10c807b23c94ad0ff83290bdb0a5092077334c04dc2495b49324a6c661fb7f,chittagong/nested_0/Training/pneumonia/pneumonia-86.jpg
759,kept,kermany,PNEUMONIA,8f4ada0f0e786cac261591bc4e2ca92c4631df22ca58f5d52f283e905a577806,kermany/train/PNEUMONIA/person1343_bacteria_3416.jpeg
759,dropped_duplicate,chittagong,PNEUMONIA,bb79da8cdd29af9e83c27c389e1f10e4407a60d3fd5f05614c9a19f4a2dbce1e,chittagong/nested_0/Training/pneumonia/pneumonia-4516.jpg
760,kept,kermany,PNEUMONIA,0c537155ffb3b46b802a0992bf062680334828eee72ac5e9f35335b81b29b0ee,kermany/train/PNEUMONIA/person1343_bacteria_3417.jpeg
760,dropped_duplicate,chittagong,PNEUMONIA,b6ecd54d11179f5d835fd7e47a71813bcff8ae037fe9065a3cdf71d4bd8ae4f0,chittagong/nested_0/Testing/pneumonia/pneumonia-5149.jpg
761,kept,kermany,PNEUMONIA,0156be93b8157bf2f165ad84d5bf9cefef5512ab692c1db67975d1bb0bd68713,kermany/train/PNEUMONIA/person1345_bacteria_3424.jpeg
761,dropped_duplicate,chittagong,PNEUMONIA,b38f3f31b896259d4c930b29a5a57d14865f9fa14b10b46086b7276bb23970e5,chittagong/nested_0/Training/pneumonia/pneumonia-546.jpg
762,kept,kermany,PNEUMONIA,c3d4e2388e867f9a109c90932a60411564c80d77bc3cbe9949b691c9de05842f,kermany/train/PNEUMONIA/person1345_bacteria_3426.jpeg
762,dropped_duplicate,chittagong,PNEUMONIA,5f22fdb52261743c13c65af4b45a89c31185d9c8a7a2115acc03f2e7c706a51c,chittagong/nested_0/Training/pneumonia/pneumonia-4198.jpg
763,kept,kermany,PNEUMONIA,65af96553577e35ff3158d83df10120333105ff010cf42f2c3cd08e46796cbab,kermany/train/PNEUMONIA/person1346_bacteria_3430.jpeg
763,dropped_duplicate,chittagong,PNEUMONIA,e5506cd593870970628e7f9cbee567ed05303ac3d50651a971bb7e97f10dc3f7,chittagong/nested_0/Training/pneumonia/pneumonia-4039.jpg
764,kept,kermany,PNEUMONIA,ca083e6fbd862caec218a0686248c3c501b08c21eebb571a629769174edc54c0,kermany/train/PNEUMONIA/person1349_bacteria_3436.jpeg
764,dropped_duplicate,kermany,PNEUMONIA,ca083e6fbd862caec218a0686248c3c501b08c21eebb571a629769174edc54c0,kermany/train/PNEUMONIA/person1349_bacteria_3437.jpeg
765,kept,kermany,PNEUMONIA,3c7989afc48737fa35f469eef700dad4f9bf585b0b4459136f2a8ce055c8b1da,kermany/train/PNEUMONIA/person1354_bacteria_3448.jpeg
765,dropped_duplicate,chittagong,PNEUMONIA,33ebf21210da8d3d02dd72a8d8e3ac959d6909317d2445798caabdaad322c3e0,chittagong/nested_0/Testing/pneumonia/pneumonia-608.jpg
766,kept,kermany,PNEUMONIA,a693c2eab8ae9939140106759576981fea574d0cde0d88594de7b4deea93b676,kermany/train/PNEUMONIA/person1358_bacteria_3463.jpeg
766,dropped_duplicate,chittagong,PNEUMONIA,5a5749e946991f53981cc6f3551c886a6c0becaf94b4bbbecddb437fea8788eb,chittagong/nested_0/Training/pneumonia/pneumonia-4544.jpg
767,kept,kermany,PNEUMONIA,b0ed7b52547233f23dad66a3357c41808062d4f1da33057c7b90defae8c49f07,kermany/train/PNEUMONIA/person135_virus_270.jpeg
767,dropped_duplicate,chittagong,PNEUMONIA,e7354d895723f85e7848941475d543b556998d1598b5dea6754edea073cbfb4d,chittagong/nested_0/Training/pneumonia/pneumonia-4242.jpg
768,kept,kermany,PNEUMONIA,c923a2adaae43f6e924ab6c83b9f2f15c0725bc0b5992966aa106d5caf16784c,kermany/train/PNEUMONIA/person135_virus_271.jpeg
768,dropped_duplicate,chittagong,PNEUMONIA,07c1daa98e700c2e8446ef03bc3668eefd067821c36d461bc9bba4a50b52dc2a,chittagong/nested_0/Training/pneumonia/pneumonia-556.jpg
769,kept,kermany,PNEUMONIA,49c5420b85023f9082c0e4b85f3c7f6f968d291a8e4c8b37ccbea9e012622c2e,kermany/train/PNEUMONIA/person1360_virus_2341.jpeg
769,dropped_duplicate,chittagong,PNEUMONIA,85e1369af9c253868b670ff9981c66fe18d72f127ab6051d5b67497fd1fedc10,chittagong/nested_0/Testing/pneumonia/pneumonia-5220.jpg
770,kept,kermany,PNEUMONIA,32e269b69efee89018f7f7ee334eed7baf189473bbc96af3f398ce1410793cf7,kermany/train/PNEUMONIA/person1366_bacteria_3490.jpeg
770,dropped_duplicate,chittagong,PNEUMONIA,b9b9eea06e651232384142b446ff1c00b4d2f8ef747ec7ee24c95b0a84ff7f52,chittagong/nested_0/Training/pneumonia/pneumonia-466.jpg
771,kept,kermany,PNEUMONIA,3faf43a3a4fe64ce501d52d9eaf8647d1b768b92a36a37257a90eedb038a2b23,kermany/train/PNEUMONIA/person1369_virus_2355.jpeg
771,dropped_duplicate,chittagong,PNEUMONIA,ad3e688fcffbe02fc690218ec6d697601634338fee34b272939a3670bce00822,chittagong/nested_0/Training/pneumonia/pneumonia-4102.jpg
772,kept,kermany,PNEUMONIA,388458b966658c54aa73a59a24af6e10da0e26d708aa4ae79295891c094ac83b,kermany/train/PNEUMONIA/person1371_virus_2361.jpeg
772,dropped_duplicate,chittagong,PNEUMONIA,4e8073289f45537bde443eb8a6be72eae51dbb113c211803666df41a475f6da4,chittagong/nested_0/Testing/pneumonia/pneumonia-594.jpg
773,kept,kermany,PNEUMONIA,d9e44b1d6dda33ace20e4a3eff3d5cd355561bb513fbecba3e0118d13898e275,kermany/train/PNEUMONIA/person1371_virus_2362.jpeg
773,dropped_duplicate,chittagong,PNEUMONIA,540602ea5b558dead85f984e93aa009aaaba819312a1d363554da9bd47048977,chittagong/nested_0/Training/pneumonia/pneumonia-4230.jpg
774,kept,kermany,PNEUMONIA,40ec950f949cd715b38d1078a0720d195ce2df7d2f6ea5d6c603a4cdee940921,kermany/train/PNEUMONIA/person1372_bacteria_3498.jpeg
774,dropped_duplicate,chittagong,PNEUMONIA,7e8591c9b0796cfecaff42bc6fc0e5880c960a844cba1c1eff08430b3d10029e,chittagong/nested_0/Training/pneumonia/pneumonia-4274.jpg
775,kept,kermany,PNEUMONIA,9217ffd910b2b01554e4a8aeeba0ce52318bc3a67132c8ba7e3a995835d13c13,kermany/train/PNEUMONIA/person1372_bacteria_3501.jpeg
775,dropped_duplicate,kermany,PNEUMONIA,9217ffd910b2b01554e4a8aeeba0ce52318bc3a67132c8ba7e3a995835d13c13,kermany/train/PNEUMONIA/person1372_bacteria_3502.jpeg
775,dropped_duplicate,kermany,PNEUMONIA,9217ffd910b2b01554e4a8aeeba0ce52318bc3a67132c8ba7e3a995835d13c13,kermany/train/PNEUMONIA/person1372_bacteria_3503.jpeg
776,kept,kermany,PNEUMONIA,fab2532fc12b1c900d62b097c30bc689d7ff710d1144aa2232cf4a898d0cf73b,kermany/train/PNEUMONIA/person1375_virus_2366.jpeg
776,dropped_duplicate,chittagong,PNEUMONIA,b59b41b5b434946f7f5731e0943d942cec5c7fb4eb1596f959d3eeca3c466e45,chittagong/nested_0/Testing/pneumonia/pneumonia-714.jpg
777,kept,kermany,PNEUMONIA,5c993b50125f1d7e5fcfbd4cfb29cdecdeda655bb3a43ab7759eefa041974420,kermany/train/PNEUMONIA/person1377_virus_2369.jpeg
777,dropped_duplicate,chittagong,PNEUMONIA,09d82b28772fd1287e90816e5bfe5de086abcbbc1b7b8dd74fb64e4ed031aac6,chittagong/nested_0/Testing/pneumonia/pneumonia-5224.jpg
778,kept,kermany,PNEUMONIA,0954e721892e1410aa3d50dc6264e2e761f9e1941fd7912fd46b29e07db72412,kermany/train/PNEUMONIA/person137_virus_281.jpeg
778,dropped_duplicate,chittagong,PNEUMONIA,2eecac52b2e4afcd4f62c874dc109a238d9c727ccd572e9b5a58f7b33e02982f,chittagong/nested_0/Training/pneumonia/pneumonia-448.jpg
779,kept,kermany,PNEUMONIA,fb80b548a2709c44b8c142338aa71700c3e9b9d8531c4657d0c2ab37478186e3,kermany/train/PNEUMONIA/person1381_virus_2375.jpeg
779,dropped_duplicate,chittagong,PNEUMONIA,92ba737e0924648600a33812b638236de3e14839dd770de4ff7cf84706285ca4,chittagong/nested_0/Training/pneumonia/pneumonia-4116.jpg
780,kept,kermany,PNEUMONIA,c06d03e7ab053083f7ae05dd4441650343ea6e76ae3d12096b20743cb73cc846,kermany/train/PNEUMONIA/person1383_bacteria_3521.jpeg
780,dropped_duplicate,chittagong,PNEUMONIA,b68773968e130ca12132087f24bd73008d6c3e294dd5960209f83a5f2686a714,chittagong/nested_0/Training/pneumonia/pneumonia-99.jpg
781,kept,kermany,PNEUMONIA,91c7f600df2e3d325396fcad7f0c86cbee4f9c100c00d77d7c195dcfa6a8e360,kermany/train/PNEUMONIA/person1397_virus_2400.jpeg
781,dropped_duplicate,chittagong,PNEUMONIA,0274accb8e6057e5d8631a82a45df701d074e1f4d55713e29a83435f1a11cf1f,chittagong/nested_0/Training/pneumonia/pneumonia-4564.jpg
782,kept,kermany,PNEUMONIA,39722bca38993daff7bf079d3f7a036c7b1901050dac0a2dd535e5cddf95a949,kermany/train/PNEUMONIA/person1399_bacteria_3549.jpeg
782,dropped_duplicate,chittagong,PNEUMONIA,52b2d0186c0e0bfe7015dbaf371b3e82fc941f0bf447ceb3fccc7f3c0fd3348f,chittagong/nested_0/Training/pneumonia/pneumonia-390.jpg
783,kept,kermany,PNEUMONIA,3559be10fe50caa03527ee4f017186710bf35bf2a82f8f74cd3dac05ba8dca06,kermany/train/PNEUMONIA/person1399_virus_2402.jpeg
783,dropped_duplicate,chittagong,PNEUMONIA,73e775d13336d4fef6b1ee09c15bfdcdeb37f2e4d483262ca9ca5d0371265b21,chittagong/nested_0/Training/pneumonia/pneumonia-4006.jpg
784,kept,kermany,PNEUMONIA,706fcaf714556a59f40d9adfce72f12c2d2935ae4d7eb481354e8492593c9a15,kermany/train/PNEUMONIA/person1403_bacteria_3557.jpeg
784,dropped_duplicate,chittagong,PNEUMONIA,fb59eacbe6f8335dcab2344581af55147c94eb48d785de497e34acb2b426ca37,chittagong/nested_0/Training/pneumonia/pneumonia-570.jpg
785,kept,kermany,PNEUMONIA,a1b7e1ef2c7f0fb2dc6a4bb4b662d400fd366fa7942e0458561ad802ff2e19df,kermany/train/PNEUMONIA/person1404_bacteria_3561.jpeg
785,dropped_duplicate,chittagong,PNEUMONIA,3b7644295572a00e8fa652262689796dd7a1f860a62abfaf529ddbefdc5e29b5,chittagong/nested_0/Training/pneumonia/pneumonia-3892.jpg
786,kept,kermany,PNEUMONIA,1b58ec1bae583d6abb0b3cf6b60d3dfed0a3ec2b82de613c9a6ba5d8be1ce0d1,kermany/train/PNEUMONIA/person1405_bacteria_3567.jpeg
786,dropped_duplicate,chittagong,PNEUMONIA,fd0bdea7b432402daa35338a84cc0df4a3427534c143ab2cdc7dda19adb3ef80,chittagong/nested_0/Training/pneumonia/pneumonia-200.jpg
787,kept,kermany,PNEUMONIA,fcfe12bf0408bcbf27fdea3c334d7123903d0da1797cd5087da445432e7a8d99,kermany/train/PNEUMONIA/person1406_bacteria_3574.jpeg
787,dropped_duplicate,chittagong,PNEUMONIA,bf80bbea6996eb08a1f757fe5334b160892972a2c9ffb0cbf41d1e9be75fa816,chittagong/nested_0/Training/pneumonia/pneumonia-3967.jpg
788,kept,kermany,PNEUMONIA,f20d8cf7a8653bc8d601415a7c1d8e62c0310aeca8b39ebd31f81a6aefdcd933,kermany/train/PNEUMONIA/person1411_bacteria_3593.jpeg
788,dropped_duplicate,chittagong,PNEUMONIA,7e027a76eeeb2f042bf592dd941b3c3874472fff7009d661c5c82404fe508f51,chittagong/nested_0/Training/pneumonia/pneumonia-4584.jpg
789,kept,kermany,PNEUMONIA,086d2403aba5f87f0f96717c9f976a83773750acb778a72df5e5a16cd0de00ac,kermany/train/PNEUMONIA/person1411_bacteria_3599.jpeg
789,dropped_duplicate,chittagong,PNEUMONIA,8a982ad507e2b54891cb7e11e4f4b96406eef475a58e641d48b5f4112d1f28d7,chittagong/nested_0/Testing/pneumonia/pneumonia-5210.jpg
790,kept,kermany,PNEUMONIA,bc58d48eeee7a835aaf2ecac6f5cb8861ebfa8bdd8a72fe00853d6551a4fdb66,kermany/train/PNEUMONIA/person1411_bacteria_3602.jpeg
790,dropped_duplicate,chittagong,PNEUMONIA,a76306f66261f28a243f48849aaad8eaa72f0197f7c66faaf4cdefd00d2ecf6b,chittagong/nested_0/Training/pneumonia/pneumonia-4169.jpg
791,kept,kermany,PNEUMONIA,8dccdc5f10ee44870bc01e835fb187d443e3a97ccf0edfd02415f7086ed4fb22,kermany/train/PNEUMONIA/person1418_bacteria_3639.jpeg
791,dropped_duplicate,chittagong,PNEUMONIA,7697c920ea2c34b8761c73e1d410da3ab85e36608051416a7d86c199ad05ccc0,chittagong/nested_0/Training/pneumonia/pneumonia-48.jpg
792,kept,kermany,PNEUMONIA,52eefbcae1f5d29df4816d81a9150778212a599fa3382471cb81c7f6fc036342,kermany/train/PNEUMONIA/person1429_bacteria_3688.jpeg
792,dropped_duplicate,chittagong,PNEUMONIA,2567202b17be1fd0b137470fe7a133aec3a24f487dc91aaa0038f2d8facd1dfb,chittagong/nested_0/Testing/pneumonia/pneumonia-5178.jpg
793,kept,kermany,PNEUMONIA,e324d8180008b810b79ccda935c21c2f5c82a12a5bd413fc14ad27df26e062cc,kermany/train/PNEUMONIA/person1430_bacteria_3695.jpeg
793,dropped_duplicate,kermany,PNEUMONIA,e324d8180008b810b79ccda935c21c2f5c82a12a5bd413fc14ad27df26e062cc,kermany/train/PNEUMONIA/person1430_bacteria_3696.jpeg
794,kept,kermany,PNEUMONIA,e21fc9fa2f55f0e8f26df7084aa14bb93f39cab44ff2bb579c4e4481aa9bbae9,kermany/train/PNEUMONIA/person1436_bacteria_3712.jpeg
794,dropped_duplicate,chittagong,PNEUMONIA,baeb64bbe29a1977d2fc9f54cb88fe6468e1416fdd5fb386015508881e47da24,chittagong/nested_0/Training/pneumonia/pneumonia-4131.jpg
795,kept,kermany,PNEUMONIA,8daa0fbedef1c0f411f43e9a1bde95e1ed058002c1c89c798bdde018762e32ca,kermany/train/PNEUMONIA/person1439_virus_2453.jpeg
795,dropped_duplicate,chittagong,PNEUMONIA,8f499a95a8fc26c45178c0666c84f81b75f37444a931da7141603f385d6c70b5,chittagong/nested_0/Testing/pneumonia/pneumonia-664.jpg
796,kept,kermany,PNEUMONIA,61bfa50e7bce738c093f3b66fce38091e1512fb4aceef7a9abc68ada842ab49f,kermany/train/PNEUMONIA/person1442_bacteria_3726.jpeg
796,dropped_duplicate,chittagong,PNEUMONIA,6314c1a4484f0fd4d993d6af4a29a8685b258dd800dfd708b8f694c1876b1b33,chittagong/nested_0/Training/pneumonia/pneumonia-519.jpg
797,kept,kermany,PNEUMONIA,9a9281420e6de6e73e588500a06744227d70812fe7ca367424c0782f223681f5,kermany/train/PNEUMONIA/person1448_virus_2468.jpeg
797,dropped_duplicate,chittagong,PNEUMONIA,63d13d9b0f5126af5295d6949b0c5184b31c3913ac1a2f099968640d7a89ade4,chittagong/nested_0/Training/pneumonia/pneumonia-4580.jpg
798,kept,kermany,PNEUMONIA,cd412fdd218e922714232c23882bbf5cdfc67e7677fdc5459ee75594dbecd756,kermany/train/PNEUMONIA/person1449_bacteria_3743.jpeg
798,dropped_duplicate,chittagong,PNEUMONIA,a3108ed1b82e34cc41a7f2c99d83c7831068c94f8c43470340c1e78fa22d17a6,chittagong/nested_0/Training/pneumonia/pneumonia-3952.jpg
799,kept,kermany,PNEUMONIA,19b20e591413f65bf9587b24847de37ea130ba791289bd37e26bfe1b9ac1c8e6,kermany/train/PNEUMONIA/person1449_bacteria_3746.jpeg
799,dropped_duplicate,chittagong,PNEUMONIA,f233f3606194ee52dd3da8b64d457d5a96c189d2e1e5d3f5459d821ca0bcc255,chittagong/nested_0/Training/pneumonia/pneumonia-476.jpg
800,kept,kermany,PNEUMONIA,e967719a90e7bb9f1e84456b3e4aa0c2636a2a713bba1da4d4ffa73e5ca1e6ae,kermany/train/PNEUMONIA/person1451_virus_2479.jpeg
800,dropped_duplicate,chittagong,PNEUMONIA,8bfc139dfbd49c82acfd6cb3edf041f65344287b9223e9f48642eea15433057f,chittagong/nested_0/Training/pneumonia/pneumonia-85.jpg
801,kept,kermany,PNEUMONIA,a9ffa9cde326c98b32e8b9dffe0a9f2b09b0c244139e273e0cdbb10ff8a58c64,kermany/train/PNEUMONIA/person1451_virus_2480.jpeg
801,dropped_duplicate,chittagong,PNEUMONIA,25a915a56496dcc2a801e09652b6885575071750ad95e7da62df9b316c864377,chittagong/nested_0/Training/pneumonia/pneumonia-3997.jpg
802,kept,kermany,PNEUMONIA,8d80fa74a814abb7b3bf09f2a3b25be1dcccfc5e3d470c32d71a1bc4c0bc5a25,kermany/train/PNEUMONIA/person1453_virus_2485.jpeg
802,dropped_duplicate,chittagong,PNEUMONIA,40adf62d7b0f497ffbba2e6446cf061419768e49ab22644d74bfcbf0287df329,chittagong/nested_0/Training/pneumonia/pneumonia-171.jpg
803,kept,kermany,PNEUMONIA,e435aafc96ccbef70e238acb21d04c71020f0d567b73834d8d7b91eedb419081,kermany/train/PNEUMONIA/person1454_bacteria_3774.jpeg
803,dropped_duplicate,chittagong,PNEUMONIA,7f730b8cc20a860223a8e6831bd927d7bb71e17e7102a715da86c4d42cfdc988,chittagong/nested_0/Training/pneumonia/pneumonia-3964.jpg
804,kept,kermany,PNEUMONIA,d92d5ef39f590b88014bd6c92dfbd12aa2929e3a02a92a33997f80ba548a5d2c,kermany/train/PNEUMONIA/person1454_bacteria_3782.jpeg
804,dropped_duplicate,chittagong,PNEUMONIA,c5aebe48e9e09f91a2ca3eecb6e70c0a0339da62ee5e2a9bc9380254729eaf94,chittagong/nested_0/Training/pneumonia/pneumonia-4007.jpg
805,kept,kermany,PNEUMONIA,d691c0c78b31e2fd964a1885c873321c0f2255357532ea6b24d1cc0b9c958a66,kermany/train/PNEUMONIA/person1455_virus_2487.jpeg
805,dropped_duplicate,chittagong,PNEUMONIA,2c5ae1e317167b7d9f9a3f45c28dca5bd5fb1ac162fd9c6266409cea3b4eb91d,chittagong/nested_0/Training/pneumonia/pneumonia-366.jpg
806,kept,kermany,PNEUMONIA,5e5396c822ee601f54daa94556a19fce787bebc691550afd1320077445e5bc2d,kermany/train/PNEUMONIA/person1458_virus_2502.jpeg
806,dropped_duplicate,chittagong,PNEUMONIA,3ac31b7d20cd1186ec21006c9f58c89bfe81fd8ea597fc9ffe283b924579bccb,chittagong/nested_0/Training/pneumonia/pneumonia-4189.jpg
807,kept,kermany,PNEUMONIA,6d96ec1d5ab07440bc593163ac1210dd42ec982ee60ba8eec758f1f682cb9201,kermany/train/PNEUMONIA/person1459_bacteria_3796.jpeg
807,dropped_duplicate,chittagong,PNEUMONIA,ddd7a4c0a179aa1667692d12feb9f7dfed82fb7c2e4ae16b56a62bb12cd9620f,chittagong/nested_0/Training/pneumonia/pneumonia-4029.jpg
808,kept,kermany,PNEUMONIA,2e3eced74507cf53c16745ec4f7b21bf345ba2f7b4cc1595e0573056d128f6c5,kermany/train/PNEUMONIA/person1459_bacteria_3797.jpeg
808,dropped_duplicate,chittagong,PNEUMONIA,5ccdbb410cdc59b58b77191831d820a9e1a91d7e86de1faf1f5a8e260aa3b4dc,chittagong/nested_0/Testing/pneumonia/pneumonia-866.jpg
809,kept,kermany,PNEUMONIA,0a0dd3c2feef24de95b46fb76cb13e1a40f33f20fc4abde517e19d03d6924fdb,kermany/train/PNEUMONIA/person1459_virus_2506.jpeg
809,dropped_duplicate,chittagong,PNEUMONIA,ddcd385d8fa3224826c55a91e402333c0007928a72705fdfcecb2b2e2a2d8c09,chittagong/nested_0/Training/pneumonia/pneumonia-20.jpg
810,kept,kermany,PNEUMONIA,63ec2edefe46e2d46ae62daa4580a94908fc3b911490f75a47a1ba82e59b3c94,kermany/train/PNEUMONIA/person1460_bacteria_3801.jpeg
810,dropped_duplicate,chittagong,PNEUMONIA,9875a036135d5da44141f7c406ab0e49c36e3cfa2b7807986f0ed959f5910d8a,chittagong/nested_0/Training/pneumonia/pneumonia-489.jpg
811,kept,kermany,PNEUMONIA,947183fb9bac46ca7ec4a338d32f5d46b4ca4cbc30e58782b86a5bda03cb0a23,kermany/train/PNEUMONIA/person1461_virus_2510.jpeg
811,dropped_duplicate,chittagong,PNEUMONIA,68e5b47e87fb954b3fccc51de2b797813fe22c2cb635dec25ed0d24e7e0cd20f,chittagong/nested_0/Testing/pneumonia/pneumonia-679.jpg
812,kept,kermany,PNEUMONIA,2ba44dde8d27d5a520a91d17dc243c888f0ba3aedc8467c6596b2bee12659794,kermany/train/PNEUMONIA/person1466_virus_2543.jpeg
812,dropped_duplicate,chittagong,PNEUMONIA,39d8a3ea2a71695d8cf96a575d6a38f4ba8797768c73769690da8978d219cb9a,chittagong/nested_0/Training/pneumonia/pneumonia-534.jpg
813,kept,kermany,PNEUMONIA,a8f3c7410d7fcfbd667f541db12a7a587c114b0b5d051a79136312df9c33c611,kermany/train/PNEUMONIA/person146_virus_296.jpeg
813,dropped_duplicate,chittagong,PNEUMONIA,7f633a622c12d7db756fa4696deb63816eb710f7711e1db4485cc8cf2c89404a,chittagong/nested_0/Training/pneumonia/pneumonia-4061.jpg
814,kept,kermany,PNEUMONIA,dc0434c48a0a3fd950d89a20f6e46e38db7d24a20f7361a97264eadaf9aee84f,kermany/train/PNEUMONIA/person1474_virus_2556.jpeg
814,dropped_duplicate,chittagong,PNEUMONIA,d6e1e7aeb6430b0b1b824ed3deeac5082feee163e85ee193f89f1487a499ef3b,chittagong/nested_0/Training/pneumonia/pneumonia-4507.jpg
815,kept,kermany,PNEUMONIA,d31ec28e617ffac63182f53d90fe5109ec9b5479d1dc642d415f68f964e87723,kermany/train/PNEUMONIA/person1476_bacteria_3842.jpeg
815,dropped_duplicate,chittagong,PNEUMONIA,dda96aa25fbcf40507bc8c541315ade4acc9166f2052d3e92e0c185b86d1bb70,chittagong/nested_0/Testing/pneumonia/pneumonia-5247.jpg
816,kept,kermany,PNEUMONIA,a27cb3e298b3f25c16c0f213711fae13b49c8dc57d4934ae5b0e8082f6f6ae69,kermany/train/PNEUMONIA/person1477_virus_2561.jpeg
816,dropped_duplicate,chittagong,PNEUMONIA,c14c7b666f5bd0a420eb17d2c2da14fbdea14eb57d5a1db271a6ab5b134aff5d,chittagong/nested_0/Testing/pneumonia/pneumonia-721.jpg
817,kept,kermany,PNEUMONIA,d8dc72e97532aaf277fe84eb63c00a1f907bb4aeca2a1ca1ed2e39ffb4386754,kermany/train/PNEUMONIA/person1478_bacteria_3848.jpeg
817,dropped_duplicate,chittagong,PNEUMONIA,96b2f9f05bf1a433f4042daa0d6df8145e3347d6330182bce0698aa52491a263,chittagong/nested_0/Training/pneumonia/pneumonia-473.jpg
818,kept,kermany,PNEUMONIA,d53c4dc3d0719f305dc7c5ab83a2cc746869d1cb78c5ad0088f0202e5129ae8d,kermany/train/PNEUMONIA/person1481_bacteria_3862.jpeg
818,dropped_duplicate,kermany,PNEUMONIA,d53c4dc3d0719f305dc7c5ab83a2cc746869d1cb78c5ad0088f0202e5129ae8d,kermany/train/PNEUMONIA/person1481_bacteria_3863.jpeg
818,dropped_duplicate,chittagong,PNEUMONIA,87a7d8fec97b0079a0a57bedf5caeae89df7b37cbe051c5fbec3870f9377a58c,chittagong/nested_0/Training/pneumonia/pneumonia-4111.jpg
819,kept,kermany,PNEUMONIA,93d9851b858e539bee80dac11449566db6c4b027ca84ae04ebbc0e2cdc19cd40,kermany/train/PNEUMONIA/person1481_bacteria_3864.jpeg
819,dropped_duplicate,kermany,PNEUMONIA,93d9851b858e539bee80dac11449566db6c4b027ca84ae04ebbc0e2cdc19cd40,kermany/train/PNEUMONIA/person1481_bacteria_3865.jpeg
819,dropped_duplicate,chittagong,PNEUMONIA,6f4c8ff705c8c1361c673b243beb06c7e4fb1420d9b90fb9f24b219b953d2df0,chittagong/nested_0/Training/pneumonia/pneumonia-4252.jpg
820,kept,kermany,PNEUMONIA,4d9f500ccfdde23bd7deb003994aeaf41537834458287bea61e9e80e78e8b091,kermany/train/PNEUMONIA/person1481_bacteria_3866.jpeg
820,dropped_duplicate,kermany,PNEUMONIA,4d9f500ccfdde23bd7deb003994aeaf41537834458287bea61e9e80e78e8b091,kermany/train/PNEUMONIA/person1481_bacteria_3867.jpeg
821,kept,kermany,PNEUMONIA,cf2b261e87753ac8117b908b317ac2c927f16840431684ecea6f6d412323abf5,kermany/train/PNEUMONIA/person1481_bacteria_3868.jpeg
821,dropped_duplicate,chittagong,PNEUMONIA,b5faf114bf74c6cafcdfde8b2d163163b386924d090bdb2712f5f10cf4bb453c,chittagong/nested_0/Testing/pneumonia/pneumonia-632.jpg
822,kept,kermany,PNEUMONIA,8f1340324c7a5c75dd6d73cbe87c587380431468d446b7fdc529586c7f288675,kermany/train/PNEUMONIA/person1482_bacteria_3874.jpeg
822,dropped_duplicate,chittagong,PNEUMONIA,e369c15d49632aa894d3bd0489f056530225e7ae7460f455efbc21c7e69ece58,chittagong/nested_0/Testing/pneumonia/pneumonia-5126.jpg
823,kept,kermany,PNEUMONIA,ca2c541e14d3aa7dd95871acd05b3a9a1297c4d886c86a8b8da6ae003c6e7887,kermany/train/PNEUMONIA/person1482_virus_2570.jpeg
823,dropped_duplicate,chittagong,PNEUMONIA,61e5c0f45fd18e405e3f1d49181733bac0f2fa69801d02d8c3e5d849fe556b34,chittagong/nested_0/Training/pneumonia/pneumonia-3995.jpg
824,kept,kermany,PNEUMONIA,70cc298438f76579dba0601350c0c12888207249aa551789435952d5cc78158a,kermany/train/PNEUMONIA/person1486_bacteria_3881.jpeg
824,dropped_duplicate,chittagong,PNEUMONIA,cc961b2c064f9567f44d943d024f559c9ab55df3a378bb6e554df774d8e12e01,chittagong/nested_0/Training/pneumonia/pneumonia-46.jpg
825,kept,kermany,PNEUMONIA,3fbfaa917889f9e85b74d8ce9bf909c5a834d3d7cbdb30f4b1cbcc4c05b04649,kermany/train/PNEUMONIA/person1486_bacteria_3883.jpeg
825,dropped_duplicate,chittagong,PNEUMONIA,75ff2bfa3da68539d7aa31a5c2365496c4eea601aa17eecb210fcec2d84d0d71,chittagong/nested_0/Testing/pneumonia/pneumonia-5129.jpg
826,kept,kermany,PNEUMONIA,595b1a3b48d88f9ad2ba5a8a9f5411c9d9f6fd26c5c90a6db291c921318e4622,kermany/train/PNEUMONIA/person1488_virus_2585.jpeg
826,dropped_duplicate,chittagong,PNEUMONIA,458332d50dafbd15508d46e5ee2524a962464194a08ac50eea5b0dd94ec14b95,chittagong/nested_0/Training/pneumonia/pneumonia-4550.jpg
827,kept,kermany,PNEUMONIA,95ba63d717b7a24938a29887b73ebccb965bc7e1c9da1e02a899fef5c9907553,kermany/train/PNEUMONIA/person1488_virus_2593.jpeg
827,dropped_duplicate,chittagong,PNEUMONIA,bb07a2c531af962de56ed8179e66f3b83e2bbe84f2d3d07e5fbd862bd2a6751c,chittagong/nested_0/Training/pneumonia/pneumonia-3965.jpg
828,kept,kermany,PNEUMONIA,1aef9e2cfba33ef3a2bbf07cc90e0c6d0277943ed1d920d9691ed0f53c43f95c,kermany/train/PNEUMONIA/person1490_virus_2596.jpeg
828,dropped_duplicate,chittagong,PNEUMONIA,0ae07171b8be2c69444c118b04b7274acf886bf0ceccfc85550569f665204965,chittagong/nested_0/Training/pneumonia/pneumonia-3924.jpg
829,kept,kermany,PNEUMONIA,335e15d1f68126ffa69674cfbad83bb5624f78c2ae2f08098a66c47c7a8b6ffb,kermany/train/PNEUMONIA/person1496_bacteria_3905.jpeg
829,dropped_duplicate,chittagong,PNEUMONIA,a0b90dfd25496220476e7669d4af5c5ee53bddd0f3d6c02831680ba1f44f9ede,chittagong/nested_0/Training/pneumonia/pneumonia-520.jpg
830,kept,kermany,PNEUMONIA,4e4df8461fc3412959b5c34abb54977332738400aeab75689b2c33ef00e27f99,kermany/train/PNEUMONIA/person1496_bacteria_3909.jpeg
830,dropped_duplicate,kermany,PNEUMONIA,4e4df8461fc3412959b5c34abb54977332738400aeab75689b2c33ef00e27f99,kermany/train/PNEUMONIA/person1496_bacteria_3910.jpeg
831,kept,kermany,PNEUMONIA,eaa77545451d9d237f88fb63a9c60073d562772f3a061285d1e3e4eaf5667ad9,kermany/train/PNEUMONIA/person1496_bacteria_3911.jpeg
831,dropped_duplicate,chittagong,PNEUMONIA,7e02a4a0d3096e16a4369739eb747ca692005005799a0eb143a9b694a8628303,chittagong/nested_0/Training/pneumonia/pneumonia-3963.jpg
832,kept,kermany,PNEUMONIA,1f7bbea85204d971e250e0a27dbffc819310eb0f5b100f3f86b3747e321be4d1,kermany/train/PNEUMONIA/person1496_virus_2606.jpeg
832,dropped_duplicate,chittagong,PNEUMONIA,493f9f029a078922c4135ded5209057ddd1d0fe03ae8d96c2440e2d1addeae37,chittagong/nested_0/Training/pneumonia/pneumonia-50.jpg
833,kept,kermany,PNEUMONIA,9f1f58c121c31ec70fdf110d222739b5d471344da41da0ef175841907eb90299,kermany/train/PNEUMONIA/person1500_bacteria_3916.jpeg
833,dropped_duplicate,chittagong,PNEUMONIA,bcb08ca63329a4f59b2cdb2dd3e71bb4f394d3c8e41f034ede377942cc08f860,chittagong/nested_0/Testing/pneumonia/pneumonia-718.jpg
834,kept,kermany,PNEUMONIA,a9c23afaf7c77cef1c907d54271ee59d4e8b3cfb3abf37d633ba31dfad309999,kermany/train/PNEUMONIA/person1502_bacteria_3922.jpeg
834,dropped_duplicate,chittagong,PNEUMONIA,979b37050bfeeb6121c837388511c3f12ea1e62c8a5365a98bbec003b20d104c,chittagong/nested_0/Testing/pneumonia/pneumonia-5153.jpg
835,kept,kermany,PNEUMONIA,0880c20768606606271340d56d5b994ab2638a0a7f85432911b2782a3aa13fbc,kermany/train/PNEUMONIA/person1506_virus_2616.jpeg
835,dropped_duplicate,chittagong,PNEUMONIA,009eaf2eef59b068b41ccc098d2ff58050f3785c722482c12932dd7cd8bf51b1,chittagong/nested_0/Training/pneumonia/pneumonia-3925.jpg
836,kept,kermany,PNEUMONIA,b668222f475a45b07ac1367cdeae9b130dee6dbbc7ad592436f475e8636b6f1d,kermany/train/PNEUMONIA/person1507_bacteria_3944.jpeg
836,dropped_duplicate,chittagong,PNEUMONIA,c301a7007217792bed90ccbb24243d78cb82fcb0998541e96580419e6bf737f4,chittagong/nested_0/Testing/pneumonia/pneumonia-5201.jpg
837,kept,kermany,PNEUMONIA,daa80d2dc71c07072ac24347bffb97aa96a0779c4a594d7454edc28258cad00c,kermany/train/PNEUMONIA/person1507_bacteria_3945.jpeg
837,dropped_duplicate,chittagong,PNEUMONIA,a6b044b29f08cee39a16b31df59d8d46597ad40c52471bb35475b3d5f540aee5,chittagong/nested_0/Training/pneumonia/pneumonia-163.jpg
838,kept,kermany,PNEUMONIA,4b22bf6ad49b245e4fe8ceae9f5dbbfdc160845cda553118c510808e1fb4e63c,kermany/train/PNEUMONIA/person1507_bacteria_3946.jpeg
838,dropped_duplicate,chittagong,PNEUMONIA,84f04ed9809ec7ec66e7b92611142db9a69e3e338f84e6760b28db436cc9f299,chittagong/nested_0/Training/pneumonia/pneumonia-234.jpg
839,kept,kermany,PNEUMONIA,bb5308a34a7cdf300a7aba87758d58f350ba4e7141fb2e7e474712857b01fce5,kermany/train/PNEUMONIA/person1508_bacteria_3949.jpeg
839,dropped_duplicate,chittagong,PNEUMONIA,386b17730969942698d337dae06d611b6679e830c49e1dcb0975c6c70b69702f,chittagong/nested_0/Testing/pneumonia/pneumonia-5108.jpg
840,kept,kermany,PNEUMONIA,f2b6b600cec8b21c11af81611a76f5720d3d9b771dc6e4815eefa9e9a370f5f1,kermany/train/PNEUMONIA/person1510_virus_2628.jpeg
840,dropped_duplicate,chittagong,PNEUMONIA,2cf93a4a78e804008829fb43f699d7d82950b9fa0e663ce5efeb7f246ea0c41c,chittagong/nested_0/Training/pneumonia/pneumonia-4167.jpg
841,kept,kermany,PNEUMONIA,cf24878aedb39f0bde4f2a9ba6d77b50742cc0dce8a08a8c18ee60350cc8fffc,kermany/train/PNEUMONIA/person1510_virus_2629.jpeg
841,dropped_duplicate,chittagong,PNEUMONIA,a60303fec1e891ded604b319de9aebd6ee372ddb51602a1a1930b489e9e2f6b1,chittagong/nested_0/Training/pneumonia/pneumonia-4523.jpg
842,kept,kermany,PNEUMONIA,6c3067d5f3b05c184c19f6a3f1c10be967099c8fb1564cd7ea3bb6d305f21830,kermany/train/PNEUMONIA/person1517_virus_2644.jpeg
842,dropped_duplicate,chittagong,PNEUMONIA,bb1349331827e7a5d96d8634872f744e9f98e3bb2070b495f26844fb8ee31d22,chittagong/nested_0/Training/pneumonia/pneumonia-4040.jpg
843,kept,kermany,PNEUMONIA,9fca63142e5e2e41cccdf4679e4b8efe6e136798c79ea6eb8a63c9e4d0b260ee,kermany/train/PNEUMONIA/person1518_bacteria_3969.jpeg
843,dropped_duplicate,chittagong,PNEUMONIA,8f30264b0fa7604e20bff252009297be843c2559d8d5216f7846e6f1c0ebc32e,chittagong/nested_0/Training/pneumonia/pneumonia-4052.jpg
844,kept,kermany,PNEUMONIA,2f66a1ebd8d21ee7225fbb73a8dde1ccf8eaf2b9bf165ee9d4a1d316e7c5a6cd,kermany/train/PNEUMONIA/person1525_bacteria_3985.jpeg
844,dropped_duplicate,chittagong,PNEUMONIA,9ecde6b7ad7bf5875beecb0f5cd3b62473217ee2826874fcba7532a5b1a08f69,chittagong/nested_0/Training/pneumonia/pneumonia-195.jpg
845,kept,kermany,PNEUMONIA,33a46fb95e5a9ed47c30868a638afd85186f6f4e0b0ab251fef8fc5c0f7b654a,kermany/train/PNEUMONIA/person1526_virus_2660.jpeg
845,dropped_duplicate,chittagong,PNEUMONIA,f20a59db2365ef8f9dd1b88c130862c8bffa7e987b490f41008fd411aab63431,chittagong/nested_0/Training/pneumonia/pneumonia-3982.jpg
846,kept,kermany,PNEUMONIA,a2f359af16531c89f95dbe9b5d5d3b287afba7960ce31ade71aa674d3b5cbb4c,kermany/train/PNEUMONIA/person1527_bacteria_3989.jpeg
846,dropped_duplicate,chittagong,PNEUMONIA,5e38a4538da1803bdb4b9ca0319314659f4c2174517f33cd85fed4b4fa1d2822,chittagong/nested_0/Testing/pneumonia/pneumonia-665.jpg
847,kept,kermany,PNEUMONIA,4e1f497b7723ab86605aa4b423a86e7bf49f5ef2f7df1195601c3a5cb077fa82,kermany/train/PNEUMONIA/person1535_bacteria_4017.jpeg
847,dropped_duplicate,chittagong,PNEUMONIA,a44c55bdb65c0e045c66396c2129cec9aab7e68a001d2a11c0bdf333c1c76076,chittagong/nested_0/Training/pneumonia/pneumonia-3941.jpg
848,kept,kermany,PNEUMONIA,988c2926369b4511bdc826ac09baba00296ff0b655a58e5d1578affe31b4ac2d,kermany/train/PNEUMONIA/person1536_bacteria_4018.jpeg
848,dropped_duplicate,chittagong,PNEUMONIA,05644775ed8d9d4687afb125a717e9c1cdf8a52b199ee68323fb9194fdd8984d,chittagong/nested_0/Training/pneumonia/pneumonia-429.jpg
849,kept,kermany,PNEUMONIA,a322ab2f81c7bcf67f6ea69653d382a7822fe9eb619f237415bbe9e503dd624e,kermany/train/PNEUMONIA/person1537_virus_2674.jpeg
849,dropped_duplicate,chittagong,PNEUMONIA,12beda3b56ea8a9646a47553c09e2d8813eff096584b0487d7acce6aef1f3571,chittagong/nested_0/Training/pneumonia/pneumonia-4218.jpg
850,kept,kermany,PNEUMONIA,e68d56d53cb3e82a596e51b1af1ebb9f7eb4918f12d9f03974d41be10c4466b4,kermany/train/PNEUMONIA/person1544_bacteria_4038.jpeg
850,dropped_duplicate,chittagong,PNEUMONIA,d88eb589fe96f0242b067ee630ad31666254b366fa9270117d70e509ced8eaf4,chittagong/nested_0/Training/pneumonia/pneumonia-3906.jpg
851,kept,kermany,PNEUMONIA,c5ff30ab4b8ffb7255adecfd66de7e2cc25437e6a81ba5aaf1b2db5048021451,kermany/train/PNEUMONIA/person1545_bacteria_4042.jpeg
851,dropped_duplicate,chittagong,PNEUMONIA,e36605f596966c9d9de01fba84c9fcad1c7a6ef3de5d7048c7fe2cc7b7e39d5d,chittagong/nested_0/Testing/pneumonia/pneumonia-5176.jpg
852,kept,kermany,PNEUMONIA,895c1ebbad97f0097dcafe9ab7c9f348f994d5cd4d83cec2127ca06eeee04dcd,kermany/train/PNEUMONIA/person1546_virus_2687.jpeg
852,dropped_duplicate,chittagong,PNEUMONIA,bd9444029344be91edb86503f040e9272a1de4534812c5d04dcedd35de1b3e02,chittagong/nested_0/Training/pneumonia/pneumonia-4127.jpg
853,kept,kermany,PNEUMONIA,4beb47c1cd884ceea14fd53968e0c78aee1668433810e6d6d42d87dea10edab5,kermany/train/PNEUMONIA/person1548_virus_2689.jpeg
853,dropped_duplicate,chittagong,PNEUMONIA,dfb17d967c6188649ae8818ee937165e80b8cb6fa6a5ed36dc74234c8ebc04ee,chittagong/nested_0/Training/pneumonia/pneumonia-4165.jpg
854,kept,kermany,PNEUMONIA,4f2703973c5fff21945e7b44149191eb5e6a12a51105a26bbf41608fbfc9d89d,kermany/train/PNEUMONIA/person1552_bacteria_4055.jpeg
854,dropped_duplicate,chittagong,PNEUMONIA,aa75b88e29afab5b4f55d96b97bdb365a525501acc10ee1bbac0546a72e258da,chittagong/nested_0/Training/pneumonia/pneumonia-4180.jpg
855,kept,kermany,PNEUMONIA,b95dff45a8b6ffb68178fd76f28d9df9c0f0557d55a377c0648e40073db8c221,kermany/train/PNEUMONIA/person1555_bacteria_4058.jpeg
855,dropped_duplicate,chittagong,PNEUMONIA,35ebcfebda191ff69a7938b8239dd0dd05c048c2090ae7275f15d2eacf5f5cba,chittagong/nested_0/Testing/pneumonia/pneumonia-833.jpg
856,kept,kermany,PNEUMONIA,e848d328c3bf0b047189411ff5ce4892ff0941259bfb5aad1b39fd26f628cbfd,kermany/train/PNEUMONIA/person1555_bacteria_4060.jpeg
856,dropped_duplicate,chittagong,PNEUMONIA,5dbf3221e0e9d9e83149d383472fbfce8a40fad19d619ae35eca362071e2fe56,chittagong/nested_0/Training/pneumonia/pneumonia-139.jpg
857,kept,kermany,PNEUMONIA,f9822903bf2383ecadc42ac243412cfaba67869e7b9b9b3ee45c11f8959c7487,kermany/train/PNEUMONIA/person1557_bacteria_4063.jpeg
857,dropped_duplicate,chittagong,PNEUMONIA,dba03de387dfde87f00fefb40be323203fe52fc83997752c11d5975766ea7d87,chittagong/nested_0/Testing/pneumonia/pneumonia-663.jpg
858,kept,kermany,PNEUMONIA,b3f500950fd88da48f1693e7d1495de0ef84510e14a84703b6d4a47da647c328,kermany/train/PNEUMONIA/person1559_bacteria_4067.jpeg
858,dropped_duplicate,chittagong,PNEUMONIA,3bd35e59c1252988a963e7e8e8519cf1f7b15767723169877a405beedfc0331a,chittagong/nested_0/Training/pneumonia/pneumonia-60.jpg
859,kept,kermany,PNEUMONIA,bc257457519c799abeb92f88ed4b96263939605463c674a881fcc561d54cb81c,kermany/train/PNEUMONIA/person1561_bacteria_4077.jpeg
859,dropped_duplicate,chittagong,PNEUMONIA,62a6fc899bab4fdbc8359780d981112010878788be76cc75692d73c33b97c202,chittagong/nested_0/Training/pneumonia/pneumonia-507.jpg
860,kept,kermany,PNEUMONIA,10867fbfd3a52e119675ec7adfa18d8fc2837fca0e353c789274410bc6157e1a,kermany/train/PNEUMONIA/person1571_bacteria_4110.jpeg
860,dropped_duplicate,chittagong,PNEUMONIA,b2a09b01b4154d4f4f521cd540ed9753451fdff47b8d787b818cf3028ddf520c,chittagong/nested_0/Training/pneumonia/pneumonia-4575.jpg
861,kept,kermany,PNEUMONIA,19c04bf7171c25105b3c008d70c3b62f7094c5d961e7ccb459141628d8ecae21,kermany/train/PNEUMONIA/person1571_virus_2728.jpeg
861,dropped_duplicate,chittagong,PNEUMONIA,b2b9d44983ec8f1b18e4405f9ea97df3763f91eedb40450d1785c45014cc856d,chittagong/nested_0/Testing/pneumonia/pneumonia-5137.jpg
862,kept,kermany,PNEUMONIA,30717331539e305d131a89acd34dd60854663196ab5c82c4eb5e2f7c395356de,kermany/train/PNEUMONIA/person1576_bacteria_4128.jpeg
862,dropped_duplicate,chittagong,PNEUMONIA,e1d12258e6501fa0dc4b396b2194808a438c358caa742fd418c42f63d2ee3129,chittagong/nested_0/Training/pneumonia/pneumonia-4063.jpg
863,kept,kermany,PNEUMONIA,9f3cb0fb8374b85c429e0bc566bd77cc698ab895462a9765c17f5cab9a0c9e9c,kermany/train/PNEUMONIA/person1576_virus_2734.jpeg
863,dropped_duplicate,chittagong,PNEUMONIA,e97d833d22b3af7e3be08a23f900fb2e66536cf3cdc6dd775209fb8a42f805ac,chittagong/nested_0/Training/pneumonia/pneumonia-4142.jpg
864,kept,kermany,PNEUMONIA,c0a33d7779e086b0bbf26ca0ea23f9bb50bd2415ccfe7052c89252bb5a567448,kermany/train/PNEUMONIA/person157_virus_311.jpeg
864,dropped_duplicate,chittagong,PNEUMONIA,46ccb6b6ce7ba4a303e6ce5f2bc3d522857c0d3f3f948231bb8a024473611565,chittagong/nested_0/Testing/pneumonia/pneumonia-5183.jpg
865,kept,kermany,PNEUMONIA,de5a2883d29302663879e671f4d51c51ab1ab52fb2a1b334c9cc05e7a8ee3a3e,kermany/train/PNEUMONIA/person1589_bacteria_4171.jpeg
865,dropped_duplicate,chittagong,PNEUMONIA,df9fcd2df3043a9d2e386f96f64d68c7b8726aaac2b6d55491f422a9c88722d6,chittagong/nested_0/Training/pneumonia/pneumonia-241.jpg
866,kept,kermany,PNEUMONIA,9f84de5b7296bfb4dfa7b31f64630f12233a2e7d287ca7ba84a4360be8c399cf,kermany/train/PNEUMONIA/person1589_virus_2763.jpeg
866,dropped_duplicate,chittagong,PNEUMONIA,672f910132164a0712901096a9c97d7b21e080fd83b0eb4f9aacc8b9edc85451,chittagong/nested_0/Training/pneumonia/pneumonia-3994.jpg
867,kept,kermany,PNEUMONIA,272a758a777ccb49eaf06ff2c9373797806a776c8eb3cc087109b90ae6b3152e,kermany/train/PNEUMONIA/person1592_bacteria_4178.jpeg
867,dropped_duplicate,chittagong,PNEUMONIA,060c6789ab2fcbcb13c8f7bc84b7049ff2885383b8157c2fd16385b2db077ed0,chittagong/nested_0/Training/pneumonia/pneumonia-44.jpg
868,kept,kermany,PNEUMONIA,fefe6cfa9096cdc7fb3dd3436fd2276900a101038c77545d52afc46749fa6839,kermany/train/PNEUMONIA/person1596_bacteria_4184.jpeg
868,dropped_duplicate,chittagong,PNEUMONIA,7baa6fac1592202673351ece1e510c840c918c08b4863595c99c3dc44abbf250,chittagong/nested_0/Training/pneumonia/pneumonia-501.jpg
869,kept,kermany,PNEUMONIA,a7900077f12394e144732f37f8da017caf630ec0f63d5f4633f0a84b368d79a8,kermany/train/PNEUMONIA/person1597_bacteria_4189.jpeg
869,dropped_duplicate,chittagong,PNEUMONIA,777351d9b790c80aa8e0f822c723363138452a527f18540a5542149c21983395,chittagong/nested_0/Training/pneumonia/pneumonia-56.jpg
870,kept,kermany,PNEUMONIA,fefc99a2edff33e341d6cfeb6c2fe1fb6d1844e2647477f13cff7554ddbd3ef0,kermany/train/PNEUMONIA/person1598_bacteria_4198.jpeg
870,dropped_duplicate,chittagong,PNEUMONIA,f9a62d24cdee157f39d6efb05663b1d9ff4d7192c4ac391cb006939ea3aa2636,chittagong/nested_0/Training/pneumonia/pneumonia-4184.jpg
871,kept,kermany,PNEUMONIA,126b84e018c65a669c3c0cdccacb3540f42b4c397d7c9de91158f2ca4e8031c6,kermany/train/PNEUMONIA/person1599_bacteria_4201.jpeg
871,dropped_duplicate,chittagong,PNEUMONIA,ccd29b449c3b397219bea97b0c727a3011c3e89aac6d6e48c60120cac338bc75,chittagong/nested_0/Testing/pneumonia/pneumonia-5241.jpg
872,kept,kermany,PNEUMONIA,e2f11dbdb74f3205d25bbd1a9797a37db874a84f735e9d8aea2e45c6ab8d20f5,kermany/train/PNEUMONIA/person1599_virus_2776.jpeg
872,dropped_duplicate,chittagong,PNEUMONIA,e9baf5a391921ccbf691971ee1709179960a18ee7b9f55b0586d05e0a39b4a06,chittagong/nested_0/Testing/pneumonia/pneumonia-623.jpg
873,kept,kermany,PNEUMONIA,cee5be6a502a23aa8b7b26893bdb75beb3104b2e9414799ddeac87b489910d53,kermany/train/PNEUMONIA/person1604_virus_2782.jpeg
873,dropped_duplicate,chittagong,PNEUMONIA,f9486064138b01c95b4c3f51337e564b2fb76d580e08af6772abff184b5634e3,chittagong/nested_0/Training/pneumonia/pneumonia-4086.jpg
874,kept,kermany,PNEUMONIA,1318ee521c639016c6b4b3797ed73e02eea8ddf12393cd3561ef0a2a60964922,kermany/train/PNEUMONIA/person1605_bacteria_4226.jpeg
874,dropped_duplicate,chittagong,PNEUMONIA,186de7b1a296f03f68e871dd163947aaee8d595334cd8a746be5d3dd5da18422,chittagong/nested_0/Training/pneumonia/pneumonia-490.jpg
875,kept,kermany,PNEUMONIA,7dd24e2f7bc6d83366b769f02dd10582cfc58fb22246b4a2872dfcc0e9fdc8cf,kermany/train/PNEUMONIA/person1609_virus_2791.jpeg
875,dropped_duplicate,chittagong,PNEUMONIA,007b6bec14455f97a18893c18ca97413197b10209f73047deb2ae83e999c06fc,chittagong/nested_0/Training/pneumonia/pneumonia-13.jpg
876,kept,kermany,PNEUMONIA,656f3a2e622acd2564fab95c06cd7ee2d476a86ac554e9964781ff3e5b709a77,kermany/train/PNEUMONIA/person160_virus_316.jpeg
876,dropped_duplicate,chittagong,PNEUMONIA,852fd08aa8fc385ae5bb5753987a8715d7fa325566df0f8aff4c768f7a0766fc,chittagong/nested_0/Training/pneumonia/pneumonia-343.jpg
877,kept,kermany,PNEUMONIA,38a350f0d692d63986f4829856d5f2e47fdb16cdaf4d5e943820cb2bb5c5dfd6,kermany/train/PNEUMONIA/person1611_bacteria_4241.jpeg
877,dropped_duplicate,chittagong,PNEUMONIA,a15daa56ed904c60e0581f0c357cb6e2e42ebe942da866a76bda4c2bc7bb466a,chittagong/nested_0/Training/pneumonia/pneumonia-3921.jpg
878,kept,kermany,PNEUMONIA,1e6797aaa64326c91d358472046d42b04ac9768289e21357612fef6107ddd847,kermany/train/PNEUMONIA/person1613_bacteria_4247.jpeg
878,dropped_duplicate,chittagong,PNEUMONIA,a456e90992b22c0430354b4a1122411d77ab6bf59a883ccd75c5880cb3fc5146,chittagong/nested_0/Training/pneumonia/pneumonia-203.jpg
879,kept,kermany,PNEUMONIA,d3db178dbebd563aad6d0d4fb6619ab4bec9df469b7e5c48d33ec609eb6e87a8,kermany/train/PNEUMONIA/person1614_bacteria_4248.jpeg
879,dropped_duplicate,chittagong,PNEUMONIA,f749d72f346ffff70b6c6daf077840b1d9ea2768545b8db48ead50bf9df26929,chittagong/nested_0/Training/pneumonia/pneumonia-3989.jpg
880,kept,kermany,PNEUMONIA,5d463afcfde5b3b2e91860939ae861138453fbc6c2c2b26a2a6f8f5442e9be57,kermany/train/PNEUMONIA/person1616_bacteria_4251.jpeg
880,dropped_duplicate,chittagong,PNEUMONIA,e4be80d98f408fe0a53722f933ac6e1fdbb8ce9b05521bc4740b4c6af9898a67,chittagong/nested_0/Training/pneumonia/pneumonia-377.jpg
881,kept,kermany,PNEUMONIA,6811edbc1ee91582f8e60749f29dee79652892b24ad0be31cda4c41a785901a7,kermany/train/PNEUMONIA/person1617_bacteria_4255.jpeg
881,dropped_duplicate,chittagong,PNEUMONIA,21459cecfad453b5d493a545fc4b06aeebb8c3de055e1e8a4923b16ee36655b9,chittagong/nested_0/Training/pneumonia/pneumonia-255.jpg
882,kept,kermany,PNEUMONIA,a42d70b3e44c9f108aeaf5518a5e396706412b5246d9d3c17a1429ffaacb4d94,kermany/train/PNEUMONIA/person1618_bacteria_4258.jpeg
882,dropped_duplicate,chittagong,PNEUMONIA,6b89bb19479a10d59d2e42ac1bc2b93ee8a2d8bbb90f166edc8e874f00e1d3c7,chittagong/nested_0/Training/pneumonia/pneumonia-4129.jpg
883,kept,kermany,PNEUMONIA,05d2f5b0da7bdb3e90869bf2d9b526721e8273068cdc8e66976abbe612d0ef5a,kermany/train/PNEUMONIA/person1619_bacteria_4266.jpeg
883,dropped_duplicate,chittagong,PNEUMONIA,ca5bcb1e103341286200d861180b1d24da2790d371c104a4e5de205c8f69ab5a,chittagong/nested_0/Training/pneumonia/pneumonia-4559.jpg
884,kept,kermany,PNEUMONIA,8b49e842fd5339e19fab416624e289d1f65cd4fa8520f32d8050ef70dca2d569,kermany/train/PNEUMONIA/person1619_bacteria_4267.jpeg
884,dropped_duplicate,kermany,PNEUMONIA,8b49e842fd5339e19fab416624e289d1f65cd4fa8520f32d8050ef70dca2d569,kermany/train/PNEUMONIA/person1619_bacteria_4268.jpeg
884,dropped_duplicate,chittagong,PNEUMONIA,10afda68670e6c676df7d36b808f6209fdc67864bb54198297b74676bbea13aa,chittagong/nested_0/Training/pneumonia/pneumonia-340.jpg
885,kept,kermany,PNEUMONIA,9b4eda149b76ed7a7b8eabce710a60d7eaa5a42b58e02d9c6afb57f8191b73ee,kermany/train/PNEUMONIA/person1626_bacteria_4291.jpeg
885,dropped_duplicate,chittagong,PNEUMONIA,5dffb483a2f21ad06b6cd94f5dd6d95b45f9491c620062b8f827161f3dc34c1f,chittagong/nested_0/Training/pneumonia/pneumonia-328.jpg
886,kept,kermany,PNEUMONIA,f7f1568b12da30d188b267e18874fd790ce7c3b6c086c2c19e7e24a528362dde,kermany/train/PNEUMONIA/person1628_bacteria_4295.jpeg
886,dropped_duplicate,chittagong,PNEUMONIA,8180967abd0af6873ac834911ad560cc439866e632478b1c961597a6e2d27244,chittagong/nested_0/Training/pneumonia/pneumonia-4495.jpg
887,kept,kermany,PNEUMONIA,704f62a1b29b3ae0ef1995610cc7cd63d9f0393bb5b653ded033cbcd1c92d409,kermany/train/PNEUMONIA/person1628_bacteria_4297.jpeg
887,dropped_duplicate,kermany,PNEUMONIA,704f62a1b29b3ae0ef1995610cc7cd63d9f0393bb5b653ded033cbcd1c92d409,kermany/train/PNEUMONIA/person1628_bacteria_4298.jpeg
888,kept,kermany,PNEUMONIA,7742cd407ba0c92de440cdcf39a5da98730c5d61244b9ef6ec0090854973927b,kermany/train/PNEUMONIA/person162_virus_320.jpeg
888,dropped_duplicate,chittagong,PNEUMONIA,2ecf65992001da0fccc785d87e2f57d28308cac5c1f3300a27c1f78da26cb212,chittagong/nested_0/Training/pneumonia/pneumonia-4291.jpg
889,kept,kermany,PNEUMONIA,9f6a730d3e941b95577919c7762465db93bf43bd2ec5eac28e46870feffc264b,kermany/train/PNEUMONIA/person162_virus_321.jpeg
889,dropped_duplicate,kermany,PNEUMONIA,9f6a730d3e941b95577919c7762465db93bf43bd2ec5eac28e46870feffc264b,kermany/train/PNEUMONIA/person162_virus_322.jpeg
889,dropped_duplicate,chittagong,PNEUMONIA,d0d70c68e3b227ecde3beeee29324136b83d9285f41a829fe59acb07ab989b97,chittagong/nested_0/Training/pneumonia/pneumonia-3998.jpg
890,kept,kermany,PNEUMONIA,e58c11ad81d993c545b14903a04a627674242ee69afd8132e25ea1828846bd1b,kermany/train/PNEUMONIA/person1637_bacteria_4339.jpeg
890,dropped_duplicate,chittagong,PNEUMONIA,c76bb1e6bb172803c2dc3073f1a80e4fd921b0e22b7c21499889bad5df558d7b,chittagong/nested_0/Training/pneumonia/pneumonia-344.jpg
891,kept,kermany,PNEUMONIA,dd1ecaee58e0efd86459e85a0bf3f29a84613a5a85888cc0b4e9214235f10cb2,kermany/train/PNEUMONIA/person1639_bacteria_4345.jpeg
891,dropped_duplicate,chittagong,PNEUMONIA,751f819c18fc7523c9e1fa254b8dfef546072ad0caeea6a9acba93bd456efeb5,chittagong/nested_0/Training/pneumonia/pneumonia-326.jpg
892,kept,kermany,PNEUMONIA,3d7f0f238cc0131d4c3055bc4b7b543bd0422bc21150fcdf40a49d98d29cb050,kermany/train/PNEUMONIA/person1641_bacteria_4350.jpeg
892,dropped_duplicate,chittagong,PNEUMONIA,3c23d75aae90208f832b172eb1fa999f9204e391e274f53d04c4c26a63c6ffb8,chittagong/nested_0/Testing/pneumonia/pneumonia-5150.jpg
893,kept,kermany,PNEUMONIA,8c14db09fce280a4d2c64b717e7e24c1ddfcb22f47bc15314988473bad7dd998,kermany/train/PNEUMONIA/person1642_bacteria_4353.jpeg
893,dropped_duplicate,chittagong,PNEUMONIA,82670d71065e2623e3967610a07d2254c77dff8b06470a844b9bd0970317fb68,chittagong/nested_0/Training/pneumonia/pneumonia-4135.jpg
894,kept,kermany,PNEUMONIA,d8fcf013aa12f58274a892874db62bc6ae07c68a3f22566a4ed9398141b6ab0c,kermany/train/PNEUMONIA/person1644_bacteria_4356.jpeg
894,dropped_duplicate,chittagong,PNEUMONIA,cb891f4418558a2b915c578cefc2391260f126b4665303485ff42dc801ad74d9,chittagong/nested_0/Training/pneumonia/pneumonia-4087.jpg
895,kept,kermany,PNEUMONIA,f6c2c424a27b1972fd6a94e60336bc2bc734cdfee59f110744430a301f649806,kermany/train/PNEUMONIA/person1644_bacteria_4358.jpeg
895,dropped_duplicate,chittagong,PNEUMONIA,624b1c12a414c0e1a9c05f9421daa6e030612ca7d24a407cc55bf1714e816e5e,chittagong/nested_0/Training/pneumonia/pneumonia-513.jpg
896,kept,kermany,PNEUMONIA,23145d7e090d3526d2938020d8cbc629c858b84620f100c5f6592aa211792e77,kermany/train/PNEUMONIA/person1646_bacteria_4368.jpeg
896,dropped_duplicate,chittagong,PNEUMONIA,038f5aa5251b0ff0abdca31440ab4c57f965a6201663e6ebbb943273a24a00a7,chittagong/nested_0/Testing/pneumonia/pneumonia-655.jpg
897,kept,kermany,PNEUMONIA,f098e2484966182f8b0d04b77c75c2e2550d85715704155266badcfacbfabd94,kermany/train/PNEUMONIA/person1648_bacteria_4375.jpeg
897,dropped_duplicate,chittagong,PNEUMONIA,6b9655828d38a10ae3dd0b3c09db1e8e5179cceb92bb092e89682cc7e420a908,chittagong/nested_0/Training/pneumonia/pneumonia-4251.jpg
898,kept,kermany,PNEUMONIA,237efb075ff45e46e436b52fafd1d2908611bdd4536a03263e78d91334ce43fc,kermany/train/PNEUMONIA/person1649_bacteria_4377.jpeg
898,dropped_duplicate,chittagong,PNEUMONIA,2f3074a4ee8476beb51fa391daf63f6816cb8890597cd7e113366396ed27a0f4,chittagong/nested_0/Training/pneumonia/pneumonia-536.jpg
899,kept,kermany,PNEUMONIA,725e9357d2adabd544510952c2fbfe2119c53524e8aca33ef33d8fcd2552a1de,kermany/train/PNEUMONIA/person1649_bacteria_4379.jpeg
899,dropped_duplicate,chittagong,PNEUMONIA,29fcc3779436cf94d5ed077db4d877275be3a59b69cc158a287697ef498c6b6c,chittagong/nested_0/Testing/pneumonia/pneumonia-610.jpg
900,kept,kermany,PNEUMONIA,cfd1c72e2d616badef4ee00f4aa75b1fbcc2b03eeda90e443a0563c57ff5397d,kermany/train/PNEUMONIA/person1651_bacteria_4381.jpeg
900,dropped_duplicate,chittagong,PNEUMONIA,762cdc8402ba5990c143a33ac3813992d60a402b499e2ea106226429bfa6abee,chittagong/nested_0/Training/pneumonia/pneumonia-128.jpg
901,kept,kermany,PNEUMONIA,4b623d6a249049aa7d3a03262048c7607fa9c9269a9dfa40e52ff16b7764f48e,kermany/train/PNEUMONIA/person1663_bacteria_4411.jpeg
901,dropped_duplicate,chittagong,PNEUMONIA,b2d3c662ed15000ef6cdb5abb66a134760d13bb5763923fdf0b6223f7e21ee86,chittagong/nested_0/Training/pneumonia/pneumonia-436.jpg
902,kept,kermany,PNEUMONIA,4d7248af0f8ae424e4222e3f7270abf33dcd2e9bf310126add3fb242f1951784,kermany/train/PNEUMONIA/person1663_bacteria_4412.jpeg
902,dropped_duplicate,chittagong,PNEUMONIA,d5c05c0674a7a301534f5ef44cf5bf17fbef521d00128593810916e5fe887ef0,chittagong/nested_0/Training/pneumonia/pneumonia-4136.jpg
903,kept,kermany,PNEUMONIA,22355ff36678f5fe1c5ac1f67b2396336e5a2aade1f00dd06711cc7b45e9ba81,kermany/train/PNEUMONIA/person1665_bacteria_4415.jpeg
903,dropped_duplicate,chittagong,PNEUMONIA,5651ae01250cd3fbb06cf3f449cc002509aac7597354e3569f0c124437a804db,chittagong/nested_0/Training/pneumonia/pneumonia-4053.jpg
904,kept,kermany,PNEUMONIA,b53dca76740e00f57646412aa867a0fe3b6a794cd162fd0e0f0b4a706abcd57f,kermany/train/PNEUMONIA/person1668_bacteria_4420.jpeg
904,dropped_duplicate,chittagong,PNEUMONIA,a40e8ffb508a18f39705ba5902afdc9b4677fdaf9b680b61de5c644a0dd8f2df,chittagong/nested_0/Training/pneumonia/pneumonia-4258.jpg
905,kept,kermany,PNEUMONIA,acac5b74c5c9bed6989f8843936d61f8b68b7f012a327881be78f77fa9971334,kermany/train/PNEUMONIA/person1669_bacteria_4424.jpeg
905,dropped_duplicate,chittagong,PNEUMONIA,17d9beff213f80102176ff61b7ef2d0da3a719dbd6ba53727b8afd54fd45ed45,chittagong/nested_0/Training/pneumonia/pneumonia-4012.jpg
906,kept,kermany,PNEUMONIA,61bd33a3baf7fe7a1489f288903eaacb63e0633db667fff5cf863fc9f9ce7562,kermany/train/PNEUMONIA/person1670_bacteria_4426.jpeg
906,dropped_duplicate,chittagong,PNEUMONIA,f92bc14258fee0bbe9560580deba97a0c84dccada1873e8fd4e031511dd2f46c,chittagong/nested_0/Training/pneumonia/pneumonia-3891.jpg
907,kept,kermany,PNEUMONIA,ad7f3b88ba47c7f79aaa7e66501e3e034f6bd4006af3931c616e1f4252f6b8cc,kermany/train/PNEUMONIA/person1670_bacteria_4430.jpeg
907,dropped_duplicate,chittagong,PNEUMONIA,5ff27e812411785e914955e46098ea218899dc92013990d11c6828c5e8a20634,chittagong/nested_0/Testing/pneumonia/pneumonia-5189.jpg
908,kept,kermany,PNEUMONIA,928ac73acc701ed5ae89c8793b30447201678d7dc79415231bfeafc9d89966b4,kermany/train/PNEUMONIA/person1677_bacteria_4443.jpeg
908,dropped_duplicate,chittagong,PNEUMONIA,b2e444655a13ceefef73811a50311708fabea7326564d91a30b9bc6a79069cd7,chittagong/nested_0/Training/pneumonia/pneumonia-182.jpg
909,kept,kermany,PNEUMONIA,5d9aded09927f12d6afa064669ec54537bcff77ccd101654c8aab26e5d1c1ad7,kermany/train/PNEUMONIA/person1677_bacteria_4444.jpeg
909,dropped_duplicate,chittagong,PNEUMONIA,c56cbb6e3173e1a848a0940d187b425c0591b31469c09d110c0ae00f496447fa,chittagong/nested_0/Training/pneumonia/pneumonia-22.jpg
910,kept,kermany,PNEUMONIA,bdfca22bb7fc2d6f6025d4527e1cdb8bba5c78aa668b5052fc20883d4ca58940,kermany/train/PNEUMONIA/person1678_bacteria_4446.jpeg
910,dropped_duplicate,chittagong,PNEUMONIA,dd93cffc843569fd85c610a64a579b72aabca2669ec6e6c83d6756403be441f6,chittagong/nested_0/Training/pneumonia/pneumonia-222.jpg
911,kept,kermany,PNEUMONIA,cc61556d9ea6f488e31195826decb8e92ccec9b34af3dc2fb65db7452c1269d7,kermany/train/PNEUMONIA/person1679_bacteria_4452.jpeg
911,dropped_duplicate,chittagong,PNEUMONIA,e29baba556fccf25f4d3d8c371d4c9efa6aa0d45a64036bdd2333fe0b425942a,chittagong/nested_0/Training/pneumonia/pneumonia-446.jpg
912,kept,kermany,PNEUMONIA,61cb106ca8f75cd3e4566d8b6e5049c2acd6e1bbbe69f61c737773f9ea01a9af,kermany/train/PNEUMONIA/person1684_bacteria_4461.jpeg
912,dropped_duplicate,chittagong,PNEUMONIA,8462e78abdb49ce7271c60ef588f8c1e1afaa8dfcde37715922e6dd2ba366feb,chittagong/nested_0/Training/pneumonia/pneumonia-3894.jpg
913,kept,kermany,PNEUMONIA,77346b1f7d0d44e2d0a703d4e8fa7c7d58b713405f9f663170f7bc95c6998f07,kermany/train/PNEUMONIA/person1684_bacteria_4462.jpeg
913,dropped_duplicate,chittagong,PNEUMONIA,7d77ed0fcf8e516832e178b4ef1a9802a25bc2cfc1348e3a93ea2fe2152a059d,chittagong/nested_0/Testing/pneumonia/pneumonia-5143.jpg
914,kept,kermany,PNEUMONIA,5c9ace5c17fca6550f8fa37310804d5ac4100ed422a44075c5580e01bc0ff3f6,kermany/train/PNEUMONIA/person1691_bacteria_4479.jpeg
914,dropped_duplicate,chittagong,PNEUMONIA,d87460e6df9baf35848c0078a96eb922466e89562543bbbaa3afa1fd7a7e43f0,chittagong/nested_0/Training/pneumonia/pneumonia-407.jpg
915,kept,kermany,PNEUMONIA,4b1fcbe6a022f5679ded95240c2154ea90c94b0a2eb1fb31822022590910292e,kermany/train/PNEUMONIA/person1698_bacteria_4497.jpeg
915,dropped_duplicate,chittagong,PNEUMONIA,18c50a3f96b2818df5b7eee79f696a1dd3008f7cb445dbffb71cf6096eb81921,chittagong/nested_0/Training/pneumonia/pneumonia-4036.jpg
916,kept,kermany,PNEUMONIA,4e444535a139b464a390613d0156123423ffa172f74c08d95a29277a39cfca12,kermany/train/PNEUMONIA/person1699_bacteria_4498.jpeg
916,dropped_duplicate,chittagong,PNEUMONIA,3b2f5fea1c4504b02263d9c5978e56631862a752989096ead960f2dfff319e6a,chittagong/nested_0/Training/pneumonia/pneumonia-270.jpg
917,kept,kermany,PNEUMONIA,8c33104de9ac226900f5dadf21524b54f1baab62fd51fcf2a641bcfe3c78c5c0,kermany/train/PNEUMONIA/person1700_bacteria_4500.jpeg
917,dropped_duplicate,chittagong,PNEUMONIA,76e483b30f693de3b427f82ce7659fb4a4e742c01bda8896e76255cf3dd78189,chittagong/nested_0/Training/pneumonia/pneumonia-569.jpg
918,kept,kermany,PNEUMONIA,8bac08a7f25ff6e00b7b126904e77e0d11694402e6cf7d64660c63f14fcbc2a0,kermany/train/PNEUMONIA/person1702_bacteria_4508.jpeg
918,dropped_duplicate,chittagong,PNEUMONIA,9e7905fb354dda3c6a5f9b4b5fa79bef63e9783d8f8406af6a678abae9510604,chittagong/nested_0/Training/pneumonia/pneumonia-58.jpg
919,kept,kermany,PNEUMONIA,afedb1428ebba6fbd7fea0f5b8d7fb6a02bb1a856a8b7df0789cf4002ddffef0,kermany/train/PNEUMONIA/person1702_bacteria_4510.jpeg
919,dropped_duplicate,chittagong,PNEUMONIA,c67bb93dc8dda3d4eca40ee4054b3deb65a8b334601d0bfbae4b030c830a15b0,chittagong/nested_0/Training/pneumonia/pneumonia-164.jpg
920,kept,kermany,PNEUMONIA,9687c2f47337e00326d0ce3df2b5b8029f39f2c4ce01131d374307bac8abda14,kermany/train/PNEUMONIA/person1712_bacteria_4529.jpeg
920,dropped_duplicate,chittagong,PNEUMONIA,c450ace138867b691350251960644e6b5788a4a41fa1d4fc03fdd6073bfd6117,chittagong/nested_0/Training/pneumonia/pneumonia-3896.jpg
921,kept,kermany,PNEUMONIA,9ce469751799ac2e566d6b2d257b5857b8c5bee1e27c0ee6ed400dbb24a500c9,kermany/train/PNEUMONIA/person1725_bacteria_4551.jpeg
921,dropped_duplicate,chittagong,PNEUMONIA,93fe15c3ed024b863d0961c6f6dd7bb5cbd138b1255748bda47829c22a193cbb,chittagong/nested_0/Training/pneumonia/pneumonia-549.jpg
922,kept,kermany,PNEUMONIA,e1b7ee2912e97216f900d1a16eb314bc2576c94d11110a7fa33b435a55a8b70b,kermany/train/PNEUMONIA/person1728_bacteria_4555.jpeg
922,dropped_duplicate,chittagong,PNEUMONIA,dcd66e65ab5d6fe45275516b8842ca556db228e20d3c4705a2ea5695938eb7f8,chittagong/nested_0/Training/pneumonia/pneumonia-159.jpg
923,kept,kermany,PNEUMONIA,4d0eeda2f212900ea4e4a59c7c3af65decae39eed9229ecae83b0f4ecafb45b1,kermany/train/PNEUMONIA/person1745_bacteria_4584.jpeg
923,dropped_duplicate,chittagong,PNEUMONIA,b2101b39175ff104713e0224fcca42bf73a169df012f794fe6980f54ee1fd5b2,chittagong/nested_0/Training/pneumonia/pneumonia-498.jpg
924,kept,kermany,PNEUMONIA,6cb4cf8617e5495371178606456d23e9ed0160d85f991434f2dcc25e5dd4b665,kermany/train/PNEUMONIA/person1749_bacteria_4590.jpeg
924,dropped_duplicate,chittagong,PNEUMONIA,2f4be5d073d1a9df7da279e0ac87129dcc9a5e861216d9c1cbb187f5c9d4ab30,chittagong/nested_0/Testing/pneumonia/pneumonia-5191.jpg
925,kept,kermany,PNEUMONIA,2034f8a2b87b3fb7e5ccb8c4bb5eda9380965a95fb2b0f67ea5af29f41300236,kermany/train/PNEUMONIA/person1756_bacteria_4598.jpeg
925,dropped_duplicate,chittagong,PNEUMONIA,ae9f671250d53fe2840eeb69bff5eab55e37ce37687b96b59f150141fa5230cc,chittagong/nested_0/Training/pneumonia/pneumonia-3988.jpg
926,kept,kermany,PNEUMONIA,076af0aff9cccf33704146e81ec6bf63155bc2e51044eb583e640810cbff1cb3,kermany/train/PNEUMONIA/person1758_bacteria_4600.jpeg
926,dropped_duplicate,chittagong,PNEUMONIA,ec165ed02fe4d494d0a1e5daef8eea0017a01a013c29c7769186ca40f97c1868,chittagong/nested_0/Training/pneumonia/pneumonia-371.jpg
927,kept,kermany,PNEUMONIA,88b32b455ea8800d70e2aa113e94d202a9bcd7ac688cc884101aff620f58b87c,kermany/train/PNEUMONIA/person1770_bacteria_4613.jpeg
927,dropped_duplicate,chittagong,PNEUMONIA,eceddca18a60a86febf69e1973890dbbb70c513ec7c0eda0b852cff6d3a6824d,chittagong/nested_0/Training/pneumonia/pneumonia-4224.jpg
928,kept,kermany,PNEUMONIA,3089e39e734b1fb492747ca5fb05685233f15a6dcc1b39c7b85ba755e06bb68a,kermany/train/PNEUMONIA/person1770_bacteria_4614.jpeg
928,dropped_duplicate,chittagong,PNEUMONIA,d461536dae13356615730c7ebbbf4e3840a0aeee872b1f1bd0fe288a92814d84,chittagong/nested_0/Testing/pneumonia/pneumonia-5187.jpg
929,kept,kermany,PNEUMONIA,440fdba8fb033528dc23b71abab6b149f6fb12bc8b166c678ee1325c651b846c,kermany/train/PNEUMONIA/person1790_bacteria_4638.jpeg
929,dropped_duplicate,chittagong,PNEUMONIA,80c058a94a422ad6d68a3b32ec6ee49303a99e63cb642e2dbed8316d21eaeae5,chittagong/nested_0/Training/pneumonia/pneumonia-533.jpg
930,kept,kermany,PNEUMONIA,51ede0874889637294b14aa8aa9debdcc00af674b3deb64dd490e6ef74c72c47,kermany/train/PNEUMONIA/person1799_bacteria_4647.jpeg
930,dropped_duplicate,chittagong,PNEUMONIA,ea429442c472bc479a758d8daed064153186e0a9cb49593be534846c94fefe89,chittagong/nested_0/Testing/pneumonia/pneumonia-5105.jpg
931,kept,kermany,PNEUMONIA,d3ad6d18f588e0f50a4e511b6e39993421aeecf1f1c675d1a8af10f17e1f0a10,kermany/train/PNEUMONIA/person17_bacteria_56.jpeg
931,dropped_duplicate,chittagong,PNEUMONIA,bbedf5648cc83be5e1fcee6d9b5d787caa7e0e4f8d64b6a226c8e3c9cef620ca,chittagong/nested_0/Training/pneumonia/pneumonia-185.jpg
932,kept,kermany,PNEUMONIA,aa47d8498ae7f13b2b65a2c14ae10ae84efc027091f71f919df93e48f8ae28df,kermany/train/PNEUMONIA/person1847_bacteria_4716.jpeg
932,dropped_duplicate,chittagong,PNEUMONIA,d69ab36bd5e39886b95ee8e78701131e37be3dd8c5e4cf35607af66f72573ffb,chittagong/nested_0/Testing/pneumonia/pneumonia-806.jpg
933,kept,kermany,PNEUMONIA,9c2d429ca080e721702799fa33ae563b123ffdf87de03bb21e52a90f237ee9aa,kermany/train/PNEUMONIA/person1863_bacteria_4735.jpeg
933,dropped_duplicate,chittagong,PNEUMONIA,4de8cd046114a1fb282e5c191f7c8b0766e6cebe9adc65c35ad35671cbecc86e,chittagong/nested_0/Training/pneumonia/pneumonia-4506.jpg
934,kept,kermany,PNEUMONIA,9b387be4a8df95aed14de51e9e80ceb5b156009c836e2eacf4356c8361eb95ff,kermany/train/PNEUMONIA/person1888_bacteria_4775.jpeg
934,dropped_duplicate,chittagong,PNEUMONIA,4c2e81fcb2e417b6ab09ec25c7527fe23830f377b7f1eb532331687eb90d0870,chittagong/nested_0/Training/pneumonia/pneumonia-70.jpg
935,kept,kermany,PNEUMONIA,06e55f2e782d4930b4a83f5ff644b01b39bf0285f6ca6b348527f79d43bc988d,kermany/train/PNEUMONIA/person1893_bacteria_4781.jpeg
935,dropped_duplicate,chittagong,PNEUMONIA,834b5ff0565c3da65a6f2ded64d16014cd3f4a044b912042f60a4b326e99c0e1,chittagong/nested_0/Training/pneumonia/pneumonia-3976.jpg
936,kept,kermany,PNEUMONIA,88df2f95c82579cfe218e889b014fb5f2dd9af6e8a53eeb1bdc72c1fe0fac5a9,kermany/train/PNEUMONIA/person1917_bacteria_4823.jpeg
936,dropped_duplicate,chittagong,PNEUMONIA,6655921cc8328404c8d7a8dfa02b41ebd9e2b93c9177e6f2250c8dcdf8cdc77e,chittagong/nested_0/Testing/pneumonia/pneumonia-727.jpg
937,kept,kermany,PNEUMONIA,744d0235a872895eaf457bdc739031350f5f36e0a375f041cd169a56d0018079,kermany/train/PNEUMONIA/person1921_bacteria_4828.jpeg
937,dropped_duplicate,chittagong,PNEUMONIA,6944fef01e7807b6398fe0df00ccdbc868f027c9751d21db93775024b106659a,chittagong/nested_0/Training/pneumonia/pneumonia-192.jpg
938,kept,kermany,PNEUMONIA,2ac4e209115b4f59cf6a85a5c3c1217f4ed67db15200826b2f8de7661cc9b67d,kermany/train/PNEUMONIA/person1923_bacteria_4831.jpeg
938,dropped_duplicate,chittagong,PNEUMONIA,a13333df1517c7240f5392a6378f00d8381fdd3a94ebb4a8e6ec41e831d1c67c,chittagong/nested_0/Training/pneumonia/pneumonia-356.jpg
939,kept,kermany,PNEUMONIA,a6a386616eee528466ff0e3937f5c35a069651d4d70a52d8eebc297d3f3cc486,kermany/train/PNEUMONIA/person1932_bacteria_4843.jpeg
939,dropped_duplicate,chittagong,PNEUMONIA,6fd7adec73ab3a51f62fbe2962226429c0e7c8e283b4c329e4a4e4d527e8d1f6,chittagong/nested_0/Training/pneumonia/pneumonia-4182.jpg
940,kept,kermany,PNEUMONIA,91a73844e1a98d450b8d6f62d3d66d5d11effb7fd0c24e3096730a6cc000b84a,kermany/train/PNEUMONIA/person1935_bacteria_4850.jpeg
940,dropped_duplicate,chittagong,PNEUMONIA,94a1e77e2a354b18b6df5797a12d641ee42833417c754327f1214c99d6b8738b,chittagong/nested_0/Testing/pneumonia/pneumonia-661.jpg
941,kept,kermany,PNEUMONIA,b5addc2e7f6ae8429ba24e32752316a8192843fcc25b388a39f86e160a91ffc1,kermany/train/PNEUMONIA/person1940_bacteria_4861.jpeg
941,dropped_duplicate,chittagong,PNEUMONIA,c33337fd31344b8f98169e7ac24b528b085b3cfd9fce0548ebaf524bee3a6f98,chittagong/nested_0/Testing/pneumonia/pneumonia-719.jpg
942,kept,kermany,PNEUMONIA,a2481eeb10f5dbb6b98d9093699690d893c5223aadc650a120497060953fc1c1,kermany/train/PNEUMONIA/person1940_bacteria_4862.jpeg
942,dropped_duplicate,chittagong,PNEUMONIA,4997eed4c2079b0d5eb7515ba710cff33b415f29b60e2efdacdee051da175b20,chittagong/nested_0/Training/pneumonia/pneumonia-3874.jpg
943,kept,kermany,PNEUMONIA,b7285fbc790296111da2fe79441591b50b0b52da7882820fb903842660ee1dd3,kermany/train/PNEUMONIA/person1945_bacteria_4872.jpeg
943,dropped_duplicate,chittagong,PNEUMONIA,38b826cfe4888005e8aacd14b67d455135a54fb8af24623cd094ccc2e94e9094,chittagong/nested_0/Training/pneumonia/pneumonia-4525.jpg
944,kept,kermany,PNEUMONIA,e1d5161b6a6d82ccbee47fd8dfb1a6d44eded1d7e4f164121dd2a229bdc43f5d,kermany/train/PNEUMONIA/person1950_bacteria_4881.jpeg
944,dropped_duplicate,chittagong,PNEUMONIA,d51db00fa6a10922806cbe6f3e5d6f354a94bf687d987bc35358776e5c981389,chittagong/nested_0/Training/pneumonia/pneumonia-394.jpg
945,kept,kermany,PNEUMONIA,bacb852423d3e3fc25322f086b63ca5c26e84545b53f6d585e931f46d4b53b5f,kermany/train/PNEUMONIA/person20_bacteria_67.jpeg
945,dropped_duplicate,chittagong,PNEUMONIA,4c386d840e088c003e2f3607e035b6ff7e14ec36405852e86feacdcebecfcb4f,chittagong/nested_0/Training/pneumonia/pneumonia-3884.jpg
946,kept,kermany,PNEUMONIA,8d698188862c82328421b4a16b870815383d3c148cbc3974bb0c72a2639af6fd,kermany/train/PNEUMONIA/person21_bacteria_73.jpeg
946,dropped_duplicate,chittagong,PNEUMONIA,222bfd0f214ba35116e10f311b449c930f06006e5df8b7c81d9ff3af9c88beac,chittagong/nested_0/Training/pneumonia/pneumonia-572.jpg
947,kept,kermany,PNEUMONIA,4a6cc9c4f2f9359b3b043f9dd500827927c92371705a5a7f17da7ae48093118e,kermany/train/PNEUMONIA/person23_bacteria_100.jpeg
947,dropped_duplicate,chittagong,PNEUMONIA,fce4a1a4f7e8f7241e49c0e54318c8a44144221d81d235c45905bb64281b4645,chittagong/nested_0/Training/pneumonia/pneumonia-504.jpg
948,kept,kermany,PNEUMONIA,fdc0d5149bf0e76d76a17985446d7f4f6fcb6ddaa3e186c321365ef151537312,kermany/train/PNEUMONIA/person23_bacteria_103.jpeg
948,dropped_duplicate,chittagong,PNEUMONIA,153405921e99a5f3171bcb461ca35125722411521b0c367bd30548547f5ba252,chittagong/nested_0/Training/pneumonia/pneumonia-4149.jpg
949,kept,kermany,PNEUMONIA,6009174faca10e5f3c389c21606d5fa2544fa2adefab6375dcaedf9c53787132,kermany/train/PNEUMONIA/person23_bacteria_79.jpeg
949,dropped_duplicate,chittagong,PNEUMONIA,546ae05524834f3a8e379ca358e881a6da6ca0f78e9cadcdb4af4be8775a09e4,chittagong/nested_0/Training/pneumonia/pneumonia-4504.jpg
950,kept,kermany,PNEUMONIA,a76d0e0f0a8be40d94512274574c48f28e204bddef73f6ab8d91532776c876a4,kermany/train/PNEUMONIA/person23_bacteria_80.jpeg
950,dropped_duplicate,chittagong,PNEUMONIA,43ff2c30b2361111956c957edfdbbeae54dacb0cff5aebc817e068429abae0c6,chittagong/nested_0/Training/pneumonia/pneumonia-4196.jpg
951,kept,kermany,PNEUMONIA,176c5a0c94c67a84471b13bbeb56dd5baf101a45f630172fa4f09da71a62052f,kermany/train/PNEUMONIA/person23_bacteria_87.jpeg
951,dropped_duplicate,chittagong,PNEUMONIA,15b9922a3b53c06f8b699b733a4fd29bfac43834a19f0424146fc48b4fcfd6c1,chittagong/nested_0/Testing/pneumonia/pneumonia-5161.jpg
952,kept,kermany,PNEUMONIA,ba08572125df8e4a1ab10a9869a8eb9ee81ae23582927793f3df3306a96508bd,kermany/train/PNEUMONIA/person23_bacteria_89.jpeg
952,dropped_duplicate,chittagong,PNEUMONIA,83f929ffdf30616fbe08446fdc9b8ab0f3311a01d6bbbb2938f5fba5f9e21064,chittagong/nested_0/Training/pneumonia/pneumonia-453.jpg
953,kept,kermany,PNEUMONIA,7e7503e977099df9c24a5db0de4c553e362915dd87d927d4a1bf1645b0cf9ccd,kermany/train/PNEUMONIA/person24_bacteria_108.jpeg
953,dropped_duplicate,chittagong,PNEUMONIA,c5f0989ecee7c538d9f17fd7699af89c2327797869ab95a6c1f273d7360e5153,chittagong/nested_0/Training/pneumonia/pneumonia-4289.jpg
954,kept,kermany,PNEUMONIA,4f1453810f92b86a2ddbcc7818c94340a426875467d97707d392afc30dafe726,kermany/train/PNEUMONIA/person24_bacteria_109.jpeg
954,dropped_duplicate,chittagong,PNEUMONIA,dd77a675b4f60885578c77ce83ecb1ccbe376767abbdd962b6d098a394f6edcf,chittagong/nested_0/Training/pneumonia/pneumonia-4058.jpg
955,kept,kermany,PNEUMONIA,f9f2f2e5da9ba285dde16c58db63ced60ca294fd23065fd8a8cd66f721ce8098,kermany/train/PNEUMONIA/person24_bacteria_112.jpeg
955,dropped_duplicate,chittagong,PNEUMONIA,968aec51f65d4a15cd2e943c2f681b90b9e887e8f54a2bde27ffc844f037c1d0,chittagong/nested_0/Training/pneumonia/pneumonia-189.jpg
956,kept,kermany,PNEUMONIA,20435c8a389061a3a378c0f4bd20cabcb9a89d52d50eb213f9dab1ec603980ae,kermany/train/PNEUMONIA/person253_bacteria_1153.jpeg
956,dropped_duplicate,chittagong,PNEUMONIA,f67b4689d844fd06d41a290d4a888d85aa479dad501126fea3713af0d9dacdc4,chittagong/nested_0/Training/pneumonia/pneumonia-181.jpg
957,kept,kermany,PNEUMONIA,9e124d909f2cd0490e965aea9c08e0ec9a23ceed91e9998e3f8b590f20bcb3b4,kermany/train/PNEUMONIA/person253_bacteria_1157.jpeg
957,dropped_duplicate,chittagong,PNEUMONIA,5345ad548002f7a2cda01848e5d4ceb1c04d04255a8a9195e22e0fef133d9c9b,chittagong/nested_0/Training/pneumonia/pneumonia-82.jpg
958,kept,kermany,PNEUMONIA,ec1855f59c14f7cd3002a3385a2840ef0d76eb0b6a9ff172963ac3eb44bee806,kermany/train/PNEUMONIA/person255_bacteria_1165.jpeg
958,dropped_duplicate,chittagong,PNEUMONIA,de8cce09535636bd6e3761d1b627350a22ff7504bbc526f93d7a6f38ec0494aa,chittagong/nested_0/Training/pneumonia/pneumonia-428.jpg
959,kept,kermany,PNEUMONIA,a16d563b1320451e0e1ef00a4df03cbb964c209c7f3c502a5a17a9769a31e7f9,kermany/train/PNEUMONIA/person255_bacteria_1188.jpeg
959,dropped_duplicate,chittagong,PNEUMONIA,852212f6b703b0f08f30a951a8926be1e150b85c4ac9c09e325aba8ac4c12567,chittagong/nested_0/Training/pneumonia/pneumonia-4277.jpg
960,kept,kermany,PNEUMONIA,0da3cf714d6d65151ddde60b726c69051530cee9c8ee7c32eeab1975a05d0a1b,kermany/train/PNEUMONIA/person256_bacteria_1189.jpeg
960,dropped_duplicate,chittagong,PNEUMONIA,1c7b7d6220e50a20c04832a31ee887b3530dac434c6af13e087a76bff18df602,chittagong/nested_0/Training/pneumonia/pneumonia-4067.jpg
961,kept,kermany,PNEUMONIA,0f41cb1e5f5bc535094b3db0ab4074956a1d25ac6486f386f002471480ee0899,kermany/train/PNEUMONIA/person257_bacteria_1191.jpeg
961,dropped_duplicate,chittagong,PNEUMONIA,181268adc516b7e8c8d944a98bcb82c745dbfd8ead759b02cd11485bc543353b,chittagong/nested_0/Training/pneumonia/pneumonia-207.jpg
962,kept,kermany,PNEUMONIA,81090d9a66e23b331d1d91295274231e32ba1a9a7df08ba3290f760e6cbdded3,kermany/train/PNEUMONIA/person258_bacteria_1207.jpeg
962,dropped_duplicate,kermany,PNEUMONIA,81090d9a66e23b331d1d91295274231e32ba1a9a7df08ba3290f760e6cbdded3,kermany/train/PNEUMONIA/person258_bacteria_1208.jpeg
962,dropped_duplicate,kermany,PNEUMONIA,81090d9a66e23b331d1d91295274231e32ba1a9a7df08ba3290f760e6cbdded3,kermany/train/PNEUMONIA/person258_bacteria_1209.jpeg
963,kept,kermany,PNEUMONIA,e557577cd48526d062f1571bea66b17e8bf115d94e755f7fc933a800a3519d7b,kermany/train/PNEUMONIA/person259_bacteria_1217.jpeg
963,dropped_duplicate,chittagong,PNEUMONIA,a48a6070a2d24189fc3a8cf39aee6061bbac38bddbe35c09bfb0e079a6572241,chittagong/nested_0/Training/pneumonia/pneumonia-4073.jpg
964,kept,kermany,PNEUMONIA,effab99eb2b4d32e622db6c96c62ba7526010308389e0e1fb961c3432990dacf,kermany/train/PNEUMONIA/person259_bacteria_1219.jpeg
964,dropped_duplicate,chittagong,PNEUMONIA,9d4ab20032daeaba80b32cd1cd49b0046c09737c61d9a6e1e174f9050f5d9142,chittagong/nested_0/Testing/pneumonia/pneumonia-5145.jpg
965,kept,kermany,PNEUMONIA,bfaa0a225b20df05c96b6ce8119bdb02c0a24e6271b59772d59ddcb84acb69ec,kermany/train/PNEUMONIA/person259_bacteria_1220.jpeg
965,dropped_duplicate,chittagong,PNEUMONIA,8bcb1a626f086f2cb8fb7e967bcd13d544a7b359e62c2a27cb73802e26a77340,chittagong/nested_0/Training/pneumonia/pneumonia-327.jpg
966,kept,kermany,PNEUMONIA,812c04703610192375c4fea51af0ea14acdea424697145754e653a8516faf675,kermany/train/PNEUMONIA/person259_virus_540.jpeg
966,dropped_duplicate,chittagong,PNEUMONIA,52b8fc59214506b1e5c47b24a000a2fd8d4102387ddf04d418c62136e11beed6,chittagong/nested_0/Training/pneumonia/pneumonia-474.jpg
967,kept,kermany,PNEUMONIA,df1410f7879c75a81594c04b29437e3949a2c4ee330fa895a5a67b75491e3703,kermany/train/PNEUMONIA/person25_bacteria_115.jpeg
967,dropped_duplicate,chittagong,PNEUMONIA,1eab4769eb15bd1dcfdef3a7cbfdf28de2b0242cd77d6c5b91bce2fcf3920e20,chittagong/nested_0/Testing/pneumonia/pneumonia-878.jpg
968,kept,kermany,PNEUMONIA,b10f0017cdaae737bfb3c5e7bd33930cb3e6d61e5f75407c0e863cc4baa2a071,kermany/train/PNEUMONIA/person25_bacteria_119.jpeg
968,dropped_duplicate,chittagong,PNEUMONIA,4ce5d11a90ad733dc0f9c52b1d68adde15fff7781b8a5e099ee13dc0845803f0,chittagong/nested_0/Training/pneumonia/pneumonia-84.jpg
969,kept,kermany,PNEUMONIA,c2e8f923350f8e55147c0febe2274c352767763a247b6c7b5339ebcc04b37cc8,kermany/train/PNEUMONIA/person25_bacteria_121.jpeg
969,dropped_duplicate,chittagong,PNEUMONIA,fba7a83a12425daece471533a87143cc1f4808f5af93fa174a436eb2e3a273c7,chittagong/nested_0/Training/pneumonia/pneumonia-4253.jpg
970,kept,kermany,PNEUMONIA,9a11f1bf7d842c41e5eb73e9507998e1cbadda7630888251347a62d5a0d7c68d,kermany/train/PNEUMONIA/person260_bacteria_1222.jpeg
970,dropped_duplicate,chittagong,PNEUMONIA,3859a0b4719c134f9b6c0ea78c4b345f4be47743862198d0c521119def818888,chittagong/nested_0/Training/pneumonia/pneumonia-4084.jpg
971,kept,kermany,PNEUMONIA,91dab81fcce601fec7239d7c65f07672f6d22e315dda71e5ae857b02a59aef6c,kermany/train/PNEUMONIA/person262_virus_545.jpeg
971,dropped_duplicate,chittagong,PNEUMONIA,d4540ce0da02dcdf3df67efb477926cd9af6c28d96417fe121074dac949d3148,chittagong/nested_0/Testing/pneumonia/pneumonia-790.jpg
972,kept,kermany,PNEUMONIA,baaa29769ca5561e23c4f9e86267ec7a5cea6594ea998a766268efe49d0e7679,kermany/train/PNEUMONIA/person264_bacteria_1230.jpeg
972,dropped_duplicate,kermany,PNEUMONIA,baaa29769ca5561e23c4f9e86267ec7a5cea6594ea998a766268efe49d0e7679,kermany/train/PNEUMONIA/person264_bacteria_1231.jpeg
972,dropped_duplicate,chittagong,PNEUMONIA,d58b1d6e9ec1d8b51c71b48ef805b20f6aeb099c533e4d50fd09ae88e6a9c05f,chittagong/nested_0/Training/pneumonia/pneumonia-4217.jpg
973,kept,kermany,PNEUMONIA,d0e279db8fd4b694be0326e4c013dabcfed27babfb3c187285784c2163ffe1ba,kermany/train/PNEUMONIA/person265_bacteria_1235.jpeg
973,dropped_duplicate,chittagong,PNEUMONIA,06d85b2f1d37a72f4552660d88947ddfb1d1df668755e2785307c0dcd30ece8b,chittagong/nested_0/Training/pneumonia/pneumonia-17.jpg
974,kept,kermany,PNEUMONIA,8c917bd0806be2f87778e3a816faf52f50111695dbeb9ec429c28c213b18986a,kermany/train/PNEUMONIA/person266_bacteria_1237.jpeg
974,dropped_duplicate,kermany,PNEUMONIA,8c917bd0806be2f87778e3a816faf52f50111695dbeb9ec429c28c213b18986a,kermany/train/PNEUMONIA/person266_bacteria_1238.jpeg
975,kept,kermany,PNEUMONIA,b9461f3f40093b63d3c3557eab8880491bc7907a9e72e7160640aa386ea30e5c,kermany/train/PNEUMONIA/person266_bacteria_1239.jpeg
975,dropped_duplicate,chittagong,PNEUMONIA,feb48def0c120630eb2d5ef5bfd5aac134531f250a3a368c258e35721cbf6304,chittagong/nested_0/Testing/pneumonia/pneumonia-5109.jpg
976,kept,kermany,PNEUMONIA,065ded3557fa451df37e9d726930c62dcba5df58b09a14caa3c5d7d172594ea5,kermany/train/PNEUMONIA/person266_bacteria_1242.jpeg
976,dropped_duplicate,chittagong,PNEUMONIA,3e4a1110bc5eb822758bf95ca9fa507fe49fedb55f43cdb3a8d22d8df9563a26,chittagong/nested_0/Training/pneumonia/pneumonia-4243.jpg
977,kept,kermany,PNEUMONIA,83a4db71098e57061c88fc65e3d68656422ed650b196e837180ca3e84a4cc205,kermany/train/PNEUMONIA/person266_bacteria_1244.jpeg
977,dropped_duplicate,chittagong,PNEUMONIA,56c68b47dab506a1a8a38b01f28028824671a3780ed448ec12419a94be088bd1,chittagong/nested_0/Training/pneumonia/pneumonia-509.jpg
978,kept,kermany,PNEUMONIA,23b5ac02f480e322e4f7baf791f847b9f0bbd5822fdeacfd88160f428fa9e35f,kermany/train/PNEUMONIA/person267_bacteria_1250.jpeg
978,dropped_duplicate,chittagong,PNEUMONIA,b1d807b26a520a3a716d74f56c68a73d4f9af4fa351d079ef8399993d9165f3e,chittagong/nested_0/Training/pneumonia/pneumonia-3893.jpg
979,kept,kermany,PNEUMONIA,df3ae0bb7f8b8e732565e0e4d942c386e627f9a28e04729755ee1e2e260cdd2f,kermany/train/PNEUMONIA/person268_virus_553.jpeg
979,dropped_duplicate,chittagong,PNEUMONIA,c383737bcdf3c8bb939a3dad4f46ab97d3245822d52c83b4c87681e3ba159aa1,chittagong/nested_0/Testing/pneumonia/pneumonia-5198.jpg
980,kept,kermany,PNEUMONIA,1e89043629c5ea8c82aa3ea1a15123c6756471c5be4a11e5969145263f9678d2,kermany/train/PNEUMONIA/person26_bacteria_123.jpeg
980,dropped_duplicate,chittagong,PNEUMONIA,0ffebfec77e3c894df79f0b64e4d74ab94584e00852a372d7bad2687588211f6,chittagong/nested_0/Training/pneumonia/pneumonia-67.jpg
981,kept,kermany,PNEUMONIA,76636565f2fbdd6c4c53b31c86a84bc1e1a2860960532835ae825be5696447f2,kermany/train/PNEUMONIA/person26_bacteria_128.jpeg
981,dropped_duplicate,chittagong,PNEUMONIA,885c9e6bdadfb0ff9807fb581f4e6cb5cb9defb75c36270a4f85e376d1ea4825,chittagong/nested_0/Training/pneumonia/pneumonia-248.jpg
982,kept,kermany,PNEUMONIA,10c1cb7a5cc29cbb54f9e230befbc955388f886beb7b32553838fb95150c1b79,kermany/train/PNEUMONIA/person26_bacteria_132.jpeg
982,dropped_duplicate,chittagong,PNEUMONIA,e5649a4258abfcf9bed04cb21da4e819e945e2ae543b42c7d4907b51b0a0447d,chittagong/nested_0/Training/pneumonia/pneumonia-4118.jpg
983,kept,kermany,PNEUMONIA,4c30f30afe3053ac119c146986a679a2a6d5b73a00ae5de16dc22061768bdf2c,kermany/train/PNEUMONIA/person26_bacteria_133.jpeg
983,dropped_duplicate,chittagong,PNEUMONIA,89d9b550b9b48e55fdff05f804d412458f5e00e60508d27523b3c8603086af03,chittagong/nested_0/Training/pneumonia/pneumonia-4024.jpg
984,kept,kermany,PNEUMONIA,0cc4db8051c748ead79900a2093b0bdcf2672607f49cfa2dff3ae69335ae1041,kermany/train/PNEUMONIA/person274_bacteria_1288.jpeg
984,dropped_duplicate,chittagong,PNEUMONIA,378701aa09fb0e5267f7f67ef1c61b45cc6e25cb158c9c93d6627eed2754b682,chittagong/nested_0/Training/pneumonia/pneumonia-3875.jpg
985,kept,kermany,PNEUMONIA,5a523de047b4e86347a3a765bcb461432c988365c7cfbf399573c5c257ae148f,kermany/train/PNEUMONIA/person274_bacteria_1289.jpeg
985,dropped_duplicate,chittagong,PNEUMONIA,f2d30dffd0efd22d77789e20fd64e2646bfd7d4eaec1f3faec38ba75f3efeb84,chittagong/nested_0/Training/pneumonia/pneumonia-3945.jpg
986,kept,kermany,PNEUMONIA,24bb3f85574c22b5f4f2f976595fc12cfff027d383f6abc8fffe1f40bb9da9c2,kermany/train/PNEUMONIA/person277_bacteria_1300.jpeg
986,dropped_duplicate,chittagong,PNEUMONIA,ef1781026775b4abe8bdc556bb2e1cd46f6dac2d153eea778d7f57fab09622fa,chittagong/nested_0/Training/pneumonia/pneumonia-4113.jpg
987,kept,kermany,PNEUMONIA,954a420aba5f13e59b292764450b850013c54e38b3762f8f7e547a74a29b20ec,kermany/train/PNEUMONIA/person277_bacteria_1306.jpeg
987,dropped_duplicate,chittagong,PNEUMONIA,a3e06c36fb05d5a5c1d7ed82a8ffb77471f883eb70457f3b49a074b9fd148c8d,chittagong/nested_0/Training/pneumonia/pneumonia-493.jpg
988,kept,kermany,PNEUMONIA,79d4f5b046a22ab1aa50a3480fb417181425b688fa448e55be15a0396d155c68,kermany/train/PNEUMONIA/person278_bacteria_1311.jpeg
988,dropped_duplicate,chittagong,PNEUMONIA,aaa5e400d61204b6aa05325240b1d13d0a30ba69e61fb04821452ebe1878f868,chittagong/nested_0/Training/pneumonia/pneumonia-4571.jpg
989,kept,kermany,PNEUMONIA,38e6dcef4e155e24adce702ac70f8098bb6b86bd5ec85ad39627f1c9e1148077,kermany/train/PNEUMONIA/person27_bacteria_138.jpeg
989,dropped_duplicate,chittagong,PNEUMONIA,358251b9b75418ba45223f7e904afa9ab95f7ccaefe899cb3fa22b6fcf289814,chittagong/nested_0/Training/pneumonia/pneumonia-529.jpg
990,kept,kermany,PNEUMONIA,36755a0703cbb78f33d443da5f32c8161dfa114df827265db811876adfa50cc7,kermany/train/PNEUMONIA/person280_bacteria_1321.jpeg
990,dropped_duplicate,chittagong,PNEUMONIA,bd201fde49c3bd01284f9e890f654aeb522c703c46e5c95923589a4cda3f9523,chittagong/nested_0/Training/pneumonia/pneumonia-194.jpg
991,kept,kermany,PNEUMONIA,892046933f3523907076959cf5af6511fdca82f6453278e0e4c26d42f25ba99f,kermany/train/PNEUMONIA/person281_bacteria_1326.jpeg
991,dropped_duplicate,chittagong,PNEUMONIA,e4e8e3c1097a4ab37a88ae288a3fa7856afa4fe41ba9222a23c2e12fdecafeee,chittagong/nested_0/Training/pneumonia/pneumonia-4134.jpg
992,kept,kermany,PNEUMONIA,e1946b38e493212f6b6d8bf4df5922154de7fc358908ca6820adfac36a7403d5,kermany/train/PNEUMONIA/person281_bacteria_1327.jpeg
992,dropped_duplicate,chittagong,PNEUMONIA,4c4ee760c04c51b8adc0fafee1b4a87aba8b1a08fbeb7f721ffe1549ef5c4932,chittagong/nested_0/Training/pneumonia/pneumonia-4089.jpg
993,kept,kermany,PNEUMONIA,5a8861212bd71d1f2d3d44c2917b1fc05e6f909546a7ea0530081c242f19bdc3,kermany/train/PNEUMONIA/person281_virus_578.jpeg
993,dropped_duplicate,chittagong,PNEUMONIA,c6696fe44a533a2a1edc1d89f621ab3f1dacca024ec9007210a6a1eea4be4325,chittagong/nested_0/Training/pneumonia/pneumonia-3966.jpg
994,kept,kermany,PNEUMONIA,bd3a5b6b70c92db209086bc1a04377ee5eb0809232a42e5e4edd05f7818a85b8,kermany/train/PNEUMONIA/person286_virus_585.jpeg
994,dropped_duplicate,chittagong,PNEUMONIA,bfe0fb3770ad5e636026e253b73eda5ff54dc89bef94a06de6e064ac781ceb12,chittagong/nested_0/Training/pneumonia/pneumonia-4512.jpg
995,kept,kermany,PNEUMONIA,23baeb49607556b47a1f238ea62e19b08660b137a2a56dd70aa5d3112a17249d,kermany/train/PNEUMONIA/person28_bacteria_142.jpeg
995,dropped_duplicate,chittagong,PNEUMONIA,360ae444b102228145619dc32db8c190cbd8617651d2e668eb4e0d7a7745af78,chittagong/nested_0/Testing/pneumonia/pneumonia-788.jpg
996,kept,kermany,PNEUMONIA,8813796d7645362ca3a93b52807e4d9ef164cfc211fd7d9d115c0b7462a67c74,kermany/train/PNEUMONIA/person28_bacteria_143.jpeg
996,dropped_duplicate,chittagong,PNEUMONIA,060fdd2c58883a4797f86a3f886fef24a17b945b13fa7325987f31c3ce2aad48,chittagong/nested_0/Training/pneumonia/pneumonia-238.jpg
997,kept,kermany,PNEUMONIA,6323224679f25ac7b1399ddba4ac7c62097dc47e467f38a98bebb9fc16f2e9a8,kermany/train/PNEUMONIA/person291_virus_596.jpeg
997,dropped_duplicate,chittagong,PNEUMONIA,4c46279d444cc75179fbad30a126b56b41007c603f3b5fd399b6be2338633328,chittagong/nested_0/Testing/pneumonia/pneumonia-625.jpg
998,kept,kermany,PNEUMONIA,e4db4e27ab9d7110dc4c3e5f95ac6234a917f9b013e0fed51d145b919e8645dd,kermany/train/PNEUMONIA/person292_virus_598.jpeg
998,dropped_duplicate,chittagong,PNEUMONIA,c89bc5cfbc16f8fe50808cf5aa5d55d6a59bf46ce720e1760bdcf3122260a494,chittagong/nested_0/Testing/pneumonia/pneumonia-680.jpg
999,kept,kermany,PNEUMONIA,d2009e109f221df36e12c78a88c619e764605f811168b26d3488c7bdc4bd49ef,kermany/train/PNEUMONIA/person294_bacteria_1386.jpeg
999,dropped_duplicate,chittagong,PNEUMONIA,e4bfd295ee30a86a36a82c9987dd5db0a05a168d2dcbe9a308342099e897ec69,chittagong/nested_0/Training/pneumonia/pneumonia-178.jpg
1000,kept,kermany,PNEUMONIA,f13d503e1ef2477ee2ed4533026ded5ac119973661e650b0e5b85b3ed9ad3bf0,kermany/train/PNEUMONIA/person294_virus_610.jpeg
1000,dropped_duplicate,chittagong,PNEUMONIA,654ab8e2f87fa901786a51790c0312d1eb567e6e92b0628f159a1b132429375d,chittagong/nested_0/Training/pneumonia/pneumonia-3978.jpg
1001,kept,kermany,PNEUMONIA,5eb8669174a70415d598646d4858adf0849dfb33eeb3a3db470f62b91374888a,kermany/train/PNEUMONIA/person295_bacteria_1389.jpeg
1001,dropped_duplicate,chittagong,PNEUMONIA,873fa7df5082d88af5f7e69dbc22b288a053ddb2ad5ee45ebe606a4c7223d8ea,chittagong/nested_0/Training/pneumonia/pneumonia-413.jpg
1002,kept,kermany,PNEUMONIA,381eff40a02ab0860e46518833c5792dc00437687806a64235cb505490e45ac4,kermany/train/PNEUMONIA/person297_bacteria_1400.jpeg
1002,dropped_duplicate,chittagong,PNEUMONIA,314779d567a7ccc702a2684718245737a5138c2638292a731bfa6cf92c74fc5a,chittagong/nested_0/Testing/pneumonia/pneumonia-5213.jpg
1003,kept,kermany,PNEUMONIA,424df24b24944841ff4b06f0ddd8fbf18499198e14310a944968b997590671a1,kermany/train/PNEUMONIA/person298_bacteria_1409.jpeg
1003,dropped_duplicate,chittagong,PNEUMONIA,df5de3f0825d437fce3d0a2f6f880a707e5e28c745965033d794ff4e8b972792,chittagong/nested_0/Testing/pneumonia/pneumonia-660.jpg
1004,kept,kermany,PNEUMONIA,6a91ae5231b753d7c775686ce03ff5edcdeee136622bc6fceffd27b13836fbb6,kermany/train/PNEUMONIA/person298_bacteria_1411.jpeg
1004,dropped_duplicate,chittagong,PNEUMONIA,d9a1ba9cce21a799ccae7e402c1fbbc85f92d5392873c247b7953573e33eb5a3,chittagong/nested_0/Training/pneumonia/pneumonia-4561.jpg
1005,kept,kermany,PNEUMONIA,6d82c58940b4948ca60f70376f91920080a17922e27a76e80e82c684ec5e7431,kermany/train/PNEUMONIA/person298_virus_617.jpeg
1005,dropped_duplicate,chittagong,PNEUMONIA,ef8a9b2698a326c8d32885efea282fb9ae01b993cea54843ddb85eb24d07aba2,chittagong/nested_0/Training/pneumonia/pneumonia-4151.jpg
1006,kept,kermany,PNEUMONIA,0a622e235fa2036679da5d6ad6d04d3255280b889715645484d444887db6ef6b,kermany/train/PNEUMONIA/person299_bacteria_1419.jpeg
1006,dropped_duplicate,chittagong,PNEUMONIA,5616724e3af4441bcfe39dbb355fcbb0150740a5f27fa0d838d6f875f8a9c258,chittagong/nested_0/Training/pneumonia/pneumonia-3946.jpg
1007,kept,kermany,PNEUMONIA,300786fda27b5232a06d86c23f25c28965ad4686e97fb6fa173ce6b6f8676938,kermany/train/PNEUMONIA/person2_bacteria_4.jpeg
1007,dropped_duplicate,chittagong,PNEUMONIA,e3045feb026bdfb3fac9b3aa657c88ea7d48c9fb19e0c21c2d454eec3f520301,chittagong/nested_0/Training/pneumonia/pneumonia-4193.jpg
1008,kept,kermany,PNEUMONIA,265c2186a1eb40120f8872e0aff4a1a8aee217dce6c661e618ca918719b7fdbd,kermany/train/PNEUMONIA/person300_bacteria_1423.jpeg
1008,dropped_duplicate,chittagong,PNEUMONIA,5062ded869172315f6bf8ad701418ea8b88613460d01d01665f29433f61b377f,chittagong/nested_0/Training/pneumonia/pneumonia-239.jpg
1009,kept,kermany,PNEUMONIA,8ce77e5d3fb80592dfde20cc75d981ffbcd695bc575ed50e35614349b53e0678,kermany/train/PNEUMONIA/person301_bacteria_1429.jpeg
1009,dropped_duplicate,chittagong,PNEUMONIA,4755fcfa3a509d93cae03510999151a8da1417d285f0364c6b94e7dc38d19c40,chittagong/nested_0/Testing/pneumonia/pneumonia-633.jpg
1010,kept,kermany,PNEUMONIA,a1a46d82451525ddfec8e55f848651de4bc58d38aca8736c6a2fc4e99e120cc0,kermany/train/PNEUMONIA/person301_virus_622.jpeg
1010,dropped_duplicate,chittagong,PNEUMONIA,ee9a49b5930e3616fddf477ceea1686f0e424b0c04d3a3cd896a73594f7c8d7d,chittagong/nested_0/Training/pneumonia/pneumonia-440.jpg
1011,kept,kermany,PNEUMONIA,c62b7be69a485e0bd5408716c53d3ad6ee4693273167c1e043be241d2f165fab,kermany/train/PNEUMONIA/person303_virus_624.jpeg
1011,dropped_duplicate,chittagong,PNEUMONIA,bebd83848f0b5ec09f32e70e30a3acbc1f27063062d785ceffb9ab466309137c,chittagong/nested_0/Training/pneumonia/pneumonia-357.jpg
1012,kept,kermany,PNEUMONIA,4b3e94a6c26250892ace46c18e888163227e0e09fd424e5069d90049f241727e,kermany/train/PNEUMONIA/person304_virus_625.jpeg
1012,dropped_duplicate,chittagong,PNEUMONIA,de7dce85ef2ec30f5f5f29c32e606a1b3eaf36905641bad8332cd9dc6469a830,chittagong/nested_0/Training/pneumonia/pneumonia-3977.jpg
1013,kept,kermany,PNEUMONIA,c1a7f21d50484e6499264715180f78328597a05018a75df1617bd0fea9b368a3,kermany/train/PNEUMONIA/person306_virus_628.jpeg
1013,dropped_duplicate,chittagong,PNEUMONIA,311451a53af89220e987b501ad42a46fe27d7e5532a43b7fc0e238eeb1cca40b,chittagong/nested_0/Training/pneumonia/pneumonia-3872.jpg
1014,kept,kermany,PNEUMONIA,6397e8ba377a28e095602271e2c64be9fb0eedbc99a54ed83d6b0ef12b3267fb,kermany/train/PNEUMONIA/person307_virus_629.jpeg
1014,dropped_duplicate,chittagong,PNEUMONIA,aa86e9f0b19af9105aaa773bca0f17217e8a87278d2f4efcc5bb56c7dbed466d,chittagong/nested_0/Training/pneumonia/pneumonia-430.jpg
1015,kept,kermany,PNEUMONIA,8edeff0608499ec100441bf223eb543853476f929d91c173c6e27b740922e059,kermany/train/PNEUMONIA/person30_bacteria_156.jpeg
1015,dropped_duplicate,kermany,PNEUMONIA,8edeff0608499ec100441bf223eb543853476f929d91c173c6e27b740922e059,kermany/train/PNEUMONIA/person30_bacteria_157.jpeg
1015,dropped_duplicate,chittagong,PNEUMONIA,618d7448c375e676c1bca8ee01fd870c4d7f00c8c4e5c167b581b6b52ba40e1a,chittagong/nested_0/Training/pneumonia/pneumonia-3986.jpg
1016,kept,kermany,PNEUMONIA,e5a2373c78e7fe5130e7911fd28138e66bef656747c3fce2a471357190f92125,kermany/train/PNEUMONIA/person311_bacteria_1453.jpeg
1016,dropped_duplicate,chittagong,PNEUMONIA,52209c0920f0606183d27114dc744b61d2cce76d9fd668ddf410a28e31d2ed2c,chittagong/nested_0/Training/pneumonia/pneumonia-4241.jpg
1017,kept,kermany,PNEUMONIA,80c1add07529f48378580583e10445b1f19d8a32001e70561dead02e83bb21da,kermany/train/PNEUMONIA/person312_bacteria_1456.jpeg
1017,dropped_duplicate,chittagong,PNEUMONIA,135a2854fdcca719cb51acea1fb2e1f680602044bcf27b292fdba55629ac4909,chittagong/nested_0/Training/pneumonia/pneumonia-420.jpg
1018,kept,kermany,PNEUMONIA,23625aa3ec17ea9e2f2b54a958003fcb85dbb32d9b5a2038add23c929626819a,kermany/train/PNEUMONIA/person313_bacteria_1458.jpeg
1018,dropped_duplicate,chittagong,PNEUMONIA,4f5bf36a3a130707cb8a8a9412d3f35f3e2506af7d1fd7b080d9d81dfcbc421c,chittagong/nested_0/Testing/pneumonia/pneumonia-5227.jpg
1019,kept,kermany,PNEUMONIA,a618f22c301dca6dc0d661b504255fe3a2f2670e309705fec9d1b33085754ef7,kermany/train/PNEUMONIA/person315_bacteria_1464.jpeg
1019,dropped_duplicate,chittagong,PNEUMONIA,1a9848966a5083576f199777bf4a36b2b5500f52c30779308625ff44ae31df79,chittagong/nested_0/Training/pneumonia/pneumonia-537.jpg
1020,kept,kermany,PNEUMONIA,70c9991cec50ceca84f52d1fcacbc144010f84b5b28f30995be04e94863164aa,kermany/train/PNEUMONIA/person315_bacteria_1468.jpeg
1020,dropped_duplicate,chittagong,PNEUMONIA,9a35b9402330ecb5e3512b445bb128beae4b552cf44046d2cf94e421ae8f44db,chittagong/nested_0/Training/pneumonia/pneumonia-4234.jpg
1021,kept,kermany,PNEUMONIA,cbbc6147f61e835ce1d02f37b9705f00bc923e071674e54b062e7890d6406464,kermany/train/PNEUMONIA/person319_bacteria_1475.jpeg
1021,dropped_duplicate,chittagong,PNEUMONIA,89cb1f72db5be96ec5c6f50381b83732141065ef0e723bae9cf0451e2ebff1f3,chittagong/nested_0/Training/pneumonia/pneumonia-69.jpg
1022,kept,kermany,PNEUMONIA,1054cb6b50049ca4bf7bdaec65146648ae089e0f5a9ed020e8a1ce807dbf4a21,kermany/train/PNEUMONIA/person319_bacteria_1480.jpeg
1022,dropped_duplicate,chittagong,PNEUMONIA,6223946b6ebcb2139e92c87b41bd27b388e9ba1c4077befbf42ba126bcc886a9,chittagong/nested_0/Training/pneumonia/pneumonia-511.jpg
1023,kept,kermany,PNEUMONIA,e7bd30765cd7326d58cadeb5501d85eb24151b56396ffa5166f9e8b5b7742792,kermany/train/PNEUMONIA/person31_bacteria_162.jpeg
1023,dropped_duplicate,chittagong,PNEUMONIA,0d602b4120c10ec819a87b347fc6ce0132980254b8264551d11fe2f21bbea944,chittagong/nested_0/Testing/pneumonia/pneumonia-709.jpg
1024,kept,kermany,PNEUMONIA,62b21e94d60de7f75bb784ab9dbefbe667e699b5d5e4fe77feb7580dedfeef49,kermany/train/PNEUMONIA/person320_virus_647.jpeg
1024,dropped_duplicate,chittagong,PNEUMONIA,fd50da0a590a99eb8cf01efb7c4346334b11a92e999d802c3059458c4efd7405,chittagong/nested_0/Training/pneumonia/pneumonia-4546.jpg
1025,kept,kermany,PNEUMONIA,3731873b2505f72913a6d44e4d24aa7912cedeb1850465bb1955eee6ad7661db,kermany/train/PNEUMONIA/person321_bacteria_1485.jpeg
1025,dropped_duplicate,chittagong,PNEUMONIA,a7e6ed488a1d57a219d335535f340bc3ee168576e9a4f740a92d01157b22f5b5,chittagong/nested_0/Training/pneumonia/pneumonia-73.jpg
1026,kept,kermany,PNEUMONIA,ce703b9bfe597e3edd23482f1dda33652c539fff9621d60d7cc2462cfa733938,kermany/train/PNEUMONIA/person324_virus_658.jpeg
1026,dropped_duplicate,chittagong,PNEUMONIA,0cca51678fb93b1228fa47e640d2ef3f48a10fce10c8682c3d247581cfb06144,chittagong/nested_0/Training/pneumonia/pneumonia-4016.jpg
1027,kept,kermany,PNEUMONIA,61ef9bf43ddc1befa30acd26da1c2be3b1162432358ca2859fd6e64ce6b3dedc,kermany/train/PNEUMONIA/person325_virus_664.jpeg
1027,dropped_duplicate,chittagong,PNEUMONIA,72403c66d754cb4b44a676d1d8a5f8a632dae84a02e5dacdcb13a8438213758c,chittagong/nested_0/Training/pneumonia/pneumonia-346.jpg
1028,kept,kermany,PNEUMONIA,55eeb8dda00f467f50390b315500a4becc8a3a1abf99dc0dc5549df9e918c8d8,kermany/train/PNEUMONIA/person326_bacteria_1507.jpeg
1028,dropped_duplicate,chittagong,PNEUMONIA,26fbff44dd9da894f8c12938d7be6a3709c46bb5054b92a34f2128fab1c21dfa,chittagong/nested_0/Training/pneumonia/pneumonia-68.jpg
1029,kept,kermany,PNEUMONIA,cfac7e214465d3d71fffd7fa89be1722033c5a1d911b85ae5e7c28adf0a1c7e2,kermany/train/PNEUMONIA/person326_virus_666.jpeg
1029,dropped_duplicate,chittagong,PNEUMONIA,c283e295bf1332c7ceb95370b3642e185e8235fb3ce6c89cb7ec2bd18a1016ac,chittagong/nested_0/Training/pneumonia/pneumonia-4257.jpg
1030,kept,kermany,PNEUMONIA,d8d3047ef1951b20a65789992b2e46678e00b13f16f77c8b1bcca9243bdce6c4,kermany/train/PNEUMONIA/person326_virus_672.jpeg
1030,dropped_duplicate,chittagong,PNEUMONIA,db9ff3a9d687f66806990fb7d0f255f91971f9e2ad3d7a7ebf01d1032c04da20,chittagong/nested_0/Training/pneumonia/pneumonia-4246.jpg
1031,kept,kermany,PNEUMONIA,6495686fdeca1146930f7981e25cb9b9e39121e7e865a1607ea8fdf26ecab785,kermany/train/PNEUMONIA/person327_bacteria_1509.jpeg
1031,dropped_duplicate,chittagong,PNEUMONIA,557eb84060c06c3b51014bd34accb00066b0525b0c6a7e97d690ae494ba3a061,chittagong/nested_0/Training/pneumonia/pneumonia-313.jpg
1032,kept,kermany,PNEUMONIA,850505c70687b6ffb6506245c8154e35e2c541ee2773e53a3a5522c604c67c22,kermany/train/PNEUMONIA/person328_bacteria_1511.jpeg
1032,dropped_duplicate,chittagong,PNEUMONIA,981d1092744b06edb4d3993ba1ad63055a1c1648fb15ae963305b27ee3556202,chittagong/nested_0/Training/pneumonia/pneumonia-460.jpg
1033,kept,kermany,PNEUMONIA,4ca8fd203fd352029308667c80d5d07138df2c604853bce979c71aa1196c064b,kermany/train/PNEUMONIA/person328_bacteria_1513.jpeg
1033,dropped_duplicate,chittagong,PNEUMONIA,5cdeb5f0531786f9ae9a1eb2e3f9e2ae7470958aac71837acde3105d6fee1298,chittagong/nested_0/Testing/pneumonia/pneumonia-595.jpg
1034,kept,kermany,PNEUMONIA,7518db9a020d88f1a38741ae171beaa9c4190d3968b45794485f1cb7174053cf,kermany/train/PNEUMONIA/person328_bacteria_1515.jpeg
1034,dropped_duplicate,chittagong,PNEUMONIA,3497d2b748a182604c188cb702320d9a1f95085c6bd859e3acc0eb097b67d77f,chittagong/nested_0/Training/pneumonia/pneumonia-579.jpg
1035,kept,kermany,PNEUMONIA,4d0c05d154e4ffba8e6f14b8aea767a9359ef1de31b6140c6ba49f266094670b,kermany/train/PNEUMONIA/person330_virus_683.jpeg
1035,dropped_duplicate,chittagong,PNEUMONIA,be8ea7088d566e69a02edf8089cedb12946eb346cb8e7820b25ee45ef08856af,chittagong/nested_0/Training/pneumonia/pneumonia-347.jpg
1036,kept,kermany,PNEUMONIA,7857caeee0a88b3a00afa8a334d17ca5f16134499d9c3a80621362529932638a,kermany/train/PNEUMONIA/person331_bacteria_1526.jpeg
1036,dropped_duplicate,chittagong,PNEUMONIA,f19f48004116cf09a7bca95933b32edb34278001cb608f3cad12e008c115f8ca,chittagong/nested_0/Testing/pneumonia/pneumonia-5217.jpg
1037,kept,kermany,PNEUMONIA,1df04dd6dd21084c0c05513c077486e5ff6993b7fe25708336f53861b07680d3,kermany/train/PNEUMONIA/person331_bacteria_1527.jpeg
1037,dropped_duplicate,chittagong,PNEUMONIA,014323de1b3b848a198908279f7ce0768bcafb6adf3eaaf0ec08fcb0d270b2d6,chittagong/nested_0/Training/pneumonia/pneumonia-4205.jpg
1038,kept,kermany,PNEUMONIA,b9ca403ac8be409893522b715550f7d00448003f86225ff9e21417cc7de60c93,kermany/train/PNEUMONIA/person332_bacteria_1533.jpeg
1038,dropped_duplicate,chittagong,PNEUMONIA,31f259c79ccfb19942138b233772e65475a41b8d608bc87ff39a194c3cd8ffce,chittagong/nested_0/Training/pneumonia/pneumonia-4011.jpg
1039,kept,kermany,PNEUMONIA,500eee5b2ce05f6b141890a72efaa7109d678eb1a3aaed821b33115fcbf92235,kermany/train/PNEUMONIA/person332_bacteria_1535.jpeg
1039,dropped_duplicate,chittagong,PNEUMONIA,183b476410c9a31d0dc56792cc3238b20330afb8567d0ea5c70a19486d8a2fb8,chittagong/nested_0/Testing/pneumonia/pneumonia-649.jpg
1040,kept,kermany,PNEUMONIA,05a97e3cbec3263a84148b6788a034460d3a0de1f3ee1911f8ca9c45898833e5,kermany/train/PNEUMONIA/person333_bacteria_1539.jpeg
1040,dropped_duplicate,chittagong,PNEUMONIA,bef815fba8164a050a0212678d7b4cd644b5042a57ed9077b0b574943d91d1cf,chittagong/nested_0/Training/pneumonia/pneumonia-4231.jpg
1041,kept,kermany,PNEUMONIA,e5a9a3a26b05c2d86eb92e9353ac3638c0facd5f54be01f636d93aed5d91463c,kermany/train/PNEUMONIA/person334_bacteria_1541.jpeg
1041,dropped_duplicate,chittagong,PNEUMONIA,eaaa1c22b7dc0939ba9bace7b488b369682da40d8a4fdeae07448439c24363c0,chittagong/nested_0/Testing/pneumonia/pneumonia-659.jpg
1042,kept,kermany,PNEUMONIA,f031a3a31cb7e2623968016812029cf22c39054fb93153e5356a687fc27386dc,kermany/train/PNEUMONIA/person336_bacteria_1551.jpeg
1042,dropped_duplicate,chittagong,PNEUMONIA,9b05f1f7a5f354d1b6bce3787deeea8d51099e6df48e9c1139684611ee4bc1e7,chittagong/nested_0/Training/pneumonia/pneumonia-575.jpg
1043,kept,kermany,PNEUMONIA,06c97ec27d87e35412eeade02130bbaac91432e4fc8ad108aebebd26fbd5d9b5,kermany/train/PNEUMONIA/person337_bacteria_1554.jpeg
1043,dropped_duplicate,chittagong,PNEUMONIA,d09fd24a859038d46ed205a7f83b17554d5eb56e9203f2c0797d102add0f0c4e,chittagong/nested_0/Training/pneumonia/pneumonia-4085.jpg
1044,kept,kermany,PNEUMONIA,70bee41c5a65939e478dfe56d33a3339bbd606156ec59af72409489988c6674b,kermany/train/PNEUMONIA/person338_virus_694.jpeg
1044,dropped_duplicate,chittagong,PNEUMONIA,b8115b1309e5aa4b53f75d3900fe5d4e3200c99affc9f9dd0ef679927b4a6810,chittagong/nested_0/Training/pneumonia/pneumonia-4505.jpg
1045,kept,kermany,PNEUMONIA,1f001a98a3b83e60c59b2875c6e3fd99d979d12a50d3a287c47807385801475e,kermany/train/PNEUMONIA/person339_bacteria_1572.jpeg
1045,dropped_duplicate,chittagong,PNEUMONIA,4ed30ab0144529cfe54271d984a60eb8df54aa1ce51898e9a0429098ea5c0c4d,chittagong/nested_0/Testing/pneumonia/pneumonia-5211.jpg
1046,kept,kermany,PNEUMONIA,6df0a436710f0ca53e480b9c2cacd5c831a82a12c9f9ff1acfba0226a3659e68,kermany/train/PNEUMONIA/person339_virus_695.jpeg
1046,dropped_duplicate,chittagong,PNEUMONIA,2d753b55ab84e8bac233afbf853e22be97716401dd002fcc21209c8a15f23129,chittagong/nested_0/Training/pneumonia/pneumonia-4221.jpg
1047,kept,kermany,PNEUMONIA,d4fd7ab59ad1975c92e8600aa0aa6b9bb5bff33fa2e06456508b73ca0004db2c,kermany/train/PNEUMONIA/person33_bacteria_173.jpeg
1047,dropped_duplicate,chittagong,PNEUMONIA,2f3e02ad9d054471557ed6384537c0a6ac103c5f503dc9fcf18e6d31041d1739,chittagong/nested_0/Training/pneumonia/pneumonia-4576.jpg
1048,kept,kermany,PNEUMONIA,e7b5d1aba957f3e0ac43c7962880362206f75f56b58071b425dc3d541647dff3,kermany/train/PNEUMONIA/person341_virus_699.jpeg
1048,dropped_duplicate,chittagong,PNEUMONIA,0dfa61db2fbece1c3ba39fc66cce3f3cfa036910c3d2c3ddaaf7cc64738dd219,chittagong/nested_0/Training/pneumonia/pneumonia-3909.jpg
1049,kept,kermany,PNEUMONIA,201da4b778aac0a87a729398610ba3d7436e348deed33860d144945f86f1a238,kermany/train/PNEUMONIA/person342_virus_701.jpeg
1049,dropped_duplicate,chittagong,PNEUMONIA,b5b46e3c1e3419c6ae6295a2ae5791aaf07e952e0021875ce31b9392faf4aca5,chittagong/nested_0/Testing/pneumonia/pneumonia-5123.jpg
1050,kept,kermany,PNEUMONIA,4ddfe001b8e1323e0abe16b3528fb9a0844edcfbbbde9b5c65eda7a8e6507ff9,kermany/train/PNEUMONIA/person348_bacteria_1603.jpeg
1050,dropped_duplicate,chittagong,PNEUMONIA,0236461ef8d75f86040f378ff48ee02c36f440b1615f14dee034e5f8dd6b99d5,chittagong/nested_0/Training/pneumonia/pneumonia-433.jpg
1051,kept,kermany,PNEUMONIA,da609bdbef51a62e7f74e6495bf34997e74da81e69e756bc576af73eb6861d4f,kermany/train/PNEUMONIA/person348_virus_715.jpeg
1051,dropped_duplicate,chittagong,PNEUMONIA,e3f5bc9247bc8967665eedd0868e727d2f899c095508106b4344525fbdfc7a0d,chittagong/nested_0/Testing/pneumonia/pneumonia-638.jpg
1052,kept,kermany,PNEUMONIA,3ec833d801571432315e3be43a79827d57320f985d54194279d6197362bc577f,kermany/train/PNEUMONIA/person348_virus_717.jpeg
1052,dropped_duplicate,chittagong,PNEUMONIA,fd87296bcee6bebf957a3bfee0cd00e1bc151ac0c9b6191dcfbaea846f043166,chittagong/nested_0/Training/pneumonia/pneumonia-341.jpg
1053,kept,kermany,PNEUMONIA,41e7ac7768071747a68a3bfb80feeba330d9ddfc3641b3b03ac9ab3b76b4ae29,kermany/train/PNEUMONIA/person348_virus_721.jpeg
1053,dropped_duplicate,chittagong,PNEUMONIA,1d98545eebd3e102cd2b22e68ab185764ddf8050b60a70a0ee9c55a42b51f331,chittagong/nested_0/Training/pneumonia/pneumonia-4.jpg
1054,kept,kermany,PNEUMONIA,8e138c58e3065564eccea73aea6524a6f7a5cf29d1951a9a074db1ed09cce2a9,kermany/train/PNEUMONIA/person348_virus_723.jpeg
1054,dropped_duplicate,chittagong,PNEUMONIA,58d28c0dd2e1b4c775e1945e2adee8c55edf4f9411d1dd0f1a01dea66f6a97bc,chittagong/nested_0/Training/pneumonia/pneumonia-379.jpg
1055,kept,kermany,PNEUMONIA,1a33c2e25eba579d92488e1beede16ff8e8ef93bd3ed62d57ef5e09ad8d514a9,kermany/train/PNEUMONIA/person351_bacteria_1619.jpeg
1055,dropped_duplicate,chittagong,PNEUMONIA,7a6230dbe436f23c935c1045684a66448620f4bdea5ac764b0a24b3deacee763,chittagong/nested_0/Training/pneumonia/pneumonia-548.jpg
1056,kept,kermany,PNEUMONIA,8c089cb349d9408768fc54e898541be0feabfc07d57f07e3f05883343e77d762,kermany/train/PNEUMONIA/person352_bacteria_1625.jpeg
1056,dropped_duplicate,chittagong,PNEUMONIA,9fb46084fa3c1734e266d293fc744f9d15ef1a19694baae150058962e3ba3f7c,chittagong/nested_0/Training/pneumonia/pneumonia-4044.jpg
1057,kept,kermany,PNEUMONIA,5b4bb9185c683766809afd16fcd0fb1bd7bdaac325767b364394f5207fa0341e,kermany/train/PNEUMONIA/person353_bacteria_1628.jpeg
1057,dropped_duplicate,chittagong,PNEUMONIA,4af6b52c03250a1072e05c60a04447b7eb0c2cc116ff5b7c38a5fb93b0488958,chittagong/nested_0/Training/pneumonia/pneumonia-4250.jpg
1058,kept,kermany,PNEUMONIA,fd7e4885f05b30d27c648bb4cef344dd66d638faaef79d77ed13896c21238215,kermany/train/PNEUMONIA/person354_bacteria_1633.jpeg
1058,dropped_duplicate,chittagong,PNEUMONIA,0d7a922c01e83b2d36ca8f87305cc15ce8dde2d9e257362b39e057379ca174a1,chittagong/nested_0/Training/pneumonia/pneumonia-452.jpg
1059,kept,kermany,PNEUMONIA,e48c04c145ffc997c9e0616cdac0ee9ed6e3d2275c3cc8dca0104be8bcceba74,kermany/train/PNEUMONIA/person354_bacteria_1634.jpeg
1059,dropped_duplicate,chittagong,PNEUMONIA,f9da264ff9231cbf3f960ca99f79bd0127d781d76a970d1c75d39d8fb491c14d,chittagong/nested_0/Training/pneumonia/pneumonia-538.jpg
1060,kept,kermany,PNEUMONIA,7142c23576f61ddb452e5ecb7c2a60689500a0ea5acc921de59755100ed35229,kermany/train/PNEUMONIA/person354_virus_729.jpeg
1060,dropped_duplicate,chittagong,PNEUMONIA,8bd7e59df5824af7aca56d16e62072eef2926c7e5c491e0c2fc0db126c85c2e8,chittagong/nested_0/Testing/pneumonia/pneumonia-696.jpg
1061,kept,kermany,PNEUMONIA,792f2085faed04d60df6435e89a74c60056a35f49d49b442cf70a58e95c1e549,kermany/train/PNEUMONIA/person355_virus_730.jpeg
1061,dropped_duplicate,chittagong,PNEUMONIA,61988f84013ab1445ed60d0fddcad97aa2eafa482ce6853501f46771178244ab,chittagong/nested_0/Training/pneumonia/pneumonia-132.jpg
1062,kept,kermany,PNEUMONIA,3aba61f611c432018a3cd8f3100cc7c58e0e06bfa01fe78dba0554fdbc24d60e,kermany/train/PNEUMONIA/person356_virus_733.jpeg
1062,dropped_duplicate,chittagong,PNEUMONIA,ddb2610360fdf0301b1bf95b8feb77642fd94ab919ba113c5bef39a3c895a16f,chittagong/nested_0/Training/pneumonia/pneumonia-417.jpg
1063,kept,kermany,PNEUMONIA,bdcb46c2b61f0657d30ea07e422481e7c7b713f7d622ee99bac31a0e3aa1cdd7,kermany/train/PNEUMONIA/person357_virus_734.jpeg
1063,dropped_duplicate,kermany,PNEUMONIA,bdcb46c2b61f0657d30ea07e422481e7c7b713f7d622ee99bac31a0e3aa1cdd7,kermany/train/PNEUMONIA/person357_virus_735.jpeg
1064,kept,kermany,PNEUMONIA,d118e72afc312a6616cd47f3ba0c80b744b5a1a1bc9a99ff39b8ac73e4316db4,kermany/train/PNEUMONIA/person359_bacteria_1643.jpeg
1064,dropped_duplicate,chittagong,PNEUMONIA,118895fbd0aa395852a18bb2b92747c5e45522dc1eaa836a2a47c48bfde1f13c,chittagong/nested_0/Testing/pneumonia/pneumonia-628.jpg
1065,kept,kermany,PNEUMONIA,f113e16a4dee6f2347fd83a334c434fd7187ef6356f181e1b8aefbed5978cae9,kermany/train/PNEUMONIA/person359_bacteria_1646.jpeg
1065,dropped_duplicate,chittagong,PNEUMONIA,ad8be001471fc5b07cbaa7ba3fc665e06cba92c692678cc5d77be8a4f132c275,chittagong/nested_0/Training/pneumonia/pneumonia-576.jpg
1066,kept,kermany,PNEUMONIA,32a56392643f89998dd7b039f898e495fe7fd6aa7bbe21c079d229bebc0b4097,kermany/train/PNEUMONIA/person35_bacteria_178.jpeg
1066,dropped_duplicate,chittagong,PNEUMONIA,3a74289956c5ffee1838bc7178b52750036d94f5399b747a796b3b634b6609ea,chittagong/nested_0/Training/pneumonia/pneumonia-361.jpg
1067,kept,kermany,PNEUMONIA,3035c0a54c2232a983a4ba43daf2f9699dcd56b97f49264959aa87d38b65bd43,kermany/train/PNEUMONIA/person360_virus_739.jpeg
1067,dropped_duplicate,chittagong,PNEUMONIA,0c8fb46388c89e7e53d4d1ac7d88456a7b800e018a08fd75365d536f47353a1f,chittagong/nested_0/Training/pneumonia/pneumonia-4278.jpg
1068,kept,kermany,PNEUMONIA,1523779d5f2edec5b11414657640b9167302667883e3fd06069a13b69af44040,kermany/train/PNEUMONIA/person362_bacteria_1652.jpeg
1068,dropped_duplicate,chittagong,PNEUMONIA,936544251aa87418af50cde9493a9ed97e8c1d49709e42e6570a4b7afadd61a4,chittagong/nested_0/Training/pneumonia/pneumonia-4554.jpg
1069,kept,kermany,PNEUMONIA,9cec121157849e1f8926f841ab23ce1f3ee1b53dd2305cbf86d2a44e96359711,kermany/train/PNEUMONIA/person363_bacteria_1654.jpeg
1069,dropped_duplicate,chittagong,PNEUMONIA,b918e70545fa63fc50f096d11c37294b5acd36a3e873f10fed5c520fca1212ca,chittagong/nested_0/Training/pneumonia/pneumonia-193.jpg
1070,kept,kermany,PNEUMONIA,873c64fb0a8f569156a0db0bf9b3100afd9ca5eb453d762b8133ad9fd11dc2cb,kermany/train/PNEUMONIA/person364_bacteria_1660.jpeg
1070,dropped_duplicate,chittagong,PNEUMONIA,b82b328c021feb18cc5934b391ff0a4599453f8574b4cccaa10e163a7a245600,chittagong/nested_0/Training/pneumonia/pneumonia-4122.jpg
1071,kept,kermany,PNEUMONIA,65597505db9cb9eceacac4937f028c942fd3a6d3f58042d93e89d35d3bacaed5,kermany/train/PNEUMONIA/person364_virus_743.jpeg
1071,dropped_duplicate,chittagong,PNEUMONIA,00222ba2d6b03db1e1125e39d3d09f10b033f29cfaecf5f876ae689691b502df,chittagong/nested_0/Training/pneumonia/pneumonia-383.jpg
1072,kept,kermany,PNEUMONIA,f078f4bf0f2eba38c086cce73742ecad3f8640217d7bb1d4dcf03dd3dba554db,kermany/train/PNEUMONIA/person367_virus_747.jpeg
1072,dropped_duplicate,chittagong,PNEUMONIA,95d5687ac9c84221c0534559da62303107442d44afcd2aa13ac97081297325ea,chittagong/nested_0/Testing/pneumonia/pneumonia-5181.jpg
1073,kept,kermany,PNEUMONIA,0b879c0fe1bfdea63cecd444170fe4792108f42bd6a8441880d9381e605069fd,kermany/train/PNEUMONIA/person368_bacteria_1678.jpeg
1073,dropped_duplicate,chittagong,PNEUMONIA,99ec3863a4df1549a98ebba0b574f2bf28eb7ae1cc417a49a8f2e0d16f6f3c60,chittagong/nested_0/Training/pneumonia/pneumonia-4065.jpg
1074,kept,kermany,PNEUMONIA,403ae3cedb44198b0b9cd3af297e62c36bf7ed515d111920d7c1accc8a4c9cb1,kermany/train/PNEUMONIA/person36_bacteria_182.jpeg
1074,dropped_duplicate,chittagong,PNEUMONIA,6e1abc894125873acda08ace04ed577401606a2c69d0f5cf9f7970166bc4dbf9,chittagong/nested_0/Testing/pneumonia/pneumonia-804.jpg
1075,kept,kermany,PNEUMONIA,9460ae5c94e3062391fbca7408ee421386e87f0891baba500750a8bc9115fdb4,kermany/train/PNEUMONIA/person36_bacteria_184.jpeg
1075,dropped_duplicate,chittagong,PNEUMONIA,658b9fbcbfc403d7b7f5227a933dd9d652f07fbd2a23095b5ede81b38b4ddcd1,chittagong/nested_0/Testing/pneumonia/pneumonia-5166.jpg
1076,kept,kermany,PNEUMONIA,3b53cd4930b13ac0f3d30bff3732c45a231188cb9aa1c207d351ffbca59bbe59,kermany/train/PNEUMONIA/person370_bacteria_1689.jpeg
1076,dropped_duplicate,chittagong,PNEUMONIA,b4314175116104966a13a43fb39664065c4988bc341cd6f73d5f916ec71cc4fe,chittagong/nested_0/Training/pneumonia/pneumonia-4286.jpg
1077,kept,kermany,PNEUMONIA,890e6c4929c98a9b7a4bf34e969bde268780a9e247a317a51d79fc61eaeb6909,kermany/train/PNEUMONIA/person370_virus_753.jpeg
1077,dropped_duplicate,chittagong,PNEUMONIA,77b232c12e8bf81f0526d6fc925092b6de150ced4737ffc4ede2e4a85a30280b,chittagong/nested_0/Training/pneumonia/pneumonia-89.jpg
1078,kept,kermany,PNEUMONIA,71cd45051adfb80f232b904d2dcc6793b186a1e4525eea872e023b264da5995e,kermany/train/PNEUMONIA/person371_bacteria_1696.jpeg
1078,dropped_duplicate,chittagong,PNEUMONIA,a83e2c88abc586d30519d4056853370021c624c46cc52af3feeced9fd6028a6c,chittagong/nested_0/Training/pneumonia/pneumonia-539.jpg
1079,kept,kermany,PNEUMONIA,1121287d5a01220816d00054613f3fa7cd7dbb5843d917b92055ac77dd85853b,kermany/train/PNEUMONIA/person371_bacteria_1701.jpeg
1079,dropped_duplicate,chittagong,PNEUMONIA,c282c381a4e13cef840e9b4e0efdf8b4634e540716f80f6fa84acbc4bf58895b,chittagong/nested_0/Training/pneumonia/pneumonia-4200.jpg
1080,kept,kermany,PNEUMONIA,1939dcc2f727047108c7435f4618a3ac57854fa82400a48291bb7fc06991b3fc,kermany/train/PNEUMONIA/person371_virus_754.jpeg
1080,dropped_duplicate,chittagong,PNEUMONIA,19248f9a60150b63bcc4c748de383aa5ba47967277ac301512a94ed21e654844,chittagong/nested_0/Training/pneumonia/pneumonia-4139.jpg
1081,kept,kermany,PNEUMONIA,a1c4ff5b186cbeb46b1e6549290bfe2f3071eb4360726d56637978f619f290fd,kermany/train/PNEUMONIA/person372_bacteria_1704.jpeg
1081,dropped_duplicate,chittagong,PNEUMONIA,937df5e13a47f2decb5059de3ea4e5a2aed79b1d73f62307e4f6cfba8443bb2b,chittagong/nested_0/Testing/pneumonia/pneumonia-5112.jpg
1082,kept,kermany,PNEUMONIA,4c368a799fd8adb64e591d49f1ff189250b1a173a1d885ab779f42811bbcd495,kermany/train/PNEUMONIA/person372_bacteria_1705.jpeg
1082,dropped_duplicate,chittagong,PNEUMONIA,15ef9aba9366a9c5b2a689ae5e60b92869f46ff5fcd744ce72bab0c782583aad,chittagong/nested_0/Testing/pneumonia/pneumonia-5135.jpg
1083,kept,kermany,PNEUMONIA,356da47b6abff69b88b479168c66d6f8fdfc001da1358f8a8146bf776e0f2b89,kermany/train/PNEUMONIA/person374_bacteria_1710.jpeg
1083,dropped_duplicate,chittagong,PNEUMONIA,9255d7ff7836642ffe45e3583d42ecb89be89356afcdaeb9903370170f22691d,chittagong/nested_0/Training/pneumonia/pneumonia-360.jpg
1084,kept,kermany,PNEUMONIA,9b2a578266342bcf171f5d59db6a91578487179fe1d54e1ad5ee282b334934fb,kermany/train/PNEUMONIA/person376_virus_759.jpeg
1084,dropped_duplicate,chittagong,PNEUMONIA,d71eb7bca62fde288266d5d8a4cda66066687a6e6b44ad428212be624c3f718c,chittagong/nested_0/Testing/pneumonia/pneumonia-639.jpg
1085,kept,kermany,PNEUMONIA,1b29b26094bfb355f26e2cd667a8afc28edc20b0697f5b93ff608b9a8cdad16c,kermany/train/PNEUMONIA/person379_virus_762.jpeg
1085,dropped_duplicate,chittagong,PNEUMONIA,1890434105996aa7f3321cec377c9e113e45cf8c6f2fe5b1ee04feba8efba696,chittagong/nested_0/Training/pneumonia/pneumonia-3895.jpg
1086,kept,kermany,PNEUMONIA,1ef7578e60455a17ef8f4185f4dc4e91d7ce9d1b3d8cab560253ef28cd521d46,kermany/train/PNEUMONIA/person37_bacteria_186.jpeg
1086,dropped_duplicate,chittagong,PNEUMONIA,43134697e2e585d1119e12da90c867c57f968f52d080a6c2f2559af72c03591d,chittagong/nested_0/Training/pneumonia/pneumonia-3927.jpg
1087,kept,kermany,PNEUMONIA,47ec82bbd468c5a198c10782e310a3e2944305acecd67a7d223d907a4b81323c,kermany/train/PNEUMONIA/person37_bacteria_187.jpeg
1087,dropped_duplicate,chittagong,PNEUMONIA,f7c2323df3722408bb2d415e64744848d3d9751d02b25e6651c9ba454cd71abf,chittagong/nested_0/Training/pneumonia/pneumonia-4156.jpg
1088,kept,kermany,PNEUMONIA,bfba664bd59593f49e5e2b1022e46cc2339adade71fe882869718a54c001fb03,kermany/train/PNEUMONIA/person381_bacteria_1730.jpeg
1088,dropped_duplicate,chittagong,PNEUMONIA,d7e9bc7b3d8533fd1af910de20cf2d808a9a9d28e38cec38c620762331cb85ef,chittagong/nested_0/Training/pneumonia/pneumonia-359.jpg
1089,kept,kermany,PNEUMONIA,c7545023e973512ae51cff2ebdf772d00b46ab7a332049eb8a85722dc1fbdd81,kermany/train/PNEUMONIA/person382_bacteria_1741.jpeg
1089,dropped_duplicate,chittagong,PNEUMONIA,d70f3149582f223207b9b7f696f2f1ac0cacb1de7db1e0295677b219d979a0a4,chittagong/nested_0/Testing/pneumonia/pneumonia-876.jpg
1090,kept,kermany,PNEUMONIA,38cb5cdd39c01723fab926f8824969cdd802411b84fe596c653a85119d3f6a45,kermany/train/PNEUMONIA/person382_bacteria_1745.jpeg
1090,dropped_duplicate,chittagong,PNEUMONIA,8f7a3e98ed2ba85ba9872b336b94defcacf7a2ae6ad0ef49f4999b18e7222d91,chittagong/nested_0/Training/pneumonia/pneumonia-389.jpg
1091,kept,kermany,PNEUMONIA,ce0de3f60ef76a77cdddcac9cf06538028e702d4d72b5fe37ec1929e52f44383,kermany/train/PNEUMONIA/person383_bacteria_1747.jpeg
1091,dropped_duplicate,chittagong,PNEUMONIA,f89530470e0883c091bbe504f1d7ced041309a0ff34720d26b391f78a522a69a,chittagong/nested_0/Training/pneumonia/pneumonia-4535.jpg
1092,kept,kermany,PNEUMONIA,65f45928162a932981e9ea1bdd7a7de9f14d4f57b2f40db54f38cc85f28e8a8e,kermany/train/PNEUMONIA/person383_bacteria_1748.jpeg
1092,dropped_duplicate,chittagong,PNEUMONIA,94b34b77a2873084de61551e02e2511eb8eafaae37daf76aa5255571bcbd8f5a,chittagong/nested_0/Training/pneumonia/pneumonia-4126.jpg
1093,kept,kermany,PNEUMONIA,f7515763445c9453d05b21d101fa0fabf6d775d0d8ea032bb544a7a533ec3807,kermany/train/PNEUMONIA/person384_bacteria_1755.jpeg
1093,dropped_duplicate,chittagong,PNEUMONIA,2ea20f0303118c76729658fd1c422cb7d3dd071d73f20a5ba542f36969828eb3,chittagong/nested_0/Training/pneumonia/pneumonia-249.jpg
1094,kept,kermany,PNEUMONIA,74a8a6c88737e4f4e90283058786fa6df42403e71cceb2823eb3661972d8b369,kermany/train/PNEUMONIA/person385_bacteria_1765.jpeg
1094,dropped_duplicate,chittagong,PNEUMONIA,860e4870d1b5773c3e5993c0a5c8c10dddb45db0e9a6261e51ac078f0f627340,chittagong/nested_0/Training/pneumonia/pneumonia-471.jpg
1095,kept,kermany,PNEUMONIA,79d26453b2f84f6a367a7cf899e8b7f71c7732d1afe3f1376be5ab6365ad168a,kermany/train/PNEUMONIA/person385_bacteria_1766.jpeg
1095,dropped_duplicate,chittagong,PNEUMONIA,f3596ceb438f5e6ad0cce517280490fc9b55a6bc178ce7f49ccb319d63622479,chittagong/nested_0/Training/pneumonia/pneumonia-4233.jpg
1096,kept,kermany,PNEUMONIA,be6b9617a34e456f70569345e14f74c56f5b23657455aa74012157e8e514822f,kermany/train/PNEUMONIA/person387_bacteria_1769.jpeg
1096,dropped_duplicate,chittagong,PNEUMONIA,138cb4a803f1c0968e0cbfa8e9cd4ac0fcffd0303e0b585c4b4e87cb02dfaf86,chittagong/nested_0/Testing/pneumonia/pneumonia-5200.jpg
1097,kept,kermany,PNEUMONIA,d47c060423a2538ab489e4f797079a8f73f154e3b6863ba3077e16161c97ceeb,kermany/train/PNEUMONIA/person387_bacteria_1770.jpeg
1097,dropped_duplicate,chittagong,PNEUMONIA,7aa26100c3446fc0eca7425d89946c783a6bc294e6a7fb71e70ea854a9fb272a,chittagong/nested_0/Training/pneumonia/pneumonia-4141.jpg
1098,kept,kermany,PNEUMONIA,2cc4ce8cb35d26eec63476861c3da31c946560e5e91d9d5bcb26075e379f598b,kermany/train/PNEUMONIA/person389_bacteria_1780.jpeg
1098,dropped_duplicate,chittagong,PNEUMONIA,4dfb5e6a59b08bea8c68b0e36ee43cf4685e7425a7a41a3de6f97e0b72e4f288,chittagong/nested_0/Training/pneumonia/pneumonia-57.jpg
1099,kept,kermany,PNEUMONIA,862259459d70e26bd071c018de747cf24896157c1a3cc779c0b323ee10573103,kermany/train/PNEUMONIA/person390_bacteria_1781.jpeg
1099,dropped_duplicate,chittagong,PNEUMONIA,e75fee5ef62757e4713f1774c899d420e88593a946758ac2f19d1d90bb3ba9d4,chittagong/nested_0/Training/pneumonia/pneumonia-4178.jpg
1100,kept,kermany,PNEUMONIA,febce91d900118797f19537ef28ffda24fc502771e0c8481d7d4e6811964bc3d,kermany/train/PNEUMONIA/person391_virus_781.jpeg
1100,dropped_duplicate,chittagong,PNEUMONIA,6553976d0766b8d23725b8ff19f4a818180cc391a0cfe81b9f9ef9d7517d9719,chittagong/nested_0/Training/pneumonia/pneumonia-210.jpg
1101,kept,kermany,PNEUMONIA,414935710c07e0da27346684607998960cc880b44c274663d7d3a9201e439e4f,kermany/train/PNEUMONIA/person394_virus_786.jpeg
1101,dropped_duplicate,chittagong,PNEUMONIA,9d623f91a6551e441be92d92145c9f77b92a362f809f5e83d466e96e8477873c,chittagong/nested_0/Training/pneumonia/pneumonia-4589.jpg
1102,kept,kermany,PNEUMONIA,ceb320715e55a585a8e0d125e8141a43a59f23563a72a1577c18c801d8eb9812,kermany/train/PNEUMONIA/person396_virus_789.jpeg
1102,dropped_duplicate,chittagong,PNEUMONIA,9f6815acfd7de809a776f9d56491523413d677583cc07218cd8e21974de65d1b,chittagong/nested_0/Training/pneumonia/pneumonia-4071.jpg
1103,kept,kermany,PNEUMONIA,ae93c52ee25841c6f33041ed4e9a65eef3489a941a7220533b316944a0bb4dd6,kermany/train/PNEUMONIA/person39_bacteria_200.jpeg
1103,dropped_duplicate,chittagong,PNEUMONIA,507ed7f04f3751bb88cae22456739445db6f85f62f9e182b46fc188dc2658633,chittagong/nested_0/Training/pneumonia/pneumonia-4014.jpg
1104,kept,kermany,PNEUMONIA,9f8043b4b5d7d4215354981cf16e462a22b524e9f36eebe91ac965ebe19e65cf,kermany/train/PNEUMONIA/person3_bacteria_12.jpeg
1104,dropped_duplicate,chittagong,PNEUMONIA,140bc9e39179b832a9c9fa536327a72ffedc8b5f6b6f38000df1f66a731c3ea1,chittagong/nested_0/Testing/pneumonia/pneumonia-647.jpg
1105,kept,kermany,PNEUMONIA,404efd7862431e05f577f38094428e5ece97b288ce6491b903b3bd331638524e,kermany/train/PNEUMONIA/person3_bacteria_13.jpeg
1105,dropped_duplicate,chittagong,PNEUMONIA,7f1fb582841c965bdc546a09545496a37260bff13f790826082b4d51f8464bba,chittagong/nested_0/Training/pneumonia/pneumonia-223.jpg
1106,kept,kermany,PNEUMONIA,7d788c8fcb4cb9f1b3ddb7558a9149010dadbeb36a1da7928227a54c3fdceece,kermany/train/PNEUMONIA/person400_virus_794.jpeg
1106,dropped_duplicate,chittagong,PNEUMONIA,98ae7253e3d0acb3a866dfd4fb538f1f3a2e553cded4c81c4be1334cbd6a0f2d,chittagong/nested_0/Training/pneumonia/pneumonia-3929.jpg
1107,kept,kermany,PNEUMONIA,8429f1372fd5b495ecec41943fa352bfcbd2b571a59296e2561cc3a47ba30add,kermany/train/PNEUMONIA/person401_virus_795.jpeg
1107,dropped_duplicate,chittagong,PNEUMONIA,0327f6dc96e02ed1b7f2a7fcbb4b51b8cdf3ee1ec1c9474a639158e0e66442b5,chittagong/nested_0/Testing/pneumonia/pneumonia-5219.jpg
1108,kept,kermany,PNEUMONIA,d27eeee3cb7d091ed7dc9532c89fb67a1567777e6ec07f4f506d57c1679af6b4,kermany/train/PNEUMONIA/person401_virus_797.jpeg
1108,dropped_duplicate,kermany,PNEUMONIA,d27eeee3cb7d091ed7dc9532c89fb67a1567777e6ec07f4f506d57c1679af6b4,kermany/train/PNEUMONIA/person401_virus_798.jpeg
1109,kept,kermany,PNEUMONIA,ddd7687a886f4f12c03ca073e6c3c96223b266ec3a8739db3de9634225125d75,kermany/train/PNEUMONIA/person402_bacteria_1809.jpeg
1109,dropped_duplicate,chittagong,PNEUMONIA,d901522f4f8ac43cc6f64d2be9907f1959b1c15490f102787e836a5f24131700,chittagong/nested_0/Testing/pneumonia/pneumonia-5170.jpg
1110,kept,kermany,PNEUMONIA,d63a4c99ca67af1a1e8377c4a4795748c1eb49ca08a35294b4990f8cbf663df3,kermany/train/PNEUMONIA/person402_bacteria_1811.jpeg
1110,dropped_duplicate,chittagong,PNEUMONIA,54a7a5655db0200c8d154a4033929004052bd878a8c30b34338350df209f5bc7,chittagong/nested_0/Training/pneumonia/pneumonia-535.jpg
1111,kept,kermany,PNEUMONIA,17c0d2d1e4c654588801b856a7bab9073f534e2aa00769f70802eaa7370fe107,kermany/train/PNEUMONIA/person402_bacteria_1812.jpeg
1111,dropped_duplicate,chittagong,PNEUMONIA,fe515f0110debfae26ee811e7d5ac7079287a0106a60cf14e743c0caae8d654c,chittagong/nested_0/Training/pneumonia/pneumonia-95.jpg
1112,kept,kermany,PNEUMONIA,ebf52761301510569097fae43fdd26e5fe3697e4a55e343aacbef90566110e7e,kermany/train/PNEUMONIA/person402_virus_801.jpeg
1112,dropped_duplicate,chittagong,PNEUMONIA,f790311d528f6180f165ef71539b0ddea02810442cec1d3ed10592e1ae97b0b3,chittagong/nested_0/Training/pneumonia/pneumonia-4069.jpg
1113,kept,kermany,PNEUMONIA,989648375dd8288a27b1a37abfe97a08dfe266088ad59f0480104203fca52bcd,kermany/train/PNEUMONIA/person407_bacteria_1822.jpeg
1113,dropped_duplicate,chittagong,PNEUMONIA,de004f7aa4c715c7ca7778d178bb810ae7634b6595970dadfcced60ef0a6e9a1,chittagong/nested_0/Training/pneumonia/pneumonia-3868.jpg
1114,kept,kermany,PNEUMONIA,59493a75be0553121693c3c31e8b437394c1ef544cae254ff24867f7554a3b60,kermany/train/PNEUMONIA/person407_virus_814.jpeg
1114,dropped_duplicate,chittagong,PNEUMONIA,0ea0612a3897fb633c053654b584965210249831c211bea736fcf76cca0526e4,chittagong/nested_0/Training/pneumonia/pneumonia-4549.jpg
1115,kept,kermany,PNEUMONIA,000dc8179b3ee10b818ad3f15304bd9a70580b123f7ea482d97c9a32f18fab46,kermany/train/PNEUMONIA/person40_bacteria_203.jpeg
1115,dropped_duplicate,chittagong,PNEUMONIA,25026c320d0c5c19ef00c275233bef336624d5338a7e9e3d860a481805efc921,chittagong/nested_0/Training/pneumonia/pneumonia-330.jpg
1116,kept,kermany,PNEUMONIA,a083d9cc5081148a7dbf0fe40d7d0e51aa63bee59e240b3577f098c14238841c,kermany/train/PNEUMONIA/person40_bacteria_204.jpeg
1116,dropped_duplicate,chittagong,PNEUMONIA,75ffde52d5e2201e76aa633582b41348a808c21fa6714789fb7e394220fd0f49,chittagong/nested_0/Training/pneumonia/pneumonia-157.jpg
1117,kept,kermany,PNEUMONIA,993926dc81047a2a84300269c3edfd511af5220dff6ddd8f1605ec100f8426ea,kermany/train/PNEUMONIA/person413_bacteria_1828.jpeg
1117,dropped_duplicate,chittagong,PNEUMONIA,041c0150c16af239e1b651aab69d5494776ffe0a45bb0b285ec62d8e6320e588,chittagong/nested_0/Training/pneumonia/pneumonia-563.jpg
1118,kept,kermany,PNEUMONIA,4820e22bff886dde10af6d40ce5df2fa783ee82a2cb49440be300bd1450df13f,kermany/train/PNEUMONIA/person414_bacteria_1835.jpeg
1118,dropped_duplicate,chittagong,PNEUMONIA,9d8b189bfec69b1dcedb130c477f3cbb02b90084babcca13270f65f95895aa4d,chittagong/nested_0/Training/pneumonia/pneumonia-315.jpg
1119,kept,kermany,PNEUMONIA,255332d63fac37143c7537c01f97c5ac77cf155bb8b3b3b216db74424d554485,kermany/train/PNEUMONIA/person415_bacteria_1837.jpeg
1119,dropped_duplicate,chittagong,PNEUMONIA,d8b42a78d1153e284997f1747f76d8f8eb4b2cb4dbbff34c67e865baf86ddf11,chittagong/nested_0/Training/pneumonia/pneumonia-4028.jpg
1120,kept,kermany,PNEUMONIA,c7e323ce34b49f4266a52684cc3919490c630254d6bf3630c87731cebb3e322c,kermany/train/PNEUMONIA/person415_virus_847.jpeg
1120,dropped_duplicate,chittagong,PNEUMONIA,64e4b7bfbf7f69e378bbb200ca23563dbefb6cc158396ddbfb8745b6758490bb,chittagong/nested_0/Training/pneumonia/pneumonia-4030.jpg
1121,kept,kermany,PNEUMONIA,847ffbc9090a13773b6d523f9b2968c71757ab8dde657f9d05d65364e3f16fbf,kermany/train/PNEUMONIA/person418_bacteria_1843.jpeg
1121,dropped_duplicate,chittagong,PNEUMONIA,94a4279325972b73010d5c5b1390a346f0cde66f38606f796b43b7a131fd4261,chittagong/nested_0/Training/pneumonia/pneumonia-369.jpg
1122,kept,kermany,PNEUMONIA,12bb895e6ccd42714dc7cb7020b3cd6d4f9491e9e1c9a391e740470b11ad087b,kermany/train/PNEUMONIA/person419_virus_857.jpeg
1122,dropped_duplicate,chittagong,PNEUMONIA,6148e21401e18544ea5582aa795013d624be04c1aa1a9abf5b47bb0b035b87da,chittagong/nested_0/Training/pneumonia/pneumonia-74.jpg
1123,kept,kermany,PNEUMONIA,8b97f11226f67173e1b02c0dd37401cb2e56cd8d0f54cd4b12c0b5ed9889f627,kermany/train/PNEUMONIA/person419_virus_861.jpeg
1123,dropped_duplicate,chittagong,PNEUMONIA,e93fc5668ccc6ea34542942eecb9a6c5ef206c8556bed9f890244e5d2bd23897,chittagong/nested_0/Testing/pneumonia/pneumonia-830.jpg
1124,kept,kermany,PNEUMONIA,4c9b0198279b9d553ab3c34031528585e7016b692010deb811c9b0546ba9edea,kermany/train/PNEUMONIA/person420_bacteria_1848.jpeg
1124,dropped_duplicate,chittagong,PNEUMONIA,02f244d4947d32a4beb8435e29b587914923f488ad828ecaceebbdcfc52e3793,chittagong/nested_0/Training/pneumonia/pneumonia-4010.jpg
1125,kept,kermany,PNEUMONIA,b4f73c33a31c44a6b1344f955f6132bd1987fde18493c89f5560d194390b116d,kermany/train/PNEUMONIA/person423_bacteria_1855.jpeg
1125,dropped_duplicate,chittagong,PNEUMONIA,567230412cd6fbe1887113f8f76c7987f827abcfe0098a80ef9bddcb09102bbf,chittagong/nested_0/Training/pneumonia/pneumonia-4203.jpg
1126,kept,kermany,PNEUMONIA,61fc010bab3586f786b3425cb2f4f129e7d40f5d40cd8548f0eda35ec8affc47,kermany/train/PNEUMONIA/person424_bacteria_1859.jpeg
1126,dropped_duplicate,chittagong,PNEUMONIA,f0a74c54a83dbb124147faa06578e1fbbe174b1c3b3740d6dd3f101413924d53,chittagong/nested_0/Training/pneumonia/pneumonia-4109.jpg
1127,kept,kermany,PNEUMONIA,b07231ccd96492178bbcae3a8e9a2fe06e856fd8e38d66367c071c614e4b5134,kermany/train/PNEUMONIA/person426_bacteria_1861.jpeg
1127,dropped_duplicate,chittagong,PNEUMONIA,e93751143ff08d4b6b097a06c02a24cb03e04e10804ce60b47bf36ae60cdaa41,chittagong/nested_0/Training/pneumonia/pneumonia-4244.jpg
1128,kept,kermany,PNEUMONIA,5cca902545b4cde4eb2de27acfc120d977f04ff88761cf6d1bb8a3c66e62593b,kermany/train/PNEUMONIA/person427_bacteria_1864.jpeg
1128,dropped_duplicate,chittagong,PNEUMONIA,9ca4274cad7597d1ae43f414fb2306e366ba5bc46f94d6a4561fb0de31f7b6a2,chittagong/nested_0/Training/pneumonia/pneumonia-4190.jpg
1129,kept,kermany,PNEUMONIA,ab8498ca0b0705375a883968241aa0d347cf5f10cbe7824c672e61e2cce20431,kermany/train/PNEUMONIA/person427_bacteria_1868.jpeg
1129,dropped_duplicate,chittagong,PNEUMONIA,e866117f2c15220878facf1559df0d57920dfcaa3675365b320d299f17c90021,chittagong/nested_0/Training/pneumonia/pneumonia-3904.jpg
1130,kept,kermany,PNEUMONIA,b2684f96e3ae35ec76535644610fe9372a393871b96ccf4ead21797415d3c70c,kermany/train/PNEUMONIA/person428_bacteria_1869.jpeg
1130,dropped_duplicate,chittagong,PNEUMONIA,fdef099bd12991fa7eaea2ec201dc19269f57b77f2069878bcd5b1e3130c0290,chittagong/nested_0/Training/pneumonia/pneumonia-4128.jpg
1131,kept,kermany,PNEUMONIA,0af58e8d92d1a8cad8b6695e1724886473445f526c599c9686f98557dc657f53,kermany/train/PNEUMONIA/person428_virus_876.jpeg
1131,dropped_duplicate,chittagong,PNEUMONIA,1900768b486fcb0de2721231633a133ed35e2d18463317a6c249b0754e417032,chittagong/nested_0/Training/pneumonia/pneumonia-187.jpg
1132,kept,kermany,PNEUMONIA,aa6158987fb6dc81d98509e557c91931f7bd4b82bd1e41dcbb9feb6e6ee28dd1,kermany/train/PNEUMONIA/person430_virus_879.jpeg
1132,dropped_duplicate,chittagong,PNEUMONIA,c56fcecf845a548f9126904b62e550e51979edf61b732428c272033ce82d81ff,chittagong/nested_0/Training/pneumonia/pneumonia-4574.jpg
1133,kept,kermany,PNEUMONIA,9c0cad84e27f79620c3d48762d9ae4445c31abe19c638075a10f6991f40761ee,kermany/train/PNEUMONIA/person431_bacteria_1872.jpeg
1133,dropped_duplicate,chittagong,PNEUMONIA,eb844afd0faa523e64571c8d87b6b0c813f4ed12313cfd641b64b82bb7f95047,chittagong/nested_0/Training/pneumonia/pneumonia-4497.jpg
1134,kept,kermany,PNEUMONIA,0e1e3229eb503e428a8d1a9e620e24044396e9a6aa14edc5d4fb67e82e27bf42,kermany/train/PNEUMONIA/person432_virus_881.jpeg
1134,dropped_duplicate,chittagong,PNEUMONIA,5bb2307c0d9b701e9469c09371d75aea357988480f601bad3cc6615ff3bf4dfb,chittagong/nested_0/Training/pneumonia/pneumonia-4186.jpg
1135,kept,kermany,PNEUMONIA,dc44efc387289ad18c4ee8a61144a9b88eb600f5dd14b12e3bae9cd0f4b7f16a,kermany/train/PNEUMONIA/person436_bacteria_1883.jpeg
1135,dropped_duplicate,chittagong,PNEUMONIA,7d187c5a4289b5f31254532e8626878370c880332be696f822524abaa2fa44cb,chittagong/nested_0/Training/pneumonia/pneumonia-4280.jpg
1136,kept,kermany,PNEUMONIA,cb506d3e91e886ecb6cbfa331d928cf20b4a40c3b43a1900430f6cea512d8cf8,kermany/train/PNEUMONIA/person436_virus_886.jpeg
1136,dropped_duplicate,chittagong,PNEUMONIA,6dc935f3f8b17dc0b13b45ec89963e8d08730eccd4ced5786d94e37ca3dc37d5,chittagong/nested_0/Testing/pneumonia/pneumonia-611.jpg
1137,kept,kermany,PNEUMONIA,acda8d1cd379c70c2d297af787b68238cb818b0d7b20bcd2abba51f87d044111,kermany/train/PNEUMONIA/person437_bacteria_1885.jpeg
1137,dropped_duplicate,chittagong,PNEUMONIA,92199a3dcd3b301dc6f0ccca63f5193fb6da5cf8fbad36687990f922a51aa62e,chittagong/nested_0/Training/pneumonia/pneumonia-4498.jpg
1138,kept,kermany,PNEUMONIA,af5ee7a80f093960eada62b11714f61b0507f0b902d968074f78bfe0dbe0abd6,kermany/train/PNEUMONIA/person438_bacteria_1891.jpeg
1138,dropped_duplicate,chittagong,PNEUMONIA,1b4de52950937dc018240b59df3c50c84fdba066bc193d4383eb38d5b85c9fb5,chittagong/nested_0/Testing/pneumonia/pneumonia-5185.jpg
1139,kept,kermany,PNEUMONIA,c986cd3051d52e0f435d42628ad6c8b0214c13f97d406aac70ae37bfc704bbe3,kermany/train/PNEUMONIA/person439_virus_891.jpeg
1139,dropped_duplicate,chittagong,PNEUMONIA,089d7b46b41da462141126482e7e15403a92341f3a309253589f52fc23e7f526,chittagong/nested_0/Training/pneumonia/pneumonia-435.jpg
1140,kept,kermany,PNEUMONIA,06e2cbe322dce53e81bb6bf3f927d08872ab99387ba270ca29da1c8999a54d3c,kermany/train/PNEUMONIA/person440_bacteria_1897.jpeg
1140,dropped_duplicate,chittagong,PNEUMONIA,73f595f49d91b47ecb6eecb13a8bccdbbcba1ac1cbeae795fc78eaddc17d9c6e,chittagong/nested_0/Training/pneumonia/pneumonia-465.jpg
1141,kept,kermany,PNEUMONIA,e3776da7b52bdb55fdd95458ca869e6a1313219c16657084dfd68c9d33ebc317,kermany/train/PNEUMONIA/person440_virus_893.jpeg
1141,dropped_duplicate,chittagong,PNEUMONIA,ae54265802a46353c4118f97642226e63e55ae1355b3187906628b758715c953,chittagong/nested_0/Training/pneumonia/pneumonia-4219.jpg
1142,kept,kermany,PNEUMONIA,decc36502d1a67eabc2d184da07fb1525324a8a86a0d3d362053a13618f47bf7,kermany/train/PNEUMONIA/person441_virus_895.jpeg
1142,dropped_duplicate,chittagong,PNEUMONIA,1e25d8fc7864ac8cddcaf01bc822546093ee62e38b6af13d7e40b3e848ff05c8,chittagong/nested_0/Testing/pneumonia/pneumonia-5216.jpg
1143,kept,kermany,PNEUMONIA,6641390ec2ceee89d493319dd000bdc7585c8583eb8b91e87ee18bdab7b641b3,kermany/train/PNEUMONIA/person441_virus_896.jpeg
1143,dropped_duplicate,chittagong,PNEUMONIA,00f41031cad839ec3bf7fa93ccbb308ade3950e44de4307df45421df0e71f1ce,chittagong/nested_0/Training/pneumonia/pneumonia-4569.jpg
1144,kept,kermany,PNEUMONIA,4654853939820496742e79b137c695c7d8df23355d5cdbffdbf54ef13ec58468,kermany/train/PNEUMONIA/person441_virus_897.jpeg
1144,dropped_duplicate,chittagong,PNEUMONIA,7c9459e7bca6abe5c4bf0251952497bf514d167b44c504595f34104f5f949d5a,chittagong/nested_0/Testing/pneumonia/pneumonia-850.jpg
1145,kept,kermany,PNEUMONIA,ba9a6463c3f5e3a0e3e36b544619f574c3823df184a523092a282c3718ccf373,kermany/train/PNEUMONIA/person442_virus_905.jpeg
1145,dropped_duplicate,chittagong,PNEUMONIA,15ff0cdcde578af2bf6eec836a4d91bdf3511579fb96fb7e3323ace965f625f2,chittagong/nested_0/Training/pneumonia/pneumonia-4494.jpg
1146,kept,kermany,PNEUMONIA,488cdc49e41993a854c1af44bff6a4c2eecd6c1f6bb802c99ae9cd0c6c4eca97,kermany/train/PNEUMONIA/person442_virus_906.jpeg
1146,dropped_duplicate,chittagong,PNEUMONIA,fa0a5e42c8433fdcc7b9c8da44376f474c3e259dc6fd57b14b7997ab99ed2949,chittagong/nested_0/Training/pneumonia/pneumonia-3975.jpg
1147,kept,kermany,PNEUMONIA,b2ca7b483dd3875f9c24c1ca1762081032266cb41a4497022de0073a36e01e92,kermany/train/PNEUMONIA/person443_bacteria_1923.jpeg
1147,dropped_duplicate,chittagong,PNEUMONIA,afabe6d47640fe21f79ac393d9c27d9af9fb9c7280e94d6cf3307036a062d42f,chittagong/nested_0/Training/pneumonia/pneumonia-461.jpg
1148,kept,kermany,PNEUMONIA,847dcccd572e089c7e811021972967b346f688f4ccd50d6a980fa2fc4d00fd03,kermany/train/PNEUMONIA/person443_virus_908.jpeg
1148,dropped_duplicate,chittagong,PNEUMONIA,13edc0e8e0096f8078f5bd1dc041d75743950496a285df9311f37f7826b3b45c,chittagong/nested_0/Testing/pneumonia/pneumonia-644.jpg
1149,kept,kermany,PNEUMONIA,c1bf9f0b857a98213efcd9d3ec32cdec9b9ef6e1d96abab167726fea4cc4e71a,kermany/train/PNEUMONIA/person444_bacteria_1927.jpeg
1149,dropped_duplicate,chittagong,PNEUMONIA,a9be1d80cdea1fea27f61c609fc14aa497aa7cfc38a6fd2d4be0d52536d8f03c,chittagong/nested_0/Training/pneumonia/pneumonia-4175.jpg
1150,kept,kermany,PNEUMONIA,ab40549ff6bdb97d3df9e47d96391f47ba662b9e30f58df24b03733b84625182,kermany/train/PNEUMONIA/person446_bacteria_1931.jpeg
1150,dropped_duplicate,chittagong,PNEUMONIA,f79b95e1b55ecb9e15aa744f23315185ff7588f22f31e4ab3f62e7654c3932ee,chittagong/nested_0/Testing/pneumonia/pneumonia-5120.jpg
1151,kept,kermany,PNEUMONIA,7a06e3bc0d5b75d9d87aa8610a0cdbbac5394ddeb338005dc7931904e50c6c94,kermany/train/PNEUMONIA/person447_virus_921.jpeg
1151,dropped_duplicate,chittagong,PNEUMONIA,35966dee6fffea17111b77b378af78cff7724994135d5d237d0d13bafaed6854,chittagong/nested_0/Training/pneumonia/pneumonia-4172.jpg
1152,kept,kermany,PNEUMONIA,db1fcf1392578897bdb17650367cba063e9f5bc4441692a9212eba2752405425,kermany/train/PNEUMONIA/person453_virus_935.jpeg
1152,dropped_duplicate,chittagong,PNEUMONIA,223702cf9261f5b68212c6c0ab2e5db53be32d3c2228f4fc8c82ed276d712cb7,chittagong/nested_0/Training/pneumonia/pneumonia-3971.jpg
1153,kept,kermany,PNEUMONIA,50adac1f69a8d8461615c2ed6be0ab98bc70f8605b1b85d0dc9113ec2518a4a1,kermany/train/PNEUMONIA/person453_virus_936.jpeg
1153,dropped_duplicate,chittagong,PNEUMONIA,bcef64caaf5da5fd89073bd5415a38eed4105bd75d0de2f923ea0ca0a217321c,chittagong/nested_0/Training/pneumonia/pneumonia-557.jpg
1154,kept,kermany,PNEUMONIA,48ebee67a497fb1f855460aec74a76c0ce048f5bb88f6988781b95bed788f3d2,kermany/train/PNEUMONIA/person456_bacteria_1948.jpeg
1154,dropped_duplicate,chittagong,PNEUMONIA,38fd6066b7f7ed45cf77ec59ef29d32ef559c9154298e364dce6a0793318d0db,chittagong/nested_0/Training/pneumonia/pneumonia-4265.jpg
1155,kept,kermany,PNEUMONIA,9d4b73e3ff678b582d3fe26066913ec783dd3b11959611adfe69b5db1359e1c1,kermany/train/PNEUMONIA/person458_bacteria_1950.jpeg
1155,dropped_duplicate,chittagong,PNEUMONIA,5bf32809427c25797fec54caa4186b0ea7c51a82fe649c098abda8ee7becfa80,chittagong/nested_0/Training/pneumonia/pneumonia-314.jpg
1156,kept,kermany,PNEUMONIA,edd115a9f9cf68dede475ec602b6122b11380b7e5e80ab68d1253a8a848dd4b0,kermany/train/PNEUMONIA/person458_bacteria_1952.jpeg
1156,dropped_duplicate,chittagong,PNEUMONIA,7022a0e40c048de2d646af3d846bc49456b6b0faa57960a9b4b2b86e6aeb773c,chittagong/nested_0/Training/pneumonia/pneumonia-3885.jpg
1157,kept,kermany,PNEUMONIA,0000bc512ff226ba235973907ee8d7c492975a023d1ad9436f9ee1e19b3f8932,kermany/train/PNEUMONIA/person458_bacteria_1953.jpeg
1157,dropped_duplicate,chittagong,PNEUMONIA,b76b1cf0e609629574e514c2bf617f1846f0e041ae952be6952d278f9bc197f7,chittagong/nested_0/Training/pneumonia/pneumonia-524.jpg
1158,kept,kermany,PNEUMONIA,885bb6c95c63290418a3626bcd13a6fea5c8684916874cb13078c99a1d7ba7d0,kermany/train/PNEUMONIA/person459_bacteria_1956.jpeg
1158,dropped_duplicate,chittagong,PNEUMONIA,9f1f6452ef161b3ca3beb1c2cbca19240083f5b026cf4bfc4e3be6ffb6cfbdd3,chittagong/nested_0/Training/pneumonia/pneumonia-122.jpg
1159,kept,kermany,PNEUMONIA,c53f2e122d535bb03368c5165a0e29e5dcf3f44910f93ff956f7e0f330b3404b,kermany/train/PNEUMONIA/person459_virus_947.jpeg
1159,dropped_duplicate,chittagong,PNEUMONIA,20d6b0aa0bc3dfc1f5e902b30a8d6a9baab8d4400ac0eb23c6171576b7831f47,chittagong/nested_0/Training/pneumonia/pneumonia-4519.jpg
1160,kept,kermany,PNEUMONIA,3b1b7df2cfba6f1f91b70ff962c2749f1aa32e9ff4ca5bb4e44c01ff3d7d298c,kermany/train/PNEUMONIA/person462_bacteria_1963.jpeg
1160,dropped_duplicate,chittagong,PNEUMONIA,dbab5b4341e9138f5f1fdfb36c6d6ee54269387e97b1fde3f5569f8ff38aa036,chittagong/nested_0/Training/pneumonia/pneumonia-312.jpg
1161,kept,kermany,PNEUMONIA,92a0040cee7bb5266ada7af432a3f07f5b95724e8e89245beb1166eb61d6992f,kermany/train/PNEUMONIA/person464_virus_956.jpeg
1161,dropped_duplicate,chittagong,PNEUMONIA,adc9c28bf66040c3415fc73abed58a4bcec5f1d6619075073546c0da62b40699,chittagong/nested_0/Testing/pneumonia/pneumonia-5151.jpg
1162,kept,kermany,PNEUMONIA,708d83d5adaec38e52d635ad5c0639a8b6dfacea561c73600a98bceb8d975074,kermany/train/PNEUMONIA/person465_bacteria_1976.jpeg
1162,dropped_duplicate,chittagong,PNEUMONIA,be6e080a04df78c9c9aa03d35a4481711e43d242f2911e0fbb7c610a4c862826,chittagong/nested_0/Testing/pneumonia/pneumonia-864.jpg
1163,kept,kermany,PNEUMONIA,68719c0e8d3f6dbcd2b3e1a6c83e6348a420f0a6f6a74535d82e4897362762f0,kermany/train/PNEUMONIA/person465_bacteria_1980.jpeg
1163,dropped_duplicate,chittagong,PNEUMONIA,ea88e9373916b0832e0cdd2db99709611d0481014085493f15ea8fa34cfc17d0,chittagong/nested_0/Training/pneumonia/pneumonia-3915.jpg
1164,kept,kermany,PNEUMONIA,02e8b6a10afa43558a3b97dbeabdcc488bb411849c15ee5a6d4747cc31596f92,kermany/train/PNEUMONIA/person467_virus_961.jpeg
1164,dropped_duplicate,chittagong,PNEUMONIA,c06120e4444c294910ba66dde9fe9a1c6e6456f1c75ad134b597959446e712fe,chittagong/nested_0/Training/pneumonia/pneumonia-146.jpg
1165,kept,kermany,PNEUMONIA,596a5fc3a91a47713e0843421ca6426a1624a854c5ee9b79359d046b18fed839,kermany/train/PNEUMONIA/person468_bacteria_1991.jpeg
1165,dropped_duplicate,chittagong,PNEUMONIA,22830f9527bf39257458381677a9b5c494abd0e4c5bc3ee09838e81757e4a961,chittagong/nested_0/Training/pneumonia/pneumonia-317.jpg
1166,kept,kermany,PNEUMONIA,cde7105903d4f19370ae3c0b96f9bb0e39f45f1372568ff16871b5e04ef190b8,kermany/train/PNEUMONIA/person469_bacteria_1994.jpeg
1166,dropped_duplicate,chittagong,PNEUMONIA,a76d5698fd796b348d1cc3205c4cb26cc676ae5f081ada6261f20934267695d1,chittagong/nested_0/Training/pneumonia/pneumonia-3950.jpg
1167,kept,kermany,PNEUMONIA,ed731fc021bd3f7b2567dad76003dec6667054eac4f5476d1c4ae5eaf68192fb,kermany/train/PNEUMONIA/person470_bacteria_1996.jpeg
1167,dropped_duplicate,chittagong,PNEUMONIA,d2a4556f2ae569c704f4f094c2bc3613dab7b746a314bedf36586e4a397feb46,chittagong/nested_0/Training/pneumonia/pneumonia-211.jpg
1168,kept,kermany,PNEUMONIA,a073105d3ebb4faa9e049e9b150baad9570d199e30870b2ce1b0227a828ecd19,kermany/train/PNEUMONIA/person470_virus_966.jpeg
1168,dropped_duplicate,chittagong,PNEUMONIA,da1d9c49abb16f3c6a28863fc7cd7a3a794660e2a7dde6be14534f812e82d1d8,chittagong/nested_0/Training/pneumonia/pneumonia-4585.jpg
1169,kept,kermany,PNEUMONIA,be99d3f0af9fa81791fc4f000af29cfbc820c74c732f195681a0a209208f70f5,kermany/train/PNEUMONIA/person471_bacteria_2005.jpeg
1169,dropped_duplicate,chittagong,PNEUMONIA,4f0e6f50e4a39d617cdb1ff8518560b668593431ea0d067a4a31bb22e0a9bfa0,chittagong/nested_0/Training/pneumonia/pneumonia-4066.jpg
1170,kept,kermany,PNEUMONIA,e933d1767b2a7ae725dd45d7d5f83b9ffc8f8b8c524d08e97f1299ed026c1c13,kermany/train/PNEUMONIA/person471_virus_967.jpeg
1170,dropped_duplicate,chittagong,PNEUMONIA,625cf83db7d3be738326a4b79b351f7ae846a8e810268b386f9a32a7c4ccfc58,chittagong/nested_0/Training/pneumonia/pneumonia-177.jpg
1171,kept,kermany,PNEUMONIA,be7ac65b91ac7f9346917ecc7ee8580bdf5a4ae56cec2798f5916bb315991fa3,kermany/train/PNEUMONIA/person472_virus_969.jpeg
1171,dropped_duplicate,chittagong,PNEUMONIA,f972dc2ce8dc884476f328996a5ed72fd4550bb4f485e64b3da24256f0b1ca6d,chittagong/nested_0/Training/pneumonia/pneumonia-442.jpg
1172,kept,kermany,PNEUMONIA,775b73b794dbacf66924370625003457db249b70e0deeaede15c4ca38f87c390,kermany/train/PNEUMONIA/person474_virus_971.jpeg
1172,dropped_duplicate,chittagong,PNEUMONIA,bf13ec74cbb4f770d8597220ca49050dc2b9febea1eec0f110e250a6282bd82e,chittagong/nested_0/Training/pneumonia/pneumonia-226.jpg
1173,kept,kermany,PNEUMONIA,1ebafbe26389535ce56f78218adfd77231449cb081ee63db3e6588e6a53b801b,kermany/train/PNEUMONIA/person475_bacteria_2020.jpeg
1173,dropped_duplicate,chittagong,PNEUMONIA,edd1e7009eed2456cddef5d6a6a0ee806588d7f6824c0cb5f26bd50378663eec,chittagong/nested_0/Testing/pneumonia/pneumonia-678.jpg
1174,kept,kermany,PNEUMONIA,f8561a3d5e18020a1a5185323c7fff15f1b7688f76e274037b09f8c4474ca1aa,kermany/train/PNEUMONIA/person475_bacteria_2024.jpeg
1174,dropped_duplicate,chittagong,PNEUMONIA,989e8c1c0c81aae2442718a9a7975a722b15f06cdce35a89f29f795a1692511d,chittagong/nested_0/Training/pneumonia/pneumonia-459.jpg
1175,kept,kermany,PNEUMONIA,90ed7c4b024124ef6e526760f50db7a7f2963e0ee54511f3d42b93b622c7cd49,kermany/train/PNEUMONIA/person477_bacteria_2029.jpeg
1175,dropped_duplicate,chittagong,PNEUMONIA,33257889112fca847587045064ec12aacd793f172462bc54bd6b7df591603a03,chittagong/nested_0/Training/pneumonia/pneumonia-4074.jpg
1176,kept,kermany,PNEUMONIA,fc0733d115f15aa12e984611d79ccbab6c8daeb580b41b647bcb9917cf09a566,kermany/train/PNEUMONIA/person480_bacteria_2040.jpeg
1176,dropped_duplicate,chittagong,PNEUMONIA,94bad4311ad6603b2fe7efd7ac3207a836b280bde5618dc3cf5700775d606be5,chittagong/nested_0/Testing/pneumonia/pneumonia-5225.jpg
1177,kept,kermany,PNEUMONIA,03edbf649b3da0254e07bc1a7d012129d7c51ffd865a0c1dd1a6024c8c9b063a,kermany/train/PNEUMONIA/person481_virus_983.jpeg
1177,dropped_duplicate,chittagong,PNEUMONIA,4627b9b95539e429bc0e4eb61d188bd85e6d6960fe9269ee5ad0673d1022a4b1,chittagong/nested_0/Testing/pneumonia/pneumonia-5160.jpg
1178,kept,kermany,PNEUMONIA,338f586af79bbaf33d0b50b0dd48f9c3ef9317cdf08af38b25b1e6301c308e1e,kermany/train/PNEUMONIA/person482_virus_984.jpeg
1178,dropped_duplicate,chittagong,PNEUMONIA,53837cd87567d5c1f0f71f7dcd5538cec4aef087673af35d4fdf306812974bbc,chittagong/nested_0/Training/pneumonia/pneumonia-4145.jpg
1179,kept,kermany,PNEUMONIA,afb4add0af000132295d92fdceacaf62a6232a3b11d8ba8f72ee712d09f91c93,kermany/train/PNEUMONIA/person486_bacteria_2052.jpeg
1179,dropped_duplicate,chittagong,PNEUMONIA,65b3b63ed39b5e46005c3e77371eb24f765b26c82dabdc40748d6d0632792a7a,chittagong/nested_0/Training/pneumonia/pneumonia-324.jpg
1180,kept,kermany,PNEUMONIA,43df68c3c7e617b82ee7bb7dbe4a02057441f8aeaa6c8adbcffc60f8132870ae,kermany/train/PNEUMONIA/person486_bacteria_2053.jpeg
1180,dropped_duplicate,chittagong,PNEUMONIA,3bc099030899fe698167f130373a934577e4dadcefc0c0f9c009298e396e66f1,chittagong/nested_0/Training/pneumonia/pneumonia-4079.jpg
1181,kept,kermany,PNEUMONIA,9c7e9a8aae2f1052ae59c58e8cac84f80cbc6c7456a80895e14845555e9a84e8,kermany/train/PNEUMONIA/person486_bacteria_2054.jpeg
1181,dropped_duplicate,chittagong,PNEUMONIA,5a4dc1d155dcd53eceec0ecf3c242bc183cce5a5d2bedeab32927a309d0c07cb,chittagong/nested_0/Training/pneumonia/pneumonia-3897.jpg
1182,kept,kermany,PNEUMONIA,aa0c9921e1a5cb1df48776fe3d121e05fc84dd7f436c5dc5cfe40fd8b326dcfd,kermany/train/PNEUMONIA/person490_bacteria_2070.jpeg
1182,dropped_duplicate,chittagong,PNEUMONIA,a59c25d9515b477e815060a641b17732038fcc200099e50a3679d73eb896ce3d,chittagong/nested_0/Training/pneumonia/pneumonia-561.jpg
1183,kept,kermany,PNEUMONIA,d59d178ce2696997bc4d9d89ebb88947efd082beaf748deb13970a1ccdcf0494,kermany/train/PNEUMONIA/person490_virus_996.jpeg
1183,dropped_duplicate,chittagong,PNEUMONIA,eb3ef6816062d2fa31ece7258775d3109554e39fb77015b89225335307447304,chittagong/nested_0/Training/pneumonia/pneumonia-214.jpg
1184,kept,kermany,PNEUMONIA,ad11d71e1d78afef5f6612d1f76ce3ea22141e3edf09726dcb778ba5b9ca0a9c,kermany/train/PNEUMONIA/person492_bacteria_2083.jpeg
1184,dropped_duplicate,chittagong,PNEUMONIA,fe9a951ac66c45d425e82824b1822ec0365d68e1b668dada35762ede5f5e5cc9,chittagong/nested_0/Testing/pneumonia/pneumonia-5159.jpg
1185,kept,kermany,PNEUMONIA,8205dc341d480e40601ef5be4241f140a5c43e1a4b970c170eb93264730a56f6,kermany/train/PNEUMONIA/person492_virus_998.jpeg
1185,dropped_duplicate,chittagong,PNEUMONIA,4faf51237c30251b4c82ed9a1ac371751330ef531899df2760cc1c1485ea5f90,chittagong/nested_0/Training/pneumonia/pneumonia-3907.jpg
1186,kept,kermany,PNEUMONIA,542a1377ff81b91aa9578a0bda71b40a8c6339158a21670008625df35fac7d55,kermany/train/PNEUMONIA/person496_virus_1003.jpeg
1186,dropped_duplicate,chittagong,PNEUMONIA,38450dc9244a94cdda902a3e021ce88d82e8ced7d1917a3602b3db178419a54e,chittagong/nested_0/Training/pneumonia/pneumonia-4540.jpg
1187,kept,kermany,PNEUMONIA,3b26b118030ee3a8bff6d18132193918cdc90913eb8bcb1173631c60e7c33913,kermany/train/PNEUMONIA/person498_bacteria_2101.jpeg
1187,dropped_duplicate,chittagong,PNEUMONIA,708887194c074f76464dba945960e5a267f6d3a805166791823f53c4588c8144,chittagong/nested_0/Training/pneumonia/pneumonia-445.jpg
1188,kept,kermany,PNEUMONIA,e455a124b10c323e09b8802aa6a2df38e9cfdcaf0878e250869b657fd25ca17b,kermany/train/PNEUMONIA/person49_bacteria_236.jpeg
1188,dropped_duplicate,chittagong,PNEUMONIA,7df3e273cdd757218787bebefcf0c3658c8f36eb708a6b07ba2a634da8b9fcdd,chittagong/nested_0/Training/pneumonia/pneumonia-4518.jpg
1189,kept,kermany,PNEUMONIA,89e6a8dc6e6a3b1ded62ada3aebc2eec3c9935aa9933b47c3681686437e2cf5c,kermany/train/PNEUMONIA/person4_bacteria_14.jpeg
1189,dropped_duplicate,chittagong,PNEUMONIA,1fa851185aa2d1a3beecb4b2f2d67daa7d03cbadf95a0525e6e0768a4fffa252,chittagong/nested_0/Training/pneumonia/pneumonia-231.jpg
1190,kept,kermany,PNEUMONIA,c5d77548dc95ff230af77668f2b67ad48466d89d6eebe38c204035799efb9e82,kermany/train/PNEUMONIA/person500_bacteria_2106.jpeg
1190,dropped_duplicate,chittagong,PNEUMONIA,55a795ae3b31942360b165e2fc9aeb952750570bb40236ef83ae9773c49e77b9,chittagong/nested_0/Training/pneumonia/pneumonia-387.jpg
1191,kept,kermany,PNEUMONIA,a3e7ff809c98aa5fa581a8e0f7799449f505e9eec81c7234593a1cc9d38347a5,kermany/train/PNEUMONIA/person500_bacteria_2108.jpeg
1191,dropped_duplicate,chittagong,PNEUMONIA,66584913bd1dcd08738da9971cb00427dde7cacd3bca28b3dcde395e48c894ac,chittagong/nested_0/Training/pneumonia/pneumonia-4533.jpg
1192,kept,kermany,PNEUMONIA,cc00a5cdfe3da87dc3b0ad5136ae4f29265352325b917095a4c68848edc4aad8,kermany/train/PNEUMONIA/person500_bacteria_2110.jpeg
1192,dropped_duplicate,chittagong,PNEUMONIA,23b50a357e811e9fbd812497982bde9364c82b703d39b87367ea75dfd45a625d,chittagong/nested_0/Training/pneumonia/pneumonia-243.jpg
1193,kept,kermany,PNEUMONIA,42f728c38b2f5965767d26f110e2351104e0f4e25dd7af7fb07fc083cc128639,kermany/train/PNEUMONIA/person500_bacteria_2111.jpeg
1193,dropped_duplicate,chittagong,PNEUMONIA,91fdbd47a57f80a00476d4005e64eb4d857e26c3f2d4f81d00f1382f5c4104f1,chittagong/nested_0/Testing/pneumonia/pneumonia-877.jpg
1194,kept,kermany,PNEUMONIA,955e3c30a9d02907ae6508e0aa90cedd6cf6440a38b524456b03707b5c7a85e2,kermany/train/PNEUMONIA/person500_virus_1009.jpeg
1194,dropped_duplicate,chittagong,PNEUMONIA,ae5774aec72f991f867e5163b4be26932cff17e719abdb7de68e21f2410552cd,chittagong/nested_0/Training/pneumonia/pneumonia-4557.jpg
1195,kept,kermany,PNEUMONIA,975a55eefd9bea4f0676cbbd7333731c95c027e20934635bc430d4bfdc982333,kermany/train/PNEUMONIA/person502_bacteria_2120.jpeg
1195,dropped_duplicate,chittagong,PNEUMONIA,e6d53bceb6c8126721193ae0ee14bf4c577dd2df4f82816d4128064b1c460b37,chittagong/nested_0/Training/pneumonia/pneumonia-4204.jpg
1196,kept,kermany,PNEUMONIA,7bf3e63a32fe78fbc8b1547c1a4a54df0d96dfd6a9ec5011cdb75440ec99fbe6,kermany/train/PNEUMONIA/person503_bacteria_2125.jpeg
1196,dropped_duplicate,chittagong,PNEUMONIA,689901042abc6e9de5cd256bb96c5b7f6d1ae56c10ab3548d77743fed78ebcc7,chittagong/nested_0/Training/pneumonia/pneumonia-3919.jpg
1197,kept,kermany,PNEUMONIA,31618f3a0264eb062016ba82237bb15f9e43053d6664fb8974b1fa69fb09792a,kermany/train/PNEUMONIA/person504_bacteria_2133.jpeg
1197,dropped_duplicate,chittagong,PNEUMONIA,b9e03c665393fbe69c6b67391024aacc79c0e1a9630dd14dfb831f03b51b4972,chittagong/nested_0/Training/pneumonia/pneumonia-242.jpg
1198,kept,kermany,PNEUMONIA,402954b04dc6e405a9cfe3398a12851635d14b1ceff774b30777f2d34120dcca,kermany/train/PNEUMONIA/person505_virus_1017.jpeg
1198,dropped_duplicate,chittagong,PNEUMONIA,2d8423f66a29b5bf5c4d4a6fef15cfb320a1c1f5f849742cf20fca80f310e928,chittagong/nested_0/Training/pneumonia/pneumonia-4567.jpg
1199,kept,kermany,PNEUMONIA,2a696d70b5339dfc96c6855ffc28ecb147097942e3e640d703a81b50d381d0da,kermany/train/PNEUMONIA/person507_virus_1019.jpeg
1199,dropped_duplicate,chittagong,PNEUMONIA,455a8c0b3c655d12325ee75d7cf412abb2d83b3812698603b9ad508d8b28bb76,chittagong/nested_0/Training/pneumonia/pneumonia-414.jpg
1200,kept,kermany,PNEUMONIA,c64ac3c8aedddf9ad33a413367eeb0126f0018c8609453f793fc614bb57a915e,kermany/train/PNEUMONIA/person508_bacteria_2143.jpeg
1200,dropped_duplicate,chittagong,PNEUMONIA,205f0a640f15e0174246aeb59587815b4d17bfe47242c74e74f8465c9be3fb44,chittagong/nested_0/Training/pneumonia/pneumonia-492.jpg
1201,kept,kermany,PNEUMONIA,bbcd0fcf4d7c6c14e74cd6c5bf616bdffceb2eb7dc82865b773dc913b0d83b62,kermany/train/PNEUMONIA/person508_virus_1020.jpeg
1201,dropped_duplicate,chittagong,PNEUMONIA,2573f8d5f1dcb576f17badcd0d97d1571d0c4f311b28393bbe2fa22c666c763f,chittagong/nested_0/Training/pneumonia/pneumonia-4247.jpg
1202,kept,kermany,PNEUMONIA,57b949d9376edd2cb3aa76a5e5ff2b654ec1e43f5237d8927cd28489e2e207c5,kermany/train/PNEUMONIA/person509_bacteria_2146.jpeg
1202,dropped_duplicate,chittagong,PNEUMONIA,616ae0bf28a062b25f9c710ff93ea5416803a56ddeb5bab0cb47979980e8d11c,chittagong/nested_0/Training/pneumonia/pneumonia-450.jpg
1203,kept,kermany,PNEUMONIA,4f05bb1166692fd303ba692291646f0013be3ee3d6ccecdeee08f291485e5cff,kermany/train/PNEUMONIA/person510_bacteria_2147.jpeg
1203,dropped_duplicate,chittagong,PNEUMONIA,d97faf0bae5ba5f280914d1a301bf8a7194aeaf052af27c6316e8237f2d6a778,chittagong/nested_0/Training/pneumonia/pneumonia-37.jpg
1204,kept,kermany,PNEUMONIA,805cb7375e8c153f60d80a12224bfc0fa089abe3473d6380aedd5a151188cb60,kermany/train/PNEUMONIA/person514_bacteria_2184.jpeg
1204,dropped_duplicate,chittagong,PNEUMONIA,ce74c11654af0c682df228bb7566ab70d7b9244c00cce7801b0188c55170d262,chittagong/nested_0/Testing/pneumonia/pneumonia-5245.jpg
1205,kept,kermany,PNEUMONIA,6fd3223ca1e15ee07e8051ad5e87c592a7ffc972e287e9c6167bef3ecde910d5,kermany/train/PNEUMONIA/person515_virus_1032.jpeg
1205,dropped_duplicate,chittagong,PNEUMONIA,4cdd12fae91e076fd0717803073af92af393a0e577dc584f02a814b9077a24d4,chittagong/nested_0/Training/pneumonia/pneumonia-183.jpg
1206,kept,kermany,PNEUMONIA,fe930b759ff1ca0aebac2a82ef77947bb572517da1bb1dd50e778a0a8b564ef1,kermany/train/PNEUMONIA/person516_bacteria_2191.jpeg
1206,dropped_duplicate,chittagong,PNEUMONIA,9e8e95dd84bfa89baa1b8f58727aafe6d061f334c99fe1149d817d928a15cc01,chittagong/nested_0/Training/pneumonia/pneumonia-4021.jpg
1207,kept,kermany,PNEUMONIA,af5c7c6a794eeb8e1432c92f168463ebfa19f324775d259179691c27b9f01005,kermany/train/PNEUMONIA/person51_bacteria_239.jpeg
1207,dropped_duplicate,chittagong,PNEUMONIA,49d2aa12199b40721a7892616b55c2f36ab267e56a60c2f2c4989f5430f67127,chittagong/nested_0/Training/pneumonia/pneumonia-4545.jpg
1208,kept,kermany,PNEUMONIA,d55eaf13158bfb2d69f2d48f625ab55d61201699456a8a565f9fda350784ef27,kermany/train/PNEUMONIA/person51_bacteria_241.jpeg
1208,dropped_duplicate,chittagong,PNEUMONIA,7b7aac606c3a688b348efe8d130c45e02937914d05027c41c7d1839943b636c0,chittagong/nested_0/Training/pneumonia/pneumonia-342.jpg
1209,kept,kermany,PNEUMONIA,f8ec1222786bc64a02197e742e458aba6a948e2cefb28bfe9c4338160f199ce9,kermany/train/PNEUMONIA/person523_virus_1043.jpeg
1209,dropped_duplicate,chittagong,PNEUMONIA,f00bc2a81d47d9c6b0ffcf362f8edb0dacfc80b2aac0c0a895eb521622a210d6,chittagong/nested_0/Training/pneumonia/pneumonia-464.jpg
1210,kept,kermany,PNEUMONIA,8e218c06b317cd29b9f64616255ea174f47e7fb04f8f0ade85dcda54c832781f,kermany/train/PNEUMONIA/person524_virus_1045.jpeg
1210,dropped_duplicate,chittagong,PNEUMONIA,c3a0da914caf8d4b6d751b0caf3f91f7530069682d004251e6c1633e48e2f29b,chittagong/nested_0/Testing/pneumonia/pneumonia-5239.jpg
1211,kept,kermany,PNEUMONIA,4cddfaba03b9c8f07a2d42a5a86539d6baae26920edb073ccbfd1cec70073e7f,kermany/train/PNEUMONIA/person527_bacteria_2225.jpeg
1211,dropped_duplicate,chittagong,PNEUMONIA,a55a9001f1f1c44b142d97e01fb944cb672a9156aa8162e80f8bf2dd4dc7e3c6,chittagong/nested_0/Training/pneumonia/pneumonia-4140.jpg
1212,kept,kermany,PNEUMONIA,677b58251591281596611fea8695aa26385675dc08b27d43b847e59466204e71,kermany/train/PNEUMONIA/person529_bacteria_2229.jpeg
1212,dropped_duplicate,chittagong,PNEUMONIA,e93acf2893e925d72a67404a88b958cd7a7393b9d6b0bc5a8428855a4e9cadb7,chittagong/nested_0/Training/pneumonia/pneumonia-236.jpg
1213,kept,kermany,PNEUMONIA,67a6da701fc76f6fa6705cd317e4c3a6dd0477aa9fb81f5a2009c950db56151a,kermany/train/PNEUMONIA/person52_bacteria_251.jpeg
1213,dropped_duplicate,chittagong,PNEUMONIA,668de7ec669a5f9a10d8eaf53e16aa2e7cc4e8373dfbfa73d1fc960fb10f8d11,chittagong/nested_0/Training/pneumonia/pneumonia-551.jpg
1214,kept,kermany,PNEUMONIA,cb32b26dec4eff1db9b10d101cea931bf973689ad3be29d6928db62d8a069486,kermany/train/PNEUMONIA/person530_virus_1052.jpeg
1214,dropped_duplicate,chittagong,PNEUMONIA,b3b0515592a970e10d9e06f5d67faf2588f4037e372b2b894d1053ebbe248989,chittagong/nested_0/Training/pneumonia/pneumonia-517.jpg
1215,kept,kermany,PNEUMONIA,5d8f8de09738721323d24e4599dcd58d7e5d28656cd00832f9b121eb06de27ec,kermany/train/PNEUMONIA/person531_bacteria_2236.jpeg
1215,dropped_duplicate,chittagong,PNEUMONIA,1b9aaa5c2f3e1a4e2c9119d041526f22e35b1d848e3804e5b092ecc7929bcee8,chittagong/nested_0/Testing/pneumonia/pneumonia-634.jpg
1216,kept,kermany,PNEUMONIA,0c73920c3ed7438716ed49c382b79a64d5f9ca784effbfd679b34a8c45250497,kermany/train/PNEUMONIA/person531_bacteria_2242.jpeg
1216,dropped_duplicate,chittagong,PNEUMONIA,e5c5fc12e15759c8b09e21aed8ce1482ac8d9cd07a35d42991558152e6916e8c,chittagong/nested_0/Training/pneumonia/pneumonia-4072.jpg
1217,kept,kermany,PNEUMONIA,4a9b64f0c2976889b8b6e0e5982557558312911b39cbdd036733da9910e9027a,kermany/train/PNEUMONIA/person534_bacteria_2251.jpeg
1217,dropped_duplicate,chittagong,PNEUMONIA,bdb3b087bfc2fec8b96fe5aeb5ef0790db3ca2ed1b3f66cd7b28bb1d0b2756aa,chittagong/nested_0/Training/pneumonia/pneumonia-4144.jpg
1218,kept,kermany,PNEUMONIA,4dfbe10599b8bd99618df28e3081b06eeb667bb857dfe502f142f1194b45dd46,kermany/train/PNEUMONIA/person537_bacteria_2263.jpeg
1218,dropped_duplicate,chittagong,PNEUMONIA,945f1c9eb9d9a97fed4a451e470ed6a60bf4ab8636dd61fe3b8cb6daf76c50ee,chittagong/nested_0/Training/pneumonia/pneumonia-381.jpg
1219,kept,kermany,PNEUMONIA,2166ed54dcf37804547d1e3ae50e4011a9bea70b024061b2126b0b6e9fc47e6b,kermany/train/PNEUMONIA/person539_bacteria_2269.jpeg
1219,dropped_duplicate,chittagong,PNEUMONIA,484be3eede3894fa2b0981b2bbd366a235b4f07bbe7fe676cdf15c43cee010c2,chittagong/nested_0/Training/pneumonia/pneumonia-35.jpg
1220,kept,kermany,PNEUMONIA,910dc0ee99762ab0b0dfe4d7043f985df3aba0db347c077c3f9a257fbb62142d,kermany/train/PNEUMONIA/person53_bacteria_252.jpeg
1220,dropped_duplicate,chittagong,PNEUMONIA,ebe108155ee90fb775da83a11222c4b9f9e20326b44845c9db7cea7a12f0541e,chittagong/nested_0/Training/pneumonia/pneumonia-333.jpg
1221,kept,kermany,PNEUMONIA,e1bd3fcac5dac27ec238a3ad7665810fa85be47a6f8e5472811d3a31a2a336d3,kermany/train/PNEUMONIA/person540_bacteria_2271.jpeg
1221,dropped_duplicate,chittagong,PNEUMONIA,82f9e40b3a91b77c6661390c8266465f4fe8acfd54e40bc3c029d4040bf51308,chittagong/nested_0/Training/pneumonia/pneumonia-4181.jpg
1222,kept,kermany,PNEUMONIA,d70eade838a2363849734af40650bcd4cfa216180d289e845063efada46a7938,kermany/train/PNEUMONIA/person544_bacteria_2286.jpeg
1222,dropped_duplicate,chittagong,PNEUMONIA,3c9fc14f32e630e382adb9c089e686ef9ad7dc12d10de88c12d1dfdf8ce12551,chittagong/nested_0/Training/pneumonia/pneumonia-505.jpg
1223,kept,kermany,PNEUMONIA,321329ff10ad6802e8dde0415b6be5309d6403ffb46dcd95448980e11324e040,kermany/train/PNEUMONIA/person544_virus_1075.jpeg
1223,dropped_duplicate,chittagong,PNEUMONIA,dc17c36d42114caa5be49ee68f0cb0404885b43278bc691952209e2635947937,chittagong/nested_0/Training/pneumonia/pneumonia-3931.jpg
1224,kept,kermany,PNEUMONIA,acbfae68bb30c6f2d661483548e19bde1fba1104faaa533b59087c49ac8d5544,kermany/train/PNEUMONIA/person544_virus_1078.jpeg
1224,dropped_duplicate,chittagong,PNEUMONIA,886aefa72f17bded9922a76cf873b0a79f3c55e116b6fc407994c2ed0f3b61fc,chittagong/nested_0/Testing/pneumonia/pneumonia-5113.jpg
1225,kept,kermany,PNEUMONIA,7113be6713b80d5b2a884d68aeccfab4a4d652cd42da899302a51f1a32195a0f,kermany/train/PNEUMONIA/person546_virus_1085.jpeg
1225,dropped_duplicate,chittagong,PNEUMONIA,631ef6a25da13d5e77cd4e58fa648c0c0a5e189bf1394572119a9cad6d2f5036,chittagong/nested_0/Testing/pneumonia/pneumonia-5246.jpg
1226,kept,kermany,PNEUMONIA,38aae966862ceb19d0794a7e0e18e56741c88b1f0d35101c772e7e1f9ff1301c,kermany/train/PNEUMONIA/person547_bacteria_2292.jpeg
1226,dropped_duplicate,chittagong,PNEUMONIA,6865f61773c9e73f49174ab3940badfbf2705e79772d3ac0ee3b1b9b0f26211e,chittagong/nested_0/Training/pneumonia/pneumonia-532.jpg
1227,kept,kermany,PNEUMONIA,2b62933e0ea772b8b85cd2dfd649a3de6c5f56c4c75576fdd98e1104ecf6f286,kermany/train/PNEUMONIA/person548_bacteria_2302.jpeg
1227,dropped_duplicate,chittagong,PNEUMONIA,7c7f38b5fdea7c7371b1be855e8986dfdef40a61a2de3237f9a14110bd747ea6,chittagong/nested_0/Training/pneumonia/pneumonia-3888.jpg
1228,kept,kermany,PNEUMONIA,994c29bfc8a5c2c4b510b83ecb788e104510e1b3499ce797c60fe0f9ba1a53e3,kermany/train/PNEUMONIA/person548_virus_1088.jpeg
1228,dropped_duplicate,chittagong,PNEUMONIA,281c8f47491d47abee85a2e4115304d74b73152a8fd16792a92a59f138fa1037,chittagong/nested_0/Testing/pneumonia/pneumonia-5188.jpg
1229,kept,kermany,PNEUMONIA,35031461d9f9fa9f40e56d80355d805cb740c7bb5d55c6c4dd800eccce4fdc78,kermany/train/PNEUMONIA/person549_bacteria_2303.jpeg
1229,dropped_duplicate,chittagong,PNEUMONIA,a3bbb434f93b9c62e647814417f44c87f35f131bf9f0dac974ac93d32602ed4a,chittagong/nested_0/Training/pneumonia/pneumonia-4216.jpg
1230,kept,kermany,PNEUMONIA,c64da833340a1787dfb913c0597e557d9a91c4415ceea3508e5ab9296e4f1056,kermany/train/PNEUMONIA/person549_bacteria_2304.jpeg
1230,dropped_duplicate,chittagong,PNEUMONIA,131451a02687f90a7638d34bee769bc50f7efdf9742b624ff534c934ad97d363,chittagong/nested_0/Training/pneumonia/pneumonia-204.jpg
1231,kept,kermany,PNEUMONIA,504f73ad4a74ee3125391b7b0406263052c9baa40ea36c53dcd403e9bd09addb,kermany/train/PNEUMONIA/person54_bacteria_258.jpeg
1231,dropped_duplicate,chittagong,PNEUMONIA,464e64a06e0602c0523dea7f98518b383d1259d1803ed9f3a2691e0e84929bff,chittagong/nested_0/Testing/pneumonia/pneumonia-677.jpg
1232,kept,kermany,PNEUMONIA,c6d7da92b85955e5a2d79c4edb1eca77d44ffd8852443bf55a734d653fe6899e,kermany/train/PNEUMONIA/person552_bacteria_2315.jpeg
1232,dropped_duplicate,chittagong,PNEUMONIA,a6a95748c27aede4a6a39c9f0a433dbf750d07d646d2e62d6e2eaddf9628543c,chittagong/nested_0/Training/pneumonia/pneumonia-202.jpg
1233,kept,kermany,PNEUMONIA,2bfae7f327d8c91cf313d80f32db6dd0adbd4f2725b1d4a901ca78bbf727e128,kermany/train/PNEUMONIA/person553_bacteria_2317.jpeg
1233,dropped_duplicate,chittagong,PNEUMONIA,0573466a5283084ab9b27908a84a87e4bc9866c3db3b29aeb9076c18cf239105,chittagong/nested_0/Training/pneumonia/pneumonia-401.jpg
1234,kept,kermany,PNEUMONIA,463de832903b2802c0b5d4baa4023cfec8c3ea0a7838a6d54cc40fa287e5cd24,kermany/train/PNEUMONIA/person554_bacteria_2323.jpeg
1234,dropped_duplicate,chittagong,PNEUMONIA,9b907704db19c1cfa4ced4f806c9bc6146deac7775fb5ea8563771c07b292efe,chittagong/nested_0/Training/pneumonia/pneumonia-4285.jpg
1235,kept,kermany,PNEUMONIA,5876edb8fc122580fc3941693feeebdbfa4c88ea94865d38bac9e7eb10172f8d,kermany/train/PNEUMONIA/person554_virus_1094.jpeg
1235,dropped_duplicate,chittagong,PNEUMONIA,af93535e9631fbd079ab7398d83e6706c6b80a39372f2dff3d4ccf177756eb44,chittagong/nested_0/Training/pneumonia/pneumonia-522.jpg
1236,kept,kermany,PNEUMONIA,ac7f300604c8cf6ef0c6222b0d3f4050ebbd6810ddb035e7309ac66dac5cc595,kermany/train/PNEUMONIA/person557_bacteria_2327.jpeg
1236,dropped_duplicate,chittagong,PNEUMONIA,1715753c1156e2996c97ef80104d7950b712729975a759318bd874f6e3e26a0d,chittagong/nested_0/Testing/pneumonia/pneumonia-726.jpg
1237,kept,kermany,PNEUMONIA,937fed279d53ef49d412787f688a87a3b3ac2f680db2f4a86865df2059a2475b,kermany/train/PNEUMONIA/person559_virus_1099.jpeg
1237,dropped_duplicate,chittagong,PNEUMONIA,362b3870e89df7d9cd375ea5b758c57ff4fae6e3055a51f14292e33b658c41d2,chittagong/nested_0/Training/pneumonia/pneumonia-4150.jpg
1238,kept,kermany,PNEUMONIA,7c2874c56c8ecb0580a252a3dddf08ed3ad4cb889eef5bbec430c6d1565f1a1b,kermany/train/PNEUMONIA/person55_bacteria_265.jpeg
1238,dropped_duplicate,chittagong,PNEUMONIA,4109e945b427da8c1892c0ac71083ef9eb7b5455841e1fca8d80203f112a49a4,chittagong/nested_0/Testing/pneumonia/pneumonia-5175.jpg
1239,kept,kermany,PNEUMONIA,fd9bd1d100369d7e432a66776067ea2bc769ddf8cf6f95be133a17c6b5e8e785,kermany/train/PNEUMONIA/person561_bacteria_2331.jpeg
1239,dropped_duplicate,chittagong,PNEUMONIA,c52b7509af6be0034dc1f1de04b25f4cca92ab69be4574fafb78359d9be06122,chittagong/nested_0/Training/pneumonia/pneumonia-4075.jpg
1240,kept,kermany,PNEUMONIA,9c5a918741e21f5e3e7dd430151e59876a47c86456d0a37a09f125280d29cebb,kermany/train/PNEUMONIA/person562_virus_1102.jpeg
1240,dropped_duplicate,chittagong,PNEUMONIA,4944d7f1676bd989a0f833117d05c4de67db8071405fe86b388f4c2af146d97c,chittagong/nested_0/Training/pneumonia/pneumonia-79.jpg
1241,kept,kermany,PNEUMONIA,0655317e42226739a4e9740dd257f9557460373f1bb7cec3204f91c85b1a3740,kermany/train/PNEUMONIA/person563_bacteria_2337.jpeg
1241,dropped_duplicate,chittagong,PNEUMONIA,a2e7375ed70c9c433edd93a9ba5693816a8135ec296ab0de4570dc6ef9fb596c,chittagong/nested_0/Training/pneumonia/pneumonia-3900.jpg
1242,kept,kermany,PNEUMONIA,93af2ef967a6445887c3a6ba782c3f74390156fa0531413d72553432cd73801a,kermany/train/PNEUMONIA/person564_bacteria_2347.jpeg
1242,dropped_duplicate,chittagong,PNEUMONIA,8afa17df75c82d000c7707456b7b11bd5346794d42131b7b18cf977b7ee0ba7b,chittagong/nested_0/Training/pneumonia/pneumonia-409.jpg
1243,kept,kermany,PNEUMONIA,a7f1c22a71444de90a086c51ebd9bf13d22fbaae22dd3abeb9dd01f3afca83bb,kermany/train/PNEUMONIA/person566_bacteria_2351.jpeg
1243,dropped_duplicate,chittagong,PNEUMONIA,dea9e95b81148219bb9c2384c822cbe36e194b118c63c5f5f41d4c12aab32e47,chittagong/nested_0/Training/pneumonia/pneumonia-4050.jpg
1244,kept,kermany,PNEUMONIA,d3263ebf76eb97875494ed42589df6272afddf894e0df9f62ce6bd5b9f8b76c0,kermany/train/PNEUMONIA/person567_bacteria_2352.jpeg
1244,dropped_duplicate,chittagong,PNEUMONIA,8bed947752cc3329ee98a80a0923aa02ae6ff26ec22ae0f905cd10c94f57830c,chittagong/nested_0/Testing/pneumonia/pneumonia-5222.jpg
1245,kept,kermany,PNEUMONIA,7a45856d452aa2d70cf3e77012fde9884d7dea0ad894edc4429b7aaa55b19204,kermany/train/PNEUMONIA/person567_bacteria_2353.jpeg
1245,dropped_duplicate,chittagong,PNEUMONIA,fe784e5e0bf31f93e72c0ffd426fba849aa304ab4cd1c971cfe3bac757d06365,chittagong/nested_0/Training/pneumonia/pneumonia-398.jpg
1246,kept,kermany,PNEUMONIA,8ffc7405f37980a49c8998478f01ca3ba205050132848e84efa2ab91a6069148,kermany/train/PNEUMONIA/person568_bacteria_2358.jpeg
1246,dropped_duplicate,chittagong,PNEUMONIA,04099b51782df59cd2c1f3d955eb13562ccfb1bd93b3aa372a0f80f63db4bc29,chittagong/nested_0/Training/pneumonia/pneumonia-141.jpg
1247,kept,kermany,PNEUMONIA,e3c32043819e860356cb7b4aae6b194635123f6f6a7dd354c1df006ce791fb0b,kermany/train/PNEUMONIA/person568_bacteria_2359.jpeg
1247,dropped_duplicate,chittagong,PNEUMONIA,5bd668eebc7b191a0b4d2a6a32889a70fa288321fc89230a08fd8f19dd1a9e52,chittagong/nested_0/Training/pneumonia/pneumonia-419.jpg
1248,kept,kermany,PNEUMONIA,c4b006c2c2728cfac9c658249b47dabbf2d7ea1173b7d665be401d53a3f9063a,kermany/train/PNEUMONIA/person56_bacteria_268.jpeg
1248,dropped_duplicate,chittagong,PNEUMONIA,c9e3c713512786ec02488f6c7a138523316c6c25b3715981689fc1775f5ed173,chittagong/nested_0/Training/pneumonia/pneumonia-221.jpg
1249,kept,kermany,PNEUMONIA,462aaa78454989fa3d4fc48da8562c736db26784ae0da85321cddac5594b3b4c,kermany/train/PNEUMONIA/person571_virus_1114.jpeg
1249,dropped_duplicate,chittagong,PNEUMONIA,4114cb9c1d37f3ed64c1fda3ae7511d520d499067227ed88719cb0f3cabc00a5,chittagong/nested_0/Testing/pneumonia/pneumonia-5232.jpg
1250,kept,kermany,PNEUMONIA,aba31ee4d967a9d44ef6a0f05ecd21ff5ec4436469f751ba4921c9e807112896,kermany/train/PNEUMONIA/person576_virus_1120.jpeg
1250,dropped_duplicate,chittagong,PNEUMONIA,fabbe0d85ca3034eb8a9ab4a7447d13ad90afb4e61de4cdf08336cd5e1e86674,chittagong/nested_0/Training/pneumonia/pneumonia-62.jpg
1251,kept,kermany,PNEUMONIA,d090dd65c7cfce5e3051ec1dc116570eddd8b40427e9798363620fcecafcf916,kermany/train/PNEUMONIA/person578_bacteria_2379.jpeg
1251,dropped_duplicate,chittagong,PNEUMONIA,225a2c1696eeffd91735bde83495865aa0f9641a4a68f7bc028fc55c9d74fcd3,chittagong/nested_0/Training/pneumonia/pneumonia-4266.jpg
1252,kept,kermany,PNEUMONIA,e8f3cc3d583c57da81f02d914a386a26d58225cb1bd384295e46396a62179fcc,kermany/train/PNEUMONIA/person580_bacteria_2389.jpeg
1252,dropped_duplicate,chittagong,PNEUMONIA,5beaffd7dbc4dcfd07fd71978f43463674b6e4fcb7879cba8773728c646be35b,chittagong/nested_0/Training/pneumonia/pneumonia-364.jpg
1253,kept,kermany,PNEUMONIA,b144ceed173fe3039ea0651f221b67ba1119009d7971cfffe75fd196422d9bd0,kermany/train/PNEUMONIA/person581_bacteria_2390.jpeg
1253,dropped_duplicate,chittagong,PNEUMONIA,587244a74f239b3d74f46958f9e8dec6ec50beb5d00ab354f6a17f1d10c26672,chittagong/nested_0/Training/pneumonia/pneumonia-4524.jpg
1254,kept,kermany,PNEUMONIA,1efbf0485d2e249fd194e9d07aae796b613ad4766865bd5a5328677fa433c715,kermany/train/PNEUMONIA/person581_bacteria_2392.jpeg
1254,dropped_duplicate,chittagong,PNEUMONIA,e231d10b42732825b3fadbe03c1e633c754a96a222ddd8fe13ff1222ab2c876d,chittagong/nested_0/Testing/pneumonia/pneumonia-5119.jpg
1255,kept,kermany,PNEUMONIA,1c730df03c55b8a38b3c5691ec476857342a6e7f362819618cb0f1a59b0b95d8,kermany/train/PNEUMONIA/person581_bacteria_2400.jpeg
1255,dropped_duplicate,chittagong,PNEUMONIA,ca5cf886a678a826602ec416a4cb870df6890c3ab9546daab58a31a7b878deb5,chittagong/nested_0/Training/pneumonia/pneumonia-564.jpg
1256,kept,kermany,PNEUMONIA,57dce28317043284c52294140c2476a02839c377a0d053faa98d2eba38ef7592,kermany/train/PNEUMONIA/person581_virus_1125.jpeg
1256,dropped_duplicate,chittagong,PNEUMONIA,111a339655e9b8c630cc0070f82685841b44a92cec65813093c78f7a34b5e541,chittagong/nested_0/Training/pneumonia/pneumonia-432.jpg
1257,kept,kermany,PNEUMONIA,5db69e4caa0349241fb8ef37b8fff103112f472f7efa3ef990b5c31f12abd891,kermany/train/PNEUMONIA/person585_bacteria_2414.jpeg
1257,dropped_duplicate,chittagong,PNEUMONIA,ce38d3f06ca43f92d27f156ec64fb90e3290d60a6a8fb52d0815138c04fe1635,chittagong/nested_0/Training/pneumonia/pneumonia-91.jpg
1258,kept,kermany,PNEUMONIA,0bf975dc99842f63142f9f12c62cfa46663f960540cc9059dbae38040ae2c065,kermany/train/PNEUMONIA/person586_bacteria_2418.jpeg
1258,dropped_duplicate,chittagong,PNEUMONIA,250509c0eac17308c4b972b42422267ce1b2a6c0a87852f5f1e07dc04b4d8fd9,chittagong/nested_0/Training/pneumonia/pneumonia-4288.jpg
1259,kept,kermany,PNEUMONIA,80df71b9eab2d4432377d67e8af9318c30468dd10e082e019ad1546071ac83f3,kermany/train/PNEUMONIA/person587_bacteria_2421.jpeg
1259,dropped_duplicate,chittagong,PNEUMONIA,af46389ddd86844d6ca27fa6f0977520b64cfa9af6e05e382825640f9b561feb,chittagong/nested_0/Training/pneumonia/pneumonia-362.jpg
1260,kept,kermany,PNEUMONIA,237dd8ee3a4515d6cccb746cc246fbc86f4b9ba531dc41794a169fef56d6b997,kermany/train/PNEUMONIA/person589_bacteria_2424.jpeg
1260,dropped_duplicate,chittagong,PNEUMONIA,61ba8a60147ed0e99e876377b65d9ac65a460e5940c5cb3ea2667829d6791477,chittagong/nested_0/Testing/pneumonia/pneumonia-5199.jpg
1261,kept,kermany,PNEUMONIA,144ab0cd329fbf2a5bc52da6970521d762b59a4d76ad70e721c477ce909dcd5e,kermany/train/PNEUMONIA/person58_bacteria_273.jpeg
1261,dropped_duplicate,chittagong,PNEUMONIA,1e3aec2fe8b793ac39cf3dfe96645c73cf444a83b95174aef5cb36bcfb3e94fa,chittagong/nested_0/Training/pneumonia/pneumonia-4292.jpg
1262,kept,kermany,PNEUMONIA,f981dca20e467c146d8671f5feb54b15e52da86131ef710513985cc7a0bdf9ee,kermany/train/PNEUMONIA/person58_bacteria_276.jpeg
1262,dropped_duplicate,chittagong,PNEUMONIA,442a667c9609039033f3b77a06c6bf309e4947b2ad44359be2cc99b385250a20,chittagong/nested_0/Testing/pneumonia/pneumonia-5186.jpg
1263,kept,kermany,PNEUMONIA,95c64d77fa7e57d6d76613210bf6fa6c0d93bd95272d776ed9218c1d734d547f,kermany/train/PNEUMONIA/person58_bacteria_278.jpeg
1263,dropped_duplicate,chittagong,PNEUMONIA,350f99ae4714de8144ae854c72e89579c67085c2184583bfde12e6f1a25f2f9f,chittagong/nested_0/Training/pneumonia/pneumonia-4287.jpg
1264,kept,kermany,PNEUMONIA,42eac7f1726e005eecc0fca72c0461efa9d8991d637fe339557b13a263c4f0d0,kermany/train/PNEUMONIA/person590_bacteria_2428.jpeg
1264,dropped_duplicate,chittagong,PNEUMONIA,99551f0ef19fdd83c4220d47768f671170682dd226439064aa5f072277b897f1,chittagong/nested_0/Training/pneumonia/pneumonia-66.jpg
1265,kept,kermany,PNEUMONIA,a180f41fc7c3050459ed54c690bd1184d013b42ee8c8b2c3817ec34ddb239a49,kermany/train/PNEUMONIA/person590_virus_1138.jpeg
1265,dropped_duplicate,chittagong,PNEUMONIA,087dadeb5df177e3f5a4c2f836b9a99b86d4275bb78c52ceb72534cc885a4d93,chittagong/nested_0/Training/pneumonia/pneumonia-201.jpg
1266,kept,kermany,PNEUMONIA,bb9f24ef0ee1ddb177af879ede2683bdc4669e89f966d44c44d5d2b38dba212a,kermany/train/PNEUMONIA/person592_virus_1141.jpeg
1266,dropped_duplicate,chittagong,PNEUMONIA,0fe4fd0264eee9629d09f126177649ebef3f5352add99b3fa5c7c02c11d88532,chittagong/nested_0/Training/pneumonia/pneumonia-4076.jpg
1267,kept,kermany,PNEUMONIA,fd5b2c0d00f10f6f4dfe7dd543be2d8919852112cbd436c6a551bd6bfc5a78e9,kermany/train/PNEUMONIA/person595_bacteria_2438.jpeg
1267,dropped_duplicate,chittagong,PNEUMONIA,cd5fd684afacec5fce7c2eaf08998e0854e8ca736129fd37ea473419ef6455a0,chittagong/nested_0/Training/pneumonia/pneumonia-4148.jpg
1268,kept,kermany,PNEUMONIA,bca43ef2d515e3d32e4b1b92381f098c2dce183e40ddeac59f59da9fcd1b169f,kermany/train/PNEUMONIA/person597_bacteria_2450.jpeg
1268,dropped_duplicate,chittagong,PNEUMONIA,4c0ac47bfc591337efe80ef756e7f446e0f29ba12e6ca82b1e5419ccc5fb72ae,chittagong/nested_0/Training/pneumonia/pneumonia-571.jpg
1269,kept,kermany,PNEUMONIA,03643bb8ce52403d8ebe316bd67b8ce3c0c1911bbc8b787fd8f9365b3ccbcdad,kermany/train/PNEUMONIA/person599_bacteria_2455.jpeg
1269,dropped_duplicate,chittagong,PNEUMONIA,f2aea356e730950439899f9ac2c01e0d434f404e7ce59fb86e0e74e95efb7d6f,chittagong/nested_0/Training/pneumonia/pneumonia-216.jpg
1270,kept,kermany,PNEUMONIA,669a2c8fce40ca4d768f3c30196f6f6583d4fe21348b21a88d56523f354b3ec4,kermany/train/PNEUMONIA/person599_virus_1155.jpeg
1270,dropped_duplicate,chittagong,PNEUMONIA,95a0b3f0212dc1c5fc8658ab67719e896cc78ce0bce30ac28ce85de19da099f8,chittagong/nested_0/Testing/pneumonia/pneumonia-5138.jpg
1271,kept,kermany,PNEUMONIA,7ec48d7d79c5babd730bb33268895ab68b917171daea6e343e292bfac492a4ac,kermany/train/PNEUMONIA/person5_bacteria_16.jpeg
1271,dropped_duplicate,chittagong,PNEUMONIA,ea009cef71a20e16a4c8feb2102247dc681ec77b7fc6a6426d9dd69c4b413115,chittagong/nested_0/Training/pneumonia/pneumonia-188.jpg
1272,kept,kermany,PNEUMONIA,032ea116ecae18ece3dbcc7363bab64f9a5854bd2ad7323fb26ff9feb66c53ce,kermany/train/PNEUMONIA/person600_bacteria_2456.jpeg
1272,dropped_duplicate,chittagong,PNEUMONIA,da6201878596485315d698c7191bbd5024dbcd88b558b9d545e4783b72fa59d7,chittagong/nested_0/Training/pneumonia/pneumonia-4491.jpg
1273,kept,kermany,PNEUMONIA,1442609448294b62c797b7b319c9ada1e71cd13ddb2f18cb517f44a8d6b04b19,kermany/train/PNEUMONIA/person600_bacteria_2458.jpeg
1273,dropped_duplicate,chittagong,PNEUMONIA,d44b079dffac60a370c1f7922ef01ed9b0b11855237d33b675740f1cbfb27ff2,chittagong/nested_0/Training/pneumonia/pneumonia-4013.jpg
1274,kept,kermany,PNEUMONIA,15e78ba679bad5f0be992fdb6d4b3182fc62e8719d4e85c3086885be19fac30d,kermany/train/PNEUMONIA/person605_bacteria_2464.jpeg
1274,dropped_duplicate,chittagong,PNEUMONIA,b862b139a9f448982405e58e82ef5bac7ddcdb367c09867ed68dff97262a9d96,chittagong/nested_0/Training/pneumonia/pneumonia-174.jpg
1275,kept,kermany,PNEUMONIA,cf9cc426c12d5485a52464ee94f05706c6460be4bfd805947bead99e665f6ecb,kermany/train/PNEUMONIA/person605_bacteria_2467.jpeg
1275,dropped_duplicate,chittagong,PNEUMONIA,53cffde7158d7919bf96df2a913781a46cc1bc9424aeabd23f1fe51f40c368e5,chittagong/nested_0/Testing/pneumonia/pneumonia-5132.jpg
1276,kept,kermany,PNEUMONIA,354ef361bd8aab1604c6edb660db4b0f9df536b87e7f764b64caa32b5b03282d,kermany/train/PNEUMONIA/person608_bacteria_2473.jpeg
1276,dropped_duplicate,chittagong,PNEUMONIA,02df42d1d9692a21a50ad6cbc4eee35588224371ae456a0bc1cb0f47bfefdaa1,chittagong/nested_0/Training/pneumonia/pneumonia-4034.jpg
1277,kept,kermany,PNEUMONIA,fa09e92af9d3cc5b72b50a9fd4bcddc81495013a3d1e46bd765ed694a9f9bf66,kermany/train/PNEUMONIA/person60_bacteria_286.jpeg
1277,dropped_duplicate,chittagong,PNEUMONIA,645385cbb4a98e59c885db5e3f3d0a63524e97f8b7a230d6192f62bced900157,chittagong/nested_0/Training/pneumonia/pneumonia-4592.jpg
1278,kept,kermany,PNEUMONIA,b408e3e0cdeaa8a60b2b4f3db424d32b5a071ec20c8fcdb1f6e9db9ca41892c1,kermany/train/PNEUMONIA/person612_bacteria_2478.jpeg
1278,dropped_duplicate,chittagong,PNEUMONIA,defc5a44a0e3878245cdc84519296a647538532c5af8aed93ea560f48ae009c0,chittagong/nested_0/Training/pneumonia/pneumonia-3974.jpg
1279,kept,kermany,PNEUMONIA,5890a889ab0f6e74c402ffb66eaf52f5e84cae9314bf85fd3ec9169c4c51c908,kermany/train/PNEUMONIA/person614_virus_1183.jpeg
1279,dropped_duplicate,chittagong,PNEUMONIA,553be4109cf401491666925cc72dec9460a53090f3ccac19ec940a03c4156fe4,chittagong/nested_0/Training/pneumonia/pneumonia-388.jpg
1280,kept,kermany,PNEUMONIA,829a9eb419c751d5bcd227790e457cf2796a06f073e36ea46227188afbb938df,kermany/train/PNEUMONIA/person619_bacteria_2490.jpeg
1280,dropped_duplicate,chittagong,PNEUMONIA,e0c67865bc25e6c70d70f6d77e1b03582f7c15f3b22bc05f63884cff7fafd068,chittagong/nested_0/Training/pneumonia/pneumonia-457.jpg
1281,kept,kermany,PNEUMONIA,5d3494351576062fd157a416cd451085e9ea529198f676e5d5aae7c0f305aa15,kermany/train/PNEUMONIA/person619_bacteria_2491.jpeg
1281,dropped_duplicate,chittagong,PNEUMONIA,9e863978ae8a9034ae37ebbe3d1a4e5bbba20413ab7a58865404c1411a6692dd,chittagong/nested_0/Training/pneumonia/pneumonia-4215.jpg
1282,kept,kermany,PNEUMONIA,b9b210a7fdf90921accd811c8741348f925568cbd75061d4a894946452cb067d,kermany/train/PNEUMONIA/person61_bacteria_295.jpeg
1282,dropped_duplicate,chittagong,PNEUMONIA,f858a23b055977126915d65ddbc906b075655e3bf0ba6e89b942ef20158a5da8,chittagong/nested_0/Testing/pneumonia/pneumonia-5242.jpg
1283,kept,kermany,PNEUMONIA,89a8010492904de897c537040f38749f2e66acf7fb78b415a26036f776f6ea07,kermany/train/PNEUMONIA/person620_bacteria_2492.jpeg
1283,dropped_duplicate,chittagong,PNEUMONIA,d05fdecde7ea22749d5117f2312390be3d75b1f86fa27fedcdba6486320b9757,chittagong/nested_0/Training/pneumonia/pneumonia-179.jpg
1284,kept,kermany,PNEUMONIA,5aeaf616798f653b5dab5d7c66d8ef3e6832e7b62788c7400fc70bc72a7c35f7,kermany/train/PNEUMONIA/person620_virus_1192.jpeg
1284,dropped_duplicate,chittagong,PNEUMONIA,1f52794ad18d4be43ef4589f952bbf36d5422068c2372d4dd3adc05363391a8c,chittagong/nested_0/Training/pneumonia/pneumonia-3954.jpg
1285,kept,kermany,PNEUMONIA,0600665eee014dd25e7b1f47b7008d9513ed51d77fb3ec73e2b1ca24d964d764,kermany/train/PNEUMONIA/person621_virus_1195.jpeg
1285,dropped_duplicate,chittagong,PNEUMONIA,b0fd25c864c086d3fd265932994f28c383e5c354812c43cd8603358478006658,chittagong/nested_0/Testing/pneumonia/pneumonia-609.jpg
1286,kept,kermany,PNEUMONIA,0532d3c3e365089b98127ecb6bc1febdf04705c47430842b659393f5ac4f15f8,kermany/train/PNEUMONIA/person623_bacteria_2495.jpeg
1286,dropped_duplicate,chittagong,PNEUMONIA,1d61c72f16c78ddce3f5f6c71b21640e1815c47bf934eb3ba310516d1c429c45,chittagong/nested_0/Testing/pneumonia/pneumonia-5215.jpg
1287,kept,kermany,PNEUMONIA,7c17f4c8ff41f223379000b1b641f56223726864701a7b073c7cabeeb7e1e492,kermany/train/PNEUMONIA/person625_bacteria_2500.jpeg
1287,dropped_duplicate,chittagong,PNEUMONIA,5b29c547732da0cdb7864e3c43fbf31edec5c53a7340f1603e543b92338f8f90,chittagong/nested_0/Training/pneumonia/pneumonia-129.jpg
1288,kept,kermany,PNEUMONIA,675f7cc1d82af18a782fdf7a257db5d139a198fbc5b4383a9add95492b990faf,kermany/train/PNEUMONIA/person629_bacteria_2506.jpeg
1288,dropped_duplicate,chittagong,PNEUMONIA,02b6a89f4cdbe733618e06b4db896a2aae39271b0f2ee7e497f16fca327dc718,chittagong/nested_0/Training/pneumonia/pneumonia-24.jpg
1289,kept,kermany,PNEUMONIA,992e928a3acc75ba221a9a63c703666c529a0d99323b89c8c56e9571548daeac,kermany/train/PNEUMONIA/person629_bacteria_2510.jpeg
1289,dropped_duplicate,chittagong,PNEUMONIA,9558b3fda8bfbcc78768b00a40bf467200c488cc8e435be851a8ad1c70ada7c6,chittagong/nested_0/Training/pneumonia/pneumonia-3933.jpg
1290,kept,kermany,PNEUMONIA,85d39de6a12284bf03bd14117aa402fc70fd80c07fcb54a4610ac47d220fa59c,kermany/train/PNEUMONIA/person62_bacteria_298.jpeg
1290,dropped_duplicate,chittagong,PNEUMONIA,ba38462fff86dd770ac6cb7d24533008003e58349d4a44c5507d93994e02788d,chittagong/nested_0/Training/pneumonia/pneumonia-97.jpg
1291,kept,kermany,PNEUMONIA,334074cfcbb0203a2a0d76793f8425639d8ed8a3b3495f65bf2eba341550945d,kermany/train/PNEUMONIA/person62_bacteria_301.jpeg
1291,dropped_duplicate,chittagong,PNEUMONIA,f68d12fb0c52a871ea561e17706ecac6c81380cf7e4fa6b3c31cac13c65f6454,chittagong/nested_0/Training/pneumonia/pneumonia-4206.jpg
1292,kept,kermany,PNEUMONIA,55caecd4022a1a210ece315303aa9ea431aa62c42d925a72647ea200ef8def11,kermany/train/PNEUMONIA/person630_bacteria_2515.jpeg
1292,dropped_duplicate,chittagong,PNEUMONIA,5f9d928bc93a9207faae22158979ae0c85581f0cd2f09f2010de09f9e6cef720,chittagong/nested_0/Training/pneumonia/pneumonia-4155.jpg
1293,kept,kermany,PNEUMONIA,d73f1e87b29064e2897276ea9909933b4c07c4a44727672efd51019fd79f6dc0,kermany/train/PNEUMONIA/person630_bacteria_2516.jpeg
1293,dropped_duplicate,chittagong,PNEUMONIA,e04022d32a9af1239a4f5e62d7c2848e8dd1e522deb07039d963fa3bca46e87b,chittagong/nested_0/Training/pneumonia/pneumonia-3962.jpg
1294,kept,kermany,PNEUMONIA,331e416aab4c9abd0cc2a09d9fd0fc7906897a8d134b66ad311b5d9b9487cb2a,kermany/train/PNEUMONIA/person636_bacteria_2527.jpeg
1294,dropped_duplicate,chittagong,PNEUMONIA,5ecc03ffd20ada8046da3649ea4c9df4de406d2467dbfb860472b6e2b90e3038,chittagong/nested_0/Training/pneumonia/pneumonia-4168.jpg
1295,kept,kermany,PNEUMONIA,883feb9cbcb4da3464eeae79e7c48df779106df2e7e36f48251155a8ef3c5863,kermany/train/PNEUMONIA/person636_virus_1217.jpeg
1295,dropped_duplicate,chittagong,PNEUMONIA,29917c5b0f564f055d0a3c7c1cfbbc6662fb539365aaf402b3ea4ff8fc807dc5,chittagong/nested_0/Testing/pneumonia/pneumonia-5184.jpg
1296,kept,kermany,PNEUMONIA,3cdb510f9713e44f99b47d52cf028990598023e1465df5af5c2644a90ae39941,kermany/train/PNEUMONIA/person637_virus_1218.jpeg
1296,dropped_duplicate,chittagong,PNEUMONIA,318f023f05a8e2be06a0b4c57224e6cf88275505f2e58b7aa13eb773dc1ee090,chittagong/nested_0/Training/pneumonia/pneumonia-3959.jpg
1297,kept,kermany,PNEUMONIA,80a596b47d5e1fe6acc402b29a26e9da424c6108f6b5189b880dedfabe3dce3b,kermany/train/PNEUMONIA/person644_bacteria_2536.jpeg
1297,dropped_duplicate,chittagong,PNEUMONIA,1a558cf058f0c30e91fe3ed50e2ab9a282dbc799688996a352213c719321eca0,chittagong/nested_0/Training/pneumonia/pneumonia-4002.jpg
1298,kept,kermany,PNEUMONIA,b3287577fb31feea58c6e22634b80296021475042f77340dd4b69790a4ca5a8f,kermany/train/PNEUMONIA/person64_bacteria_312.jpeg
1298,dropped_duplicate,chittagong,PNEUMONIA,0feb9ba3173a9a7dbe099fb047bd6d989ec06d9e207539043af3884689153309,chittagong/nested_0/Training/pneumonia/pneumonia-4496.jpg
1299,kept,kermany,PNEUMONIA,ed13732a0dbf3a7677dabc68163da5bf8055caaff9d4ee955f91afbbf5f1edec,kermany/train/PNEUMONIA/person64_bacteria_316.jpeg
1299,dropped_duplicate,chittagong,PNEUMONIA,a37c6f1185e797f636c041953ecb575aaa9eae6ec709e5dcd4841504102f51d6,chittagong/nested_0/Testing/pneumonia/pneumonia-624.jpg
1300,kept,kermany,PNEUMONIA,eb2ebd2d2fa7975192e46e6b2bd7376fefaf589fe65b1ac03b809d7f9153ef1b,kermany/train/PNEUMONIA/person64_bacteria_320.jpeg
1300,dropped_duplicate,chittagong,PNEUMONIA,0c06447462b2efb94f2de12a1a7b2b808118fc10f36952a0e12f8848281e0205,chittagong/nested_0/Training/pneumonia/pneumonia-4095.jpg
1301,kept,kermany,PNEUMONIA,b7e429f0d5c2ff9107b99165e3d76c02dd88eba2b607d9767ec32d7b91710826,kermany/train/PNEUMONIA/person650_bacteria_2542.jpeg
1301,dropped_duplicate,chittagong,PNEUMONIA,3c58d2809b4fec6ad7a959eb18e3bce454c43ab8f974fca293259b8e068e2836,chittagong/nested_0/Training/pneumonia/pneumonia-4049.jpg
1302,kept,kermany,PNEUMONIA,a3f251de49282a0931453fa31fe6f7f4ea00f6eaff3ebd723a21ca5b59833dd5,kermany/train/PNEUMONIA/person652_virus_1234.jpeg
1302,dropped_duplicate,chittagong,PNEUMONIA,cc40a37633b489bfcf28597807103b539117343f9dae0c2a9cc6b3fc6d0aa6d1,chittagong/nested_0/Training/pneumonia/pneumonia-4192.jpg
1303,kept,kermany,PNEUMONIA,7db56a95bfd7c641b546954bb7b5d09607d3ae3b1de91a190389d41597edc4d3,kermany/train/PNEUMONIA/person653_virus_1235.jpeg
1303,dropped_duplicate,chittagong,PNEUMONIA,abe2da37045639ec584e514a514826461765301949e95cabb3edbbfbed33365a,chittagong/nested_0/Training/pneumonia/pneumonia-253.jpg
1304,kept,kermany,PNEUMONIA,62332e9a1ae3ead0f54281907b19f6e528d4519ced1b5a1169687b0b0d2fd105,kermany/train/PNEUMONIA/person654_bacteria_2546.jpeg
1304,dropped_duplicate,chittagong,PNEUMONIA,67b2c2b269cb7256fcee982ac41a49f168f014ccf6917a4a60dc01aa216fe838,chittagong/nested_0/Training/pneumonia/pneumonia-4577.jpg
1305,kept,kermany,PNEUMONIA,c9a4fef9132409f7b00175199bac072e439743b4341c3f5ab296fe69d00b1073,kermany/train/PNEUMONIA/person657_bacteria_2549.jpeg
1305,dropped_duplicate,chittagong,PNEUMONIA,9412aaae28b373f3fb9a8d848e31b709b1c272b985778d6cdb0523d8cd374102,chittagong/nested_0/Testing/pneumonia/pneumonia-656.jpg
1306,kept,kermany,PNEUMONIA,6515681ea23e7b5d98a25a3244f691fca44a63658976cb6f3119425ecee1e1e3,kermany/train/PNEUMONIA/person659_bacteria_2551.jpeg
1306,dropped_duplicate,chittagong,PNEUMONIA,2f9067520e9b9dea0faa27a101cc429c559d81badb80b8f7fafe9b870f6d0387,chittagong/nested_0/Training/pneumonia/pneumonia-4225.jpg
1307,kept,kermany,PNEUMONIA,3ce211d23a1f278945ad1a92c9c2eebb951c48d73769ae601c13daf21cbf204b,kermany/train/PNEUMONIA/person659_virus_1243.jpeg
1307,dropped_duplicate,chittagong,PNEUMONIA,9794ba33ed34431417d9a47f99cc0d70498cfc94e402a889078a03bcf30242a2,chittagong/nested_0/Training/pneumonia/pneumonia-510.jpg
1308,kept,kermany,PNEUMONIA,ebb4d8d548c0793dc9f93bc902eea84d8bb3ae3e5e5b94ed842a6d38d9dd6115,kermany/train/PNEUMONIA/person661_bacteria_2553.jpeg
1308,dropped_duplicate,chittagong,PNEUMONIA,ac121a6d7fa8b8efec545c7adf908c237cf12659aebeb74420c588e5e91a352b,chittagong/nested_0/Training/pneumonia/pneumonia-4499.jpg
1309,kept,kermany,PNEUMONIA,935683053e5773f82af9fb7ed05d38ce1d0cd82bec39b7f4b3caa9c7bdba4aaf,kermany/train/PNEUMONIA/person662_virus_1246.jpeg
1309,dropped_duplicate,chittagong,PNEUMONIA,ebb1012ec6fcf9d18303cd1d4fd5c0ea8d2806941d4dc2b21b13bb8b54e3db43,chittagong/nested_0/Testing/pneumonia/pneumonia-724.jpg
1310,kept,kermany,PNEUMONIA,a75db1d0d0f1db8402dde8ef179eb398aac2809523c35f70bccbb874d6f549a9,kermany/train/PNEUMONIA/person663_bacteria_2555.jpeg
1310,dropped_duplicate,chittagong,PNEUMONIA,a7a400a8e8cfad978a67cd713759f4bea44bca363fb076d1d7955e42e6ebe6eb,chittagong/nested_0/Training/pneumonia/pneumonia-136.jpg
1311,kept,kermany,PNEUMONIA,978a4233f024ec9b459e26e7d3f95de051e45bbc4eac96c231ac2e50ee0b0423,kermany/train/PNEUMONIA/person66_bacteria_323.jpeg
1311,dropped_duplicate,chittagong,PNEUMONIA,d8eb09d3d9c89df17f4ed3d75e02b568aa29db54d0137082e46208723e35c9ac,chittagong/nested_0/Training/pneumonia/pneumonia-4273.jpg
1312,kept,kermany,PNEUMONIA,eeb16767cdf981e3515b54243aacaba62fb22b835b019e905024a0bd28a5fc34,kermany/train/PNEUMONIA/person66_bacteria_325.jpeg
1312,dropped_duplicate,chittagong,PNEUMONIA,1b355a7cae105956caf5564bea76663bf6d60c7e081dc4de803f500ec63866a9,chittagong/nested_0/Training/pneumonia/pneumonia-131.jpg
1313,kept,kermany,PNEUMONIA,0b8f2752168ac273e56d417afac020d3b7a70807f5f655c229bc39d8d6a6304c,kermany/train/PNEUMONIA/person673_bacteria_2566.jpeg
1313,dropped_duplicate,chittagong,PNEUMONIA,14c9287e0ac5ab846a041e3fc282c7b2f31f9be639a00053b92758c507f2034d,chittagong/nested_0/Training/pneumonia/pneumonia-332.jpg
1314,kept,kermany,PNEUMONIA,e69ecaa858a36936d497bb00df7702070294613fc767b764de98f640b165a1c1,kermany/train/PNEUMONIA/person677_bacteria_2571.jpeg
1314,dropped_duplicate,chittagong,PNEUMONIA,d04f001233f3b793e64aed5bf08ec8296db811503a52b2636b1e729b12c4a81a,chittagong/nested_0/Testing/pneumonia/pneumonia-622.jpg
1315,kept,kermany,PNEUMONIA,89c4fd51db0b85be451f0475582c6d397293897ae1540120705ef4d9ce811789,kermany/train/PNEUMONIA/person677_virus_1268.jpeg
1315,dropped_duplicate,chittagong,PNEUMONIA,6c973e1fd4f4eab3b2a8d58b5946be011d6a3e1cff215d1a3b455191340bf938,chittagong/nested_0/Training/pneumonia/pneumonia-565.jpg
1316,kept,kermany,PNEUMONIA,f2e88a7ceb4cb70eaf5a8da868002f4f12a3c177779608fadaa3093ef870f184,kermany/train/PNEUMONIA/person67_bacteria_330.jpeg
1316,dropped_duplicate,chittagong,PNEUMONIA,be73e9fd873712999234907c4ef70ca587fe86782e87a6c546ad2bf8260c2e98,chittagong/nested_0/Training/pneumonia/pneumonia-4254.jpg
1317,kept,kermany,PNEUMONIA,72231fb0af1403054df27fc2b5dd598b7f753e73c0ffce2db1cb995457655f91,kermany/train/PNEUMONIA/person67_bacteria_331.jpeg
1317,dropped_duplicate,chittagong,PNEUMONIA,d63eaaa83776b17bcc10d3a5a230774c4061f12aa4d1f59eeb175d6b9e6f5cc7,chittagong/nested_0/Training/pneumonia/pneumonia-4539.jpg
1318,kept,kermany,PNEUMONIA,66845050795fb22f14298cdc8c085f6f3748b6ed06fde2f859918901a4270e75,kermany/train/PNEUMONIA/person67_bacteria_334.jpeg
1318,dropped_duplicate,chittagong,PNEUMONIA,37d3231d50fc94f5f335aa7edf85f0bb7466011cce2c7b4010d941ddd3c98b75,chittagong/nested_0/Training/pneumonia/pneumonia-368.jpg
1319,kept,kermany,PNEUMONIA,3bf1ba28afe601a9c2c446f7a58887d4dfc3328b5aad3966a4732959eed9ea96,kermany/train/PNEUMONIA/person681_bacteria_2576.jpeg
1319,dropped_duplicate,chittagong,PNEUMONIA,129124d675a1afbf48c645289f47743e4e5ed25898344eb73f83dd0fdc311ad5,chittagong/nested_0/Training/pneumonia/pneumonia-479.jpg
1320,kept,kermany,PNEUMONIA,f4714afae1b673b75ef83bef2ca941bd65b5d6c5c6820aaab15797a693751fbf,kermany/train/PNEUMONIA/person688_virus_1281.jpeg
1320,dropped_duplicate,kermany,PNEUMONIA,f4714afae1b673b75ef83bef2ca941bd65b5d6c5c6820aaab15797a693751fbf,kermany/train/PNEUMONIA/person688_virus_1282.jpeg
1321,kept,kermany,PNEUMONIA,958cc5be54a274a1a629c29d27c88cc3835cf8e49148976b29d673ed0dbee3e8,kermany/train/PNEUMONIA/person68_bacteria_335.jpeg
1321,dropped_duplicate,chittagong,PNEUMONIA,d509e4a6a19c22ce72ddcc85b7f8a0b865143407cd26666ca1bc806c11c79c93,chittagong/nested_0/Training/pneumonia/pneumonia-172.jpg
1322,kept,kermany,PNEUMONIA,57d0fa5d5683938610c51f10b770ed5c9091e8b18316c9b990dd8889686c2b59,kermany/train/PNEUMONIA/person693_bacteria_2590.jpeg
1322,dropped_duplicate,chittagong,PNEUMONIA,03502bb24d5b1726ad0822a5f5438c6d36de4e95565a8c2f103f39e04fd98329,chittagong/nested_0/Testing/pneumonia/pneumonia-807.jpg
1323,kept,kermany,PNEUMONIA,994705f4ce0d919738e3fc5a5c48fb5bce13ba58c1f4d3e8212486d0149e06bf,kermany/train/PNEUMONIA/person6_bacteria_22.jpeg
1323,dropped_duplicate,chittagong,PNEUMONIA,e8b72db45762a011c30bcfb3263c7994bbb92184cdbc991ab6b31dda110810e6,chittagong/nested_0/Training/pneumonia/pneumonia-220.jpg
1324,kept,kermany,PNEUMONIA,8528145b6f23a2cd56afff473480a0d43bd729db0657750553f5ddfdb0e06f2d,kermany/train/PNEUMONIA/person700_bacteria_2599.jpeg
1324,dropped_duplicate,chittagong,PNEUMONIA,9c3c7a33bdfb9dfe74e36942b728cea573ad7987ca0fe399d9b8666d915cd006,chittagong/nested_0/Training/pneumonia/pneumonia-4284.jpg
1325,kept,kermany,PNEUMONIA,ef133b78509e53bc7b0dd5bda8adad1f775732288d8a91821e6fc794e708317c,kermany/train/PNEUMONIA/person701_virus_1297.jpeg
1325,dropped_duplicate,chittagong,PNEUMONIA,fbb4a95ffb3dba347f7ddd01a5f114d50e3c1d41eab545e6c20d4f3c59dde3d0,chittagong/nested_0/Testing/pneumonia/pneumonia-658.jpg
1326,kept,kermany,PNEUMONIA,6cceb3bfc4a8051476bc63be98ff919686868a36d8dfadeb5df723f80593c13e,kermany/train/PNEUMONIA/person703_virus_1300.jpeg
1326,dropped_duplicate,chittagong,PNEUMONIA,6f64b5de465cb22218c31653f54e43e022bf216f8a7e1b650895273185bc7a3e,chittagong/nested_0/Training/pneumonia/pneumonia-566.jpg
1327,kept,kermany,PNEUMONIA,9285d1ba8e2ef7314a4f8da922399f30dc6eef2be8abf72900fbdcb1a865324d,kermany/train/PNEUMONIA/person705_virus_1303.jpeg
1327,dropped_duplicate,chittagong,PNEUMONIA,272c8bff654fa8dee2c1b974ad4a834227b8ceab018f237862a6f4fc53f2b215,chittagong/nested_0/Training/pneumonia/pneumonia-365.jpg
1328,kept,kermany,PNEUMONIA,44041eab9920ef0abaf389e6590dc91d7ce7c213f7cc18378d3f76e4accff5ce,kermany/train/PNEUMONIA/person709_bacteria_2608.jpeg
1328,dropped_duplicate,chittagong,PNEUMONIA,0a703ae18b5837cd08431f642aaa4da911334dcf981e0c5d0dd9771c148a80dd,chittagong/nested_0/Training/pneumonia/pneumonia-34.jpg
1329,kept,kermany,PNEUMONIA,8816e0f5ecd3a0fa83fe2f6b9bdc97132169dd1ba18565a42243552b9e32fb4f,kermany/train/PNEUMONIA/person70_bacteria_344.jpeg
1329,dropped_duplicate,chittagong,PNEUMONIA,4d1647a11b4784f42f44293d6e3ab6972547ed8eb234c53808e1091c02236812,chittagong/nested_0/Testing/pneumonia/pneumonia-5111.jpg
1330,kept,kermany,PNEUMONIA,2e4ff0f3b8d1d08eb66aeeead8f799f6d4ade8f4d31ddfb8cb9d2be9b85dc9b1,kermany/train/PNEUMONIA/person712_virus_1310.jpeg
1330,dropped_duplicate,chittagong,PNEUMONIA,31f8c614d7e0eab8520582b288aa36a5f489ac4f5e50caa1e15e2c8e32893efb,chittagong/nested_0/Training/pneumonia/pneumonia-554.jpg
1331,kept,kermany,PNEUMONIA,5abfaad97e0f6b84cc86bc089116b794b63cb4ec0037dcbc0842b37bfb146f12,kermany/train/PNEUMONIA/person714_bacteria_2615.jpeg
1331,dropped_duplicate,chittagong,PNEUMONIA,d8337ac7f83def8bbf354c578ea7cbdc190b621d63fa134ebcb7dd64c71c0b65,chittagong/nested_0/Training/pneumonia/pneumonia-4174.jpg
1332,kept,kermany,PNEUMONIA,31ea85c835b71f236f3e6d1e03f77068cc667fce9cf1f3584bce0cf41e4a9e7a,kermany/train/PNEUMONIA/person716_virus_1314.jpeg
1332,dropped_duplicate,chittagong,PNEUMONIA,24164914e0189b989b515a916d981982d704b1a5a8844818c63d7b399d929bcd,chittagong/nested_0/Training/pneumonia/pneumonia-4211.jpg
1333,kept,kermany,PNEUMONIA,ce2f78e2d7d6a41e21433fe3988f2d89a774cac8cd92c73aa6a5cc4bfadb809d,kermany/train/PNEUMONIA/person718_bacteria_2620.jpeg
1333,dropped_duplicate,chittagong,PNEUMONIA,01657e58845f0f50c7a784aa9b3ffd1d78296f6cfda8404ec01a2ec0d1c470fe,chittagong/nested_0/Training/pneumonia/pneumonia-391.jpg
1334,kept,kermany,PNEUMONIA,ddcf64c7faefedef9403af658245256f642662ad3ab2ea9cfd42cb0ca80abcad,kermany/train/PNEUMONIA/person71_bacteria_348.jpeg
1334,dropped_duplicate,chittagong,PNEUMONIA,3a10fa760c70939e0545ca85167b03eee36529a50952629bb47b6bbf3c72ce15,chittagong/nested_0/Testing/pneumonia/pneumonia-5125.jpg
1335,kept,kermany,PNEUMONIA,a1f77043a7a799135b37a9c24520984ce1b4108b796c92a7b7ec5e827bcfff80,kermany/train/PNEUMONIA/person721_bacteria_2623.jpeg
1335,dropped_duplicate,chittagong,PNEUMONIA,3b1e62ff8e9cccbcc6db4b64edf6305b61040c59c1e5e47a1c611bc41aeefa53,chittagong/nested_0/Training/pneumonia/pneumonia-3980.jpg
1336,kept,kermany,PNEUMONIA,772a68da3850cfdc801b3bb2a3b87b66858290574f1a3ce27be934950e135ea3,kermany/train/PNEUMONIA/person722_virus_1341.jpeg
1336,dropped_duplicate,chittagong,PNEUMONIA,80d01aa71bafc0fa2bc2e293131ae17439c49dc95c2caa80dc825a376a742610,chittagong/nested_0/Training/pneumonia/pneumonia-4228.jpg
1337,kept,kermany,PNEUMONIA,9c89f4d19c4abb244b19116a939b98a700ef61a583dab4756c7d56d3c4c710b3,kermany/train/PNEUMONIA/person723_virus_1342.jpeg
1337,dropped_duplicate,chittagong,PNEUMONIA,19de23eca1fcb19a1c53bf964ab6d0e6515b29bfd487bcd3207f4880eb8d88a1,chittagong/nested_0/Training/pneumonia/pneumonia-478.jpg
1338,kept,kermany,PNEUMONIA,752c2db70ef15b55464c0a65b070deac5610f5bae66331a3f78f7fb4aca28fd0,kermany/train/PNEUMONIA/person725_bacteria_2627.jpeg
1338,dropped_duplicate,chittagong,PNEUMONIA,2d16622667993acf0e26180b69b935695667d66dbf1f4b768a379aa140f40edb,chittagong/nested_0/Training/pneumonia/pneumonia-475.jpg
1339,kept,kermany,PNEUMONIA,5253460c17fe1d80dc8468470b68439197d1927588241d96ed33ae55b3ce9520,kermany/train/PNEUMONIA/person72_bacteria_352.jpeg
1339,dropped_duplicate,chittagong,PNEUMONIA,b502a05f9f0f1840bf8a6ef9aeaa3cc877308eeaa6d4ac528bb1b22aae2839d1,chittagong/nested_0/Training/pneumonia/pneumonia-3999.jpg
1340,kept,kermany,PNEUMONIA,8ac2700f35cc1948184ce3717b47dcfb3bb07e3b2484a45543f443d4ced232aa,kermany/train/PNEUMONIA/person72_bacteria_353.jpeg
1340,dropped_duplicate,chittagong,PNEUMONIA,58d4f52e02cd51dc8da4fe42374e519ae8d0d1049aaa718272d7f75743af01c3,chittagong/nested_0/Training/pneumonia/pneumonia-3951.jpg
1341,kept,kermany,PNEUMONIA,de4e7b6f270150e710cdae8d6224c89aff5c16f890a3de1d927006eb07ed4d17,kermany/train/PNEUMONIA/person735_virus_1356.jpeg
1341,dropped_duplicate,chittagong,PNEUMONIA,a7d47a5413a9d625145418f0a87c472b83d9864ed7bd2db1fdb0a670ad35ab2f,chittagong/nested_0/Training/pneumonia/pneumonia-514.jpg
1342,kept,kermany,PNEUMONIA,d5176843ad788b56545ab38f942f9d5f920071fcca92de2ef7f111d9a3da2d73,kermany/train/PNEUMONIA/person736_virus_1358.jpeg
1342,dropped_duplicate,chittagong,PNEUMONIA,b07b5e774070b8529306e663dd88bb68e471a7b3bc5f64425ef4bd821b38f9e9,chittagong/nested_0/Training/pneumonia/pneumonia-434.jpg
1343,kept,kermany,PNEUMONIA,3490153ba27b6cbfc8cd3beb4f1747fca635c4d8451a59c27c9cfc03f04aee69,kermany/train/PNEUMONIA/person738_bacteria_2641.jpeg
1343,dropped_duplicate,chittagong,PNEUMONIA,facbec71785f0f5d07f0e7dfd42c90a5aa60ac5c9be0e735c6dd697c3c953827,chittagong/nested_0/Training/pneumonia/pneumonia-451.jpg
1344,kept,kermany,PNEUMONIA,f265f10bfdebceecec81c8882ce048500b5a3db0cf2a11e0ac810682e8f6c05a,kermany/train/PNEUMONIA/person739_bacteria_2642.jpeg
1344,dropped_duplicate,chittagong,PNEUMONIA,2a05fb53285572621526cec90837922390885c5ffa7968e384efc40333f7d1b8,chittagong/nested_0/Testing/pneumonia/pneumonia-5133.jpg
1345,kept,kermany,PNEUMONIA,5ce27107776708dab205a1a57732ac2781cfe6962b87e77e5cbae3aebaaf56c6,kermany/train/PNEUMONIA/person73_bacteria_355.jpeg
1345,dropped_duplicate,chittagong,PNEUMONIA,f79dc3fddf0cade36366acbe16f2fc46b02f94ea17c6352c79074552e23ae070,chittagong/nested_0/Training/pneumonia/pneumonia-247.jpg
1346,kept,kermany,PNEUMONIA,a8a3e6b43a9f17e075f17492240d11e37d474107c7d12775b2aa1775fc9997d8,kermany/train/PNEUMONIA/person73_bacteria_357.jpeg
1346,dropped_duplicate,chittagong,PNEUMONIA,0be3743fd66fbffa7d0012b2eb45cdcd3ac6b2f8006aae0a771a155977163e89,chittagong/nested_0/Training/pneumonia/pneumonia-3917.jpg
1347,kept,kermany,PNEUMONIA,1a88ab4dec2caaf8d7ae0eabc987834838dcd5dc26cfec71511139d55877cc35,kermany/train/PNEUMONIA/person740_virus_1362.jpeg
1347,dropped_duplicate,chittagong,PNEUMONIA,bdd5470a121a439db9d07f34b82b1ab1d88eb4ab7f41378814b94c1baa5ffd2b,chittagong/nested_0/Training/pneumonia/pneumonia-4268.jpg
1348,kept,kermany,PNEUMONIA,d21d1a5e9fe54819c7d96d9513b557237d33ff0eaffb1ecdf3696905848db538,kermany/train/PNEUMONIA/person740_virus_1363.jpeg
1348,dropped_duplicate,chittagong,PNEUMONIA,95bd93b98ea98ad49bcebe66beddabd067eca0c7f52af96cfa030e674419acc0,chittagong/nested_0/Training/pneumonia/pneumonia-552.jpg
1349,kept,kermany,PNEUMONIA,e34b0c4b9a8e3fe14cc675e8631dcf95be2948ad29e6626737a72a70555f9a97,kermany/train/PNEUMONIA/person747_bacteria_2650.jpeg
1349,dropped_duplicate,chittagong,PNEUMONIA,a45b2b7fed30c1fbb2988ec5547926d74da22ce7d9ffa33716ec173a04cf8cef,chittagong/nested_0/Training/pneumonia/pneumonia-252.jpg
1350,kept,kermany,PNEUMONIA,a9c91e5e82e2b4e795b53c78682d9b74a12733c7cdbb8f23ea36036c2e97a4e2,kermany/train/PNEUMONIA/person756_bacteria_2660.jpeg
1350,dropped_duplicate,chittagong,PNEUMONIA,341a1193985e060bdb21e736412673f767ab65726ac058c51ae850c5e0bc780d,chittagong/nested_0/Training/pneumonia/pneumonia-4493.jpg
1351,kept,kermany,PNEUMONIA,b810c53024092cc3e3c9206d23a655fd024e85a90c52a2009b0acd6ca84fc003,kermany/train/PNEUMONIA/person75_bacteria_364.jpeg
1351,dropped_duplicate,chittagong,PNEUMONIA,0d3fa2ab7b00664fbd01cfa73f7833c210e5b789a6f4dbbee2c854951fcf585b,chittagong/nested_0/Training/pneumonia/pneumonia-18.jpg
1352,kept,kermany,PNEUMONIA,d1cc52892805284de688a3138aec008059ad40df8e0f8c4ef07afb1eda121a57,kermany/train/PNEUMONIA/person764_bacteria_2668.jpeg
1352,dropped_duplicate,chittagong,PNEUMONIA,b23012171cff2b1e18a76d8b7afab6f14dd880eba46b103cc169fbb643f49d52,chittagong/nested_0/Training/pneumonia/pneumonia-4220.jpg
1353,kept,kermany,PNEUMONIA,7698571239d8291a1666072196d2b6e38a5ff3fe439f8efeed420780ace97eb1,kermany/train/PNEUMONIA/person767_bacteria_2671.jpeg
1353,dropped_duplicate,chittagong,PNEUMONIA,08f3a8945ac8ff8c2775e0578eca8cb68247709e6a0b23264011a47128e7afb2,chittagong/nested_0/Training/pneumonia/pneumonia-8.jpg
1354,kept,kermany,PNEUMONIA,1317845f02ebb2f8b696f32f74d9a53d10dfe4cb3eda65ab73a7c64cd927aa27,kermany/train/PNEUMONIA/person771_bacteria_2675.jpeg
1354,dropped_duplicate,chittagong,PNEUMONIA,5048d31feb7ed904bd7dd5199d82690e4393401e581d16c4641d534fe2a08ef1,chittagong/nested_0/Training/pneumonia/pneumonia-2.jpg
1355,kept,kermany,PNEUMONIA,1f374551a220b05c2a09ac44fb5495c5ff190a97487c57caf54a6d01e014d3a9,kermany/train/PNEUMONIA/person773_virus_1402.jpeg
1355,dropped_duplicate,chittagong,PNEUMONIA,de23c7f6cd3d36152810fdb1af10d9ab317cb6f5857352d093cad358636b4b96,chittagong/nested_0/Training/pneumonia/pneumonia-88.jpg
1356,kept,kermany,PNEUMONIA,c9fe49b9ed39e041cbb6a5cde1df7b3682ba26ca4f7d4c78fb317453b72771e8,kermany/train/PNEUMONIA/person774_virus_1403.jpeg
1356,dropped_duplicate,chittagong,PNEUMONIA,5e2cbc92860f930d9d79d743e9680dd930b00f1a87d0fbcda43abdb7987ea85e,chittagong/nested_0/Training/pneumonia/pneumonia-472.jpg
1357,kept,kermany,PNEUMONIA,396897ea14f53d147ef0a5ca385938b2823380ebcbe0cb777ec50d7dd0d15156,kermany/train/PNEUMONIA/person775_virus_1404.jpeg
1357,dropped_duplicate,chittagong,PNEUMONIA,cd37f3b5557aaf9c9e0df3b7a04613d5cbab9566344e0ffdd22e9e1c3dfd21c6,chittagong/nested_0/Testing/pneumonia/pneumonia-648.jpg
1358,kept,kermany,PNEUMONIA,45d1fae3d3c5b0b32bbb519a125f9f901b21761ff0b84e261d7dc4e4c6a9f07f,kermany/train/PNEUMONIA/person77_bacteria_375.jpeg
1358,dropped_duplicate,chittagong,PNEUMONIA,45d1fae3d3c5b0b32bbb519a125f9f901b21761ff0b84e261d7dc4e4c6a9f07f,chittagong/nested_0/Training/pneumonia/person77_bacteria_375.jpeg
1359,kept,kermany,PNEUMONIA,c8f924f89f83108402d38700191d0d664aa845d469fcd2d25ff5528e1d86b8a1,kermany/train/PNEUMONIA/person77_bacteria_376.jpeg
1359,dropped_duplicate,chittagong,PNEUMONIA,c8f924f89f83108402d38700191d0d664aa845d469fcd2d25ff5528e1d86b8a1,chittagong/nested_0/Training/pneumonia/person77_bacteria_376.jpeg
1360,kept,kermany,PNEUMONIA,808f9d642c5504024c30a2c72650317d09a7612b54404198dbce3ae5974230a2,kermany/train/PNEUMONIA/person77_bacteria_377.jpeg
1360,dropped_duplicate,chittagong,PNEUMONIA,808f9d642c5504024c30a2c72650317d09a7612b54404198dbce3ae5974230a2,chittagong/nested_0/Training/pneumonia/person77_bacteria_377.jpeg
1361,kept,kermany,PNEUMONIA,a962edb993b3c54469daf10688b7a0a94982272e7696e8ee62fcda49febac8eb,kermany/train/PNEUMONIA/person780_bacteria_2684.jpeg
1361,dropped_duplicate,chittagong,PNEUMONIA,a962edb993b3c54469daf10688b7a0a94982272e7696e8ee62fcda49febac8eb,chittagong/nested_0/Training/pneumonia/person780_bacteria_2684.jpeg
1362,kept,kermany,PNEUMONIA,9b4f4bcc86768b11e67660b1a69564285bed30a6e3bc9a67f3a327abf9c39e04,kermany/train/PNEUMONIA/person780_virus_1411.jpeg
1362,dropped_duplicate,chittagong,PNEUMONIA,9b4f4bcc86768b11e67660b1a69564285bed30a6e3bc9a67f3a327abf9c39e04,chittagong/nested_0/Training/pneumonia/person780_virus_1411.jpeg
1363,kept,kermany,PNEUMONIA,5a6710dc2d43ca4f781f7dfa2d5726650323444d14ec4bcd1b13169fa5626c63,kermany/train/PNEUMONIA/person781_virus_1412.jpeg
1363,dropped_duplicate,chittagong,PNEUMONIA,5a6710dc2d43ca4f781f7dfa2d5726650323444d14ec4bcd1b13169fa5626c63,chittagong/nested_0/Training/pneumonia/person781_virus_1412.jpeg
1364,kept,kermany,PNEUMONIA,c889e9b75528bc3579e8e943221f9506f38a6214f88e7291dc66988db4b64400,kermany/train/PNEUMONIA/person782_bacteria_2686.jpeg
1364,dropped_duplicate,chittagong,PNEUMONIA,c889e9b75528bc3579e8e943221f9506f38a6214f88e7291dc66988db4b64400,chittagong/nested_0/Training/pneumonia/person782_bacteria_2686.jpeg
1365,kept,kermany,PNEUMONIA,f5f3c18fd8c20f770286d9343d9992ed29e3e690f4165bc69076a69ad178f9f4,kermany/train/PNEUMONIA/person783_bacteria_2687.jpeg
1365,dropped_duplicate,chittagong,PNEUMONIA,f5f3c18fd8c20f770286d9343d9992ed29e3e690f4165bc69076a69ad178f9f4,chittagong/nested_0/Training/pneumonia/person783_bacteria_2687.jpeg
1365,dropped_duplicate,chittagong,PNEUMONIA,4aa649d9cb6e014171e958f4eed3c0bbd737c48c9dceca21efbc252bdd89155f,chittagong/nested_0/Training/pneumonia/pneumonia-4000.jpg
1366,kept,kermany,PNEUMONIA,9b8a5453bf6b4d4282ab865faa1c6744924b6e3cb37d77ec43dc828886c04bf3,kermany/train/PNEUMONIA/person783_virus_1414.jpeg
1366,dropped_duplicate,chittagong,PNEUMONIA,9b8a5453bf6b4d4282ab865faa1c6744924b6e3cb37d77ec43dc828886c04bf3,chittagong/nested_0/Training/pneumonia/person783_virus_1414.jpeg
1367,kept,kermany,PNEUMONIA,31bcd98cf4fd9b6d35b519826bc21f6b2840f485417935838793e7c822ffa52d,kermany/train/PNEUMONIA/person785_bacteria_2689.jpeg
1367,dropped_duplicate,chittagong,PNEUMONIA,31bcd98cf4fd9b6d35b519826bc21f6b2840f485417935838793e7c822ffa52d,chittagong/nested_0/Training/pneumonia/person785_bacteria_2689.jpeg
1368,kept,kermany,PNEUMONIA,b03044ed084b1f616dcee322d42dae3ae4965e9bc8173a9f96b2e7ce2d055a34,kermany/train/PNEUMONIA/person786_bacteria_2690.jpeg
1368,dropped_duplicate,chittagong,PNEUMONIA,b03044ed084b1f616dcee322d42dae3ae4965e9bc8173a9f96b2e7ce2d055a34,chittagong/nested_0/Training/pneumonia/person786_bacteria_2690.jpeg
1369,kept,kermany,PNEUMONIA,0e6d8e2a8c37878f4066f84f339852e8472eb1949d4529e8a3cd224fd96ad6c9,kermany/train/PNEUMONIA/person787_bacteria_2691.jpeg
1369,dropped_duplicate,chittagong,PNEUMONIA,0e6d8e2a8c37878f4066f84f339852e8472eb1949d4529e8a3cd224fd96ad6c9,chittagong/nested_0/Training/pneumonia/person787_bacteria_2691.jpeg
1370,kept,kermany,PNEUMONIA,c8d99a5dc073a923440fa2d5fdace017e708246b24b872e3e542c75222dae357,kermany/train/PNEUMONIA/person788_virus_1419.jpeg
1370,dropped_duplicate,chittagong,PNEUMONIA,c8d99a5dc073a923440fa2d5fdace017e708246b24b872e3e542c75222dae357,chittagong/nested_0/Training/pneumonia/person788_virus_1419.jpeg
1371,kept,kermany,PNEUMONIA,4533bde66eaf1d774e7da53e31b4da424418c80603001bcb6273bfea022e5742,kermany/train/PNEUMONIA/person790_virus_1421.jpeg
1371,dropped_duplicate,chittagong,PNEUMONIA,b86025a5cdca4177379d33610a8bab21c8ecef1a1dd20c68abb53c851feb80fe,chittagong/nested_0/Training/pneumonia/pneumonia-559.jpg
1372,kept,kermany,PNEUMONIA,348c728e5fbe4f94cd840408b77c990e0cd3375c36f22f68b3aa11f52ab232f7,kermany/train/PNEUMONIA/person796_bacteria_2702.jpeg
1372,dropped_duplicate,chittagong,PNEUMONIA,348c728e5fbe4f94cd840408b77c990e0cd3375c36f22f68b3aa11f52ab232f7,chittagong/nested_0/Training/pneumonia/person796_bacteria_2702.jpeg
1373,kept,kermany,PNEUMONIA,fd822f038ceb359743ad8ef6d66ad22b7b3e2ee66cc531e2cc4dc3566479c98a,kermany/train/PNEUMONIA/person796_virus_1428.jpeg
1373,dropped_duplicate,chittagong,PNEUMONIA,fd822f038ceb359743ad8ef6d66ad22b7b3e2ee66cc531e2cc4dc3566479c98a,chittagong/nested_0/Training/pneumonia/person796_virus_1428.jpeg
1374,kept,kermany,PNEUMONIA,37485bebc7a1610a6e9fa6f5aa7e64ba07352bdd0b410b94cd3c2d813520360e,kermany/train/PNEUMONIA/person797_virus_1429.jpeg
1374,dropped_duplicate,chittagong,PNEUMONIA,37485bebc7a1610a6e9fa6f5aa7e64ba07352bdd0b410b94cd3c2d813520360e,chittagong/nested_0/Training/pneumonia/person797_virus_1429.jpeg
1375,kept,kermany,PNEUMONIA,3c5a86386a0e4b5e18f642036cc9e9d5848de5f4a623a392c42fb0fb924bd3c3,kermany/train/PNEUMONIA/person798_virus_1430.jpeg
1375,dropped_duplicate,chittagong,PNEUMONIA,3c5a86386a0e4b5e18f642036cc9e9d5848de5f4a623a392c42fb0fb924bd3c3,chittagong/nested_0/Training/pneumonia/person798_virus_1430.jpeg
1376,kept,kermany,PNEUMONIA,82ad3498e155547013d00d412a509c1322d20f2f1826126b46a0dab68aa8981e,kermany/train/PNEUMONIA/person799_bacteria_2705.jpeg
1376,dropped_duplicate,chittagong,PNEUMONIA,82ad3498e155547013d00d412a509c1322d20f2f1826126b46a0dab68aa8981e,chittagong/nested_0/Training/pneumonia/person799_bacteria_2705.jpeg
1377,kept,kermany,PNEUMONIA,53d8f602764158fd5e56b116f6ad80a3318fb47626ed7b308f3d0856f6aa7d44,kermany/train/PNEUMONIA/person799_virus_1431.jpeg
1377,dropped_duplicate,chittagong,PNEUMONIA,53d8f602764158fd5e56b116f6ad80a3318fb47626ed7b308f3d0856f6aa7d44,chittagong/nested_0/Training/pneumonia/person799_virus_1431.jpeg
1377,dropped_duplicate,chittagong,PNEUMONIA,82b9a9e15097e7e0d17edcc94e8b824c9019eb11a36dabaa0348b3dc577b5c75,chittagong/nested_0/Training/pneumonia/pneumonia-258.jpg
1378,kept,kermany,PNEUMONIA,eb40321357aa76201888e6ea32501bac1ae826916f7731b1beb3d5cd81b7ebfc,kermany/train/PNEUMONIA/person7_bacteria_24.jpeg
1378,dropped_duplicate,chittagong,PNEUMONIA,eb40321357aa76201888e6ea32501bac1ae826916f7731b1beb3d5cd81b7ebfc,chittagong/nested_0/Training/pneumonia/person7_bacteria_24.jpeg
1379,kept,kermany,PNEUMONIA,6a1bdd9e4a619a9edeacaac904638f929e40ce50c7a00ca8267db8c840abf27e,kermany/train/PNEUMONIA/person7_bacteria_25.jpeg
1379,dropped_duplicate,chittagong,PNEUMONIA,6a1bdd9e4a619a9edeacaac904638f929e40ce50c7a00ca8267db8c840abf27e,chittagong/nested_0/Training/pneumonia/person7_bacteria_25.jpeg
1380,kept,kermany,PNEUMONIA,99e636ac4cb22b11ffc80575105ef37f4906663c7999970a5f0e1d31958cb37c,kermany/train/PNEUMONIA/person7_bacteria_28.jpeg
1380,dropped_duplicate,chittagong,PNEUMONIA,99e636ac4cb22b11ffc80575105ef37f4906663c7999970a5f0e1d31958cb37c,chittagong/nested_0/Training/pneumonia/person7_bacteria_28.jpeg
1381,kept,kermany,PNEUMONIA,33a26d91eee81f97631e8eb69a3e9f147e20b8474d0454ff7d3d01c71a9260fd,kermany/train/PNEUMONIA/person7_bacteria_29.jpeg
1381,dropped_duplicate,chittagong,PNEUMONIA,33a26d91eee81f97631e8eb69a3e9f147e20b8474d0454ff7d3d01c71a9260fd,chittagong/nested_0/Training/pneumonia/person7_bacteria_29.jpeg
1382,kept,kermany,PNEUMONIA,0a7ee38d812bfbeb6fa0fe5c10556bfe4b5069a2d42aafc40c28165323098ea9,kermany/train/PNEUMONIA/person800_bacteria_2706.jpeg
1382,dropped_duplicate,chittagong,PNEUMONIA,0a7ee38d812bfbeb6fa0fe5c10556bfe4b5069a2d42aafc40c28165323098ea9,chittagong/nested_0/Training/pneumonia/person800_bacteria_2706.jpeg
1383,kept,kermany,PNEUMONIA,03ef5acdc868570667367ba2f3c22fa7b903fee6f9a886c56b896951b07caa66,kermany/train/PNEUMONIA/person801_virus_1434.jpeg
1383,dropped_duplicate,chittagong,PNEUMONIA,03ef5acdc868570667367ba2f3c22fa7b903fee6f9a886c56b896951b07caa66,chittagong/nested_0/Training/pneumonia/person801_virus_1434.jpeg
1384,kept,kermany,PNEUMONIA,46ee710f63c50e5766f99fee600177537bbe6bf013e8dd458a15d4a1ab95d0c1,kermany/train/PNEUMONIA/person802_bacteria_2708.jpeg
1384,dropped_duplicate,chittagong,PNEUMONIA,46ee710f63c50e5766f99fee600177537bbe6bf013e8dd458a15d4a1ab95d0c1,chittagong/nested_0/Training/pneumonia/person802_bacteria_2708.jpeg
1385,kept,kermany,PNEUMONIA,cc02b7d293a54a25650d664ba0d3450e9698dd786a51729d804baf9bd3a6ab44,kermany/train/PNEUMONIA/person803_bacteria_2710.jpeg
1385,dropped_duplicate,chittagong,PNEUMONIA,5a429af856835f3f7de23914c781a52ff3061588d63efaf9273c1a2e602216f3,chittagong/nested_0/Testing/pneumonia/pneumonia-5127.jpg
1385,dropped_duplicate,chittagong,PNEUMONIA,cc02b7d293a54a25650d664ba0d3450e9698dd786a51729d804baf9bd3a6ab44,chittagong/nested_0/Training/pneumonia/person803_bacteria_2710.jpeg
1386,kept,kermany,PNEUMONIA,af2bdd8fb001098c91f705f1c9d2375d7cf873cc7b4964bc8f1ce15b273008d7,kermany/train/PNEUMONIA/person803_virus_1436.jpeg
1386,dropped_duplicate,chittagong,PNEUMONIA,af2bdd8fb001098c91f705f1c9d2375d7cf873cc7b4964bc8f1ce15b273008d7,chittagong/nested_0/Training/pneumonia/person803_virus_1436.jpeg
1387,kept,kermany,PNEUMONIA,5549455890f96d5fec2ee02d56db138b40608f41958526be210af902470aea94,kermany/train/PNEUMONIA/person804_bacteria_2711.jpeg
1387,dropped_duplicate,chittagong,PNEUMONIA,5549455890f96d5fec2ee02d56db138b40608f41958526be210af902470aea94,chittagong/nested_0/Training/pneumonia/person804_bacteria_2711.jpeg
1388,kept,kermany,PNEUMONIA,408c68500f7cbf7c915eb90817d28f6e8f4dfc2b7d0ed4f3972f0d20048873c9,kermany/train/PNEUMONIA/person805_bacteria_2712.jpeg
1388,dropped_duplicate,chittagong,PNEUMONIA,408c68500f7cbf7c915eb90817d28f6e8f4dfc2b7d0ed4f3972f0d20048873c9,chittagong/nested_0/Training/pneumonia/person805_bacteria_2712.jpeg
1388,dropped_duplicate,chittagong,PNEUMONIA,9fc65c85fabe993c7c68d1e34e9ebdc5c27fba4e11ed5ad7fa1b9be3f2d7495c,chittagong/nested_0/Training/pneumonia/pneumonia-184.jpg
1389,kept,kermany,PNEUMONIA,6b577c45cfd84dc8459a6234aeddef04eb7895c584d30faf98b795762f7febaa,kermany/train/PNEUMONIA/person806_virus_1439.jpeg
1389,dropped_duplicate,chittagong,PNEUMONIA,6b577c45cfd84dc8459a6234aeddef04eb7895c584d30faf98b795762f7febaa,chittagong/nested_0/Training/pneumonia/person806_virus_1439.jpeg
1389,dropped_duplicate,chittagong,PNEUMONIA,6753a1243fb3144fcddb059dbcaac76ac8e12ef89ab4f4c3fbb9278507d1a8ed,chittagong/nested_0/Training/pneumonia/pneumonia-4294.jpg
1390,kept,kermany,PNEUMONIA,c37b1afd11d2c0dabe36b12a4ee122a6289bf6932d710abf4020fc14ea2a98b3,kermany/train/PNEUMONIA/person806_virus_1440.jpeg
1390,dropped_duplicate,chittagong,PNEUMONIA,c37b1afd11d2c0dabe36b12a4ee122a6289bf6932d710abf4020fc14ea2a98b3,chittagong/nested_0/Training/pneumonia/person806_virus_1440.jpeg
1391,kept,kermany,PNEUMONIA,e53d589f1d07d2a985b9ddfbff7b82461ddfc13a4ceb7d04781c9760d6c2ca40,kermany/train/PNEUMONIA/person807_virus_1441.jpeg
1391,dropped_duplicate,chittagong,PNEUMONIA,e53d589f1d07d2a985b9ddfbff7b82461ddfc13a4ceb7d04781c9760d6c2ca40,chittagong/nested_0/Training/pneumonia/person807_virus_1441.jpeg
1392,kept,kermany,PNEUMONIA,6c25ad0a3931c49a3f51a6e21c9bcf4b3f31187cfb207b0c242b504029c75dc9,kermany/train/PNEUMONIA/person808_bacteria_2716.jpeg
1392,dropped_duplicate,chittagong,PNEUMONIA,6c25ad0a3931c49a3f51a6e21c9bcf4b3f31187cfb207b0c242b504029c75dc9,chittagong/nested_0/Training/pneumonia/person808_bacteria_2716.jpeg
1393,kept,kermany,PNEUMONIA,cebda7b30d0b2fdd8306ec71e484c3a79b40aa84508b3b84fa0ad5a073594422,kermany/train/PNEUMONIA/person808_virus_1442.jpeg
1393,dropped_duplicate,chittagong,PNEUMONIA,cebda7b30d0b2fdd8306ec71e484c3a79b40aa84508b3b84fa0ad5a073594422,chittagong/nested_0/Training/pneumonia/person808_virus_1442.jpeg
1394,kept,kermany,PNEUMONIA,7ef8dd45bab5cbe3d7125b45f1684a3c524bc1eb7d81dbe9210cf7963da3e2b6,kermany/train/PNEUMONIA/person809_bacteria_2717.jpeg
1394,dropped_duplicate,chittagong,PNEUMONIA,7ef8dd45bab5cbe3d7125b45f1684a3c524bc1eb7d81dbe9210cf7963da3e2b6,chittagong/nested_0/Training/pneumonia/person809_bacteria_2717.jpeg
1395,kept,kermany,PNEUMONIA,526e1f9bffff4ad9d0b2975f1105c3c3d0c38747b51014579acab665c2640de8,kermany/train/PNEUMONIA/person809_bacteria_2718.jpeg
1395,dropped_duplicate,chittagong,PNEUMONIA,526e1f9bffff4ad9d0b2975f1105c3c3d0c38747b51014579acab665c2640de8,chittagong/nested_0/Training/pneumonia/person809_bacteria_2718.jpeg
1396,kept,kermany,PNEUMONIA,07dde6c48690df5dfa56d94a56298effb9f561145d62c4d53191042cb1fab36e,kermany/train/PNEUMONIA/person810_bacteria_2719.jpeg
1396,dropped_duplicate,chittagong,PNEUMONIA,07dde6c48690df5dfa56d94a56298effb9f561145d62c4d53191042cb1fab36e,chittagong/nested_0/Training/pneumonia/person810_bacteria_2719.jpeg
1397,kept,kermany,PNEUMONIA,ea3ff53033379ab743167aaed5b3d041f0783e3dc1074c311c9ed5b72b71e418,kermany/train/PNEUMONIA/person810_virus_1445.jpeg
1397,dropped_duplicate,chittagong,PNEUMONIA,ea3ff53033379ab743167aaed5b3d041f0783e3dc1074c311c9ed5b72b71e418,chittagong/nested_0/Training/pneumonia/person810_virus_1445.jpeg
1398,kept,kermany,PNEUMONIA,134aca0116133db4c844dc21c9bbb2f310d6396769f95e7d24706ef2e982cfc2,kermany/train/PNEUMONIA/person810_virus_1446.jpeg
1398,dropped_duplicate,chittagong,PNEUMONIA,134aca0116133db4c844dc21c9bbb2f310d6396769f95e7d24706ef2e982cfc2,chittagong/nested_0/Training/pneumonia/person810_virus_1446.jpeg
1399,kept,kermany,PNEUMONIA,7ff3b0ecedce1e844c6a3deef7f492fdffdf392631019957af02c6dc396594d9,kermany/train/PNEUMONIA/person811_bacteria_2721.jpeg
1399,dropped_duplicate,chittagong,PNEUMONIA,7ff3b0ecedce1e844c6a3deef7f492fdffdf392631019957af02c6dc396594d9,chittagong/nested_0/Training/pneumonia/person811_bacteria_2721.jpeg
1400,kept,kermany,PNEUMONIA,bd2ab6d3dce3f003c6cc7813599a8bd89f20e8304e700e697f63aa5d1884d19a,kermany/train/PNEUMONIA/person811_virus_1447.jpeg
1400,dropped_duplicate,chittagong,PNEUMONIA,bd2ab6d3dce3f003c6cc7813599a8bd89f20e8304e700e697f63aa5d1884d19a,chittagong/nested_0/Training/pneumonia/person811_virus_1447.jpeg
1401,kept,kermany,PNEUMONIA,09ee057fdb27281cd755c3af9efb3d105011370933082e92d400f5070fb6cd30,kermany/train/PNEUMONIA/person813_bacteria_2723.jpeg
1401,dropped_duplicate,chittagong,PNEUMONIA,09ee057fdb27281cd755c3af9efb3d105011370933082e92d400f5070fb6cd30,chittagong/nested_0/Training/pneumonia/person813_bacteria_2723.jpeg
1402,kept,kermany,PNEUMONIA,5c0aac1f0f9f657e5e48f0f11f50ddeeb372fbc38d0636ba963eea55bfbe3910,kermany/train/PNEUMONIA/person813_bacteria_2724.jpeg
1402,dropped_duplicate,chittagong,PNEUMONIA,5c0aac1f0f9f657e5e48f0f11f50ddeeb372fbc38d0636ba963eea55bfbe3910,chittagong/nested_0/Training/pneumonia/person813_bacteria_2724.jpeg
1403,kept,kermany,PNEUMONIA,21ed2061707e308f4d98f077c932430d9a76ba0a6d271d178e071ded92dedbe4,kermany/train/PNEUMONIA/person813_virus_1449.jpeg
1403,dropped_duplicate,chittagong,PNEUMONIA,21ed2061707e308f4d98f077c932430d9a76ba0a6d271d178e071ded92dedbe4,chittagong/nested_0/Training/pneumonia/person813_virus_1449.jpeg
1404,kept,kermany,PNEUMONIA,a212ed4604c5be69b5743540e24008efae55cd76b9f4958c290402a3085f7076,kermany/train/PNEUMONIA/person814_bacteria_2725.jpeg
1404,dropped_duplicate,chittagong,PNEUMONIA,a212ed4604c5be69b5743540e24008efae55cd76b9f4958c290402a3085f7076,chittagong/nested_0/Training/pneumonia/person814_bacteria_2725.jpeg
1404,dropped_duplicate,chittagong,PNEUMONIA,8b25bcee8cb8cb417ef6cedeb9ce67c71b056052535918cae76bade2d9a90501,chittagong/nested_0/Training/pneumonia/pneumonia-567.jpg
1405,kept,kermany,PNEUMONIA,b166a424dd4c734495f11efdb579f62bf9f2288a49016de43849899a7cf9ca63,kermany/train/PNEUMONIA/person815_bacteria_2726.jpeg
1405,dropped_duplicate,chittagong,PNEUMONIA,b166a424dd4c734495f11efdb579f62bf9f2288a49016de43849899a7cf9ca63,chittagong/nested_0/Training/pneumonia/person815_bacteria_2726.jpeg
1406,kept,kermany,PNEUMONIA,d6d961eb094b560e250c36c858a3f76ea35521fc20cc753b9d18a4b5b5edf83b,kermany/train/PNEUMONIA/person816_bacteria_2727.jpeg
1406,dropped_duplicate,chittagong,PNEUMONIA,d6d961eb094b560e250c36c858a3f76ea35521fc20cc753b9d18a4b5b5edf83b,chittagong/nested_0/Training/pneumonia/person816_bacteria_2727.jpeg
1407,kept,kermany,PNEUMONIA,36f25444d5ee12f4fbe54b2fc5d5232e1d21a320c5d02e417026cce84d95c814,kermany/train/PNEUMONIA/person817_bacteria_2728.jpeg
1407,dropped_duplicate,chittagong,PNEUMONIA,36f25444d5ee12f4fbe54b2fc5d5232e1d21a320c5d02e417026cce84d95c814,chittagong/nested_0/Training/pneumonia/person817_bacteria_2728.jpeg
1408,kept,kermany,PNEUMONIA,2d31470c9914aab1057aba5ab169a424b5ebc04d100bfd9f2203dd6ee4083f9e,kermany/train/PNEUMONIA/person818_bacteria_2729.jpeg
1408,dropped_duplicate,chittagong,PNEUMONIA,2d31470c9914aab1057aba5ab169a424b5ebc04d100bfd9f2203dd6ee4083f9e,chittagong/nested_0/Training/pneumonia/person818_bacteria_2729.jpeg
1409,kept,kermany,PNEUMONIA,f7e78725fdfe59cc5e34e9d5160ec378f11a292531411179222cd32aa7faf56f,kermany/train/PNEUMONIA/person819_bacteria_2730.jpeg
1409,dropped_duplicate,chittagong,PNEUMONIA,f7e78725fdfe59cc5e34e9d5160ec378f11a292531411179222cd32aa7faf56f,chittagong/nested_0/Training/pneumonia/person819_bacteria_2730.jpeg
1410,kept,kermany,PNEUMONIA,c0bfbf591d0e743681a000c344e3a2fed9623809e6ef11d3019ad116d88cca10,kermany/train/PNEUMONIA/person819_virus_1455.jpeg
1410,dropped_duplicate,chittagong,PNEUMONIA,c0bfbf591d0e743681a000c344e3a2fed9623809e6ef11d3019ad116d88cca10,chittagong/nested_0/Training/pneumonia/person819_virus_1455.jpeg
1411,kept,kermany,PNEUMONIA,54b4f7c0973fc56f749564337462b2da894c0743a3704d74f5a6837284de909d,kermany/train/PNEUMONIA/person820_virus_1456.jpeg
1411,dropped_duplicate,chittagong,PNEUMONIA,8ba25b7951f378a351af288851c46db28c7b24ce83bc4122f30c6dea154982ab,chittagong/nested_0/Training/pneumonia/pneumonia-3902.jpg
1412,kept,kermany,PNEUMONIA,2a933690125f323e2ef480acf1001717cb59ee6fa1ac9df8dde620e0f606d2bd,kermany/train/PNEUMONIA/person82_virus_154.jpeg
1412,dropped_duplicate,chittagong,PNEUMONIA,8d58a955b3867209088b4f8837220eb6afe4a6543460c91b679e1ee31d4688e4,chittagong/nested_0/Testing/pneumonia/pneumonia-5203.jpg
1413,kept,kermany,PNEUMONIA,201324615e16c43e2986c3955c0a553178431100c13915991c108c0088e15ab0,kermany/train/PNEUMONIA/person830_bacteria_2741.jpeg
1413,dropped_duplicate,chittagong,PNEUMONIA,0df230e0fdec8b264585e78c32d68da88a942528feebc095529906cf3e9b77cf,chittagong/nested_0/Training/pneumonia/pneumonia-4537.jpg
1414,kept,kermany,PNEUMONIA,d8626470361d89fa22632e3e78a9605d015d41fcfde04a98ed9d8ad6773b4819,kermany/train/PNEUMONIA/person832_bacteria_2743.jpeg
1414,dropped_duplicate,chittagong,PNEUMONIA,dae6d1cb7d2a318d7e93bcb6dff39c9c9d6516d5067af0349b6d4367c16e3076,chittagong/nested_0/Training/pneumonia/pneumonia-45.jpg
1415,kept,kermany,PNEUMONIA,a0bb88fd5d30acda3316391659ac8d9a8170c668410668f4401b8bc9ce6eff5e,kermany/train/PNEUMONIA/person834_bacteria_2747.jpeg
1415,dropped_duplicate,kermany,PNEUMONIA,a0bb88fd5d30acda3316391659ac8d9a8170c668410668f4401b8bc9ce6eff5e,kermany/train/PNEUMONIA/person834_bacteria_2748.jpeg
1416,kept,kermany,PNEUMONIA,8165717dd09fdc21fa0cba5e330f4bf32f90969b5f82fd1c53bf7c8a2eb5bce9,kermany/train/PNEUMONIA/person835_bacteria_2749.jpeg
1416,dropped_duplicate,chittagong,PNEUMONIA,2536fb57976009fb1a73c5d9bfd98b99bdac24e5e1310160d1d5c0484d1726b9,chittagong/nested_0/Testing/pneumonia/pneumonia-5152.jpg
1417,kept,kermany,PNEUMONIA,a9406f4de8805522891d84b02f3c6861c1375342b3a37cd62808a6a4511f9577,kermany/train/PNEUMONIA/person836_virus_1473.jpeg
1417,dropped_duplicate,chittagong,PNEUMONIA,162bb2dd36318b449c7382a78c3f96c1e7ff2df314ddf9d86f4d066d4d69b986,chittagong/nested_0/Training/pneumonia/pneumonia-4591.jpg
1418,kept,kermany,PNEUMONIA,b5315f6bcd04b435598527e3a8c0c8d378cfff90acd0acb40e076836357c8dbc,kermany/train/PNEUMONIA/person837_bacteria_2754.jpeg
1418,dropped_duplicate,chittagong,PNEUMONIA,879a35b8d5697def4383560a1edd1c0413b14ee5faf9508bfb5ae4b42160c8a4,chittagong/nested_0/Training/pneumonia/pneumonia-3939.jpg
1419,kept,kermany,PNEUMONIA,d741fbc6ac0bc0e88f94e256d6562cca5e5c96cebf0d1339f7eb42e32db1b2ae,kermany/train/PNEUMONIA/person839_bacteria_2757.jpeg
1419,dropped_duplicate,chittagong,PNEUMONIA,c88c82ad720a826d50d3408b2d6a875fc93bfa9dc93a38f47ced45c0cfcf8f39,chittagong/nested_0/Training/pneumonia/pneumonia-256.jpg
1420,kept,kermany,PNEUMONIA,4a7c62403a45761c88ca8d824d370285e3b68116701626055fbfb8fb4c5c1a27,kermany/train/PNEUMONIA/person841_bacteria_2761.jpeg
1420,dropped_duplicate,chittagong,PNEUMONIA,a279bc72b54f3c91bf2d679f5205e1f743aadebadd4a6510ba7e21df079b9de2,chittagong/nested_0/Training/pneumonia/pneumonia-4163.jpg
1421,kept,kermany,PNEUMONIA,a386612676bc135b4e4d1c5d5302b701f663707b5d449ce749efe0261f6617ad,kermany/train/PNEUMONIA/person844_virus_1487.jpeg
1421,dropped_duplicate,chittagong,PNEUMONIA,2489b25fb5e04f1a60d19a7cb2c99310c530f6f3aa97883883d62f1d5f9526a3,chittagong/nested_0/Testing/pneumonia/pneumonia-708.jpg
1422,kept,kermany,PNEUMONIA,ca0cf149e8ac78c0ec4d5900b6012c2df807898930730ce7123b4c6739be8fb5,kermany/train/PNEUMONIA/person845_virus_1489.jpeg
1422,dropped_duplicate,chittagong,PNEUMONIA,edf00dbc2aa7f21c0f373e14afbdef607c374ddab59f3dd6329b12d6bcde8cb9,chittagong/nested_0/Testing/pneumonia/pneumonia-618.jpg
1423,kept,kermany,PNEUMONIA,0596688a399d2dd844ad024187a051b3bb355c6935086029f0c51e98e8cebc89,kermany/train/PNEUMONIA/person849_virus_1494.jpeg
1423,dropped_duplicate,chittagong,PNEUMONIA,829e339bbd0f7532d9d56759353aabb839d120b602522302325b9810bcea8fb3,chittagong/nested_0/Training/pneumonia/pneumonia-4578.jpg
1424,kept,kermany,PNEUMONIA,0b1ab9badfcf6a66c737ec80b4b9fad5c97be773347a5b0baf86eb3ecefb0bf2,kermany/train/PNEUMONIA/person860_virus_1505.jpeg
1424,dropped_duplicate,chittagong,PNEUMONIA,ca1a789ac7f57e1df3189d6bcc0dddcf0561e7d2b17be13edb09c0ccc9003219,chittagong/nested_0/Training/pneumonia/pneumonia-525.jpg
1425,kept,kermany,PNEUMONIA,5862247548f81ac494590cb4f6dc4441ded01029f7c4b7d02043155a6171ed8b,kermany/train/PNEUMONIA/person861_virus_1506.jpeg
1425,dropped_duplicate,chittagong,PNEUMONIA,02b28e90c1f459a497ff6040022e27931baca36c92b2249f57e95ace8a734e90,chittagong/nested_0/Training/pneumonia/pneumonia-4101.jpg
1426,kept,kermany,PNEUMONIA,8b8b04345c5071d5869073cb40beaba5c0eb2c4b751eeb2de400cca7368209ec,kermany/train/PNEUMONIA/person863_virus_1508.jpeg
1426,dropped_duplicate,chittagong,PNEUMONIA,dd580373bb85dbbc667447e8b368ff1aa4a6f135ccd6c0537797f759b6e59894,chittagong/nested_0/Testing/pneumonia/pneumonia-5226.jpg
1427,kept,kermany,PNEUMONIA,d9b144929a25bc6a571fd16f5c772c8b79ddeb97be7b4071112c1b5fbe255ea0,kermany/train/PNEUMONIA/person866_bacteria_2788.jpeg
1427,dropped_duplicate,chittagong,PNEUMONIA,77e348646985b2eaf2de8014e05cd37cca8298dfcaf762cf46a26e9cefe2e690,chittagong/nested_0/Training/pneumonia/pneumonia-329.jpg
1428,kept,kermany,PNEUMONIA,155242a3e98321c146498378ddc1ce85183a4cc395492052aa70a131739dc36d,kermany/train/PNEUMONIA/person867_virus_1512.jpeg
1428,dropped_duplicate,chittagong,PNEUMONIA,69adee6190d327785cc2a47c0f290c5251ceeb5eaa2473d8c31692f0a4827a79,chittagong/nested_0/Training/pneumonia/pneumonia-4160.jpg
1429,kept,kermany,PNEUMONIA,bb8516cd42cf42628fd600c38cc9ad378de2b4a294a5fea83cb437879af034f9,kermany/train/PNEUMONIA/person868_virus_1514.jpeg
1429,dropped_duplicate,chittagong,PNEUMONIA,b232ed8462c67a4ec77c9a3035187f8d42e9c03af42f26d3a4d01f50e95dc826,chittagong/nested_0/Training/pneumonia/pneumonia-456.jpg
1430,kept,kermany,PNEUMONIA,7a2fc6a0501e25f780e3252a0661c07b26929c892a63007774b1909ffef9f51b,kermany/train/PNEUMONIA/person870_virus_1516.jpeg
1430,dropped_duplicate,chittagong,PNEUMONIA,5ace1f2dd67cd110e9386fe3e736def2a2c3f8fb3ab5d9f0a72f9f9a9b947a49,chittagong/nested_0/Testing/pneumonia/pneumonia-865.jpg
1431,kept,kermany,PNEUMONIA,57eb9070220585c53c957cb8bd3d802211a068b7dacfd81e4d8081bbe0999f64,kermany/train/PNEUMONIA/person871_bacteria_2793.jpeg
1431,dropped_duplicate,chittagong,PNEUMONIA,4681d34d8728862acf46b6a39e15cf888e327a1f4625f44f0db465ba46d61a86,chittagong/nested_0/Training/pneumonia/pneumonia-3899.jpg
1432,kept,kermany,PNEUMONIA,e28d6b712e276a0a94bc1e577c96282458e41f083b5072889c97885877404645,kermany/train/PNEUMONIA/person872_bacteria_2795.jpeg
1432,dropped_duplicate,chittagong,PNEUMONIA,4516e3455f62cec7c86e0cf33a05b05224807b26752c90f77684dcf9dcb9940f,chittagong/nested_0/Training/pneumonia/pneumonia-3958.jpg
1433,kept,kermany,PNEUMONIA,7df54a090dab12c0cb41b8da3a4769a950e766a23b6827403741bc8120658dfe,kermany/train/PNEUMONIA/person875_bacteria_2798.jpeg
1433,dropped_duplicate,chittagong,PNEUMONIA,afb2396138d9ac36da6e03e6bdd05e2ec133586ad7e81b0de2cbbde1867a5404,chittagong/nested_0/Training/pneumonia/pneumonia-545.jpg
1434,kept,kermany,PNEUMONIA,6cfbfa7a59988445c65fd91ad7b6108049b33125963f748b4468124d420dd514,kermany/train/PNEUMONIA/person882_bacteria_2806.jpeg
1434,dropped_duplicate,chittagong,PNEUMONIA,5970299821cecc8564f69d3733df5573f567c81fd7f1ccc2fde1a44dd5a11d1c,chittagong/nested_0/Training/pneumonia/pneumonia-3934.jpg
1435,kept,kermany,PNEUMONIA,1ef0b47544afb18e80bda510444048853affa792f37e081ba85bf1fc3299dd84,kermany/train/PNEUMONIA/person895_virus_1547.jpeg
1435,dropped_duplicate,chittagong,PNEUMONIA,db85c8edcba3140848b394b45878090dcc6bc7d1619d83fe97c97d095b36ee1a,chittagong/nested_0/Training/pneumonia/pneumonia-3993.jpg
1436,kept,kermany,PNEUMONIA,bab5b14925ddaef4c6a2a031a2f8ca998135bc4aca27369141ed4d84ab0a9f1a,kermany/train/PNEUMONIA/person898_bacteria_2823.jpeg
1436,dropped_duplicate,chittagong,PNEUMONIA,287f53e7723dee49ea7418e63faae357e3da57fbb81c9c9cd1ec80f0131aa568,chittagong/nested_0/Training/pneumonia/pneumonia-94.jpg
1437,kept,kermany,PNEUMONIA,11c15db38c2104b2966d19164c92508f429001fdb2babf9dd43f76f5b69d4b75,kermany/train/PNEUMONIA/person898_virus_1552.jpeg
1437,dropped_duplicate,chittagong,PNEUMONIA,7792865b2ebb3f7e8164631cfa2ef2c3fa7b371a12ea9194f919060e5e3bfbe5,chittagong/nested_0/Training/pneumonia/pneumonia-4255.jpg
1438,kept,kermany,PNEUMONIA,6ef69914b5e546c89ea86f2dedcb764bd8d9d135361f1821c41f402357b50063,kermany/train/PNEUMONIA/person905_bacteria_2830.jpeg
1438,dropped_duplicate,chittagong,PNEUMONIA,eca84bc396edbac45d8a01a8736ae0385938128655ea299d8bda4d09a9fd53ec,chittagong/nested_0/Training/pneumonia/pneumonia-92.jpg
1439,kept,kermany,PNEUMONIA,68126d0b0fd3955a881da39c47e105126aabb5d8c64e839047172b58097dd02b,kermany/train/PNEUMONIA/person909_bacteria_2834.jpeg
1439,dropped_duplicate,chittagong,PNEUMONIA,a3bfe74526f1f898c3b03a857161a7cd56ecfd2404c874c7ecac8d6724d8f5f4,chittagong/nested_0/Training/pneumonia/pneumonia-4553.jpg
1440,kept,kermany,PNEUMONIA,6e5cbf4952eb78e75e405b0d683fc8dad817ab8c438f014f1dc3110e6487488b,kermany/train/PNEUMONIA/person913_bacteria_2838.jpeg
1440,dropped_duplicate,chittagong,PNEUMONIA,0fe0f7eca5b26db6a1250ec6a0601319db64913478eaf2f2bf93eae625e279ea,chittagong/nested_0/Testing/pneumonia/pneumonia-5179.jpg
1441,kept,kermany,PNEUMONIA,5eb7012c6cf59d7218e30c8c5e9d4f1f0621b80e73b9dc4dd1518cc3246b84ce,kermany/train/PNEUMONIA/person913_virus_1570.jpeg
1441,dropped_duplicate,chittagong,PNEUMONIA,48085988933e54024611575b9d6d8f1d8ec8e1b46a0eb7b93549804476b04575,chittagong/nested_0/Training/pneumonia/pneumonia-480.jpg
1442,kept,kermany,PNEUMONIA,2054153696c1f47c24e0887a87f9c9a880f052592321220d3013afb7a012efc0,kermany/train/PNEUMONIA/person920_bacteria_2845.jpeg
1442,dropped_duplicate,chittagong,PNEUMONIA,3043e37e9352a41b4f93f167f936e6654c03f4b95f3d40bb0bc6046e841078f9,chittagong/nested_0/Training/pneumonia/pneumonia-4106.jpg
1443,kept,kermany,PNEUMONIA,f1aec5a2a0cb51f3c04c15b9bc96add361a836b0721960f631cc751ab7847821,kermany/train/PNEUMONIA/person924_bacteria_2849.jpeg
1443,dropped_duplicate,chittagong,PNEUMONIA,44db35f2a5a3431d312cc61eaca3ec959999b5c59be40a35b9c9817b45366830,chittagong/nested_0/Testing/pneumonia/pneumonia-640.jpg
1444,kept,kermany,PNEUMONIA,bcaf38a5d68771a49d2ff97e9e22598a1a864c2f7a2432f4174e1ce62cdb4081,kermany/train/PNEUMONIA/person927_virus_1584.jpeg
1444,dropped_duplicate,chittagong,PNEUMONIA,ca74d9767ddc6e01c5d8fbf27029860d8024ac4b42970f62c7e61acf136e56da,chittagong/nested_0/Testing/pneumonia/pneumonia-5157.jpg
1445,kept,kermany,PNEUMONIA,2e3fae54a09bec212b631bbcfc2deb73672ced6a705cd1c68812db94b78f0adc,kermany/train/PNEUMONIA/person928_virus_1586.jpeg
1445,dropped_duplicate,chittagong,PNEUMONIA,12c0c11191f2588256f17d6036902a42205524dde6cd4e530b21e75b19ec7164,chittagong/nested_0/Training/pneumonia/pneumonia-4096.jpg
1446,kept,kermany,PNEUMONIA,9e85206347b736403981c2ef9c202d7ae070e882fabf7f4400e813893951beca,kermany/train/PNEUMONIA/person929_virus_1589.jpeg
1446,dropped_duplicate,chittagong,PNEUMONIA,3324c466300039f4102077c97b1cd1bbdf777e9b77652dfe0b289830f88aef08,chittagong/nested_0/Training/pneumonia/pneumonia-384.jpg
1447,kept,kermany,PNEUMONIA,8d0120373bc9041fb54202a1840039fb99967d291c9c23b5ce5fec10ee928789,kermany/train/PNEUMONIA/person931_virus_1592.jpeg
1447,dropped_duplicate,chittagong,PNEUMONIA,2de80d457718a3f8e80d73a4ae72a82d7d75365f1e8007d25d8e2d801a14ab3f,chittagong/nested_0/Testing/pneumonia/pneumonia-879.jpg
1448,kept,kermany,PNEUMONIA,5900ad14eaf8c106cb5d341b25a63e9c224d6e81787380db11016310d2f26363,kermany/train/PNEUMONIA/person939_bacteria_2864.jpeg
1448,dropped_duplicate,chittagong,PNEUMONIA,653b7abe466ee12eb7b086165fa28021c63a29646ceda7c307c13d787f89a65d,chittagong/nested_0/Testing/pneumonia/pneumonia-5128.jpg
1449,kept,kermany,PNEUMONIA,b16819f84eb2e172402017e91898fd78801b83f3cbcab12d4fae0309ba840d71,kermany/train/PNEUMONIA/person940_bacteria_2865.jpeg
1449,dropped_duplicate,chittagong,PNEUMONIA,27c866e864f68528173c79670e873a9370321d56c11283fadc59a770a132d58f,chittagong/nested_0/Training/pneumonia/pneumonia-4581.jpg
1450,kept,kermany,PNEUMONIA,5427676f43b6e047d7b32d67573626e99203b283fdc7ff222d746f1ef47c87ff,kermany/train/PNEUMONIA/person940_virus_1602.jpeg
1450,dropped_duplicate,chittagong,PNEUMONIA,0359b1c590be7038ed8901fce04a0e285c1f2ab637f276c6162014e922791b65,chittagong/nested_0/Training/pneumonia/pneumonia-3928.jpg
1451,kept,kermany,PNEUMONIA,7d72f8e3d32ecc2e01e72f3775e2f134a5fa704843829e772d61d2272f7682a4,kermany/train/PNEUMONIA/person942_virus_1611.jpeg
1451,dropped_duplicate,chittagong,PNEUMONIA,1588d49588e43edd5ed533705e2ee204b7c8bbd21efee459493d92f6cab0bc22,chittagong/nested_0/Training/pneumonia/pneumonia-80.jpg
1452,kept,kermany,PNEUMONIA,f4c04226dd96277ce2ee1ce3e28d5f1f97807f8146293e5eba193c25dba4588c,kermany/train/PNEUMONIA/person945_bacteria_2870.jpeg
1452,dropped_duplicate,chittagong,PNEUMONIA,b0e863d736883a4e85bc729eef18c4873e29eb6332f513862e8e643e9e89eedb,chittagong/nested_0/Testing/pneumonia/pneumonia-5121.jpg
1453,kept,kermany,PNEUMONIA,83cb4c03c671c8d8b8d59c0a98de0ebbaf1c6953f20aad3ca918c8e3188a952b,kermany/train/PNEUMONIA/person947_virus_1618.jpeg
1453,dropped_duplicate,chittagong,PNEUMONIA,2a5b4e195db8b24f33fbf9d03d33b40499d8fe9795b60959d203c7177920478a,chittagong/nested_0/Training/pneumonia/pneumonia-3983.jpg
1454,kept,kermany,PNEUMONIA,3fba61b4276d0f504667bb35ca2cacc7b31e67302b40e3cc402d0eca2ab8ad3c,kermany/train/PNEUMONIA/person951_bacteria_2876.jpeg
1454,dropped_duplicate,chittagong,PNEUMONIA,297e935c0f78a574d8d8667fc9ac9bd1f550b9be490cf91e09f6468d38ca5b21,chittagong/nested_0/Training/pneumonia/pneumonia-87.jpg
1455,kept,kermany,PNEUMONIA,8682168495bb8d9728f09eb5a24db351bfd02c9ca1b4a66a170f666b457ecf6d,kermany/train/PNEUMONIA/person954_virus_1626.jpeg
1455,dropped_duplicate,chittagong,PNEUMONIA,fb5dfc34ca6b15b07552ed77bbfd512e94e195d5a671c1c64cc56072f5efe0de,chittagong/nested_0/Training/pneumonia/pneumonia-77.jpg
1456,kept,kermany,PNEUMONIA,dd87c0f9a876c9228c46140e92e62635ec7b314f3e7a09284a58dd77b95f4b92,kermany/train/PNEUMONIA/person955_bacteria_2880.jpeg
1456,dropped_duplicate,chittagong,PNEUMONIA,52fcb5760f2f501ade794d87d3ab8123435058cd795d62c675e44ee5b650f394,chittagong/nested_0/Testing/pneumonia/pneumonia-657.jpg
1457,kept,kermany,PNEUMONIA,a2e5c3539bc44b381cdf01543c52c9e414a453c1c1d7d1d2713771246173c207,kermany/train/PNEUMONIA/person957_virus_1629.jpeg
1457,dropped_duplicate,chittagong,PNEUMONIA,489c2e7a4ef18fb1a45fcebaebab804e12034912c3d1869003cfe1dcf300f63c,chittagong/nested_0/Training/pneumonia/pneumonia-4570.jpg
1458,kept,kermany,PNEUMONIA,498a5e0f259ef9ed62db9e28336c8e31b02eb9a900fba7643f58a064e38bb83a,kermany/train/PNEUMONIA/person966_virus_1639.jpeg
1458,dropped_duplicate,chittagong,PNEUMONIA,766120165d375198d48915abcb8e617f8857bb6496b9855e2263bffcd6310d50,chittagong/nested_0/Training/pneumonia/pneumonia-4622.jpg
1459,kept,kermany,PNEUMONIA,477dc353ed21c1e33f607dd6bc6146d160b296a45907532a659b5a38e176ed52,kermany/train/PNEUMONIA/person969_virus_1643.jpeg
1459,dropped_duplicate,chittagong,PNEUMONIA,6cbffe5ee2a3c6eed95b685732a5c62fcbaa57b9467cc41b2effd37637d29f5c,chittagong/nested_0/Training/pneumonia/pneumonia-3898.jpg
1460,kept,kermany,PNEUMONIA,7e53797f9a3ee2484557c6f2835dd130f28a2f6ac29c9068c19b0f066dd5fa8a,kermany/train/PNEUMONIA/person970_virus_1644.jpeg
1460,dropped_duplicate,chittagong,PNEUMONIA,4b383234a67590a0bb0e53dadae54d61aa32cf89bce99a0a63f8dd9c23caeff2,chittagong/nested_0/Training/pneumonia/pneumonia-4008.jpg
1461,kept,kermany,PNEUMONIA,ca1d2d21f00ece974d7e8ef7f2d66249adf05d547c1d56d9d99b4df8e413caab,kermany/train/PNEUMONIA/person974_bacteria_2899.jpeg
1461,dropped_duplicate,chittagong,PNEUMONIA,e60e711c0dd8f01d48bb9b47a2b45321373ec186e980d1880afdcbab73b69542,chittagong/nested_0/Testing/pneumonia/pneumonia-643.jpg
1462,kept,kermany,PNEUMONIA,0a8942e03dfec3d486d3000b7d563ed03623d7284e0217f0cdbbd04431d2eb07,kermany/train/PNEUMONIA/person976_bacteria_2901.jpeg
1462,dropped_duplicate,chittagong,PNEUMONIA,3bbc346649b7258ab015ccc5bed05f9c816344e1a3020ca09ca4db21d2900482,chittagong/nested_0/Training/pneumonia/pneumonia-4492.jpg
1463,kept,kermany,PNEUMONIA,9d39ee8fa283091c03203facf8673e77d5d9355c03b978b7b5f83105b278e173,kermany/train/PNEUMONIA/person979_bacteria_2905.jpeg
1463,dropped_duplicate,chittagong,PNEUMONIA,60f9f442ffdc8ba86db73af3aa91e6129de4990771c163d228ad405e7d0de24d,chittagong/nested_0/Training/pneumonia/pneumonia-382.jpg
1464,kept,kermany,PNEUMONIA,69ad8d923f8f6453482fa25ed168b03675b0c4519215e179af99a72cfa4d0d48,kermany/train/PNEUMONIA/person980_virus_1655.jpeg
1464,dropped_duplicate,chittagong,PNEUMONIA,35e0d43ce77d17e29d5337526e3b7e7b88ccd7afaf2732ecb8c20415c76ed4ca,chittagong/nested_0/Training/pneumonia/pneumonia-180.jpg
1465,kept,kermany,PNEUMONIA,2abf0042c5d024a9547a50ea25d6397d808c1dc34e8b92410a4a85799d44f064,kermany/train/PNEUMONIA/person983_virus_1660.jpeg
1465,dropped_duplicate,chittagong,PNEUMONIA,49a1deca70b618167c820076518d4ebe878859812956bf9f098b7bb91a65b5fd,chittagong/nested_0/Training/pneumonia/pneumonia-4529.jpg
1466,kept,kermany,PNEUMONIA,d16139f05ddc794930dc32e932655760f6f14aabb7d02e2dbd322860db72c18a,kermany/train/PNEUMONIA/person988_bacteria_2915.jpeg
1466,dropped_duplicate,chittagong,PNEUMONIA,80b910e0d251d1dff3b1f4295127864df185beb1213da551bac7e27b356dc275,chittagong/nested_0/Training/pneumonia/pneumonia-578.jpg
1467,kept,kermany,PNEUMONIA,4c18df6e2b6129a8dba0a69969c236ec2879bc733ff7e58f0d3da6f64ed8e85e,kermany/train/PNEUMONIA/person988_virus_1666.jpeg
1467,dropped_duplicate,chittagong,PNEUMONIA,7646a881f9f2086ae7fcaf0b12076123b28c1c95773484949c43feed65de1329,chittagong/nested_0/Training/pneumonia/pneumonia-5.jpg
1468,kept,kermany,PNEUMONIA,6330b2262831f4e229f14161e61d12b1f26e2e78f4220944622debcf87656e41,kermany/train/PNEUMONIA/person989_virus_1667.jpeg
1468,dropped_duplicate,chittagong,PNEUMONIA,0b74f866f8842d9e61cf5cdecdaaad8aa5378bbf9a4a874b4f9f8f312ff6bb88,chittagong/nested_0/Testing/pneumonia/pneumonia-5180.jpg
1469,kept,kermany,PNEUMONIA,53d25718958041ee8a45e1ae41bc3aa96d135b3ef503d740422e4fee164b4689,kermany/train/PNEUMONIA/person992_virus_1670.jpeg
1469,dropped_duplicate,chittagong,PNEUMONIA,85ef800920164e7a982b563451fdbfeb13ce93753fcdc35d88c991dc02dcb419,chittagong/nested_0/Training/pneumonia/pneumonia-4077.jpg
1470,kept,kermany,PNEUMONIA,30fdc6a017a1430908683fc9756c37900346dde554a97d03f1b9fad5b9bea6c5,kermany/train/PNEUMONIA/person993_virus_1671.jpeg
1470,dropped_duplicate,chittagong,PNEUMONIA,e3efdf23bc27390ff2ad4357fc1cc060d63c6b4a3e48bf2760246543d85e98b0,chittagong/nested_0/Testing/pneumonia/pneumonia-5140.jpg
1471,kept,kermany,PNEUMONIA,cef8ef05a1fad64d60a39c2197c79e533ac1b96da8f5def138e703d7ad6570fd,kermany/train/PNEUMONIA/person995_virus_1676.jpeg
1471,dropped_duplicate,chittagong,PNEUMONIA,f0fc247b769aa219645d88cfa9a5b82b5e7cb06dc9272c727966362054782883,chittagong/nested_0/Training/pneumonia/pneumonia-4214.jpg
1472,kept,kermany,PNEUMONIA,ec8ef8ed86cbc64adb8772ae4a5373a746b70ce6201066c09290edf67e213b30,kermany/train/PNEUMONIA/person997_virus_1678.jpeg
1472,dropped_duplicate,chittagong,PNEUMONIA,940aa6f11dcade6ff2a9bbd28ad189b9b1362fbc459ff1e4b59139be67d8871e,chittagong/nested_0/Training/pneumonia/pneumonia-4056.jpg
1473,kept,kermany,PNEUMONIA,35e8dc86a3406240e66f968f12742a3866526557ffb14c4f70e5eb8767f316f1,kermany/train/PNEUMONIA/person9_bacteria_38.jpeg
1473,dropped_duplicate,chittagong,PNEUMONIA,5b1560b5e3b01a43fa27bf1ee930f384358217be48adb657483f78ad5512a05c,chittagong/nested_0/Training/pneumonia/pneumonia-47.jpg
1474,kept,kermany,PNEUMONIA,4f0674b5f1f673550747726d05b8947781ad12ca78a01aac3bd9f1a0424bab4b,kermany/train/PNEUMONIA/person9_bacteria_39.jpeg
1474,dropped_duplicate,chittagong,PNEUMONIA,5c7d57123f0236ed703ec0067acfbfc061d91015c261704267386e6883849815,chittagong/nested_0/Training/pneumonia/pneumonia-54.jpg
1475,kept,chittagong,NORMAL,81b1fb25c2b517b00b147717feecda7cdfe81ba325a1939b608711ddecb20786,chittagong/nested_0/Testing/normal/normal-7867.jpg
1475,dropped_duplicate,chittagong,NORMAL,dfb0e545ec967eeb41d7d4eb81fce0d1c0244f17aebb4f35a2ee454384a053b7,chittagong/nested_0/Training/normal/normal-7118.jpg
1476,kept,chittagong,NORMAL,e0b44d2a1339ab9c9051fa51f13bd88c0e751244aef694e4f69d06e28c94554d,chittagong/nested_0/Testing/normal/normal-7870.jpg
1476,dropped_duplicate,chittagong,NORMAL,c99218eb39c3dc5d4a1b45149a33534d70b768abeb9b29240e842fc053754958,chittagong/nested_0/Training/normal/normal-7174.jpg
1477,kept,chittagong,NORMAL,e6929f837103d093be4cc1ba301db777ace95ee14062c18db1b3e466044ee6a4,chittagong/nested_0/Testing/normal/normal-7881.jpg
1477,dropped_duplicate,chittagong,NORMAL,53177e576051ac62fc19570df967c267f9254d8ce5ada51b9ba43ce6e45be675,chittagong/nested_0/Training/normal/normal-7597.jpg
1478,kept,chittagong,NORMAL,8362f61ec595b61e68b70766d7a9f64b7213c66780d44af6153fb81b7300f08c,chittagong/nested_0/Testing/normal/normal-7882.jpg
1478,dropped_duplicate,chittagong,NORMAL,13d17737c0eb84c6202a00237a6590f3f72fdaa5532166a3b53e0ca634e921de,chittagong/nested_0/Training/normal/normal-7514.jpg
1479,kept,chittagong,NORMAL,a79762f5ab2dac358319162bb1adc6993a89f20ca6ffdba14dbb39ae3aa7b84b,chittagong/nested_0/Testing/normal/normal-7887.jpg
1479,dropped_duplicate,chittagong,NORMAL,8027cfea27aa7aade9900e15c336f9e41b55909f7e4d9a90f98f6617523e7b59,chittagong/nested_0/Training/normal/normal-7504.jpg
1480,kept,chittagong,NORMAL,a549ba9c5eae3ce0ff3078aebed2e99280b2a68332dc87ac96be3008d60e2cef,chittagong/nested_0/Testing/normal/normal-7889.jpg
1480,dropped_duplicate,chittagong,NORMAL,a8e5ac208e213c18163b0837b7df5dc8ac0c73496be698f0f38191c9efd5a892,chittagong/nested_0/Testing/normal/normal-7980.jpg
1481,kept,chittagong,NORMAL,769d14b2ab9f4ccba575e4df933c2ccfa6d89347d5eda878814e14d787022b3a,chittagong/nested_0/Testing/normal/normal-7890.jpg
1481,dropped_duplicate,chittagong,NORMAL,dfec12e34891b6df9f51941b1bc2211e68b3dab92d8bef6de344076bb8c3380f,chittagong/nested_0/Training/normal/normal-665.jpg
1482,kept,chittagong,NORMAL,8324194f9648213f2fa9bcdb9536c5d8bb00c38d3ac71058b3230f405615cbae,chittagong/nested_0/Testing/normal/normal-7898.jpg
1482,dropped_duplicate,chittagong,NORMAL,93f426052b662195d6bc335949a97cd3f098f938a2f73830144aa0424780b1ee,chittagong/nested_0/Training/normal/normal-7473.jpg
1483,kept,chittagong,NORMAL,d870c63513cab4baf16b5cd0b9ecfece34c0aa81333c74eb60b6cfaa2d97b615,chittagong/nested_0/Testing/normal/normal-7900.jpg
1483,dropped_duplicate,chittagong,NORMAL,2f97db794ce19e6c86cb56959542d89693c7be9c00b24b1a38843e999557f5b6,chittagong/nested_0/Training/normal/normal-7248.jpg
1484,kept,chittagong,NORMAL,70aaf9067cb769c3d80fa5dfd7c7f60b597f200280017dbe03881db76ccc613b,chittagong/nested_0/Testing/normal/normal-7907.jpg
1484,dropped_duplicate,chittagong,NORMAL,ed5f908d1944c3ea2b4368c3ad59c362c9bfe33f29477b33c6a99b517f703b02,chittagong/nested_0/Training/normal/normal-7662.jpg
1485,kept,chittagong,NORMAL,ee517e92f56ca2b182beacdf058893baee7b30fbae551bc4e2650b2bf9c6f64e,chittagong/nested_0/Testing/normal/normal-7914.jpg
1485,dropped_duplicate,chittagong,NORMAL,ee517e92f56ca2b182beacdf058893baee7b30fbae551bc4e2650b2bf9c6f64e,chittagong/nested_0/Training/normal/normal-7914.jpg
1485,dropped_duplicate,chittagong,NORMAL,a7c582d87dcb33d7a010ea661ef42841c96d74d6ac9998e0cc042a773a83f981,chittagong/nested_0/Training/normal/normal-872.jpg
1486,kept,chittagong,NORMAL,457b8ea7b50ac918a4b624af07955cd1dc3bb049a6835c1c2e2b90382ece1413,chittagong/nested_0/Testing/normal/normal-7922.jpg
1486,dropped_duplicate,chittagong,NORMAL,d79e2203b2e4bd3e53c648e29ca73ce9d6442b72d44c2d71ccd51ed40ac565e9,chittagong/nested_0/Training/normal/normal-7667.jpg
1487,kept,chittagong,NORMAL,e227077751614d9151ab146d0c13568a2638e3d962e4a5a9ebfe32b43d58cb93,chittagong/nested_0/Testing/normal/normal-7928.jpg
1487,dropped_duplicate,chittagong,NORMAL,e6466fce6046e05a8435b5106c674d98eb9431f9c4ad9425ab2cae0add6c91b4,chittagong/nested_0/Training/normal/normal-760.jpg
1488,kept,chittagong,NORMAL,c19631a4a30bddcc577bae70ddd17f7f38e05daa41f98b64d5d4a9f33a2b459f,chittagong/nested_0/Testing/normal/normal-7931.jpg
1488,dropped_duplicate,chittagong,NORMAL,c19631a4a30bddcc577bae70ddd17f7f38e05daa41f98b64d5d4a9f33a2b459f,chittagong/nested_0/Training/normal/normal-7931.jpg
1489,kept,chittagong,NORMAL,ad0bcb2b41a5f543036fc4b742c609578f29337c41c87160fffedd62c81a38f4,chittagong/nested_0/Testing/normal/normal-7932.jpg
1489,dropped_duplicate,chittagong,NORMAL,ad0bcb2b41a5f543036fc4b742c609578f29337c41c87160fffedd62c81a38f4,chittagong/nested_0/Training/normal/normal-7932.jpg
1490,kept,chittagong,NORMAL,54c056168a42dc21883b603895660fb1b11152f7dacde7331c822e855d07b15d,chittagong/nested_0/Testing/normal/normal-7933.jpg
1490,dropped_duplicate,chittagong,NORMAL,54c056168a42dc21883b603895660fb1b11152f7dacde7331c822e855d07b15d,chittagong/nested_0/Training/normal/normal-7933.jpg
1491,kept,chittagong,NORMAL,2288a9d0e5addf5b936d2128e6d83472f357af59b005255b39b939bdea10e470,chittagong/nested_0/Testing/normal/normal-7934.jpg
1491,dropped_duplicate,chittagong,NORMAL,2288a9d0e5addf5b936d2128e6d83472f357af59b005255b39b939bdea10e470,chittagong/nested_0/Training/normal/normal-7934.jpg
1492,kept,chittagong,NORMAL,50dc27eddf41b45089fdeb0a48869c3eaba841daa595f6d0bdd3833cf335f09a,chittagong/nested_0/Testing/normal/normal-7935.jpg
1492,dropped_duplicate,chittagong,NORMAL,50dc27eddf41b45089fdeb0a48869c3eaba841daa595f6d0bdd3833cf335f09a,chittagong/nested_0/Training/normal/normal-7935.jpg
1493,kept,chittagong,NORMAL,a329b46ad309229223e80091b438d2ca4f9fd5831034ece202e1ccd6e5db1f47,chittagong/nested_0/Testing/normal/normal-7937.jpg
1493,dropped_duplicate,chittagong,NORMAL,a329b46ad309229223e80091b438d2ca4f9fd5831034ece202e1ccd6e5db1f47,chittagong/nested_0/Training/normal/normal-7937.jpg
1494,kept,chittagong,NORMAL,56b300406eb863d7875eff0646041da51ddb486cf59a2938fed435a3e1602eca,chittagong/nested_0/Testing/normal/normal-7938.jpg
1494,dropped_duplicate,chittagong,NORMAL,56b300406eb863d7875eff0646041da51ddb486cf59a2938fed435a3e1602eca,chittagong/nested_0/Training/normal/normal-7938.jpg
1495,kept,chittagong,NORMAL,137d5d3a7bf2f30bc6f201f6589859edd5d12859a85e710965e0d6f25cb9fd29,chittagong/nested_0/Testing/normal/normal-7939.jpg
1495,dropped_duplicate,chittagong,NORMAL,137d5d3a7bf2f30bc6f201f6589859edd5d12859a85e710965e0d6f25cb9fd29,chittagong/nested_0/Training/normal/normal-7939.jpg
1496,kept,chittagong,NORMAL,8e50097aceadee1a85fc242273ec28ac161a94a4f0561ce1e005ce43a4ef0b52,chittagong/nested_0/Testing/normal/normal-7940.jpg
1496,dropped_duplicate,chittagong,NORMAL,95dc3c58d197b7acfb618c30cfe33cb0ae498a59832a254c834126d15de2f785,chittagong/nested_0/Testing/normal/normal-8045.jpg
1496,dropped_duplicate,chittagong,NORMAL,8e50097aceadee1a85fc242273ec28ac161a94a4f0561ce1e005ce43a4ef0b52,chittagong/nested_0/Training/normal/normal-7940.jpg
1497,kept,chittagong,NORMAL,c0e4f06cacafcb7dd61493934888eec65ad21874e5b454be2f846a85ec9f5fa5,chittagong/nested_0/Testing/normal/normal-7941.jpg
1497,dropped_duplicate,chittagong,NORMAL,c0e4f06cacafcb7dd61493934888eec65ad21874e5b454be2f846a85ec9f5fa5,chittagong/nested_0/Training/normal/normal-7941.jpg
1498,kept,chittagong,NORMAL,a387eca3e8132c23a52b1ddb7c480d16e28ea4d663c118cb212a08792a363534,chittagong/nested_0/Testing/normal/normal-7944.jpg
1498,dropped_duplicate,chittagong,NORMAL,a387eca3e8132c23a52b1ddb7c480d16e28ea4d663c118cb212a08792a363534,chittagong/nested_0/Training/normal/normal-7944.jpg
1499,kept,chittagong,NORMAL,3359ce76465f3750afb9491d9cb9140c074f61e98d1e91a5e5425f5ab93d5010,chittagong/nested_0/Testing/normal/normal-7946.jpg
1499,dropped_duplicate,chittagong,NORMAL,3359ce76465f3750afb9491d9cb9140c074f61e98d1e91a5e5425f5ab93d5010,chittagong/nested_0/Training/normal/normal-7946.jpg
1500,kept,chittagong,NORMAL,9b000ca97532d87d818436f00a5e7ae185fd02e0d6db7101780064ce73e9ca9c,chittagong/nested_0/Testing/normal/normal-7949.jpg
1500,dropped_duplicate,chittagong,NORMAL,967f3259e788a6a0797a73c9cf02efdf3e6978143a84273af41766079176e276,chittagong/nested_0/Training/normal/normal-845.jpg
1501,kept,chittagong,NORMAL,4235e4ef8f5151d9c5a97a39816e72308ecbb7a54e567cbd60ad112cb308e5c8,chittagong/nested_0/Testing/normal/normal-7957.jpg
1501,dropped_duplicate,chittagong,NORMAL,4235e4ef8f5151d9c5a97a39816e72308ecbb7a54e567cbd60ad112cb308e5c8,chittagong/nested_0/Training/normal/normal-7957.jpg
1502,kept,chittagong,NORMAL,cef381dac79137fa5f85d48492e4f5789f9e987393d74ddaa19fa8f184a1c2e5,chittagong/nested_0/Testing/normal/normal-7958.jpg
1502,dropped_duplicate,chittagong,NORMAL,cef381dac79137fa5f85d48492e4f5789f9e987393d74ddaa19fa8f184a1c2e5,chittagong/nested_0/Training/normal/normal-7958.jpg
1503,kept,chittagong,NORMAL,64081c55899a5c6c85343c0d5e81005c458044dd2d9a119f802108f687085117,chittagong/nested_0/Testing/normal/normal-7960.jpg
1503,dropped_duplicate,chittagong,NORMAL,64081c55899a5c6c85343c0d5e81005c458044dd2d9a119f802108f687085117,chittagong/nested_0/Training/normal/normal-7960.jpg
1504,kept,chittagong,NORMAL,b1cea9d18b86dda5303c289005f74b457e3764b8c897de47ae912f2367b64bea,chittagong/nested_0/Testing/normal/normal-7961.jpg
1504,dropped_duplicate,chittagong,NORMAL,b1cea9d18b86dda5303c289005f74b457e3764b8c897de47ae912f2367b64bea,chittagong/nested_0/Training/normal/normal-7961.jpg
1505,kept,chittagong,NORMAL,219af69fd8b60e7eca27296cdcd9b0616bbcd273eca77434ae46da8d2334c206,chittagong/nested_0/Testing/normal/normal-7962.jpg
1505,dropped_duplicate,chittagong,NORMAL,219af69fd8b60e7eca27296cdcd9b0616bbcd273eca77434ae46da8d2334c206,chittagong/nested_0/Training/normal/normal-7962.jpg
1506,kept,chittagong,NORMAL,a47c2496fe901e0b762537e77bbb6d8bb1dbca7d00e6ebade3482f9a721c50fa,chittagong/nested_0/Testing/normal/normal-7963.jpg
1506,dropped_duplicate,chittagong,NORMAL,a47c2496fe901e0b762537e77bbb6d8bb1dbca7d00e6ebade3482f9a721c50fa,chittagong/nested_0/Training/normal/normal-7963.jpg
1507,kept,chittagong,NORMAL,bbf53869e6bab85bc11fa204e4788ec2c99f47ca13fca98c96536480d9b66ef6,chittagong/nested_0/Testing/normal/normal-7966.jpg
1507,dropped_duplicate,chittagong,NORMAL,c28648a0f4b6ef712e8b733a3f2896e98b0e9de96ae4b5f0d0d71086434563a5,chittagong/nested_0/Training/normal/normal-892.jpg
1508,kept,chittagong,NORMAL,fc33207b1aaf0a871784e7ea3159d06a6256d14b8cb43abed35923b081e06b22,chittagong/nested_0/Testing/normal/normal-7968.jpg
1508,dropped_duplicate,chittagong,NORMAL,b0756cac8a36b94d73593134e8b274859c5f41c0d2fc9a9c7e00cedfe6767fef,chittagong/nested_0/Training/normal/normal-7640.jpg
1509,kept,chittagong,NORMAL,f6c68efb1dc8e3210f6ad22636a866c09c7b8352bda59b4a3dfadc061f14268f,chittagong/nested_0/Testing/normal/normal-7977.jpg
1509,dropped_duplicate,chittagong,NORMAL,c971dee16c15ab83fe5b0c88330efa5ee61be71521e7f055e346e93deb97ce52,chittagong/nested_0/Training/normal/normal-860.jpg
1510,kept,chittagong,NORMAL,0d2ace7f375f20b2c0bcef73fe584d50cece7035773e63e2de7e5df50b958e24,chittagong/nested_0/Testing/normal/normal-7992.jpg
1510,dropped_duplicate,chittagong,NORMAL,8e603a80e64c63f27ff155fece7e0a4fc23f12839f9ee5f4b4acba7b1ea3faf0,chittagong/nested_0/Training/normal/normal-7188.jpg
1511,kept,chittagong,NORMAL,c5ab39f4deadc89d3daff1cb4613578ac6c145f39207f5f1c1dd3d4f2410196f,chittagong/nested_0/Testing/normal/normal-7995.jpg
1511,dropped_duplicate,chittagong,NORMAL,b5ea8e4fbed6e3ff1682a1ffdba990b4b2564babab5fbc22d23250de2416df9b,chittagong/nested_0/Testing/normal/normal-8033.jpg
1512,kept,chittagong,NORMAL,7ad84144bc9e05f906e43dec719f8d1f8e9f80fbc1d8b1c6f13d676188596c27,chittagong/nested_0/Testing/normal/normal-8009.jpg
1512,dropped_duplicate,chittagong,NORMAL,556aefb1644e76588dd23deedbeba7f691817316bf91e70866842b66d8fbf22b,chittagong/nested_0/Training/normal/normal-7670.jpg
1513,kept,chittagong,NORMAL,6fd5b64079d3819b5eff2a8a2a9670f3f62db3b9224de43f86364ae276e6d6cd,chittagong/nested_0/Testing/normal/normal-8021.jpg
1513,dropped_duplicate,chittagong,NORMAL,36868e3bcd7f1c465180b3cfe376259ada310602dbe0327f2101ac867a84027a,chittagong/nested_0/Training/normal/normal-7437.jpg
1514,kept,chittagong,NORMAL,720a9d69bef21c18f7963665ced0299a31a9e90d1e8ba80065dcfd6d7ab66bc4,chittagong/nested_0/Testing/normal/normal-8027.jpg
1514,dropped_duplicate,chittagong,NORMAL,c5a3397d114659338d44ad1cd5d62ae74bd174e28dc9f1b8102723835083e2b9,chittagong/nested_0/Training/normal/normal-7441.jpg
1515,kept,chittagong,NORMAL,99a654477f2c40adc07f4b9a7bdd369259bfecf74f419b68963076cfd194c217,chittagong/nested_0/Testing/normal/normal-8040.jpg
1515,dropped_duplicate,chittagong,NORMAL,f574e4745e6e8a8308e43efd174b388aea34fdebd9c9caa60322098a46d42732,chittagong/nested_0/Training/normal/normal-7212.jpg
1516,kept,chittagong,NORMAL,9de5ce113d4542c7107a99ce6a2336a87b756d2ebe2cf7cc412f32ffd86b51b5,chittagong/nested_0/Testing/normal/normal-8054.jpg
1516,dropped_duplicate,chittagong,NORMAL,e1c090fe8607d5a08b98ade582a9434731e071c401c9be3b7c1d03d57507ecfc,chittagong/nested_0/Training/normal/normal-698.jpg
1517,kept,chittagong,NORMAL,f27809562f66da0241bf5c5bca9c8b5e93a8cf2dda64c705b3d4124654e4345b,chittagong/nested_0/Testing/normal/normal-8057.jpg
1517,dropped_duplicate,chittagong,NORMAL,a7b2f8a7a55b70c3888809ee6acac1df0889fe160b3b4d2fad1db5b5b0d9c304,chittagong/nested_0/Training/normal/normal-7322.jpg
1518,kept,chittagong,NORMAL,53410b40f0fb02490851f238d6b3feef69b326f94e311bc5b6a39d220ff09b12,chittagong/nested_0/Testing/normal/normal-8093.jpg
1518,dropped_duplicate,chittagong,NORMAL,ec471a31b4445ba128b4388875b7b5a4a147205cb4fa8cfb9f1e4b7cabc9c929,chittagong/nested_0/Training/normal/normal-7295.jpg
1519,kept,chittagong,NORMAL,025c4e6877750e3731daacbfb4834f7004489368b2b4b3e288494a73c6259a4b,chittagong/nested_0/Testing/normal/normal-8144.jpg
1519,dropped_duplicate,chittagong,NORMAL,6f1fc9ecd300581978f80222aee42c0d01026dd0500a79a745d242748feec98d,chittagong/nested_0/Training/normal/normal-7327.jpg
1520,kept,chittagong,NORMAL,212f1c56fae48f2e68b07585012dc5245dd50627c3bad58f5c14955751300fec,chittagong/nested_0/Testing/normal/normal-8159.jpg
1520,dropped_duplicate,chittagong,NORMAL,8f51ac30c18b8b6e552de8215535506d1cfaa591ea94c4f171898d5b2d36eac1,chittagong/nested_0/Training/normal/normal-7209.jpg
1521,kept,chittagong,NORMAL,5ad20929f77135f2fe1e86c0ba06f3f73b78af69b782efd946673647ebfbe79c,chittagong/nested_0/Testing/normal/normal-8160.jpg
1521,dropped_duplicate,chittagong,NORMAL,c5143b1241ef6402aa771b41e438dc008c4ac94f48dd49bd7bba67d7a0c7c010,chittagong/nested_0/Training/normal/normal-7022.jpg
1522,kept,chittagong,NORMAL,cd5138d4a10860c2dcd0b68f15c8a27767dec530097a73e7abca0eba6b2d4967,chittagong/nested_0/Testing/normal/normal-8172.jpg
1522,dropped_duplicate,chittagong,NORMAL,96a40655fb37692ce8ecf3be792aa938b67ab22ac688fdd74af19f4f04d98794,chittagong/nested_0/Training/normal/normal-7308.jpg
1523,kept,chittagong,NORMAL,ec564328406a557b64ad70a0d46bae0151c021dd87f7288d24be18d34603958d,chittagong/nested_0/Testing/normal/normal-8187.jpg
1523,dropped_duplicate,chittagong,NORMAL,03a9263e9d777198a8c21c0a829bef20e11d7b6171059e261f91466148ca02b2,chittagong/nested_0/Training/normal/normal-7084.jpg
1524,kept,chittagong,NORMAL,18fa1dfbaf564fefa41c8e845dc524f13d377fd8ea859acbf6e28604f38b85ca,chittagong/nested_0/Testing/normal/normal-933.jpg
1524,dropped_duplicate,chittagong,NORMAL,c983410850a179985e433ff4633435c785d51835a29a7f55793e411f6f592f87,chittagong/nested_0/Training/normal/normal-7096.jpg
1525,kept,chittagong,NORMAL,859ed812a939691835fcd4226c9f6accdd1111a53610f1fe9c3301b1dd383e3f,chittagong/nested_0/Testing/normal/normal-943.jpg
1525,dropped_duplicate,chittagong,NORMAL,20fef0aa3d25c2635d0020749a1dd92e0d338ef8a94ccca1d6d46d77e1843a98,chittagong/nested_0/Training/normal/normal-7512.jpg
1526,kept,chittagong,NORMAL,5973f3e05371fd2bf484e725a6cbe36345b62975bc40e2135efc45c84fd62490,chittagong/nested_0/Testing/normal/normal-983.jpg
1526,dropped_duplicate,chittagong,NORMAL,b171442832facc8f4d14fdfdf18dcbd4ed8217556a1cadc8c1b979a131fe6ee7,chittagong/nested_0/Training/normal/normal-7345.jpg
1527,kept,chittagong,NORMAL,dc59ea0e50efe78aa5898d69a3fac782d88ec18b77d588289ea5089e71ab430f,chittagong/nested_0/Training/normal/normal-570.jpg
1527,dropped_duplicate,chittagong,NORMAL,3a8bfb8b596b16047de94ead54de4991efeac7738a5104e1f5f27b859686f8fb,chittagong/nested_0/Training/normal/normal-704.jpg
1528,kept,chittagong,NORMAL,ced37f84df4a658ebebb31556cb812fe1a9dd7af32c9161cd1054619e49f6411,chittagong/nested_0/Training/normal/normal-59.jpg
1528,dropped_duplicate,chittagong,NORMAL,7ab0a118290a1bd77d516f6dabd2a56c1e7fe856537c123aaebd9ae178acdbdd,chittagong/nested_0/Training/normal/normal-819.jpg
1529,kept,chittagong,NORMAL,f095b00ef4268882b629ca921510de8c3d734792a58cad23a3dcee3a0529b450,chittagong/nested_0/Training/normal/normal-599.jpg
1529,dropped_duplicate,chittagong,NORMAL,2322151e68803b86f67500fd1ea104d9fee8c9dfc7e9145d64118cf51263e7cd,chittagong/nested_0/Training/normal/normal-7136.jpg
1530,kept,chittagong,NORMAL,d9aadd5b96c7c97990b62c0a8a07e0c04469c3e3ea490742fcbccecfd412ae8a,chittagong/nested_0/Training/normal/normal-607.jpg
1530,dropped_duplicate,chittagong,NORMAL,07fa0cb03b0a232709fd4ffa5453d301e16260e26cdd0b1e85b4c9535008f736,chittagong/nested_0/Training/normal/normal-7376.jpg
1531,kept,chittagong,NORMAL,d2bb2cf1d6084cd435791eb42a8d1ccd27bc971cba137da50796e76b42839b8d,chittagong/nested_0/Training/normal/normal-63.jpg
1531,dropped_duplicate,chittagong,NORMAL,a08580910c385a4e3393d2766d1282cdea475dc87b0a6cd74193cb6308603ba2,chittagong/nested_0/Training/normal/normal-7065.jpg
1532,kept,chittagong,NORMAL,feb1ea9b6a34a837803b5ced0d9b62b6e6dbb0a0f68dfbf66509c95fae716f3c,chittagong/nested_0/Training/normal/normal-630.jpg
1532,dropped_duplicate,chittagong,NORMAL,d67cb8d860f6b7b79911839da9e7daee496e3c8cf83c69a290ab1ee5954ce151,chittagong/nested_0/Training/normal/normal-693.jpg
1533,kept,chittagong,NORMAL,c2767ab005498b2506486fa4b32dd92155a854cc998c2c579e42ab45dbad2733,chittagong/nested_0/Training/normal/normal-634.jpg
1533,dropped_duplicate,chittagong,NORMAL,ad456e0494c6693bdf1e4e0ed06ae145ac523e80eb054517e948d54a7b0a8761,chittagong/nested_0/Training/normal/normal-775.jpg
1534,kept,chittagong,NORMAL,13ffbc42825f0436beed5caa0cbdb16821f81349c5a319b0cbc8b6b9a0bc4f5e,chittagong/nested_0/Training/normal/normal-642.jpg
1534,dropped_duplicate,chittagong,NORMAL,637fbf8851ace7161c2e17678dbba7fdbb4cc6b7393891af856f9b512f774271,chittagong/nested_0/Training/normal/normal-7270.jpg
1535,kept,chittagong,NORMAL,dd683c6dfa71562285cb0581c0b814d8cb30379a0cd9875c50b899181f9df029,chittagong/nested_0/Training/normal/normal-656.jpg
1535,dropped_duplicate,chittagong,NORMAL,b8307f34671af96d35a1bde7944273e12db209cc79b616a3c19a59c9956b3f01,chittagong/nested_0/Training/normal/normal-766.jpg
1536,kept,chittagong,NORMAL,b3aeccca6023173ab4aa779f253229412d93db0917a48c2603e0959aef24bc32,chittagong/nested_0/Training/normal/normal-659.jpg
1536,dropped_duplicate,chittagong,NORMAL,7f3d2db0263c07bba90f1c18493608944dd1823b63fe6835b4fe1f96df4dd9ee,chittagong/nested_0/Training/normal/normal-7404.jpg
1537,kept,chittagong,NORMAL,87d250e2900d81f48b1fd0694766909d6c13b419f55c5eb5833a64a47e4f1e61,chittagong/nested_0/Training/normal/normal-67.jpg
1537,dropped_duplicate,chittagong,NORMAL,a83126a250ce5030405683a579c42b5c1c4584373fd79dfe6f4b8dc0f6928934,chittagong/nested_0/Training/normal/normal-7334.jpg
1538,kept,chittagong,NORMAL,7803d45bd2c8384c2f475c077559cb2426e69af7efb01ccfe2970afcceab2f68,chittagong/nested_0/Training/normal/normal-682.jpg
1538,dropped_duplicate,chittagong,NORMAL,57dbf73292ac04b4424091e8f7b64ceefe548eee9dc8ade9c47d443aa1e7a0b4,chittagong/nested_0/Training/normal/normal-749.jpg
1539,kept,chittagong,NORMAL,cb73601ecffd933b6baecbba8ff47887e3232466627b7650291161864b0e49a0,chittagong/nested_0/Training/normal/normal-688.jpg
1539,dropped_duplicate,chittagong,NORMAL,0877fd900fdfe94f2e8809d475960ca5ba5d97204635cdf04721979b601767f7,chittagong/nested_0/Training/normal/normal-825.jpg
1540,kept,chittagong,NORMAL,5698fb5e17e9e33385853a6fad36b9b4a36c17573ad5c6906b50200821748c3c,chittagong/nested_0/Training/normal/normal-702.jpg
1540,dropped_duplicate,chittagong,NORMAL,ea1e9113560d11fd9ce0a5804757aebc7a05af9550752cf3ef60aae697146276,chittagong/nested_0/Training/normal/normal-7372.jpg
1541,kept,chittagong,NORMAL,11cf243a004c7ecdcaaea951f30bb0d29789088a29406e17cc98f972395d1e2e,chittagong/nested_0/Training/normal/normal-7023.jpg
1541,dropped_duplicate,chittagong,NORMAL,2fb9a09e298d605239d2130a7e78fbd567f3ffbc9ce62dac5aec3d001db054e4,chittagong/nested_0/Training/normal/normal-7029.jpg
1542,kept,chittagong,NORMAL,4b1c66c794fcefe59ea7315ef30ed5b872dd61db8bb7ba2ae950203e137f578c,chittagong/nested_0/Training/normal/normal-7030.jpg
1542,dropped_duplicate,chittagong,NORMAL,abe8b180a2668890767f275d70b8f5863cad0c95a5f111a84ce7a2422f36b193,chittagong/nested_0/Training/normal/normal-837.jpg
1543,kept,chittagong,NORMAL,6a7016f70b2da65207ba0ce29228aa39264945f277768e48f01ed4730ab4ef85,chittagong/nested_0/Training/normal/normal-7049.jpg
1543,dropped_duplicate,chittagong,NORMAL,99f55466fd73ba7c1241fbe5a809fece554da5beb03a72b036f9757dc5cd54bb,chittagong/nested_0/Training/normal/normal-7557.jpg
1544,kept,chittagong,NORMAL,e0f910743db60aea9d9811884c510e188e476f98301e39648c6555cc0fa0a0b1,chittagong/nested_0/Training/normal/normal-705.jpg
1544,dropped_duplicate,chittagong,NORMAL,a9e58fb257c7a0faa8de6beb7a7f92bbc26fe7b565e401e906ce85e2bf421667,chittagong/nested_0/Training/normal/normal-7632.jpg
1545,kept,chittagong,NORMAL,fd9092c992b7edfdb4b317ed97f6fa008863f6a448d17dcf5cc0398e564935bc,chittagong/nested_0/Training/normal/normal-7082.jpg
1545,dropped_duplicate,chittagong,NORMAL,2f34dcba18786a4cafe1cd56024f0927615ae6e0394e72b056a445f54530ecc6,chittagong/nested_0/Training/normal/normal-7232.jpg
1546,kept,chittagong,NORMAL,046630455c8eef09f6c9621608f73c79cb5eb0c15a8fdcf497e4de54b0c6c208,chittagong/nested_0/Training/normal/normal-7085.jpg
1546,dropped_duplicate,chittagong,NORMAL,ec37096ca4a722d5ea624cc2ca0fd08285bf6810f33045d4ef98cc09c97d888a,chittagong/nested_0/Training/normal/normal-7166.jpg
1547,kept,chittagong,NORMAL,8349d7f05b2ba7870ba2ec67b0873dda7ac4bb7c3c9e02c729f39bbfe194b364,chittagong/nested_0/Training/normal/normal-7105.jpg
1547,dropped_duplicate,chittagong,NORMAL,d58f08ee2e0efe41ec080b86f18117ee5b0c135adb17d177632e0b097a7ffa20,chittagong/nested_0/Training/normal/normal-7565.jpg
1548,kept,chittagong,NORMAL,c8236c00c35f137255ebbf144a638ee6df6634d6199c1e44ed109728b2965960,chittagong/nested_0/Training/normal/normal-7123.jpg
1548,dropped_duplicate,chittagong,NORMAL,9cc901ac7da1495d826bc8b0e263f5ec4996038e9034ecd40951102927d9f013,chittagong/nested_0/Training/normal/normal-7227.jpg
1549,kept,chittagong,NORMAL,6fb6a9506d4a794e0bc234a8500fdfdfe0948d97065847bdc82649eb24de12e9,chittagong/nested_0/Training/normal/normal-7125.jpg
1549,dropped_duplicate,chittagong,NORMAL,5ae2dec6861b6ccd25a0bbde0240e1d735291bd0d7f331a3cdcd468d85505a8c,chittagong/nested_0/Training/normal/normal-866.jpg
1550,kept,chittagong,NORMAL,a4848637ef307be9d0d0c6fb618368d8ecc05dc47b1b492948cc9f925cfa6007,chittagong/nested_0/Training/normal/normal-7145.jpg
1550,dropped_duplicate,chittagong,NORMAL,4494e252c1f63c95c1ecd6d994614561e86f83da5cdfe1859ddf2885e2238382,chittagong/nested_0/Training/normal/normal-7344.jpg
1551,kept,chittagong,NORMAL,bb0c5dc9f5bd295a8611f56c5dbb0b19c2c022f1f9e189df6af090c603c33409,chittagong/nested_0/Training/normal/normal-7156.jpg
1551,dropped_duplicate,chittagong,NORMAL,4a2dc163b6d7ae5c2fcac2d99fae1cffd555e1c1452a2e55c7f9247dfe5ef868,chittagong/nested_0/Training/normal/normal-7672.jpg
1552,kept,chittagong,NORMAL,adeadaa1fd421bbe2ce8e6a645b821b8389a9c2b2066d9dfabb102529273e1d8,chittagong/nested_0/Training/normal/normal-7163.jpg
1552,dropped_duplicate,chittagong,NORMAL,cbc5fa2d05811ac9b5b4016bbedc1ec2a7aa61845a71255772cf387f0bbe5cba,chittagong/nested_0/Training/normal/normal-919.jpg
1553,kept,chittagong,NORMAL,06c9f4f42786624d8ca3090a0a7e38b1281fbb100f6957e14a9cc37dcabdf509,chittagong/nested_0/Training/normal/normal-7173.jpg
1553,dropped_duplicate,chittagong,NORMAL,9b7c50948b02278e3f970ba853e359c83985456f926d52c2b071776231578593,chittagong/nested_0/Training/normal/normal-7552.jpg
1554,kept,chittagong,NORMAL,a366d2d1a9c109c83dbecb731475cc180d6131fd29794142dff20c07328101c2,chittagong/nested_0/Training/normal/normal-7200.jpg
1554,dropped_duplicate,chittagong,NORMAL,23e2afb80039e3b154c585157a1cfd0b590d4ee241f7a974968ef6bc2816f792,chittagong/nested_0/Training/normal/normal-7343.jpg
1555,kept,chittagong,NORMAL,71d8a816a13a29dc9c0437dab31d4b2dcf88b4f77141616a90f6db6785c7d545,chittagong/nested_0/Training/normal/normal-7208.jpg
1555,dropped_duplicate,chittagong,NORMAL,20f1918f990233998869ae610a09acb5732af15766bed52139cdbae60d68b65a,chittagong/nested_0/Training/normal/normal-7241.jpg
1556,kept,chittagong,NORMAL,58c06538a8e79ae1566186470e0a9adc22527fb23a06064fbbf371a04e1ba8c1,chittagong/nested_0/Training/normal/normal-7216.jpg
1556,dropped_duplicate,chittagong,NORMAL,970998f9fc45288349290e9e9b937c329a029dbb47b44b00337920f733b3bbae,chittagong/nested_0/Training/normal/normal-7474.jpg
1557,kept,chittagong,NORMAL,b115bb5fe8e2660863a7a49cffe437cc2250393d5fb39687281fc9a47caacc1c,chittagong/nested_0/Training/normal/normal-7238.jpg
1557,dropped_duplicate,chittagong,NORMAL,40bbec9e91bd1bd9b1ad4fd0c660fc956d66942253cdb40d0d97e281e06631f0,chittagong/nested_0/Training/normal/normal-7281.jpg
1558,kept,chittagong,NORMAL,38c182688fb80befff4fb5c24c8f4a594fb5844c381fca05fb419824a2ed2d89,chittagong/nested_0/Training/normal/normal-7259.jpg
1558,dropped_duplicate,chittagong,NORMAL,38e493bea0656dacb57919dbe51515cb6f17d6ab814878d7f16860d555262dc6,chittagong/nested_0/Training/normal/normal-898.jpg
1559,kept,chittagong,NORMAL,26c71f35fe358f191c30a4ef7c61928d7365319748e5b5c5428a8b57c86c7e40,chittagong/nested_0/Training/normal/normal-7276.jpg
1559,dropped_duplicate,chittagong,NORMAL,13d4c545467c3eeae1e6969334d9e6db2eb73bace579522a99845e9a95dd22ea,chittagong/nested_0/Training/normal/normal-774.jpg
1560,kept,chittagong,NORMAL,ffaa3a9e390bc0b9d90ffffcda9a0c903b1b871564e919cfdac0099787691424,chittagong/nested_0/Training/normal/normal-7298.jpg
1560,dropped_duplicate,chittagong,NORMAL,074e2bf3ee7dfc4f71d8cb477ac724786d173874201b4a4a6192fe7ac22490ce,chittagong/nested_0/Training/normal/normal-7397.jpg
1561,kept,chittagong,NORMAL,3f814daf012905b5ad0337370b82e64a8d43ea603baa6547001fddb7b265e2b4,chittagong/nested_0/Training/normal/normal-7348.jpg
1561,dropped_duplicate,chittagong,NORMAL,63070066efd11248ec2a7f000ad498b2a329895c2af49d840970d943aa484035,chittagong/nested_0/Training/normal/normal-755.jpg
1562,kept,chittagong,NORMAL,4818c5b76526632a3b3e35f1a53b7220f865ec2f63390ca6e451b3048821698d,chittagong/nested_0/Training/normal/normal-7351.jpg
1562,dropped_duplicate,chittagong,NORMAL,cf7d372d8979c7f5849dc59bcddf60cd4245c4754954739ef6d21df233458089,chittagong/nested_0/Training/normal/normal-7406.jpg
1563,kept,chittagong,NORMAL,76e869b76b3318fa2b746261c4d10088d5d0cfadfebc607e29e810f725afbb89,chittagong/nested_0/Training/normal/normal-7381.jpg
1563,dropped_duplicate,chittagong,NORMAL,58f7ddcc3f8f59d80279fb857d62878d5b3ec209cd5d392bf5ef303a4462c372,chittagong/nested_0/Training/normal/normal-7567.jpg
1564,kept,chittagong,NORMAL,0cb9909f2b55905195880371f59dcf67845b515db6912d65eab116127a9cb9b4,chittagong/nested_0/Training/normal/normal-745.jpg
1564,dropped_duplicate,chittagong,NORMAL,b682ea012b8587433ff425137534b7bddf3442d7080125e19adb5d89d07c2a70,chittagong/nested_0/Training/normal/normal-7541.jpg
1565,kept,chittagong,NORMAL,0aad64872365546c553ace3146ae45f25692f3340775b672b22d4fd254daab94,chittagong/nested_0/Training/normal/normal-746.jpg
1565,dropped_duplicate,chittagong,NORMAL,e644efcbb7bfb7a0644087e367d69daf77467fd80d938ed30c29906e9d9d4aa5,chittagong/nested_0/Training/normal/normal-9.jpg
1566,kept,chittagong,NORMAL,b25e677a3a1ce9fac79aa294ee883409af7ecfbdacbded7bc2ce834653c11b1f,chittagong/nested_0/Training/normal/normal-7507.jpg
1566,dropped_duplicate,chittagong,NORMAL,19a66d16f2acac212ea9edcfaaedec2ab37cedc1787b124ce74331d2d4013193,chittagong/nested_0/Training/normal/normal-753.jpg
1567,kept,chittagong,NORMAL,af9c063d0503f793ea98f09701034ac4eab652a9c8b71e27f26f0771a349e04f,chittagong/nested_0/Training/normal/normal-7508.jpg
1567,dropped_duplicate,chittagong,NORMAL,64267dabca8f489ed8177750d957302b23980f86da57aa2d245823d4436979b3,chittagong/nested_0/Training/normal/normal-856.jpg
1568,kept,chittagong,NORMAL,4234f3eb532f952f0a809ca3e2bd22f93fff0d90bfbca5ada5034694acb474c6,chittagong/nested_0/Training/normal/normal-7539.jpg
1568,dropped_duplicate,chittagong,NORMAL,d7dfc4398e3bceec805baa9126e77720db59d1069164f5eed85108622e299b2b,chittagong/nested_0/Training/normal/normal-771.jpg
1569,kept,chittagong,NORMAL,f3eadf610b43eae3ee9e245f5f0e29ce9e5d971ba108329366b0bf75b1d15c5f,chittagong/nested_0/Training/normal/normal-7543.jpg
1569,dropped_duplicate,chittagong,NORMAL,1ec0ff3d978f296fd355840dffbfcefdebbeaf7447e07c7fe187c6f8661af9ba,chittagong/nested_0/Training/normal/normal-878.jpg
1570,kept,chittagong,NORMAL,ac4e60c592dc10f07ba6b4d4fe6804680c00514e7d6ff5b5901a71d2a7f1588b,chittagong/nested_0/Training/normal/normal-7569.jpg
1570,dropped_duplicate,chittagong,NORMAL,a54cc7583ea193bbf5e0de10d6584b365b737e6d26d7677dc98d36e265555779,chittagong/nested_0/Training/normal/normal-808.jpg
1571,kept,chittagong,NORMAL,dda3d65c906e2d2a4f146f1eb084965b3169ad466644f3e04a4349b35227f8ae,chittagong/nested_0/Training/normal/normal-7602.jpg
1571,dropped_duplicate,chittagong,NORMAL,01289002d884340bafeaccfd7310d02edbcbf53c6f34ea8cb677fd9bab86db4a,chittagong/nested_0/Training/normal/normal-880.jpg
1572,kept,chittagong,NORMAL,81a1f0b0e162b319bf53864cf3ade5dc9bb01f9b10a55b8ebf69c413ea8c5f51,chittagong/nested_0/Training/normal/normal-764.jpg
1572,dropped_duplicate,chittagong,NORMAL,dbcb32837e0334f6f53d1091d3c18cc17b35a88b24baaf5385e87bb93f9f5771,chittagong/nested_0/Training/normal/normal-848.jpg
1573,kept,chittagong,NORMAL,42c53bf0a590635e2076ace52907bbe773bf126bf96b8d91fdb1cdb8e6d9bc2f,chittagong/nested_0/Training/normal/normal-7643.jpg
1573,dropped_duplicate,chittagong,NORMAL,ab2710d69655eb0b952210f016a1c68aba3d375f7b9a4f5057ce4c5986587a68,chittagong/nested_0/Training/normal/normal-922.jpg
1574,kept,chittagong,NORMAL,f17f080e8cf4258708c467745d2b4030ac633c9c04a4a7c7b13be28bb01ca794,chittagong/nested_0/Training/normal/normal-7663.jpg
1574,dropped_duplicate,chittagong,NORMAL,9ebae1fd5477d0b12f17bb2b5108004f3d55026d9a4d40ef4b9b9c9d304902cb,chittagong/nested_0/Training/normal/normal-871.jpg
1575,kept,chittagong,NORMAL,6c5a2895196a750227561c67c191ae2f958a585d2987c057e14590346a9e6234,chittagong/nested_0/Training/normal/normal-7703.jpg
1575,dropped_duplicate,chittagong,NORMAL,aa66be0d107a2e53c2ab62c906e26dbdb78e7125cf43e668ff4668f462c21356,chittagong/nested_0/Training/normal/normal-838.jpg
