image_id,source,label,patient_id,split,sha256,archive_member,selected_path,processed_path
chittagong_NORMAL_0001,chittagong,NORMAL,chittagong-normal-8087,test,008841c44e48c5a2d92a34e03fdbf482039fc4eeb6d6f70fe236abf4484bdac4,chittagong\nested_0\Testing\normal\normal-8087.jpg,data\interim\selected\chittagong_NORMAL_0001.jpg,data/processed/images/chittagong_NORMAL_0001.png
chittagong_NORMAL_0002,chittagong,NORMAL,chittagong-normal-619,test,048ab11e51096ac1b066e960962ce934eb5d3d4ce55bdbd368e1a4283e9f53a1,chittagong\nested_0\Training\normal\normal-619.jpg,data\interim\selected\chittagong_NORMAL_0002.jpg,data/processed/images/chittagong_NORMAL_0002.png
chittagong_NORMAL_0003,chittagong,NORMAL,chittagong-normal-7173,test,06c9f4f42786624d8ca3090a0a7e38b1281fbb100f6957e14a9cc37dcabdf509,chittagong\nested_0\Training\normal\normal-7173.jpg,data\interim\selected\chittagong_NORMAL_0003.jpg,data/processed/images/chittagong_NORMAL_0003.png
chittagong_NORMAL_0004,chittagong,NORMAL,chittagong-normal-7376,test,07fa0cb03b0a232709fd4ffa5453d301e16260e26cdd0b1e85b4c9535008f736,chittagong\nested_0\Training\normal\normal-7376.jpg,data\interim\selected\chittagong_NORMAL_0004.jpg,data/processed/images/chittagong_NORMAL_0004.png
chittagong_NORMAL_0005,chittagong,NORMAL,chittagong-normal-7262,test,0bfc8f9b71322b95a6cd89a71c17708454e10b0cf202186c36e9bc2e3c35c475,chittagong\nested_0\Training\normal\normal-7262.jpg,data\interim\selected\chittagong_NORMAL_0005.jpg,data/processed/images/chittagong_NORMAL_0005.png
chittagong_NORMAL_0006,chittagong,NORMAL,chittagong-normal-841,test,0f41285907e219247302a13a7a97910f3b6a2359bd2382d132c9a8e024163033,chittagong\nested_0\Training\normal\normal-841.jpg,data\interim\selected\chittagong_NORMAL_0006.jpg,data/processed/images/chittagong_NORMAL_0006.png
chittagong_NORMAL_0007,chittagong,NORMAL,chittagong-normal-7023,test,11cf243a004c7ecdcaaea951f30bb0d29789088a29406e17cc98f972395d1e2e,chittagong\nested_0\Training\normal\normal-7023.jpg,data\interim\selected\chittagong_NORMAL_0007.jpg,data/processed/images/chittagong_NORMAL_0007.png
chittagong_NORMAL_0008,chittagong,NORMAL,chittagong-normal-8186,test,12c15d156a58f5e571ff6263c6eb799cdd4b1b852c1b6d488dbf3326489df42c,chittagong\nested_0\Testing\normal\normal-8186.jpg,data\interim\selected\chittagong_NORMAL_0008.jpg,data/processed/images/chittagong_NORMAL_0008.png
chittagong_NORMAL_0009,chittagong,NORMAL,chittagong-normal-774,test,13d4c545467c3eeae1e6969334d9e6db2eb73bace579522a99845e9a95dd22ea,chittagong\nested_0\Training\normal\normal-774.jpg,data\interim\selected\chittagong_NORMAL_0009.jpg,data/processed/images/chittagong_NORMAL_0009.png
chittagong_NORMAL_0010,chittagong,NORMAL,chittagong-normal-642,test,13ffbc42825f0436beed5caa0cbdb16821f81349c5a319b0cbc8b6b9a0bc4f5e,chittagong\nested_0\Training\normal\normal-642.jpg,data\interim\selected\chittagong_NORMAL_0010.jpg,data/processed/images/chittagong_NORMAL_0010.png
chittagong_NORMAL_0011,chittagong,NORMAL,chittagong-normal-7265,test,149299da293d61ccdde2e353d11be26c2c51124a5981f09eb3abce7d2bff29bc,chittagong\nested_0\Training\normal\normal-7265.jpg,data\interim\selected\chittagong_NORMAL_0011.jpg,data/processed/images/chittagong_NORMAL_0011.png
chittagong_NORMAL_0012,chittagong,NORMAL,chittagong-normal-7945,test,16d1ebfd2ff753e6688e4b8466260636002eac6929ee7b6883d241573774645d,chittagong\nested_0\Testing\normal\normal-7945.jpg,data\interim\selected\chittagong_NORMAL_0012.jpg,data/processed/images/chittagong_NORMAL_0012.png
chittagong_NORMAL_0013,chittagong,NORMAL,chittagong-normal-8085,test,1885d9ee6fca3d1138c09c6e699652e0677cf7fb8cb25e93ad8313bea3e42540,chittagong\nested_0\Testing\normal\normal-8085.jpg,data\interim\selected\chittagong_NORMAL_0013.jpg,data/processed/images/chittagong_NORMAL_0013.png
chittagong_NORMAL_0014,chittagong,NORMAL,chittagong-normal-7436,test,18f4a23a23d11afc55ef5ebf5f19af7a6cea84b4f285ed1e9c1045ae3f7b6196,chittagong\nested_0\Training\normal\normal-7436.jpg,data\interim\selected\chittagong_NORMAL_0014.jpg,data/processed/images/chittagong_NORMAL_0014.png
chittagong_NORMAL_0015,chittagong,NORMAL,chittagong-normal-761,test,19c4727fff38be48bae7efed182e3e715c3ab7ed175eab2cd73a0fcb60e8d21b,chittagong\nested_0\Training\normal\normal-761.jpg,data\interim\selected\chittagong_NORMAL_0015.jpg,data/processed/images/chittagong_NORMAL_0015.png
chittagong_NORMAL_0016,chittagong,NORMAL,chittagong-normal-903,test,1b4c78a1acf2baf81c92837ce1115f86e11ab5a609646f4255de480287a83592,chittagong\nested_0\Training\normal\normal-903.jpg,data\interim\selected\chittagong_NORMAL_0016.jpg,data/processed/images/chittagong_NORMAL_0016.png
chittagong_NORMAL_0017,chittagong,NORMAL,chittagong-normal-889,test,1c61f8294f76f2c120812873147a11feaee004d7ead4a7d26086da431b4cf1c1,chittagong\nested_0\Training\normal\normal-889.jpg,data\interim\selected\chittagong_NORMAL_0017.jpg,data/processed/images/chittagong_NORMAL_0017.png
chittagong_NORMAL_0018,chittagong,NORMAL,chittagong-normal-7264,test,1f0730724a371bd13cd13c8a1dd96c46e21cb1a3cbd41ae8f6e5baa3ff5b973d,chittagong\nested_0\Training\normal\normal-7264.jpg,data\interim\selected\chittagong_NORMAL_0018.jpg,data/processed/images/chittagong_NORMAL_0018.png
chittagong_NORMAL_0019,chittagong,NORMAL,chittagong-normal-8046,test,1f0e16f0f6fe479387f2b819dc654bcb531db5dcf9b679a50a63f038a495b76f,chittagong\nested_0\Testing\normal\normal-8046.jpg,data\interim\selected\chittagong_NORMAL_0019.jpg,data/processed/images/chittagong_NORMAL_0019.png
chittagong_NORMAL_0020,chittagong,NORMAL,chittagong-normal-7429,test,231014ba91cba1cc9644df1199bb27b175cf92709323a1d23b07536b7721bd60,chittagong\nested_0\Training\normal\normal-7429.jpg,data\interim\selected\chittagong_NORMAL_0020.jpg,data/processed/images/chittagong_NORMAL_0020.png
chittagong_NORMAL_0021,chittagong,NORMAL,chittagong-normal-7405,test,254b949447865dcd4534f8cf76b6cc683ff65c94b2dc7c094b7b977ce6bfde10,chittagong\nested_0\Training\normal\normal-7405.jpg,data\interim\selected\chittagong_NORMAL_0021.jpg,data/processed/images/chittagong_NORMAL_0021.png
chittagong_NORMAL_0022,chittagong,NORMAL,chittagong-normal-8041,test,25fb8a7f55e9f75fdbc6e03f4bbdcaf0bdf1e8c7097823fff840a622e11dd761,chittagong\nested_0\Testing\normal\normal-8041.jpg,data\interim\selected\chittagong_NORMAL_0022.jpg,data/processed/images/chittagong_NORMAL_0022.png
chittagong_NORMAL_0023,chittagong,NORMAL,chittagong-normal-7943,test,28ccb4ff4f25e4eabdf28499a68f2845ca189e9802473f52102c7efc6540a884,chittagong\nested_0\Testing\normal\normal-7943.jpg,data\interim\selected\chittagong_NORMAL_0023.jpg,data/processed/images/chittagong_NORMAL_0023.png
chittagong_NORMAL_0024,chittagong,NORMAL,chittagong-normal-7038,test,2a3614213e9ab7c8e01c33ecc1adc5020a978c0be4f7be1a1363af3e1fd4de08,chittagong\nested_0\Training\normal\normal-7038.jpg,data\interim\selected\chittagong_NORMAL_0024.jpg,data/processed/images/chittagong_NORMAL_0024.png
chittagong_NORMAL_0025,chittagong,NORMAL,chittagong-normal-585,test,2ca0e4ac0dd8050cb54a7e5ecce180d37b02f2e17254f17a8372b8f4d2ec6bae,chittagong\nested_0\Training\normal\normal-585.jpg,data\interim\selected\chittagong_NORMAL_0025.jpg,data/processed/images/chittagong_NORMAL_0025.png
chittagong_NORMAL_0026,chittagong,NORMAL,chittagong-normal-7902,test,31a008e88560ec91abe9b45fb838dbd3121fc77b33a8102864f76444f7b12091,chittagong\nested_0\Testing\normal\normal-7902.jpg,data\interim\selected\chittagong_NORMAL_0026.jpg,data/processed/images/chittagong_NORMAL_0026.png
chittagong_NORMAL_0027,chittagong,NORMAL,chittagong-normal-7195,test,3219c13a7d76cb0e7631747a3a16740a7ec59b99ec6b0a336758598fc0f18e35,chittagong\nested_0\Training\normal\normal-7195.jpg,data\interim\selected\chittagong_NORMAL_0027.jpg,data/processed/images/chittagong_NORMAL_0027.png
chittagong_NORMAL_0028,chittagong,NORMAL,chittagong-normal-7438,test,33687a3f8b13fad3b204a456eb2fc51070e77915d5a65530ff1d2b25ff031fbf,chittagong\nested_0\Training\normal\normal-7438.jpg,data\interim\selected\chittagong_NORMAL_0028.jpg,data/processed/images/chittagong_NORMAL_0028.png
chittagong_NORMAL_0029,chittagong,NORMAL,chittagong-normal-861,test,353af34b968a5060ca1c2f06a255d90220bf7b99b7e55f1a9463c347b7e0b1fb,chittagong\nested_0\Training\normal\normal-861.jpg,data\interim\selected\chittagong_NORMAL_0029.jpg,data/processed/images/chittagong_NORMAL_0029.png
chittagong_NORMAL_0030,chittagong,NORMAL,chittagong-normal-849,test,3a63aa395a58581efc7d6204c7dd6b5fa4e44bd78398843e7e9e409c2931df9e,chittagong\nested_0\Training\normal\normal-849.jpg,data\interim\selected\chittagong_NORMAL_0030.jpg,data/processed/images/chittagong_NORMAL_0030.png
chittagong_NORMAL_0031,chittagong,NORMAL,chittagong-normal-799,test,3b1916e21cee38f7fd7f2b531aec2acbee002f4da83d1807c5afe93fa6f7ab3d,chittagong\nested_0\Training\normal\normal-799.jpg,data\interim\selected\chittagong_NORMAL_0031.jpg,data/processed/images/chittagong_NORMAL_0031.png
chittagong_NORMAL_0032,chittagong,NORMAL,chittagong-normal-593,test,3fc76826eb8ddfe89bfbc9491a38d89c911773c214cce1b616a7dd2db43efa75,chittagong\nested_0\Training\normal\normal-593.jpg,data\interim\selected\chittagong_NORMAL_0032.jpg,data/processed/images/chittagong_NORMAL_0032.png
chittagong_NORMAL_0033,chittagong,NORMAL,chittagong-normal-7527,test,41e07ffaaf7dd3d73e78f69b76ada097f8fc64ae1b4aa2301f217d22fd49a422,chittagong\nested_0\Training\normal\normal-7527.jpg,data\interim\selected\chittagong_NORMAL_0033.jpg,data/processed/images/chittagong_NORMAL_0033.png
chittagong_NORMAL_0034,chittagong,NORMAL,chittagong-normal-7957,test,4235e4ef8f5151d9c5a97a39816e72308ecbb7a54e567cbd60ad112cb308e5c8,chittagong\nested_0\Testing\normal\normal-7957.jpg,data\interim\selected\chittagong_NORMAL_0034.jpg,data/processed/images/chittagong_NORMAL_0034.png
chittagong_NORMAL_0035,chittagong,NORMAL,chittagong-normal-7344,test,4494e252c1f63c95c1ecd6d994614561e86f83da5cdfe1859ddf2885e2238382,chittagong\nested_0\Training\normal\normal-7344.jpg,data\interim\selected\chittagong_NORMAL_0035.jpg,data/processed/images/chittagong_NORMAL_0035.png
chittagong_NORMAL_0036,chittagong,NORMAL,chittagong-normal-7912,test,464b89aaf85a8017b307444a3f5d9468b89bdf137464d1f7a9d0291040c52592,chittagong\nested_0\Testing\normal\normal-7912.jpg,data\interim\selected\chittagong_NORMAL_0036.jpg,data/processed/images/chittagong_NORMAL_0036.png
chittagong_NORMAL_0037,chittagong,NORMAL,chittagong-normal-779,test,4667543efa5da07943554008b45b8f78532e9341ed38cac1ac2572e8c54f2df4,chittagong\nested_0\Training\normal\normal-779.jpg,data\interim\selected\chittagong_NORMAL_0037.jpg,data/processed/images/chittagong_NORMAL_0037.png
chittagong_NORMAL_0038,chittagong,NORMAL,chittagong-normal-8091,test,4b7d3ff9584fb9686072ead2cabef4a3cd23c804f54a682b580ec5529e2de4a5,chittagong\nested_0\Testing\normal\normal-8091.jpg,data\interim\selected\chittagong_NORMAL_0038.jpg,data/processed/images/chittagong_NORMAL_0038.png
chittagong_NORMAL_0039,chittagong,NORMAL,chittagong-normal-7533,test,4bd1ae7fc181950af48ad151bd1956fa5108ee2d01aa4b0caf176a27d65658c3,chittagong\nested_0\Training\normal\normal-7533.jpg,data\interim\selected\chittagong_NORMAL_0039.jpg,data/processed/images/chittagong_NORMAL_0039.png
chittagong_NORMAL_0040,chittagong,NORMAL,chittagong-normal-7526,test,4e4ab48379eb841f2b28c2199d543e36b18b631a008192d37dc767b3d7f92621,chittagong\nested_0\Training\normal\normal-7526.jpg,data\interim\selected\chittagong_NORMAL_0040.jpg,data/processed/images/chittagong_NORMAL_0040.png
chittagong_NORMAL_0041,chittagong,NORMAL,chittagong-normal-7597,test,53177e576051ac62fc19570df967c267f9254d8ce5ada51b9ba43ce6e45be675,chittagong\nested_0\Training\normal\normal-7597.jpg,data\interim\selected\chittagong_NORMAL_0041.jpg,data/processed/images/chittagong_NORMAL_0041.png
chittagong_NORMAL_0042,chittagong,NORMAL,chittagong-normal-8081,test,5c88c736af70bca2209abfcdbf60b2e8a28f2c3d8a233302d037bc6585d3a1a6,chittagong\nested_0\Testing\normal\normal-8081.jpg,data\interim\selected\chittagong_NORMAL_0042.jpg,data/processed/images/chittagong_NORMAL_0042.png
chittagong_NORMAL_0043,chittagong,NORMAL,chittagong-normal-7965,test,5ec68bbc08ed3d802beef7dbd14c5f0c733b10c431e78b71aaed3c0f479c967e,chittagong\nested_0\Testing\normal\normal-7965.jpg,data\interim\selected\chittagong_NORMAL_0043.jpg,data/processed/images/chittagong_NORMAL_0043.png
chittagong_NORMAL_0044,chittagong,NORMAL,chittagong-normal-7647,test,635dbc8f76c6a4549e565bd2814f7da449bb5e0491f8758241205dfcddbc1ac9,chittagong\nested_0\Training\normal\normal-7647.jpg,data\interim\selected\chittagong_NORMAL_0044.jpg,data/processed/images/chittagong_NORMAL_0044.png
chittagong_NORMAL_0045,chittagong,NORMAL,chittagong-normal-7960,test,64081c55899a5c6c85343c0d5e81005c458044dd2d9a119f802108f687085117,chittagong\nested_0\Testing\normal\normal-7960.jpg,data\interim\selected\chittagong_NORMAL_0045.jpg,data/processed/images/chittagong_NORMAL_0045.png
chittagong_NORMAL_0046,chittagong,NORMAL,chittagong-normal-7948,test,6972c85c855375216162932355ecffcb76c3f66fa8706235c91d04519c0ca129,chittagong\nested_0\Testing\normal\normal-7948.jpg,data\interim\selected\chittagong_NORMAL_0046.jpg,data/processed/images/chittagong_NORMAL_0046.png
chittagong_NORMAL_0047,chittagong,NORMAL,chittagong-normal-7052,test,6b060e5395ef01fa179108bc2cbeae3128d6dccccb5e80e9cbfe487a1d84c85e,chittagong\nested_0\Training\normal\normal-7052.jpg,data\interim\selected\chittagong_NORMAL_0047.jpg,data/processed/images/chittagong_NORMAL_0047.png
chittagong_NORMAL_0048,chittagong,NORMAL,chittagong-normal-706,test,742c251a2a4c17795bd06f353123690911300532d9d2dbfe74e6a49f2696489a,chittagong\nested_0\Training\normal\normal-706.jpg,data\interim\selected\chittagong_NORMAL_0048.jpg,data/processed/images/chittagong_NORMAL_0048.png
chittagong_NORMAL_0049,chittagong,NORMAL,chittagong-normal-81,test,74f7094dfdd6bd6a5f85dd2ac9dcbb720474c609b6fbe757b10d4e4cc5232e75,chittagong\nested_0\Training\normal\normal-81.jpg,data\interim\selected\chittagong_NORMAL_0049.jpg,data/processed/images/chittagong_NORMAL_0049.png
chittagong_NORMAL_0050,chittagong,NORMAL,chittagong-normal-8133,test,824421227c31824ad06611f7d220814188ba477f7b2702027bec2bc44dcf2dc9,chittagong\nested_0\Testing\normal\normal-8133.jpg,data\interim\selected\chittagong_NORMAL_0050.jpg,data/processed/images/chittagong_NORMAL_0050.png
chittagong_NORMAL_0051,chittagong,NORMAL,chittagong-normal-592,test,83940f563c996fc51e1f9b5dd4ec90dd6193801ab1b6e1d9154ad409945d5c39,chittagong\nested_0\Training\normal\normal-592.jpg,data\interim\selected\chittagong_NORMAL_0051.jpg,data/processed/images/chittagong_NORMAL_0051.png
chittagong_NORMAL_0052,chittagong,NORMAL,chittagong-normal-7559,test,843ccc0de3cfb83e5098a925f2f78e41400948607ac4a62899350ad3178fcbd4,chittagong\nested_0\Training\normal\normal-7559.jpg,data\interim\selected\chittagong_NORMAL_0052.jpg,data/processed/images/chittagong_NORMAL_0052.png
chittagong_NORMAL_0053,chittagong,NORMAL,chittagong-normal-7364,test,8794d871c7b76ad121a2db0b65f620d72b1c268c31a0bce4de3222d62cdc0676,chittagong\nested_0\Training\normal\normal-7364.jpg,data\interim\selected\chittagong_NORMAL_0053.jpg,data/processed/images/chittagong_NORMAL_0053.png
chittagong_NORMAL_0054,chittagong,NORMAL,chittagong-normal-618,test,88c85dd5e2d3333e0cee8a1bc23098889851b18c8157ff9090da825389a86670,chittagong\nested_0\Training\normal\normal-618.jpg,data\interim\selected\chittagong_NORMAL_0054.jpg,data/processed/images/chittagong_NORMAL_0054.png
chittagong_NORMAL_0055,chittagong,NORMAL,chittagong-normal-8167,test,89465483fc80226f5b01f23b1eddce3b6a9b5cb999228321742b53f80a3d84b6,chittagong\nested_0\Testing\normal\normal-8167.jpg,data\interim\selected\chittagong_NORMAL_0055.jpg,data/processed/images/chittagong_NORMAL_0055.png
chittagong_NORMAL_0056,chittagong,NORMAL,chittagong-normal-781,test,8a7ac1833092d5c66ebc67d81d876a3116a24cbef6e9c271f24f392516323f2e,chittagong\nested_0\Training\normal\normal-781.jpg,data\interim\selected\chittagong_NORMAL_0056.jpg,data/processed/images/chittagong_NORMAL_0056.png
chittagong_NORMAL_0057,chittagong,NORMAL,chittagong-normal-8026,test,8a9675598d49d49f051f416d98e8d0cf15334ed94442556e1653d140f2ad9b40,chittagong\nested_0\Testing\normal\normal-8026.jpg,data\interim\selected\chittagong_NORMAL_0057.jpg,data/processed/images/chittagong_NORMAL_0057.png
chittagong_NORMAL_0058,chittagong,NORMAL,chittagong-normal-680,test,8e767224e84eb878015cfcf31987c46c26b9c18d7fcdd5677d90f6757403f137,chittagong\nested_0\Training\normal\normal-680.jpg,data\interim\selected\chittagong_NORMAL_0058.jpg,data/processed/images/chittagong_NORMAL_0058.png
chittagong_NORMAL_0059,chittagong,NORMAL,chittagong-normal-839,test,8e792618c4cf03d59325760bbb63a7e20001263962f7c7db2ae209f603c2a506,chittagong\nested_0\Training\normal\normal-839.jpg,data\interim\selected\chittagong_NORMAL_0059.jpg,data/processed/images/chittagong_NORMAL_0059.png
chittagong_NORMAL_0060,chittagong,NORMAL,chittagong-normal-7210,test,9207fd71a649b271919b526cc4272274cd8ab92def9c267e0aefcc9744c15f10,chittagong\nested_0\Training\normal\normal-7210.jpg,data\interim\selected\chittagong_NORMAL_0060.jpg,data/processed/images/chittagong_NORMAL_0060.png
chittagong_NORMAL_0061,chittagong,NORMAL,chittagong-normal-7688,test,93a62d859115fa4b7164f9d52982f2d0300e98115e87a888ae6e13f158ea4696,chittagong\nested_0\Testing\normal\normal-7688.jpg,data\interim\selected\chittagong_NORMAL_0061.jpg,data/processed/images/chittagong_NORMAL_0061.png
chittagong_NORMAL_0062,chittagong,NORMAL,chittagong-normal-7302,test,9460c9d367728ac2f3ba7e3342350003c246d2bbd5c74f880fdde574c6cc0079,chittagong\nested_0\Training\normal\normal-7302.jpg,data\interim\selected\chittagong_NORMAL_0062.jpg,data/processed/images/chittagong_NORMAL_0062.png
chittagong_NORMAL_0063,chittagong,NORMAL,chittagong-normal-7983,test,964d9c6906ca8ca0a7e89437f741d4d705a6633692276c1247b74740228ad35c,chittagong\nested_0\Testing\normal\normal-7983.jpg,data\interim\selected\chittagong_NORMAL_0063.jpg,data/processed/images/chittagong_NORMAL_0063.png
chittagong_NORMAL_0064,chittagong,NORMAL,chittagong-normal-7474,test,970998f9fc45288349290e9e9b937c329a029dbb47b44b00337920f733b3bbae,chittagong\nested_0\Training\normal\normal-7474.jpg,data\interim\selected\chittagong_NORMAL_0064.jpg,data/processed/images/chittagong_NORMAL_0064.png
chittagong_NORMAL_0065,chittagong,NORMAL,chittagong-normal-7557,test,99f55466fd73ba7c1241fbe5a809fece554da5beb03a72b036f9757dc5cd54bb,chittagong\nested_0\Training\normal\normal-7557.jpg,data\interim\selected\chittagong_NORMAL_0065.jpg,data/processed/images/chittagong_NORMAL_0065.png
chittagong_NORMAL_0066,chittagong,NORMAL,chittagong-normal-7463,test,9a3cd704f344c07f1af1c7bccbaa9259207b63a2ce38824557c3a077ce7b3590,chittagong\nested_0\Training\normal\normal-7463.jpg,data\interim\selected\chittagong_NORMAL_0066.jpg,data/processed/images/chittagong_NORMAL_0066.png
chittagong_NORMAL_0067,chittagong,NORMAL,chittagong-normal-7408,test,9be6017e222f6adff3089a3e41a6ec9491c3032eee98df51034dd5580edbcd10,chittagong\nested_0\Training\normal\normal-7408.jpg,data\interim\selected\chittagong_NORMAL_0067.jpg,data/processed/images/chittagong_NORMAL_0067.png
chittagong_NORMAL_0068,chittagong,NORMAL,chittagong-normal-7227,test,9cc901ac7da1495d826bc8b0e263f5ec4996038e9034ecd40951102927d9f013,chittagong\nested_0\Training\normal\normal-7227.jpg,data\interim\selected\chittagong_NORMAL_0068.jpg,data/processed/images/chittagong_NORMAL_0068.png
chittagong_NORMAL_0069,chittagong,NORMAL,chittagong-normal-7418,test,9e1a3ee12c74cec32f3ad1b21a9c8a282caf02df70a0b38dee9d6064d3206c75,chittagong\nested_0\Training\normal\normal-7418.jpg,data\interim\selected\chittagong_NORMAL_0069.jpg,data/processed/images/chittagong_NORMAL_0069.png
chittagong_NORMAL_0070,chittagong,NORMAL,chittagong-normal-7334,test,a83126a250ce5030405683a579c42b5c1c4584373fd79dfe6f4b8dc0f6928934,chittagong\nested_0\Training\normal\normal-7334.jpg,data\interim\selected\chittagong_NORMAL_0070.jpg,data/processed/images/chittagong_NORMAL_0070.png
chittagong_NORMAL_0071,chittagong,NORMAL,chittagong-normal-7891,test,a9ec287b09514c7fe12b9237380ffe8fa05fd87890e830b2792ef7b6ad27176b,chittagong\nested_0\Testing\normal\normal-7891.jpg,data\interim\selected\chittagong_NORMAL_0071.jpg,data/processed/images/chittagong_NORMAL_0071.png
chittagong_NORMAL_0072,chittagong,NORMAL,chittagong-normal-748,test,aa1d24f9ecc2f741eab901cfa73eae18f2228287d002cdf4ce9c2ee5158656dc,chittagong\nested_0\Training\normal\normal-748.jpg,data\interim\selected\chittagong_NORMAL_0072.jpg,data/processed/images/chittagong_NORMAL_0072.png
chittagong_NORMAL_0073,chittagong,NORMAL,chittagong-normal-7369,test,ab2a831535a8f8eebf09ad5b03f00675e12291990e01148b228f4875fa2f3ab9,chittagong\nested_0\Training\normal\normal-7369.jpg,data\interim\selected\chittagong_NORMAL_0073.jpg,data/processed/images/chittagong_NORMAL_0073.png
chittagong_NORMAL_0074,chittagong,NORMAL,chittagong-normal-775,test,ad456e0494c6693bdf1e4e0ed06ae145ac523e80eb054517e948d54a7b0a8761,chittagong\nested_0\Training\normal\normal-775.jpg,data\interim\selected\chittagong_NORMAL_0074.jpg,data/processed/images/chittagong_NORMAL_0074.png
chittagong_NORMAL_0075,chittagong,NORMAL,chittagong-normal-7508,test,af9c063d0503f793ea98f09701034ac4eab652a9c8b71e27f26f0771a349e04f,chittagong\nested_0\Training\normal\normal-7508.jpg,data\interim\selected\chittagong_NORMAL_0075.jpg,data/processed/images/chittagong_NORMAL_0075.png
chittagong_NORMAL_0076,chittagong,NORMAL,chittagong-normal-684,test,b0fbd93328191cf6d31074b38719bccec34d25d05bed11f1b72c26dd1e4ee949,chittagong\nested_0\Training\normal\normal-684.jpg,data\interim\selected\chittagong_NORMAL_0076.jpg,data/processed/images/chittagong_NORMAL_0076.png
chittagong_NORMAL_0077,chittagong,NORMAL,chittagong-normal-896,test,b1c1fff67bc2710be99e7341dfeb7ed7a2b887129ff2afd07000dbd6f5303cb1,chittagong\nested_0\Training\normal\normal-896.jpg,data\interim\selected\chittagong_NORMAL_0077.jpg,data/processed/images/chittagong_NORMAL_0077.png
chittagong_NORMAL_0078,chittagong,NORMAL,chittagong-normal-7961,test,b1cea9d18b86dda5303c289005f74b457e3764b8c897de47ae912f2367b64bea,chittagong\nested_0\Testing\normal\normal-7961.jpg,data\interim\selected\chittagong_NORMAL_0078.jpg,data/processed/images/chittagong_NORMAL_0078.png
chittagong_NORMAL_0079,chittagong,NORMAL,chittagong-normal-7671,test,b219798a74c28f9e8011a26ed6204ae570b5ee9887222341ea830dcf4bb47928,chittagong\nested_0\Training\normal\normal-7671.jpg,data\interim\selected\chittagong_NORMAL_0079.jpg,data/processed/images/chittagong_NORMAL_0079.png
chittagong_NORMAL_0080,chittagong,NORMAL,chittagong-normal-7109,test,b2404aa5c9051bc3985e2f0189f40df62115e3e05dc10c4c46bc88651a00cc78,chittagong\nested_0\Training\normal\normal-7109.jpg,data\interim\selected\chittagong_NORMAL_0080.jpg,data/processed/images/chittagong_NORMAL_0080.png
chittagong_NORMAL_0081,chittagong,NORMAL,chittagong-normal-7507,test,b25e677a3a1ce9fac79aa294ee883409af7ecfbdacbded7bc2ce834653c11b1f,chittagong\nested_0\Training\normal\normal-7507.jpg,data\interim\selected\chittagong_NORMAL_0081.jpg,data/processed/images/chittagong_NORMAL_0081.png
chittagong_NORMAL_0082,chittagong,NORMAL,chittagong-normal-7324,test,b57501e7829bef00f9fcbc938ca2093ff5b757a9604316b3b1de09e324b8857e,chittagong\nested_0\Training\normal\normal-7324.jpg,data\interim\selected\chittagong_NORMAL_0082.jpg,data/processed/images/chittagong_NORMAL_0082.png
chittagong_NORMAL_0083,chittagong,NORMAL,chittagong-normal-7488,test,ba968632cf55e24325c87dc5334028697aa46d929119d4f22ce1f98ba2b8cfd3,chittagong\nested_0\Training\normal\normal-7488.jpg,data\interim\selected\chittagong_NORMAL_0083.jpg,data/processed/images/chittagong_NORMAL_0083.png
chittagong_NORMAL_0084,chittagong,NORMAL,chittagong-normal-7690,test,bd5a6f8cc9dac3b798313ed75d744a306186c7affaf0983c8d2a021b82652a21,chittagong\nested_0\Testing\normal\normal-7690.jpg,data\interim\selected\chittagong_NORMAL_0084.jpg,data/processed/images/chittagong_NORMAL_0084.png
chittagong_NORMAL_0085,chittagong,NORMAL,chittagong-normal-8157,test,c04e8e23610d2d9d7ecbf797e1085c07589d0b488af7c44922e484f01f8bbe3c,chittagong\nested_0\Testing\normal\normal-8157.jpg,data\interim\selected\chittagong_NORMAL_0085.jpg,data/processed/images/chittagong_NORMAL_0085.png
chittagong_NORMAL_0086,chittagong,NORMAL,chittagong-normal-8162,test,c250d0a94d55782b86fef7d1234be711bc33596b5bd56b9c18e17eadc9b11f1d,chittagong\nested_0\Testing\normal\normal-8162.jpg,data\interim\selected\chittagong_NORMAL_0086.jpg,data/processed/images/chittagong_NORMAL_0086.png
chittagong_NORMAL_0087,chittagong,NORMAL,chittagong-normal-787,test,c3ab2d3d48f4dff6791fb7d61414e6ec6c6955e87133b617cd2511149b0e8e4f,chittagong\nested_0\Training\normal\normal-787.jpg,data\interim\selected\chittagong_NORMAL_0087.jpg,data/processed/images/chittagong_NORMAL_0087.png
chittagong_NORMAL_0088,chittagong,NORMAL,chittagong-normal-8034,test,c4f46c4f633d42859ea700f6f24e8307601b33c84415ed603108df708823ce1e,chittagong\nested_0\Testing\normal\normal-8034.jpg,data\interim\selected\chittagong_NORMAL_0088.jpg,data/processed/images/chittagong_NORMAL_0088.png
chittagong_NORMAL_0089,chittagong,NORMAL,chittagong-normal-726,test,c606fc77a1f29a0af44f34af05b8df4ae7f2583c8a6802e0787044a3e6c50d1b,chittagong\nested_0\Training\normal\normal-726.jpg,data\interim\selected\chittagong_NORMAL_0089.jpg,data/processed/images/chittagong_NORMAL_0089.png
chittagong_NORMAL_0090,chittagong,NORMAL,chittagong-normal-7123,test,c8236c00c35f137255ebbf144a638ee6df6634d6199c1e44ed109728b2965960,chittagong\nested_0\Training\normal\normal-7123.jpg,data\interim\selected\chittagong_NORMAL_0090.jpg,data/processed/images/chittagong_NORMAL_0090.png
chittagong_NORMAL_0091,chittagong,NORMAL,chittagong-normal-7219,test,c8837e9daff216c90c2b38dce8926856619c188cad3e1d8d167ab1351e726d85,chittagong\nested_0\Training\normal\normal-7219.jpg,data\interim\selected\chittagong_NORMAL_0091.jpg,data/processed/images/chittagong_NORMAL_0091.png
chittagong_NORMAL_0092,chittagong,NORMAL,chittagong-normal-657,test,c8f219072e0650fdfa777596a64f76faf3f330f22e701fa2b16b3c8718e0c898,chittagong\nested_0\Training\normal\normal-657.jpg,data\interim\selected\chittagong_NORMAL_0092.jpg,data/processed/images/chittagong_NORMAL_0092.png
chittagong_NORMAL_0093,chittagong,NORMAL,chittagong-normal-7174,test,c99218eb39c3dc5d4a1b45149a33534d70b768abeb9b29240e842fc053754958,chittagong\nested_0\Training\normal\normal-7174.jpg,data\interim\selected\chittagong_NORMAL_0093.jpg,data/processed/images/chittagong_NORMAL_0093.png
chittagong_NORMAL_0094,chittagong,NORMAL,chittagong-normal-7271,test,cf3e20df354eedd4d925fe9df68e59711c731b5f763a05186097b5562973f700,chittagong\nested_0\Training\normal\normal-7271.jpg,data\interim\selected\chittagong_NORMAL_0094.jpg,data/processed/images/chittagong_NORMAL_0094.png
chittagong_NORMAL_0095,chittagong,NORMAL,chittagong-normal-7186,test,d227064b9c4037f3bb3a5ddb0452daa2303e8d25233e72894c676017350e8a40,chittagong\nested_0\Training\normal\normal-7186.jpg,data\interim\selected\chittagong_NORMAL_0095.jpg,data/processed/images/chittagong_NORMAL_0095.png
chittagong_NORMAL_0096,chittagong,NORMAL,chittagong-normal-7349,test,d51c8ba35d01c7ff8bf4f15637e221b90a0150bb37c68c98edbca076e594d84f,chittagong\nested_0\Training\normal\normal-7349.jpg,data\interim\selected\chittagong_NORMAL_0096.jpg,data/processed/images/chittagong_NORMAL_0096.png
chittagong_NORMAL_0097,chittagong,NORMAL,chittagong-normal-598,test,d62a7a78b8cc819ad6bc1a56d21f42fc318a90ef57dba4c9534c413dc1f916df,chittagong\nested_0\Training\normal\normal-598.jpg,data\interim\selected\chittagong_NORMAL_0097.jpg,data/processed/images/chittagong_NORMAL_0097.png
chittagong_NORMAL_0098,chittagong,NORMAL,chittagong-normal-7970,test,da1414a537a9f5ce488a6a61b14242baa5a42dc7712562e3eac284636546d0f4,chittagong\nested_0\Testing\normal\normal-7970.jpg,data\interim\selected\chittagong_NORMAL_0098.jpg,data/processed/images/chittagong_NORMAL_0098.png
chittagong_NORMAL_0099,chittagong,NORMAL,chittagong-normal-7631,test,da847555f27e131d6774f40df80285b96859e90e5fdc243a6e8d3225b58b001f,chittagong\nested_0\Training\normal\normal-7631.jpg,data\interim\selected\chittagong_NORMAL_0099.jpg,data/processed/images/chittagong_NORMAL_0099.png
chittagong_NORMAL_0100,chittagong,NORMAL,chittagong-normal-907,test,dad155b3c09985ef536402a80a6a8040362e2fdfeb7ea1afa058d661480b5d26,chittagong\nested_0\Training\normal\normal-907.jpg,data\interim\selected\chittagong_NORMAL_0100.jpg,data/processed/images/chittagong_NORMAL_0100.png
chittagong_NORMAL_0101,chittagong,NORMAL,chittagong-normal-8012,test,dd0857c20b139266d306933ad4244e376eb4842aff74ea504b0abfa101ab7ac6,chittagong\nested_0\Testing\normal\normal-8012.jpg,data\interim\selected\chittagong_NORMAL_0101.jpg,data/processed/images/chittagong_NORMAL_0101.png
chittagong_NORMAL_0102,chittagong,NORMAL,chittagong-normal-815,test,dd4edc87d9526bc5bc81b98ea66f7eb6b233cbf0555c9253d8553cb7f34054be,chittagong\nested_0\Training\normal\normal-815.jpg,data\interim\selected\chittagong_NORMAL_0102.jpg,data/processed/images/chittagong_NORMAL_0102.png
chittagong_NORMAL_0103,chittagong,NORMAL,chittagong-normal-7870,test,e0b44d2a1339ab9c9051fa51f13bd88c0e751244aef694e4f69d06e28c94554d,chittagong\nested_0\Testing\normal\normal-7870.jpg,data\interim\selected\chittagong_NORMAL_0103.jpg,data/processed/images/chittagong_NORMAL_0103.png
chittagong_NORMAL_0104,chittagong,NORMAL,chittagong-normal-627,test,e159013105f011f67a92d0aa6672527bd7cab29aeae5da0b81a3b32cd9713734,chittagong\nested_0\Training\normal\normal-627.jpg,data\interim\selected\chittagong_NORMAL_0104.jpg,data/processed/images/chittagong_NORMAL_0104.png
chittagong_NORMAL_0105,chittagong,NORMAL,chittagong-normal-7137,test,e1b57037ae0a26256dec70e6d887dbbd259698fe68c531b21499922777e5c935,chittagong\nested_0\Training\normal\normal-7137.jpg,data\interim\selected\chittagong_NORMAL_0105.jpg,data/processed/images/chittagong_NORMAL_0105.png
chittagong_NORMAL_0106,chittagong,NORMAL,chittagong-normal-894,test,e2969329dfb7cd06a95aae8be29b9d7b53d965a528b5bad0895c5cd396ffd50d,chittagong\nested_0\Training\normal\normal-894.jpg,data\interim\selected\chittagong_NORMAL_0106.jpg,data/processed/images/chittagong_NORMAL_0106.png
chittagong_NORMAL_0107,chittagong,NORMAL,chittagong-normal-7370,test,e4078fbf067773d0efe20d73ace3f4bea57ea133e66a658df654936900c333a2,chittagong\nested_0\Training\normal\normal-7370.jpg,data\interim\selected\chittagong_NORMAL_0107.jpg,data/processed/images/chittagong_NORMAL_0107.png
chittagong_NORMAL_0108,chittagong,NORMAL,chittagong-normal-7476,test,e51a3609d938d22aad682260e2efa81495e5346176c8adeb70a1f41a4b7fbfda,chittagong\nested_0\Training\normal\normal-7476.jpg,data\interim\selected\chittagong_NORMAL_0108.jpg,data/processed/images/chittagong_NORMAL_0108.png
chittagong_NORMAL_0109,chittagong,NORMAL,chittagong-normal-760,test,e6466fce6046e05a8435b5106c674d98eb9431f9c4ad9425ab2cae0add6c91b4,chittagong\nested_0\Training\normal\normal-760.jpg,data\interim\selected\chittagong_NORMAL_0109.jpg,data/processed/images/chittagong_NORMAL_0109.png
chittagong_NORMAL_0110,chittagong,NORMAL,chittagong-normal-674,test,eb34ce37b6cf8b6bdc546cfa8a99810592cc87b44b1bfae718364788ade12419,chittagong\nested_0\Training\normal\normal-674.jpg,data\interim\selected\chittagong_NORMAL_0110.jpg,data/processed/images/chittagong_NORMAL_0110.png
chittagong_NORMAL_0111,chittagong,NORMAL,chittagong-normal-7166,test,ec37096ca4a722d5ea624cc2ca0fd08285bf6810f33045d4ef98cc09c97d888a,chittagong\nested_0\Training\normal\normal-7166.jpg,data\interim\selected\chittagong_NORMAL_0111.jpg,data/processed/images/chittagong_NORMAL_0111.png
chittagong_NORMAL_0112,chittagong,NORMAL,chittagong-normal-7662,test,ed5f908d1944c3ea2b4368c3ad59c362c9bfe33f29477b33c6a99b517f703b02,chittagong\nested_0\Training\normal\normal-7662.jpg,data\interim\selected\chittagong_NORMAL_0112.jpg,data/processed/images/chittagong_NORMAL_0112.png
chittagong_NORMAL_0113,chittagong,NORMAL,chittagong-normal-7592,test,ed9ec7669bae432845d7d8f64d081ff3b08cebaeb665678ac1c444b312c33068,chittagong\nested_0\Training\normal\normal-7592.jpg,data\interim\selected\chittagong_NORMAL_0113.jpg,data/processed/images/chittagong_NORMAL_0113.png
chittagong_NORMAL_0114,chittagong,NORMAL,chittagong-normal-7046,test,ef6af27e4ef5770464de6ec3e7520e74d5eb8ecf47ce2b468c001d72980f5af1,chittagong\nested_0\Training\normal\normal-7046.jpg,data\interim\selected\chittagong_NORMAL_0114.jpg,data/processed/images/chittagong_NORMAL_0114.png
chittagong_NORMAL_0115,chittagong,NORMAL,chittagong-normal-87,test,f3899c0c34031d98b9fe984ca68f8f665a8f5f13f05fa4959eed386fba03b398,chittagong\nested_0\Training\normal\normal-87.jpg,data\interim\selected\chittagong_NORMAL_0115.jpg,data/processed/images/chittagong_NORMAL_0115.png
chittagong_NORMAL_0116,chittagong,NORMAL,chittagong-normal-7977,test,f6c68efb1dc8e3210f6ad22636a866c09c7b8352bda59b4a3dfadc061f14268f,chittagong\nested_0\Testing\normal\normal-7977.jpg,data\interim\selected\chittagong_NORMAL_0116.jpg,data/processed/images/chittagong_NORMAL_0116.png
chittagong_NORMAL_0117,chittagong,NORMAL,chittagong-normal-7547,test,f9b36f99f2a37efab433bdc9ed77fa140ab41d322c94f4d73a804f35bc2968b4,chittagong\nested_0\Training\normal\normal-7547.jpg,data\interim\selected\chittagong_NORMAL_0117.jpg,data/processed/images/chittagong_NORMAL_0117.png
chittagong_NORMAL_0118,chittagong,NORMAL,chittagong-normal-7598,test,fe7fe33a2be3367f077d3bc231fc77cf1e33267c5a3f9efff21852f8f3c96ec2,chittagong\nested_0\Training\normal\normal-7598.jpg,data\interim\selected\chittagong_NORMAL_0118.jpg,data/processed/images/chittagong_NORMAL_0118.png
chittagong_NORMAL_0119,chittagong,NORMAL,chittagong-normal-826,test,fec514ae55b0ee89efbe549ca838c2a0b73a1938630b42748ad248307424f6e2,chittagong\nested_0\Training\normal\normal-826.jpg,data\interim\selected\chittagong_NORMAL_0119.jpg,data/processed/images/chittagong_NORMAL_0119.png
kermany_NORMAL_0120,kermany,NORMAL,kermany-im-0319,test,014dc9f6c6cf5575afdef3891217683cbfe74df4149c13cdc9b9bc841688caf7,kermany\train\NORMAL\IM-0319-0001.jpeg,data\interim\selected\kermany_NORMAL_0120.jpeg,data/processed/images/kermany_NORMAL_0120.png
kermany_NORMAL_0121,kermany,NORMAL,kermany-im-0659,test,0768f0de95812137d385bc1c10f1b7b873a46e2b53bb813ad61d2622957d7b35,kermany\train\NORMAL\IM-0659-0001.jpeg,data\interim\selected\kermany_NORMAL_0121.jpeg,data/processed/images/kermany_NORMAL_0121.png
kermany_NORMAL_0122,kermany,NORMAL,kermany-im-0907,test,0bf99ea604c71979b499d7116410b3671a317c58486d92727ae5098931057380,kermany\train\NORMAL\NORMAL2-IM-0907-0001.jpeg,data\interim\selected\kermany_NORMAL_0122.jpeg,data/processed/images/kermany_NORMAL_0122.png
kermany_NORMAL_0123,kermany,NORMAL,kermany-im-1337,test,0efa609e23012c3987dfa31f31a836e52ed49f089fbf4effb22ae1d17ba340f1,kermany\train\NORMAL\NORMAL2-IM-1337-0001.jpeg,data\interim\selected\kermany_NORMAL_0123.jpeg,data/processed/images/kermany_NORMAL_0123.png
kermany_NORMAL_0124,kermany,NORMAL,kermany-im-0248,test,0fdd17f9e7ce7a525551e2822a48dda101a034e80c51feb2bb4fb6e8aebd2be8,kermany\train\NORMAL\IM-0248-0001.jpeg,data\interim\selected\kermany_NORMAL_0124.jpeg,data/processed/images/kermany_NORMAL_0124.png
kermany_NORMAL_0125,kermany,NORMAL,kermany-im-0946,test,10fc5a1b1a7d495efeb54bfd681c9b194d8776f27f483b0cc91225b7f709e990,kermany\train\NORMAL\NORMAL2-IM-0946-0001.jpeg,data\interim\selected\kermany_NORMAL_0125.jpeg,data/processed/images/kermany_NORMAL_0125.png
kermany_NORMAL_0126,kermany,NORMAL,kermany-im-1053,test,15e1025a30f3617f5c0782f3b3aded3835ab2ee08007590fec7d97c07ee46aff,kermany\train\NORMAL\NORMAL2-IM-1053-0001.jpeg,data\interim\selected\kermany_NORMAL_0126.jpeg,data/processed/images/kermany_NORMAL_0126.png
kermany_NORMAL_0127,kermany,NORMAL,kermany-im-0602,test,18c464a193b83a261f8234af07c010ac7d4f69bbd4d0f43f883486c1ee17d376,kermany\train\NORMAL\NORMAL2-IM-0602-0001.jpeg,data\interim\selected\kermany_NORMAL_0127.jpeg,data/processed/images/kermany_NORMAL_0127.png
kermany_NORMAL_0128,kermany,NORMAL,kermany-im-0567,test,19183f05ee5f9b84e1b29849e4d3be9543e6c8133feefb035820c3f7ea9eb4e5,kermany\train\NORMAL\NORMAL2-IM-0567-0001.jpeg,data\interim\selected\kermany_NORMAL_0128.jpeg,data/processed/images/kermany_NORMAL_0128.png
kermany_NORMAL_0129,kermany,NORMAL,kermany-im-1206,test,19a66b71178ee6be86357da9af2058ed1073805eae4a72c0968652eac23d839c,kermany\train\NORMAL\NORMAL2-IM-1206-0001.jpeg,data\interim\selected\kermany_NORMAL_0129.jpeg,data/processed/images/kermany_NORMAL_0129.png
kermany_NORMAL_0130,kermany,NORMAL,kermany-im-1038,test,2464f17522d0dd7544a7686ef747fff683606837d059c273eee9c249aae7f4f9,kermany\train\NORMAL\NORMAL2-IM-1038-0001.jpeg,data\interim\selected\kermany_NORMAL_0130.jpeg,data/processed/images/kermany_NORMAL_0130.png
kermany_NORMAL_0131,kermany,NORMAL,kermany-im-0561,test,2794fb2dd3d3e90083cf6c08e290459e770a9f85f59c6a97f67fb6a25820dd68,kermany\train\NORMAL\NORMAL2-IM-0561-0001.jpeg,data\interim\selected\kermany_NORMAL_0131.jpeg,data/processed/images/kermany_NORMAL_0131.png
kermany_NORMAL_0132,kermany,NORMAL,kermany-im-0955,test,2c525ad50cff012200589b49ec2c820655d06d9b1d8a7069a974d8baf3612375,kermany\train\NORMAL\NORMAL2-IM-0955-0001.jpeg,data\interim\selected\kermany_NORMAL_0132.jpeg,data/processed/images/kermany_NORMAL_0132.png
kermany_NORMAL_0133,kermany,NORMAL,kermany-im-0631,test,2e73ce1c61456e24589ac4fe0798497320c2576029af0103a1cc27496ae71c97,kermany\train\NORMAL\IM-0631-0001-0001.jpeg,data\interim\selected\kermany_NORMAL_0133.jpeg,data/processed/images/kermany_NORMAL_0133.png
kermany_NORMAL_0134,kermany,NORMAL,kermany-im-0404,test,316c43142d87d195cb4497c4c27781f02b563e18291cdc941704fa8fe8b96372,kermany\train\NORMAL\NORMAL2-IM-0404-0001.jpeg,data\interim\selected\kermany_NORMAL_0134.jpeg,data/processed/images/kermany_NORMAL_0134.png
kermany_NORMAL_0135,kermany,NORMAL,kermany-im-0226,test,37e2301a1407a469eed229080eb4d834075f8b96a299076b8328c1a6051aee83,kermany\train\NORMAL\IM-0226-0001.jpeg,data\interim\selected\kermany_NORMAL_0135.jpeg,data/processed/images/kermany_NORMAL_0135.png
kermany_NORMAL_0136,kermany,NORMAL,kermany-im-0704,test,3f2f24eb4c7b16d858e858a887d2d14486c80d9134815977b328eeb90ec68dea,kermany\train\NORMAL\IM-0704-0001.jpeg,data\interim\selected\kermany_NORMAL_0136.jpeg,data/processed/images/kermany_NORMAL_0136.png
kermany_NORMAL_0137,kermany,NORMAL,kermany-im-0602,test,44380cf86b6ec2a81ec45e7a1eecc794c5b428fcf99245057780352b8f31084a,kermany\train\NORMAL\IM-0602-0001.jpeg,data\interim\selected\kermany_NORMAL_0137.jpeg,data/processed/images/kermany_NORMAL_0137.png
kermany_NORMAL_0138,kermany,NORMAL,kermany-im-0923,test,444843432b5914e5772817824060b4f598c042d19a1a761463a61157bca13fc0,kermany\train\NORMAL\NORMAL2-IM-0923-0001.jpeg,data\interim\selected\kermany_NORMAL_0138.jpeg,data/processed/images/kermany_NORMAL_0138.png
kermany_NORMAL_0139,kermany,NORMAL,kermany-im-0357,test,47be01762ee6be35d4e44e715b29cdab47a8f968ba8819e8441bed67717d0c81,kermany\test\NORMAL\NORMAL2-IM-0357-0001.jpeg,data\interim\selected\kermany_NORMAL_0139.jpeg,data/processed/images/kermany_NORMAL_0139.png
kermany_NORMAL_0140,kermany,NORMAL,kermany-im-0569,test,4ac30d48391de9aa4ec3693df90d898fd63bdfe864041275aa271af3fc1a7e78,kermany\train\NORMAL\IM-0569-0001.jpeg,data\interim\selected\kermany_NORMAL_0140.jpeg,data/processed/images/kermany_NORMAL_0140.png
kermany_NORMAL_0141,kermany,NORMAL,kermany-im-0003,test,4dbfae8f7a29a9871b5b6e6febc33b2a4d14cbf9b4a0aef37e3db018f92798c3,kermany\test\NORMAL\IM-0003-0001.jpeg,data\interim\selected\kermany_NORMAL_0141.jpeg,data/processed/images/kermany_NORMAL_0141.png
kermany_NORMAL_0142,kermany,NORMAL,kermany-im-0145,test,4f89059db0dece3aa319f39850feb3fcb6626f53db1f76f13fe7bc0d9f277be0,kermany\train\NORMAL\IM-0145-0001.jpeg,data\interim\selected\kermany_NORMAL_0142.jpeg,data/processed/images/kermany_NORMAL_0142.png
kermany_NORMAL_0143,kermany,NORMAL,kermany-im-0507,test,515a00c38716aa59fad413053d6ab4b4b7af600912175d556e2f1701d7542836,kermany\train\NORMAL\NORMAL2-IM-0507-0001.jpeg,data\interim\selected\kermany_NORMAL_0143.jpeg,data/processed/images/kermany_NORMAL_0143.png
kermany_NORMAL_0144,kermany,NORMAL,kermany-im-0919,test,53d46343564c0fb9a5f0c64f794145d1a3ec7f80f2a758673bfe67069b324cd3,kermany\train\NORMAL\NORMAL2-IM-0919-0001.jpeg,data\interim\selected\kermany_NORMAL_0144.jpeg,data/processed/images/kermany_NORMAL_0144.png
kermany_NORMAL_0145,kermany,NORMAL,kermany-im-0530,test,548624b939c6c40101a5b9dae20ede753116530ab2010e4756edd02339524cc9,kermany\train\NORMAL\NORMAL2-IM-0530-0001.jpeg,data\interim\selected\kermany_NORMAL_0145.jpeg,data/processed/images/kermany_NORMAL_0145.png
kermany_NORMAL_0146,kermany,NORMAL,kermany-im-0626,test,5535bab14b0d9f738254fdadcf19cdad30e09c52b8df4ddcf845621d00a95a52,kermany\train\NORMAL\NORMAL2-IM-0626-0001.jpeg,data\interim\selected\kermany_NORMAL_0146.jpeg,data/processed/images/kermany_NORMAL_0146.png
kermany_NORMAL_0147,kermany,NORMAL,kermany-im-1123,test,55df1cdaca2cb8ee944dece54fe6ba906fdc5ae3eea60d004533bbfb2a14ed91,kermany\train\NORMAL\NORMAL2-IM-1123-0001.jpeg,data\interim\selected\kermany_NORMAL_0147.jpeg,data/processed/images/kermany_NORMAL_0147.png
kermany_NORMAL_0148,kermany,NORMAL,kermany-im-0637,test,56598c7a0a62bc0220d0169b14ab5bc8e19bb60dcfbf159e78350734b8f8f20d,kermany\train\NORMAL\NORMAL2-IM-0637-0001.jpeg,data\interim\selected\kermany_NORMAL_0148.jpeg,data/processed/images/kermany_NORMAL_0148.png
kermany_NORMAL_0149,kermany,NORMAL,kermany-im-0452,test,5872908f3f45c533db1f2e96ffaa900a5bed5f4dbd7bc856af228fe78b45200c,kermany\train\NORMAL\IM-0452-0001.jpeg,data\interim\selected\kermany_NORMAL_0149.jpeg,data/processed/images/kermany_NORMAL_0149.png
kermany_NORMAL_0150,kermany,NORMAL,kermany-im-0673,test,5985dda13c3a018b2cd375006e053a2977e5a273e6eb9149cbb61b3553240a68,kermany\train\NORMAL\IM-0673-0001.jpeg,data\interim\selected\kermany_NORMAL_0150.jpeg,data/processed/images/kermany_NORMAL_0150.png
kermany_NORMAL_0151,kermany,NORMAL,kermany-im-0683,test,59a3415dbe87a206245d1f95c666caf0b6e1c37b03a0dcd0f40b57d8a9940d80,kermany\train\NORMAL\NORMAL2-IM-0683-0001.jpeg,data\interim\selected\kermany_NORMAL_0151.jpeg,data/processed/images/kermany_NORMAL_0151.png
kermany_NORMAL_0152,kermany,NORMAL,kermany-im-0418,test,5c19a091e5fbfac88e1bd4d99e716689e3348045207985a339a8c89fab11e99a,kermany\train\NORMAL\NORMAL2-IM-0418-0001.jpeg,data\interim\selected\kermany_NORMAL_0152.jpeg,data/processed/images/kermany_NORMAL_0152.png
kermany_NORMAL_0153,kermany,NORMAL,kermany-im-0297,test,5d79277ec0401a7d76f610d286f8322e1947a37aed6232f975a88b4bc429cf9f,kermany\test\NORMAL\NORMAL2-IM-0297-0001.jpeg,data\interim\selected\kermany_NORMAL_0153.jpeg,data/processed/images/kermany_NORMAL_0153.png
kermany_NORMAL_0154,kermany,NORMAL,kermany-im-1290,test,5d8327386c4d038c6f5698531cd3c8845bef0629a69655f754b9b50c4b22733d,kermany\train\NORMAL\NORMAL2-IM-1290-0001.jpeg,data\interim\selected\kermany_NORMAL_0154.jpeg,data/processed/images/kermany_NORMAL_0154.png
kermany_NORMAL_0155,kermany,NORMAL,kermany-im-0658,test,5f1a7bcf2e2066347066882a61c68ac5aa1de38e774ce0ed7404f07d673e8a02,kermany\train\NORMAL\IM-0658-0001.jpeg,data\interim\selected\kermany_NORMAL_0155.jpeg,data/processed/images/kermany_NORMAL_0155.png
kermany_NORMAL_0156,kermany,NORMAL,kermany-im-1379,test,5f971d4f36f0d5ccb3bb3f4d7374569a99ab8568c3327cfcbcb262244d3bc22d,kermany\train\NORMAL\NORMAL2-IM-1379-0001.jpeg,data\interim\selected\kermany_NORMAL_0156.jpeg,data/processed/images/kermany_NORMAL_0156.png
kermany_NORMAL_0157,kermany,NORMAL,kermany-im-0283,test,614359deecd59e3a2347e1e343c4e899c2b3065e824c36603fbd46d6f291d1ce,kermany\train\NORMAL\IM-0283-0001.jpeg,data\interim\selected\kermany_NORMAL_0157.jpeg,data/processed/images/kermany_NORMAL_0157.png
kermany_NORMAL_0158,kermany,NORMAL,kermany-im-0582,test,623f91c9cccc7e831a0681f829799847581fc3ea826d24b0ac5ae76511498736,kermany\train\NORMAL\IM-0582-0001.jpeg,data\interim\selected\kermany_NORMAL_0158.jpeg,data/processed/images/kermany_NORMAL_0158.png
kermany_NORMAL_0159,kermany,NORMAL,kermany-im-1130,test,62b87dd3b65a9cda0a34627b1959089380908cf9d9a18c9084def143b8ab9605,kermany\train\NORMAL\NORMAL2-IM-1130-0001.jpeg,data\interim\selected\kermany_NORMAL_0159.jpeg,data/processed/images/kermany_NORMAL_0159.png
kermany_NORMAL_0160,kermany,NORMAL,kermany-im-0645,test,67572205c324b3e0dffd2420ea115f48e411b92463c09951d64bec5c886ac1bb,kermany\train\NORMAL\IM-0645-0001.jpeg,data\interim\selected\kermany_NORMAL_0160.jpeg,data/processed/images/kermany_NORMAL_0160.png
kermany_NORMAL_0161,kermany,NORMAL,kermany-im-0389,test,688989c6884e6d21d95ab2a6d743abb72e905423a88905acecfdc399cfe54a2f,kermany\train\NORMAL\NORMAL2-IM-0389-0001.jpeg,data\interim\selected\kermany_NORMAL_0161.jpeg,data/processed/images/kermany_NORMAL_0161.png
kermany_NORMAL_0162,kermany,NORMAL,kermany-im-1307,test,68dfcd16102766b82dadada3e5507c64adb9cb18e54aa26b45e5515c597c1f9d,kermany\train\NORMAL\NORMAL2-IM-1307-0001.jpeg,data\interim\selected\kermany_NORMAL_0162.jpeg,data/processed/images/kermany_NORMAL_0162.png
kermany_NORMAL_0163,kermany,NORMAL,kermany-im-0016,test,696eea445b9d885c401f76432a1a57112176dde3f29092ce98cfd520e10848ee,kermany\test\NORMAL\IM-0016-0001.jpeg,data\interim\selected\kermany_NORMAL_0163.jpeg,data/processed/images/kermany_NORMAL_0163.png
kermany_NORMAL_0164,kermany,NORMAL,kermany-im-0899,test,6e56e85605975d6264fb584ffc960b0b364fd2c6c7538242181562626087631c,kermany\train\NORMAL\NORMAL2-IM-0899-0001.jpeg,data\interim\selected\kermany_NORMAL_0164.jpeg,data/processed/images/kermany_NORMAL_0164.png
kermany_NORMAL_0165,kermany,NORMAL,kermany-im-0145,test,6e88184bd28ba8cc47a2ae8f6de3a39fb464e8cc84564813a67c7209940f2ea8,kermany\test\NORMAL\NORMAL2-IM-0145-0001.jpeg,data\interim\selected\kermany_NORMAL_0165.jpeg,data/processed/images/kermany_NORMAL_0165.png
kermany_NORMAL_0166,kermany,NORMAL,kermany-im-1286,test,6eae53f484d03503dbe4aafa67f97f7e0ce9875a8fd960829bb28736e3a00219,kermany\train\NORMAL\NORMAL2-IM-1286-0001.jpeg,data\interim\selected\kermany_NORMAL_0166.jpeg,data/processed/images/kermany_NORMAL_0166.png
kermany_NORMAL_0167,kermany,NORMAL,kermany-im-0575,test,6f81a252d8b5b11d6ed37ba1c9d62be6eb869fb8cf50ef3aaa3dd4e8df9bfdd2,kermany\train\NORMAL\NORMAL2-IM-0575-0001.jpeg,data\interim\selected\kermany_NORMAL_0167.jpeg,data/processed/images/kermany_NORMAL_0167.png
kermany_NORMAL_0168,kermany,NORMAL,kermany-im-0009,test,709bd31b819c3536136c7c8ba287cd43d226185ebb55e41bfcf7cf43d613f451,kermany\test\NORMAL\IM-0009-0001.jpeg,data\interim\selected\kermany_NORMAL_0168.jpeg,data/processed/images/kermany_NORMAL_0168.png
kermany_NORMAL_0169,kermany,NORMAL,kermany-im-1182,test,7225b7caeecb8709e5fbe611d15c1b5799924c6431393adb0a0f945b257054b5,kermany\train\NORMAL\NORMAL2-IM-1182-0001.jpeg,data\interim\selected\kermany_NORMAL_0169.jpeg,data/processed/images/kermany_NORMAL_0169.png
kermany_NORMAL_0170,kermany,NORMAL,kermany-im-1276,test,777e1ba85ad95ab6261f4e80b0571d471ee89865326f62d134e057fcf9a93cb9,kermany\train\NORMAL\NORMAL2-IM-1276-0001.jpeg,data\interim\selected\kermany_NORMAL_0170.jpeg,data/processed/images/kermany_NORMAL_0170.png
kermany_NORMAL_0171,kermany,NORMAL,kermany-im-0753,test,77c57f6a1d8884baed7ec343016f03057434005795f3c6092f959f245f8bb555,kermany\train\NORMAL\NORMAL2-IM-0753-0001.jpeg,data\interim\selected\kermany_NORMAL_0171.jpeg,data/processed/images/kermany_NORMAL_0171.png
kermany_NORMAL_0172,kermany,NORMAL,kermany-im-0573,test,789a10c59a958d4eabd5f64aeada25295756f040d7ec2273e55ce499dd6e58a9,kermany\train\NORMAL\NORMAL2-IM-0573-0001.jpeg,data\interim\selected\kermany_NORMAL_0172.jpeg,data/processed/images/kermany_NORMAL_0172.png
kermany_NORMAL_0173,kermany,NORMAL,kermany-im-0112,test,7ae8498e470d84dac1ec28110667074b599af4dfa373b3dd6c70cbebc088864f,kermany\test\NORMAL\NORMAL2-IM-0112-0001.jpeg,data\interim\selected\kermany_NORMAL_0173.jpeg,data/processed/images/kermany_NORMAL_0173.png
kermany_NORMAL_0174,kermany,NORMAL,kermany-im-0840,test,7cc3042d16b8de8e3de87b8667493f662d496b48197a09b9f269eb1ddb383663,kermany\train\NORMAL\NORMAL2-IM-0840-0001.jpeg,data\interim\selected\kermany_NORMAL_0174.jpeg,data/processed/images/kermany_NORMAL_0174.png
kermany_NORMAL_0175,kermany,NORMAL,kermany-im-0857,test,7d1969acd3d40a658f35016c63d90d7198d383d9257f9c8c8a65f6705674c5eb,kermany\train\NORMAL\NORMAL2-IM-0857-0001.jpeg,data\interim\selected\kermany_NORMAL_0175.jpeg,data/processed/images/kermany_NORMAL_0175.png
kermany_NORMAL_0176,kermany,NORMAL,kermany-im-0438,test,7d6fd68ff9f3776e247a0e40b4567601a40f005119bbfec1742901a9f348b2e1,kermany\train\NORMAL\IM-0438-0001.jpeg,data\interim\selected\kermany_NORMAL_0176.jpeg,data/processed/images/kermany_NORMAL_0176.png
kermany_NORMAL_0177,kermany,NORMAL,kermany-im-1214,test,7f2889ba5d29387c8457134c947ff6edc2220ae0f03bfe3893f2ed1b6048491f,kermany\train\NORMAL\NORMAL2-IM-1214-0001.jpeg,data\interim\selected\kermany_NORMAL_0177.jpeg,data/processed/images/kermany_NORMAL_0177.png
kermany_NORMAL_0178,kermany,NORMAL,kermany-im-0575,test,7f4fa8a8c9892ec3b4656793901b09b38c797d4fc2b0dd9222effc0b067fa9c9,kermany\train\NORMAL\IM-0575-0001.jpeg,data\interim\selected\kermany_NORMAL_0178.jpeg,data/processed/images/kermany_NORMAL_0178.png
kermany_NORMAL_0179,kermany,NORMAL,kermany-im-0385,test,85fb4fc9a60fe9c62eee7a781bdfe9912936bdb6d3d00788530e8a8814d87c08,kermany\train\NORMAL\NORMAL2-IM-0385-0001.jpeg,data\interim\selected\kermany_NORMAL_0179.jpeg,data/processed/images/kermany_NORMAL_0179.png
kermany_NORMAL_0180,kermany,NORMAL,kermany-im-0330,test,865ca7b1cdc64486d17cdde2fb88eda1b921c1340fca8ed563591d5bfb09ebbe,kermany\test\NORMAL\NORMAL2-IM-0330-0001.jpeg,data\interim\selected\kermany_NORMAL_0180.jpeg,data/processed/images/kermany_NORMAL_0180.png
kermany_NORMAL_0181,kermany,NORMAL,kermany-im-0730,test,884d3d464e568c793bfa953b155ca4d6fd1ec7a79048be3530d865666b4254e4,kermany\train\NORMAL\NORMAL2-IM-0730-0001.jpeg,data\interim\selected\kermany_NORMAL_0181.jpeg,data/processed/images/kermany_NORMAL_0181.png
kermany_NORMAL_0182,kermany,NORMAL,kermany-im-0559,test,89c56fe5647c410a6952e1ac1fffb64a9b7c59326eebdc1f201d960a89a69f04,kermany\train\NORMAL\NORMAL2-IM-0559-0001.jpeg,data\interim\selected\kermany_NORMAL_0182.jpeg,data/processed/images/kermany_NORMAL_0182.png
kermany_NORMAL_0183,kermany,NORMAL,kermany-im-1280,test,8e6b7951e2647011751cc87225880d7557a29b11a33fed637e92f455f72ec034,kermany\train\NORMAL\NORMAL2-IM-1280-0001.jpeg,data\interim\selected\kermany_NORMAL_0183.jpeg,data/processed/images/kermany_NORMAL_0183.png
kermany_NORMAL_0184,kermany,NORMAL,kermany-im-0570,test,8f37e2e937590acd04d8a92ea3df8ab54008dcfa1056f3f15688ed8172ce71dc,kermany\train\NORMAL\IM-0570-0001.jpeg,data\interim\selected\kermany_NORMAL_0184.jpeg,data/processed/images/kermany_NORMAL_0184.png
kermany_NORMAL_0185,kermany,NORMAL,kermany-im-1049,test,8ff09ebc5c14251cebb4d77bd0d71dc268085f48660d631f6374b81553fbf811,kermany\train\NORMAL\NORMAL2-IM-1049-0001.jpeg,data\interim\selected\kermany_NORMAL_0185.jpeg,data/processed/images/kermany_NORMAL_0185.png
kermany_NORMAL_0186,kermany,NORMAL,kermany-im-0683,test,93b99c991eb9ad9c7816c7917ffb99c6526892090073efd52ca8cbb364141b8c,kermany\train\NORMAL\IM-0683-0001.jpeg,data\interim\selected\kermany_NORMAL_0186.jpeg,data/processed/images/kermany_NORMAL_0186.png
kermany_NORMAL_0187,kermany,NORMAL,kermany-im-0831,test,9501fb82af71b3b86831bf801bb35cc5e194acfe55983e48ab94fecee0ef297a,kermany\train\NORMAL\NORMAL2-IM-0831-0001.jpeg,data\interim\selected\kermany_NORMAL_0187.jpeg,data/processed/images/kermany_NORMAL_0187.png
kermany_NORMAL_0188,kermany,NORMAL,kermany-im-0478,test,97441a3bc45ea27d3e01c9b55eac2e18dec3697a45211be3474a618cc6e7d92c,kermany\train\NORMAL\NORMAL2-IM-0478-0001.jpeg,data\interim\selected\kermany_NORMAL_0188.jpeg,data/processed/images/kermany_NORMAL_0188.png
kermany_NORMAL_0189,kermany,NORMAL,kermany-im-0524,test,994817626aa1f932519c64c11615c8b44c36cd494e314a7955e87310fe244ac5,kermany\train\NORMAL\IM-0524-0001.jpeg,data\interim\selected\kermany_NORMAL_0189.jpeg,data/processed/images/kermany_NORMAL_0189.png
kermany_NORMAL_0190,kermany,NORMAL,kermany-im-0452,test,9a0c86b5d2f293210729ebb2ec4ff0dd3081b641d3cd3958a1fecce4d1286689,kermany\train\NORMAL\NORMAL2-IM-0452-0001.jpeg,data\interim\selected\kermany_NORMAL_0190.jpeg,data/processed/images/kermany_NORMAL_0190.png
kermany_NORMAL_0191,kermany,NORMAL,kermany-im-0504,test,9a41f0aa79b08650e6a24eeeb5f5856be238d0bac947eedb0a3ba729aefea2a1,kermany\train\NORMAL\IM-0504-0001.jpeg,data\interim\selected\kermany_NORMAL_0191.jpeg,data/processed/images/kermany_NORMAL_0191.png
kermany_NORMAL_0192,kermany,NORMAL,kermany-im-0349,test,9d666ee1972f5842bdcf77bc7761e8bf41edc37d8edf55d2aead0ccf83013106,kermany\test\NORMAL\NORMAL2-IM-0349-0001.jpeg,data\interim\selected\kermany_NORMAL_0192.jpeg,data/processed/images/kermany_NORMAL_0192.png
kermany_NORMAL_0193,kermany,NORMAL,kermany-im-0478,test,9f78bb36c0bed54c5be92c2ff4b3ea018f9bf9503ecc1aa6b83a2dfb767f4af7,kermany\train\NORMAL\IM-0478-0001.jpeg,data\interim\selected\kermany_NORMAL_0193.jpeg,data/processed/images/kermany_NORMAL_0193.png
kermany_NORMAL_0194,kermany,NORMAL,kermany-im-0631,test,a1bbf2a518216afb6d17b7d6d5359ed6aa395c9184da578d022b0fc79c155253,kermany\train\NORMAL\IM-0631-0001.jpeg,data\interim\selected\kermany_NORMAL_0194.jpeg,data/processed/images/kermany_NORMAL_0194.png
kermany_NORMAL_0195,kermany,NORMAL,kermany-im-0502,test,a3e823154f7255dea8c75901b806bcbbd2f5ce5ba9e8e1b2357f67f8a3f82968,kermany\train\NORMAL\NORMAL2-IM-0502-0001.jpeg,data\interim\selected\kermany_NORMAL_0195.jpeg,data/processed/images/kermany_NORMAL_0195.png
kermany_NORMAL_0196,kermany,NORMAL,kermany-im-0659,test,a5397312b094b6c16a944ee5a5914861238fb86ef3096e25ad9336b278362092,kermany\train\NORMAL\NORMAL2-IM-0659-0001.jpeg,data\interim\selected\kermany_NORMAL_0196.jpeg,data/processed/images/kermany_NORMAL_0196.png
kermany_NORMAL_0197,kermany,NORMAL,kermany-im-0391,test,a96514687eaffa75f7d3cddbf95b97d060fb0d4dceb90fe88dda9f45de4132cc,kermany\train\NORMAL\NORMAL2-IM-0391-0001.jpeg,data\interim\selected\kermany_NORMAL_0197.jpeg,data/processed/images/kermany_NORMAL_0197.png
kermany_NORMAL_0198,kermany,NORMAL,kermany-im-0647,test,b2b79f11518d2eb35b1f1c25d3e7a0bc13e9f9efd5302417b2b895bc28d0d3c5,kermany\train\NORMAL\IM-0647-0001.jpeg,data\interim\selected\kermany_NORMAL_0198.jpeg,data/processed/images/kermany_NORMAL_0198.png
kermany_NORMAL_0199,kermany,NORMAL,kermany-im-0431,test,ba55f24095dd1e044903ac5456163d0c1f4b1fe0f03d9b2072cf7b662e891383,kermany\train\NORMAL\IM-0431-0001.jpeg,data\interim\selected\kermany_NORMAL_0199.jpeg,data/processed/images/kermany_NORMAL_0199.png
kermany_NORMAL_0200,kermany,NORMAL,kermany-im-0052,test,ba7617f5f131fc7dc7800c466d1b5d459fc030aa874e80c75c34806e9c6f07b1,kermany\test\NORMAL\NORMAL2-IM-0052-0001.jpeg,data\interim\selected\kermany_NORMAL_0200.jpeg,data/processed/images/kermany_NORMAL_0200.png
kermany_NORMAL_0201,kermany,NORMAL,kermany-im-0698,test,bab09e5f0977f647498886751df8a01bd5d8c0021d1458b98104cd86c1700807,kermany\train\NORMAL\IM-0698-0001.jpeg,data\interim\selected\kermany_NORMAL_0201.jpeg,data/processed/images/kermany_NORMAL_0201.png
kermany_NORMAL_0202,kermany,NORMAL,kermany-im-0530,test,bca16194656cbc279b98ea03a8112c823d4bfa53c6135878ee266a099b68c062,kermany\train\NORMAL\IM-0530-0001.jpeg,data\interim\selected\kermany_NORMAL_0202.jpeg,data/processed/images/kermany_NORMAL_0202.png
kermany_NORMAL_0203,kermany,NORMAL,kermany-im-1316,test,bf93d57239c9e0fc554cc42f966e421fb9e5be7bd8393f1a3a376fd0629dd42d,kermany\train\NORMAL\NORMAL2-IM-1316-0001.jpeg,data\interim\selected\kermany_NORMAL_0203.jpeg,data/processed/images/kermany_NORMAL_0203.png
kermany_NORMAL_0204,kermany,NORMAL,kermany-im-1024,test,c0264db3cedfb4a12947e41e58426dcaa6775d490ae5600147192cbf8df2f530,kermany\train\NORMAL\NORMAL2-IM-1024-0001.jpeg,data\interim\selected\kermany_NORMAL_0204.jpeg,data/processed/images/kermany_NORMAL_0204.png
kermany_NORMAL_0205,kermany,NORMAL,kermany-im-1014,test,c3bd139bdc1fffdf6e88fab73862c8764c3c879cbd51b2b4e0c2d46c404487b7,kermany\train\NORMAL\NORMAL2-IM-1014-0001.jpeg,data\interim\selected\kermany_NORMAL_0205.jpeg,data/processed/images/kermany_NORMAL_0205.png
kermany_NORMAL_0206,kermany,NORMAL,kermany-im-1334,test,c47c6cdb965233aa557cfe350392affbb890abe51084c280531dac26e462bdcd,kermany\train\NORMAL\NORMAL2-IM-1334-0001.jpeg,data\interim\selected\kermany_NORMAL_0206.jpeg,data/processed/images/kermany_NORMAL_0206.png
kermany_NORMAL_0207,kermany,NORMAL,kermany-im-0277,test,c5cafd2cd411da644d8065b9220e80483dbd1c1d533caff46451eec49a9500f1,kermany\test\NORMAL\NORMAL2-IM-0277-0001.jpeg,data\interim\selected\kermany_NORMAL_0207.jpeg,data/processed/images/kermany_NORMAL_0207.png
kermany_NORMAL_0208,kermany,NORMAL,kermany-im-1017,test,c89048b1fb43238b984e9c707a2bb1a835bcf303129a111a37eac9740239662c,kermany\train\NORMAL\NORMAL2-IM-1017-0001.jpeg,data\interim\selected\kermany_NORMAL_0208.jpeg,data/processed/images/kermany_NORMAL_0208.png
kermany_NORMAL_0209,kermany,NORMAL,kermany-im-0855,test,c8f3430b33c714bbf9c310d653adf2852186d8c3abdb1a40024fce4bfa75f87f,kermany\train\NORMAL\NORMAL2-IM-0855-0001.jpeg,data\interim\selected\kermany_NORMAL_0209.jpeg,data/processed/images/kermany_NORMAL_0209.png
kermany_NORMAL_0210,kermany,NORMAL,kermany-im-0983,test,d0dc888c1c05bff09aa9f0dbfb779547636d96764d801ffa99f574c6d53e5415,kermany\train\NORMAL\NORMAL2-IM-0983-0001-0002.jpeg,data\interim\selected\kermany_NORMAL_0210.jpeg,data/processed/images/kermany_NORMAL_0210.png
kermany_NORMAL_0211,kermany,NORMAL,kermany-im-0168,test,d26330cbdc9c7a481b0928fb28fb62662e1b8b804b8eae00986d0270b37a2810,kermany\train\NORMAL\IM-0168-0001.jpeg,data\interim\selected\kermany_NORMAL_0211.jpeg,data/processed/images/kermany_NORMAL_0211.png
kermany_NORMAL_0212,kermany,NORMAL,kermany-im-0736,test,d71a505e3eaa9cfc0f245a18248191513de5371f0777228c2c4552c0cd067d20,kermany\train\NORMAL\IM-0736-0001.jpeg,data\interim\selected\kermany_NORMAL_0212.jpeg,data/processed/images/kermany_NORMAL_0212.png
kermany_NORMAL_0213,kermany,NORMAL,kermany-im-0376,test,d9b499be5be33bfbe68f6b6e20ebfb8447712e79ef0ac824abc6eecebc4db374,kermany\test\NORMAL\NORMAL2-IM-0376-0001.jpeg,data\interim\selected\kermany_NORMAL_0213.jpeg,data/processed/images/kermany_NORMAL_0213.png
kermany_NORMAL_0214,kermany,NORMAL,kermany-im-0569,test,de59eb00fb684a3b0168685b16cbb8ca60f5e8a1fc800bb156517ac593728f3d,kermany\train\NORMAL\NORMAL2-IM-0569-0001.jpeg,data\interim\selected\kermany_NORMAL_0214.jpeg,data/processed/images/kermany_NORMAL_0214.png
kermany_NORMAL_0215,kermany,NORMAL,kermany-im-0603,test,efb97543186bb436cd8d0a9be4dd7a877b19a7f759388a44b38e061e7c3b8d0f,kermany\train\NORMAL\NORMAL2-IM-0603-0001.jpeg,data\interim\selected\kermany_NORMAL_0215.jpeg,data/processed/images/kermany_NORMAL_0215.png
kermany_NORMAL_0216,kermany,NORMAL,kermany-im-1419,test,f263b7f0a26a7d173bbe88dc782713aab53ed0e337eaa8fe39ba06269ddf7c4f,kermany\train\NORMAL\NORMAL2-IM-1419-0001.jpeg,data\interim\selected\kermany_NORMAL_0216.jpeg,data/processed/images/kermany_NORMAL_0216.png
kermany_NORMAL_0217,kermany,NORMAL,kermany-im-0738,test,f64726c6c12b2644f1225195b75ccdca25f6e26479ff420bb2014006a42287d9,kermany\train\NORMAL\IM-0738-0001.jpeg,data\interim\selected\kermany_NORMAL_0217.jpeg,data/processed/images/kermany_NORMAL_0217.png
kermany_NORMAL_0218,kermany,NORMAL,kermany-im-0468,test,f83d948a99bfa5bf2bdde3eabfe3ec0167b14bc9f99bec7591383da9373c26de,kermany\train\NORMAL\NORMAL2-IM-0468-0001.jpeg,data\interim\selected\kermany_NORMAL_0218.jpeg,data/processed/images/kermany_NORMAL_0218.png
kermany_NORMAL_0219,kermany,NORMAL,kermany-im-0976,test,f8f4c7a2602bedcabeb76dd6ad2b44cb28035c39018b2711923ee0bba776b8f4,kermany\train\NORMAL\NORMAL2-IM-0976-0001.jpeg,data\interim\selected\kermany_NORMAL_0219.jpeg,data/processed/images/kermany_NORMAL_0219.png
kermany_NORMAL_0220,kermany,NORMAL,kermany-im-0158,test,fbeadbaa9be3de04297ed818f660557b09c7c547e8f0521082378b6fb6fb2ede,kermany\train\NORMAL\IM-0158-0001.jpeg,data\interim\selected\kermany_NORMAL_0220.jpeg,data/processed/images/kermany_NORMAL_0220.png
kermany_NORMAL_0221,kermany,NORMAL,kermany-im-0379,test,fd0e0bee3c21364ff581df819f9b400dcaaeeb2abc35d5fd5c0bb9daad3cfb57,kermany\train\NORMAL\IM-0379-0001.jpeg,data\interim\selected\kermany_NORMAL_0221.jpeg,data/processed/images/kermany_NORMAL_0221.png
kermany_NORMAL_0222,kermany,NORMAL,kermany-im-0283,test,fde2c3bf0d0d2d322085d5cbae374938f524d97d3467baf13ea46336d0140cc1,kermany\test\NORMAL\NORMAL2-IM-0283-0001.jpeg,data\interim\selected\kermany_NORMAL_0222.jpeg,data/processed/images/kermany_NORMAL_0222.png
chittagong_PNEUMONIA_0223,chittagong,PNEUMONIA,chittagong-pneumonia-4062,test,057e6dec686075159b1b53b2603caef6ccfe07d93cc866b7ceab1d2b71870b37,chittagong\nested_0\Training\pneumonia\pneumonia-4062.jpg,data\interim\selected\chittagong_PNEUMONIA_0223.jpg,data/processed/images/chittagong_PNEUMONIA_0223.png
chittagong_PNEUMONIA_0224,chittagong,PNEUMONIA,chittagong-pneumonia-4202,test,09b8fccb1bce0c3b2c92981c69de26035d36bfb6dbfac0647fa551cb01fc46ca,chittagong\nested_0\Training\pneumonia\pneumonia-4202.jpg,data\interim\selected\chittagong_PNEUMONIA_0224.jpg,data/processed/images/chittagong_PNEUMONIA_0224.png
chittagong_PNEUMONIA_0225,chittagong,PNEUMONIA,chittagong-pneumonia-4095,test,0c06447462b2efb94f2de12a1a7b2b808118fc10f36952a0e12f8848281e0205,chittagong\nested_0\Training\pneumonia\pneumonia-4095.jpg,data\interim\selected\chittagong_PNEUMONIA_0225.jpg,data/processed/images/chittagong_PNEUMONIA_0225.png
chittagong_PNEUMONIA_0226,chittagong,PNEUMONIA,chittagong-pneumonia-40,test,0ced73a9f40f5b201679048d029778d307a3532b486eb7b8af6639b23721544a,chittagong\nested_0\Training\pneumonia\pneumonia-40.jpg,data\interim\selected\chittagong_PNEUMONIA_0226.jpg,data/processed/images/chittagong_PNEUMONIA_0226.png
chittagong_PNEUMONIA_0227,chittagong,PNEUMONIA,chittagong-pneumonia-709,test,0d602b4120c10ec819a87b347fc6ce0132980254b8264551d11fe2f21bbea944,chittagong\nested_0\Testing\pneumonia\pneumonia-709.jpg,data\interim\selected\chittagong_PNEUMONIA_0227.jpg,data/processed/images/chittagong_PNEUMONIA_0227.png
chittagong_PNEUMONIA_0228,chittagong,PNEUMONIA,chittagong-pneumonia-4173,test,0dfd42872c80e39b372a86bf7c784ad785fc58f5e6c53e9dafbd59ed85785aad,chittagong\nested_0\Training\pneumonia\pneumonia-4173.jpg,data\interim\selected\chittagong_PNEUMONIA_0228.jpg,data/processed/images/chittagong_PNEUMONIA_0228.png
chittagong_PNEUMONIA_0229,chittagong,PNEUMONIA,chittagong-pneumonia-4496,test,0feb9ba3173a9a7dbe099fb047bd6d989ec06d9e207539043af3884689153309,chittagong\nested_0\Training\pneumonia\pneumonia-4496.jpg,data\interim\selected\chittagong_PNEUMONIA_0229.jpg,data/processed/images/chittagong_PNEUMONIA_0229.png
chittagong_PNEUMONIA_0230,chittagong,PNEUMONIA,chittagong-pneumonia-4003,test,11066ba8987090003599135b28a75858700361ebfc37c6052fe881f1435b34ee,chittagong\nested_0\Training\pneumonia\pneumonia-4003.jpg,data\interim\selected\chittagong_PNEUMONIA_0230.jpg,data/processed/images/chittagong_PNEUMONIA_0230.png
chittagong_PNEUMONIA_0231,chittagong,PNEUMONIA,chittagong-pneumonia-644,test,13edc0e8e0096f8078f5bd1dc041d75743950496a285df9311f37f7826b3b45c,chittagong\nested_0\Testing\pneumonia\pneumonia-644.jpg,data\interim\selected\chittagong_PNEUMONIA_0231.jpg,data/processed/images/chittagong_PNEUMONIA_0231.png
chittagong_PNEUMONIA_0232,chittagong,PNEUMONIA,chittagong-pneumonia-418,test,17b0c9f2e72791003d8cd825d01cd9645137d0ac1efef24132312e60bee0271f,chittagong\nested_0\Training\pneumonia\pneumonia-418.jpg,data\interim\selected\chittagong_PNEUMONIA_0232.jpg,data/processed/images/chittagong_PNEUMONIA_0232.png
chittagong_PNEUMONIA_0233,chittagong,PNEUMONIA,chittagong-pneumonia-503,test,2722079facab8d2cc327d57fadbff65788ed12b57f35215af70d6a4425674882,chittagong\nested_0\Training\pneumonia\pneumonia-503.jpg,data\interim\selected\chittagong_PNEUMONIA_0233.jpg,data/processed/images/chittagong_PNEUMONIA_0233.png
chittagong_PNEUMONIA_0234,chittagong,PNEUMONIA,chittagong-pneumonia-5188,test,281c8f47491d47abee85a2e4115304d74b73152a8fd16792a92a59f138fa1037,chittagong\nested_0\Testing\pneumonia\pneumonia-5188.jpg,data\interim\selected\chittagong_PNEUMONIA_0234.jpg,data/processed/images/chittagong_PNEUMONIA_0234.png
chittagong_PNEUMONIA_0235,chittagong,PNEUMONIA,chittagong-pneumonia-3984,test,2c57acf283dcf512513410e5d5c173c435eb9beb5da8f3c390b9f14ba8ccba26,chittagong\nested_0\Training\pneumonia\pneumonia-3984.jpg,data\interim\selected\chittagong_PNEUMONIA_0235.jpg,data/processed/images/chittagong_PNEUMONIA_0235.png
chittagong_PNEUMONIA_0236,chittagong,PNEUMONIA,chittagong-pneumonia-251,test,2eb180eb6df13548518140ac43febd445d2c2200c4b2103240b7518c6e7ea8e1,chittagong\nested_0\Training\pneumonia\pneumonia-251.jpg,data\interim\selected\chittagong_PNEUMONIA_0236.jpg,data/processed/images/chittagong_PNEUMONIA_0236.png
chittagong_PNEUMONIA_0237,chittagong,PNEUMONIA,chittagong-pneumonia-4133,test,3238d7626d31dfcc98ac347e0ec0f6d5982673b76e5cc7bd97bfed8b4416e34a,chittagong\nested_0\Training\pneumonia\pneumonia-4133.jpg,data\interim\selected\chittagong_PNEUMONIA_0237.jpg,data/processed/images/chittagong_PNEUMONIA_0237.png
chittagong_PNEUMONIA_0238,chittagong,PNEUMONIA,chittagong-pneumonia-4226,test,340b131d537faedda472390d7d99e77989d05a6eb4619f3af9a5db97cf7f009d,chittagong\nested_0\Training\pneumonia\pneumonia-4226.jpg,data\interim\selected\chittagong_PNEUMONIA_0238.jpg,data/processed/images/chittagong_PNEUMONIA_0238.png
chittagong_PNEUMONIA_0239,chittagong,PNEUMONIA,chittagong-pneumonia-4493,test,341a1193985e060bdb21e736412673f767ab65726ac058c51ae850c5e0bc780d,chittagong\nested_0\Training\pneumonia\pneumonia-4493.jpg,data\interim\selected\chittagong_PNEUMONIA_0239.jpg,data/processed/images/chittagong_PNEUMONIA_0239.png
chittagong_PNEUMONIA_0240,chittagong,PNEUMONIA,chittagong-pneumonia-579,test,3497d2b748a182604c188cb702320d9a1f95085c6bd859e3acc0eb097b67d77f,chittagong\nested_0\Training\pneumonia\pneumonia-579.jpg,data\interim\selected\chittagong_PNEUMONIA_0240.jpg,data/processed/images/chittagong_PNEUMONIA_0240.png
chittagong_PNEUMONIA_0241,chittagong,PNEUMONIA,chittagong-pneumonia-4237,test,357592172d9e460b9ef8c01acf9f6bc44c084604ff842bd5eae5659522f8fe3c,chittagong\nested_0\Training\pneumonia\pneumonia-4237.jpg,data\interim\selected\chittagong_PNEUMONIA_0241.jpg,data/processed/images/chittagong_PNEUMONIA_0241.png
chittagong_PNEUMONIA_0242,chittagong,PNEUMONIA,chittagong-pneumonia-232,test,39dab9fb220850c8d13a7fe1492c9f14a08b759213a11e03866d4c97c93e2c58,chittagong\nested_0\Training\pneumonia\pneumonia-232.jpg,data\interim\selected\chittagong_PNEUMONIA_0242.jpg,data/processed/images/chittagong_PNEUMONIA_0242.png
chittagong_PNEUMONIA_0243,chittagong,PNEUMONIA,chittagong-pneumonia-626,test,3b4ebb170b3ec510b5c2c126569802b2d2662837bcf6d483b77ddc7a5e53b6fc,chittagong\nested_0\Testing\pneumonia\pneumonia-626.jpg,data\interim\selected\chittagong_PNEUMONIA_0243.jpg,data/processed/images/chittagong_PNEUMONIA_0243.png
chittagong_PNEUMONIA_0244,chittagong,PNEUMONIA,chittagong-pneumonia-113,test,3bdf2bc6400dc5aea2c9352405bfd3276f6760cad2efd001b30c97bcf3b08ec2,chittagong\nested_0\Training\pneumonia\pneumonia-113.jpg,data\interim\selected\chittagong_PNEUMONIA_0244.jpg,data/processed/images/chittagong_PNEUMONIA_0244.png
chittagong_PNEUMONIA_0245,chittagong,PNEUMONIA,chittagong-pneumonia-505,test,3c9fc14f32e630e382adb9c089e686ef9ad7dc12d10de88c12d1dfdf8ce12551,chittagong\nested_0\Training\pneumonia\pneumonia-505.jpg,data\interim\selected\chittagong_PNEUMONIA_0245.jpg,data/processed/images/chittagong_PNEUMONIA_0245.png
chittagong_PNEUMONIA_0246,chittagong,PNEUMONIA,chittagong-pneumonia-616,test,40a8dbff5a1bb5b716cb973bf18e7d69f3543d70e259b385466f1d53deb7dc4c,chittagong\nested_0\Testing\pneumonia\pneumonia-616.jpg,data\interim\selected\chittagong_PNEUMONIA_0246.jpg,data/processed/images/chittagong_PNEUMONIA_0246.png
chittagong_PNEUMONIA_0247,chittagong,PNEUMONIA,chittagong-pneumonia-43,test,41a02bbc49897713d4cf886b6b5febe437f73365be6700d31e182f6d3d06b866,chittagong\nested_0\Training\pneumonia\pneumonia-43.jpg,data\interim\selected\chittagong_PNEUMONIA_0247.jpg,data/processed/images/chittagong_PNEUMONIA_0247.png
chittagong_PNEUMONIA_0248,chittagong,PNEUMONIA,chittagong-pneumonia-3927,test,43134697e2e585d1119e12da90c867c57f968f52d080a6c2f2559af72c03591d,chittagong\nested_0\Training\pneumonia\pneumonia-3927.jpg,data\interim\selected\chittagong_PNEUMONIA_0248.jpg,data/processed/images/chittagong_PNEUMONIA_0248.png
chittagong_PNEUMONIA_0249,chittagong,PNEUMONIA,chittagong-pneumonia-5186,test,442a667c9609039033f3b77a06c6bf309e4947b2ad44359be2cc99b385250a20,chittagong\nested_0\Testing\pneumonia\pneumonia-5186.jpg,data\interim\selected\chittagong_PNEUMONIA_0249.jpg,data/processed/images/chittagong_PNEUMONIA_0249.png
chittagong_PNEUMONIA_0250,chittagong,PNEUMONIA,chittagong-pneumonia-4550,test,458332d50dafbd15508d46e5ee2524a962464194a08ac50eea5b0dd94ec14b95,chittagong\nested_0\Training\pneumonia\pneumonia-4550.jpg,data\interim\selected\chittagong_PNEUMONIA_0250.jpg,data/processed/images/chittagong_PNEUMONIA_0250.png
chittagong_PNEUMONIA_0251,chittagong,PNEUMONIA,chittagong-pneumonia-3874,test,4997eed4c2079b0d5eb7515ba710cff33b415f29b60e2efdacdee051da175b20,chittagong\nested_0\Training\pneumonia\pneumonia-3874.jpg,data\interim\selected\chittagong_PNEUMONIA_0251.jpg,data/processed/images/chittagong_PNEUMONIA_0251.png
chittagong_PNEUMONIA_0252,chittagong,PNEUMONIA,chittagong-pneumonia-4008,test,4b383234a67590a0bb0e53dadae54d61aa32cf89bce99a0a63f8dd9c23caeff2,chittagong\nested_0\Training\pneumonia\pneumonia-4008.jpg,data\interim\selected\chittagong_PNEUMONIA_0252.jpg,data/processed/images/chittagong_PNEUMONIA_0252.png
chittagong_PNEUMONIA_0253,chittagong,PNEUMONIA,chittagong-pneumonia-593,test,4e9bca44a37ef84fcb85346bd39936f9c53fb14ba06e5b5dc5d153d65d4103eb,chittagong\nested_0\Testing\pneumonia\pneumonia-593.jpg,data\interim\selected\chittagong_PNEUMONIA_0253.jpg,data/processed/images/chittagong_PNEUMONIA_0253.png
chittagong_PNEUMONIA_0254,chittagong,PNEUMONIA,chittagong-pneumonia-4066,test,4f0e6f50e4a39d617cdb1ff8518560b668593431ea0d067a4a31bb22e0a9bfa0,chittagong\nested_0\Training\pneumonia\pneumonia-4066.jpg,data\interim\selected\chittagong_PNEUMONIA_0254.jpg,data/processed/images/chittagong_PNEUMONIA_0254.png
chittagong_PNEUMONIA_0255,chittagong,PNEUMONIA,chittagong-pneumonia-76,test,4ff65136fd7427398d4a7ce7b424a76c69b51d0df4b74c9362f0d2c586cb41ee,chittagong\nested_0\Training\pneumonia\pneumonia-76.jpg,data\interim\selected\chittagong_PNEUMONIA_0255.jpg,data/processed/images/chittagong_PNEUMONIA_0255.png
chittagong_PNEUMONIA_0256,chittagong,PNEUMONIA,chittagong-pneumonia-205,test,500ea98e03fd9b66fbd2d48ba939eddbbd377be5283d5ea59ff1fad3fa3ac1c8,chittagong\nested_0\Training\pneumonia\pneumonia-205.jpg,data\interim\selected\chittagong_PNEUMONIA_0256.jpg,data/processed/images/chittagong_PNEUMONIA_0256.png
chittagong_PNEUMONIA_0257,chittagong,PNEUMONIA,chittagong-pneumonia-544,test,50b57867383666d51cbb4293eb524b5d2fedb6b1e541163286263a89b49c4bcb,chittagong\nested_0\Training\pneumonia\pneumonia-544.jpg,data\interim\selected\chittagong_PNEUMONIA_0257.jpg,data/processed/images/chittagong_PNEUMONIA_0257.png
chittagong_PNEUMONIA_0258,chittagong,PNEUMONIA,chittagong-pneumonia-4033,test,5168f6359d26fe9b84b2ef1a540c6a71d43c0db3f3b68a4643e1eeffec3bd757,chittagong\nested_0\Training\pneumonia\pneumonia-4033.jpg,data\interim\selected\chittagong_PNEUMONIA_0258.jpg,data/processed/images/chittagong_PNEUMONIA_0258.png
chittagong_PNEUMONIA_0259,chittagong,PNEUMONIA,chittagong-pneumonia-4054,test,5224aee0c31cc95ba9e2e77fb72c30b9e0a4c5540319cd0637d8b84bab4fd675,chittagong\nested_0\Training\pneumonia\pneumonia-4054.jpg,data\interim\selected\chittagong_PNEUMONIA_0259.jpg,data/processed/images/chittagong_PNEUMONIA_0259.png
chittagong_PNEUMONIA_0260,chittagong,PNEUMONIA,chittagong-pneumonia-474,test,52b8fc59214506b1e5c47b24a000a2fd8d4102387ddf04d418c62136e11beed6,chittagong\nested_0\Training\pneumonia\pneumonia-474.jpg,data\interim\selected\chittagong_PNEUMONIA_0260.jpg,data/processed/images/chittagong_PNEUMONIA_0260.png
chittagong_PNEUMONIA_0261,chittagong,PNEUMONIA,chittagong-pneumonia-6,test,55eadd5c73008382a3db79b8611e456ab760866381397fc9984e41621e2700dc,chittagong\nested_0\Training\pneumonia\pneumonia-6.jpg,data\interim\selected\chittagong_PNEUMONIA_0261.jpg,data/processed/images/chittagong_PNEUMONIA_0261.png
chittagong_PNEUMONIA_0262,chittagong,PNEUMONIA,chittagong-pneumonia-336,test,570e7d2e12965e92a1151388a2eb414918f44a8be68cfadec50ce7ac66e7b34c,chittagong\nested_0\Training\pneumonia\pneumonia-336.jpg,data\interim\selected\chittagong_PNEUMONIA_0262.jpg,data/processed/images/chittagong_PNEUMONIA_0262.png
chittagong_PNEUMONIA_0263,chittagong,PNEUMONIA,chittagong-pneumonia-3956,test,58a87145230986f7b58861c2011f215eeb0d32ce7a8741903794fb9da8219e26,chittagong\nested_0\Training\pneumonia\pneumonia-3956.jpg,data\interim\selected\chittagong_PNEUMONIA_0263.jpg,data/processed/images/chittagong_PNEUMONIA_0263.png
chittagong_PNEUMONIA_0264,chittagong,PNEUMONIA,chittagong-pneumonia-4238,test,58d494646dc0c7836ad2f666da048e544e8b3e8da40e5dbb5dcdeb72c35e31b0,chittagong\nested_0\Training\pneumonia\pneumonia-4238.jpg,data\interim\selected\chittagong_PNEUMONIA_0264.jpg,data/processed/images/chittagong_PNEUMONIA_0264.png
chittagong_PNEUMONIA_0265,chittagong,PNEUMONIA,chittagong-pneumonia-752,test,596ed79d15766a450852dd750f90a6f3870a3d791b0778867967c3a897478433,chittagong\nested_0\Testing\pneumonia\pneumonia-752.jpg,data\interim\selected\chittagong_PNEUMONIA_0265.jpg,data/processed/images/chittagong_PNEUMONIA_0265.png
chittagong_PNEUMONIA_0266,chittagong,PNEUMONIA,chittagong-pneumonia-502,test,5b7e510dce21f3f059188a59910902b614c73e35b64460bda5e6aa7aad0ba110,chittagong\nested_0\Training\pneumonia\pneumonia-502.jpg,data\interim\selected\chittagong_PNEUMONIA_0266.jpg,data/processed/images/chittagong_PNEUMONIA_0266.png
chittagong_PNEUMONIA_0267,chittagong,PNEUMONIA,chittagong-pneumonia-4179,test,5c5d7acaba9d84bd393f6af09e25913b6da54dcb6cdb57433c8c67c84e8e762e,chittagong\nested_0\Training\pneumonia\pneumonia-4179.jpg,data\interim\selected\chittagong_PNEUMONIA_0267.jpg,data/processed/images/chittagong_PNEUMONIA_0267.png
chittagong_PNEUMONIA_0268,chittagong,PNEUMONIA,chittagong-pneumonia-595,test,5cdeb5f0531786f9ae9a1eb2e3f9e2ae7470958aac71837acde3105d6fee1298,chittagong\nested_0\Testing\pneumonia\pneumonia-595.jpg,data\interim\selected\chittagong_PNEUMONIA_0268.jpg,data/processed/images/chittagong_PNEUMONIA_0268.png
chittagong_PNEUMONIA_0269,chittagong,PNEUMONIA,chittagong-pneumonia-328,test,5dffb483a2f21ad06b6cd94f5dd6d95b45f9491c620062b8f827161f3dc34c1f,chittagong\nested_0\Training\pneumonia\pneumonia-328.jpg,data\interim\selected\chittagong_PNEUMONIA_0269.jpg,data/processed/images/chittagong_PNEUMONIA_0269.png
chittagong_PNEUMONIA_0270,chittagong,PNEUMONIA,chittagong-pneumonia-450,test,616ae0bf28a062b25f9c710ff93ea5416803a56ddeb5bab0cb47979980e8d11c,chittagong\nested_0\Training\pneumonia\pneumonia-450.jpg,data\interim\selected\chittagong_PNEUMONIA_0270.jpg,data/processed/images/chittagong_PNEUMONIA_0270.png
chittagong_PNEUMONIA_0271,chittagong,PNEUMONIA,chittagong-pneumonia-437,test,659b207cf0a707a2bdddffbf768239cde0665bd25c264382a89bc466ec31f5d2,chittagong\nested_0\Training\pneumonia\pneumonia-437.jpg,data\interim\selected\chittagong_PNEUMONIA_0271.jpg,data/processed/images/chittagong_PNEUMONIA_0271.png
chittagong_PNEUMONIA_0272,chittagong,PNEUMONIA,chittagong-pneumonia-5173,test,696501eb58a90f75f47ae580411b37b53e669952aaad58af6b46d8c138e2dd3a,chittagong\nested_0\Testing\pneumonia\pneumonia-5173.jpg,data\interim\selected\chittagong_PNEUMONIA_0272.jpg,data/processed/images/chittagong_PNEUMONIA_0272.png
chittagong_PNEUMONIA_0273,chittagong,PNEUMONIA,chittagong-pneumonia-4160,test,69adee6190d327785cc2a47c0f290c5251ceeb5eaa2473d8c31692f0a4827a79,chittagong\nested_0\Training\pneumonia\pneumonia-4160.jpg,data\interim\selected\chittagong_PNEUMONIA_0273.jpg,data/processed/images/chittagong_PNEUMONIA_0273.png
chittagong_PNEUMONIA_0274,chittagong,PNEUMONIA,chittagong-pneumonia-49,test,6d39b361ea3d00d1e62c705bba7ea6aa6f1743973ed1a6fc2e0aff125bca1a6d,chittagong\nested_0\Training\pneumonia\pneumonia-49.jpg,data\interim\selected\chittagong_PNEUMONIA_0274.jpg,data/processed/images/chittagong_PNEUMONIA_0274.png
chittagong_PNEUMONIA_0275,chittagong,PNEUMONIA,chittagong-pneumonia-611,test,6dc935f3f8b17dc0b13b45ec89963e8d08730eccd4ced5786d94e37ca3dc37d5,chittagong\nested_0\Testing\pneumonia\pneumonia-611.jpg,data\interim\selected\chittagong_PNEUMONIA_0275.jpg,data/processed/images/chittagong_PNEUMONIA_0275.png
chittagong_PNEUMONIA_0276,chittagong,PNEUMONIA,chittagong-pneumonia-4158,test,6e9118c6dc93dc2ee813f3a39053d2e5d6f4034eb7823f1e411abeed8fb8f161,chittagong\nested_0\Training\pneumonia\pneumonia-4158.jpg,data\interim\selected\chittagong_PNEUMONIA_0276.jpg,data/processed/images/chittagong_PNEUMONIA_0276.png
chittagong_PNEUMONIA_0277,chittagong,PNEUMONIA,chittagong-pneumonia-4252,test,6f4c8ff705c8c1361c673b243beb06c7e4fb1420d9b90fb9f24b219b953d2df0,chittagong\nested_0\Training\pneumonia\pneumonia-4252.jpg,data\interim\selected\chittagong_PNEUMONIA_0277.jpg,data/processed/images/chittagong_PNEUMONIA_0277.png
chittagong_PNEUMONIA_0278,chittagong,PNEUMONIA,chittagong-pneumonia-4259,test,7091b6eb2b57dcecf5e1d537fbe1ebbeaa7bf59cf63d3df02d88ecb7dd305e51,chittagong\nested_0\Training\pneumonia\pneumonia-4259.jpg,data\interim\selected\chittagong_PNEUMONIA_0278.jpg,data/processed/images/chittagong_PNEUMONIA_0278.png
chittagong_PNEUMONIA_0279,chittagong,PNEUMONIA,chittagong-pneumonia-4006,test,73e775d13336d4fef6b1ee09c15bfdcdeb37f2e4d483262ca9ca5d0371265b21,chittagong\nested_0\Training\pneumonia\pneumonia-4006.jpg,data\interim\selected\chittagong_PNEUMONIA_0279.jpg,data/processed/images/chittagong_PNEUMONIA_0279.png
chittagong_PNEUMONIA_0280,chittagong,PNEUMONIA,chittagong-pneumonia-533,test,80c058a94a422ad6d68a3b32ec6ee49303a99e63cb642e2dbed8316d21eaeae5,chittagong\nested_0\Training\pneumonia\pneumonia-533.jpg,data\interim\selected\chittagong_PNEUMONIA_0280.jpg,data/processed/images/chittagong_PNEUMONIA_0280.png
chittagong_PNEUMONIA_0281,chittagong,PNEUMONIA,chittagong-pneumonia-560,test,8245a433f7d08ee9ac9d4a8370f4ffbdd201ceb349c69203d78ef913da460339,chittagong\nested_0\Training\pneumonia\pneumonia-560.jpg,data\interim\selected\chittagong_PNEUMONIA_0281.jpg,data/processed/images/chittagong_PNEUMONIA_0281.png
chittagong_PNEUMONIA_0282,chittagong,PNEUMONIA,chittagong-pneumonia-4563,test,851b6eef0e7e14b3208c2c49bec66c3750573c969f68c1d51e8ac4f91eb047a1,chittagong\nested_0\Training\pneumonia\pneumonia-4563.jpg,data\interim\selected\chittagong_PNEUMONIA_0282.jpg,data/processed/images/chittagong_PNEUMONIA_0282.png
chittagong_PNEUMONIA_0283,chittagong,PNEUMONIA,chittagong-pneumonia-413,test,873fa7df5082d88af5f7e69dbc22b288a053ddb2ad5ee45ebe606a4c7223d8ea,chittagong\nested_0\Training\pneumonia\pneumonia-413.jpg,data\interim\selected\chittagong_PNEUMONIA_0283.jpg,data/processed/images/chittagong_PNEUMONIA_0283.png
chittagong_PNEUMONIA_0284,chittagong,PNEUMONIA,chittagong-pneumonia-653,test,88ee89c15369c9d84d4080b50dc5f12fa92066566c8fae0fd08533440166edc9,chittagong\nested_0\Testing\pneumonia\pneumonia-653.jpg,data\interim\selected\chittagong_PNEUMONIA_0284.jpg,data/processed/images/chittagong_PNEUMONIA_0284.png
chittagong_PNEUMONIA_0285,chittagong,PNEUMONIA,chittagong-pneumonia-696,test,8bd7e59df5824af7aca56d16e62072eef2926c7e5c491e0c2fc0db126c85c2e8,chittagong\nested_0\Testing\pneumonia\pneumonia-696.jpg,data\interim\selected\chittagong_PNEUMONIA_0285.jpg,data/processed/images/chittagong_PNEUMONIA_0285.png
chittagong_PNEUMONIA_0286,chittagong,PNEUMONIA,chittagong-pneumonia-5222,test,8bed947752cc3329ee98a80a0923aa02ae6ff26ec22ae0f905cd10c94f57830c,chittagong\nested_0\Testing\pneumonia\pneumonia-5222.jpg,data\interim\selected\chittagong_PNEUMONIA_0286.jpg,data/processed/images/chittagong_PNEUMONIA_0286.png
chittagong_PNEUMONIA_0287,chittagong,PNEUMONIA,chittagong-pneumonia-4239,test,8e33c9e8ae5f5de6d71c00fc0b4b800150b7bc7575ca2945cb73e56bb867365e,chittagong\nested_0\Training\pneumonia\pneumonia-4239.jpg,data\interim\selected\chittagong_PNEUMONIA_0287.jpg,data/processed/images/chittagong_PNEUMONIA_0287.png
chittagong_PNEUMONIA_0288,chittagong,PNEUMONIA,chittagong-pneumonia-4271,test,8ffec11dc5c1ce91fdfcf887e45150ac59819ff5743f1b4438bae592ca0df148,chittagong\nested_0\Training\pneumonia\pneumonia-4271.jpg,data\interim\selected\chittagong_PNEUMONIA_0288.jpg,data/processed/images/chittagong_PNEUMONIA_0288.png
chittagong_PNEUMONIA_0289,chittagong,PNEUMONIA,chittagong-pneumonia-3944,test,90f93176e102e67cbd6c4ff6822049d0ff299550619d76c677b7a38a6c21e38b,chittagong\nested_0\Training\pneumonia\pneumonia-3944.jpg,data\interim\selected\chittagong_PNEUMONIA_0289.jpg,data/processed/images/chittagong_PNEUMONIA_0289.png
chittagong_PNEUMONIA_0290,chittagong,PNEUMONIA,chittagong-pneumonia-656,test,9412aaae28b373f3fb9a8d848e31b709b1c272b985778d6cdb0523d8cd374102,chittagong\nested_0\Testing\pneumonia\pneumonia-656.jpg,data\interim\selected\chittagong_PNEUMONIA_0290.jpg,data/processed/images/chittagong_PNEUMONIA_0290.png
chittagong_PNEUMONIA_0291,chittagong,PNEUMONIA,chittagong-pneumonia-4126,test,94b34b77a2873084de61551e02e2511eb8eafaae37daf76aa5255571bcbd8f5a,chittagong\nested_0\Training\pneumonia\pneumonia-4126.jpg,data\interim\selected\chittagong_PNEUMONIA_0291.jpg,data/processed/images/chittagong_PNEUMONIA_0291.png
chittagong_PNEUMONIA_0292,chittagong,PNEUMONIA,chittagong-pneumonia-5131,test,956bf6615a4b5beb02e28b34a0ba621e102e10c0559a51788160bfe481ef79bd,chittagong\nested_0\Testing\pneumonia\pneumonia-5131.jpg,data\interim\selected\chittagong_PNEUMONIA_0292.jpg,data/processed/images/chittagong_PNEUMONIA_0292.png
chittagong_PNEUMONIA_0293,chittagong,PNEUMONIA,chittagong-pneumonia-3887,test,95ab5246bd9e43bcfe2ae26dc01b5ae7f5d39a7e0087af084686d9d70ebd8379,chittagong\nested_0\Training\pneumonia\pneumonia-3887.jpg,data\interim\selected\chittagong_PNEUMONIA_0293.jpg,data/processed/images/chittagong_PNEUMONIA_0293.png
chittagong_PNEUMONIA_0294,chittagong,PNEUMONIA,chittagong-pneumonia-5233,test,9857210f78c12534751f8746e2a45bf9e54434a8d044e73f996c8b551796b648,chittagong\nested_0\Testing\pneumonia\pneumonia-5233.jpg,data\interim\selected\chittagong_PNEUMONIA_0294.jpg,data/processed/images/chittagong_PNEUMONIA_0294.png
chittagong_PNEUMONIA_0295,chittagong,PNEUMONIA,chittagong-pneumonia-489,test,9875a036135d5da44141f7c406ab0e49c36e3cfa2b7807986f0ed959f5910d8a,chittagong\nested_0\Training\pneumonia\pneumonia-489.jpg,data\interim\selected\chittagong_PNEUMONIA_0295.jpg,data/processed/images/chittagong_PNEUMONIA_0295.png
chittagong_PNEUMONIA_0296,chittagong,PNEUMONIA,chittagong-pneumonia-63,test,99108a6733b09e62f5f50e7c54bf1c95fb78583aa7e30a831b380e9a22808506,chittagong\nested_0\Training\pneumonia\pneumonia-63.jpg,data\interim\selected\chittagong_PNEUMONIA_0296.jpg,data/processed/images/chittagong_PNEUMONIA_0296.png
chittagong_PNEUMONIA_0297,chittagong,PNEUMONIA,chittagong-pneumonia-416,test,9b6de441d7619e2f0dba807b36ce2d090078bcb38bcbbc83615e81a20c0213f8,chittagong\nested_0\Training\pneumonia\pneumonia-416.jpg,data\interim\selected\chittagong_PNEUMONIA_0297.jpg,data/processed/images/chittagong_PNEUMONIA_0297.png
chittagong_PNEUMONIA_0298,chittagong,PNEUMONIA,chittagong-pneumonia-4190,test,9ca4274cad7597d1ae43f414fb2306e366ba5bc46f94d6a4561fb0de31f7b6a2,chittagong\nested_0\Training\pneumonia\pneumonia-4190.jpg,data\interim\selected\chittagong_PNEUMONIA_0298.jpg,data/processed/images/chittagong_PNEUMONIA_0298.png
chittagong_PNEUMONIA_0299,chittagong,PNEUMONIA,chittagong-pneumonia-493,test,a3e06c36fb05d5a5c1d7ed82a8ffb77471f883eb70457f3b49a074b9fd148c8d,chittagong\nested_0\Training\pneumonia\pneumonia-493.jpg,data\interim\selected\chittagong_PNEUMONIA_0299.jpg,data/processed/images/chittagong_PNEUMONIA_0299.png
chittagong_PNEUMONIA_0300,chittagong,PNEUMONIA,chittagong-pneumonia-646,test,a66b6e3f2bf36f978b88be368a410c3bb929327ddd21420d235f21844e0105b1,chittagong\nested_0\Testing\pneumonia\pneumonia-646.jpg,data\interim\selected\chittagong_PNEUMONIA_0300.jpg,data/processed/images/chittagong_PNEUMONIA_0300.png
chittagong_PNEUMONIA_0301,chittagong,PNEUMONIA,chittagong-pneumonia-163,test,a6b044b29f08cee39a16b31df59d8d46597ad40c52471bb35475b3d5f540aee5,chittagong\nested_0\Training\pneumonia\pneumonia-163.jpg,data\interim\selected\chittagong_PNEUMONIA_0301.jpg,data/processed/images/chittagong_PNEUMONIA_0301.png
chittagong_PNEUMONIA_0302,chittagong,PNEUMONIA,chittagong-pneumonia-4262,test,aef23ff2fa8f2cfc63c88bd39183dbb3119566c3b00d88a7f4e4562cd71cd665,chittagong\nested_0\Training\pneumonia\pneumonia-4262.jpg,data\interim\selected\chittagong_PNEUMONIA_0302.jpg,data/processed/images/chittagong_PNEUMONIA_0302.png
chittagong_PNEUMONIA_0303,chittagong,PNEUMONIA,chittagong-pneumonia-5121,test,b0e863d736883a4e85bc729eef18c4873e29eb6332f513862e8e643e9e89eedb,chittagong\nested_0\Testing\pneumonia\pneumonia-5121.jpg,data\interim\selected\chittagong_PNEUMONIA_0303.jpg,data/processed/images/chittagong_PNEUMONIA_0303.png
chittagong_PNEUMONIA_0304,chittagong,PNEUMONIA,chittagong-pneumonia-4197,test,b43780037c465566a915a9ecb677aee731cca1ec21203c8b1ffd48f3f4ae750e,chittagong\nested_0\Training\pneumonia\pneumonia-4197.jpg,data\interim\selected\chittagong_PNEUMONIA_0304.jpg,data/processed/images/chittagong_PNEUMONIA_0304.png
chittagong_PNEUMONIA_0305,chittagong,PNEUMONIA,chittagong-pneumonia-242,test,b9e03c665393fbe69c6b67391024aacc79c0e1a9630dd14dfb831f03b51b4972,chittagong\nested_0\Training\pneumonia\pneumonia-242.jpg,data\interim\selected\chittagong_PNEUMONIA_0305.jpg,data/processed/images/chittagong_PNEUMONIA_0305.png
chittagong_PNEUMONIA_0306,chittagong,PNEUMONIA,chittagong-pneumonia-4146,test,bb03831e0724fc5b285c91871fab0c16f8f1f57161d101cf34f12b30fb12d766,chittagong\nested_0\Training\pneumonia\pneumonia-4146.jpg,data\interim\selected\chittagong_PNEUMONIA_0306.jpg,data/processed/images/chittagong_PNEUMONIA_0306.png
chittagong_PNEUMONIA_0307,chittagong,PNEUMONIA,chittagong-pneumonia-140,test,bbace6584a2b9bbfc03372e1c86fa2fb4246b3c409a30756f4b72cabd8e6b748,chittagong\nested_0\Training\pneumonia\pneumonia-140.jpg,data\interim\selected\chittagong_PNEUMONIA_0307.jpg,data/processed/images/chittagong_PNEUMONIA_0307.png
chittagong_PNEUMONIA_0308,chittagong,PNEUMONIA,chittagong-pneumonia-718,test,bcb08ca63329a4f59b2cdb2dd3e71bb4f394d3c8e41f034ede377942cc08f860,chittagong\nested_0\Testing\pneumonia\pneumonia-718.jpg,data\interim\selected\chittagong_PNEUMONIA_0308.jpg,data/processed/images/chittagong_PNEUMONIA_0308.png
chittagong_PNEUMONIA_0309,chittagong,PNEUMONIA,chittagong-pneumonia-3926,test,c2b6ab16ba472e761c37b1b772a17be40417fcb2163b501ffbb659405fa5a545,chittagong\nested_0\Training\pneumonia\pneumonia-3926.jpg,data\interim\selected\chittagong_PNEUMONIA_0309.jpg,data/processed/images/chittagong_PNEUMONIA_0309.png
chittagong_PNEUMONIA_0310,chittagong,PNEUMONIA,chittagong-pneumonia-746,test,c5d939a49e2435da8ea257e2d309e31f440743ffb7a500fa386131fc7ff78166,chittagong\nested_0\Testing\pneumonia\pneumonia-746.jpg,data\interim\selected\chittagong_PNEUMONIA_0310.jpg,data/processed/images/chittagong_PNEUMONIA_0310.png
chittagong_PNEUMONIA_0311,chittagong,PNEUMONIA,chittagong-pneumonia-4153,test,c91f815f5f0a196e42723c1b6540f076abce423bc23d723570a23b2a0b4615db,chittagong\nested_0\Training\pneumonia\pneumonia-4153.jpg,data\interim\selected\chittagong_PNEUMONIA_0311.jpg,data/processed/images/chittagong_PNEUMONIA_0311.png
chittagong_PNEUMONIA_0312,chittagong,PNEUMONIA,chittagong-pneumonia-4559,test,ca5bcb1e103341286200d861180b1d24da2790d371c104a4e5de205c8f69ab5a,chittagong\nested_0\Training\pneumonia\pneumonia-4559.jpg,data\interim\selected\chittagong_PNEUMONIA_0312.jpg,data/processed/images/chittagong_PNEUMONIA_0312.png
chittagong_PNEUMONIA_0313,chittagong,PNEUMONIA,chittagong-pneumonia-848,test,cec452f96c30bbd635dead1e9f864226423fcaad63652467d1321bedca3d6ddf,chittagong\nested_0\Testing\pneumonia\pneumonia-848.jpg,data\interim\selected\chittagong_PNEUMONIA_0313.jpg,data/processed/images/chittagong_PNEUMONIA_0313.png
chittagong_PNEUMONIA_0314,chittagong,PNEUMONIA,chittagong-pneumonia-211,test,d2a4556f2ae569c704f4f094c2bc3613dab7b746a314bedf36586e4a397feb46,chittagong\nested_0\Training\pneumonia\pneumonia-211.jpg,data\interim\selected\chittagong_PNEUMONIA_0314.jpg,data/processed/images/chittagong_PNEUMONIA_0314.png
chittagong_PNEUMONIA_0315,chittagong,PNEUMONIA,chittagong-pneumonia-876,test,d70f3149582f223207b9b7f696f2f1ac0cacb1de7db1e0295677b219d979a0a4,chittagong\nested_0\Testing\pneumonia\pneumonia-876.jpg,data\interim\selected\chittagong_PNEUMONIA_0315.jpg,data/processed/images/chittagong_PNEUMONIA_0315.png
chittagong_PNEUMONIA_0316,chittagong,PNEUMONIA,chittagong-pneumonia-235,test,d802c3682f515673cd39efa6bf2c3f7546019d96b282313f830587553fe11946,chittagong\nested_0\Training\pneumonia\pneumonia-235.jpg,data\interim\selected\chittagong_PNEUMONIA_0316.jpg,data/processed/images/chittagong_PNEUMONIA_0316.png
chittagong_PNEUMONIA_0317,chittagong,PNEUMONIA,chittagong-pneumonia-5226,test,dd580373bb85dbbc667447e8b368ff1aa4a6f135ccd6c0537797f759b6e59894,chittagong\nested_0\Testing\pneumonia\pneumonia-5226.jpg,data\interim\selected\chittagong_PNEUMONIA_0317.jpg,data/processed/images/chittagong_PNEUMONIA_0317.png
chittagong_PNEUMONIA_0318,chittagong,PNEUMONIA,chittagong-pneumonia-3868,test,de004f7aa4c715c7ca7778d178bb810ae7634b6595970dadfcced60ef0a6e9a1,chittagong\nested_0\Training\pneumonia\pneumonia-3868.jpg,data\interim\selected\chittagong_PNEUMONIA_0318.jpg,data/processed/images/chittagong_PNEUMONIA_0318.png
chittagong_PNEUMONIA_0319,chittagong,PNEUMONIA,chittagong-pneumonia-3977,test,de7dce85ef2ec30f5f5f29c32e606a1b3eaf36905641bad8332cd9dc6469a830,chittagong\nested_0\Training\pneumonia\pneumonia-3977.jpg,data\interim\selected\chittagong_PNEUMONIA_0319.jpg,data/processed/images/chittagong_PNEUMONIA_0319.png
chittagong_PNEUMONIA_0320,chittagong,PNEUMONIA,chittagong-pneumonia-428,test,de8cce09535636bd6e3761d1b627350a22ff7504bbc526f93d7a6f38ec0494aa,chittagong\nested_0\Training\pneumonia\pneumonia-428.jpg,data\interim\selected\chittagong_PNEUMONIA_0320.jpg,data/processed/images/chittagong_PNEUMONIA_0320.png
chittagong_PNEUMONIA_0321,chittagong,PNEUMONIA,chittagong-pneumonia-660,test,df5de3f0825d437fce3d0a2f6f880a707e5e28c745965033d794ff4e8b972792,chittagong\nested_0\Testing\pneumonia\pneumonia-660.jpg,data\interim\selected\chittagong_PNEUMONIA_0321.jpg,data/processed/images/chittagong_PNEUMONIA_0321.png
chittagong_PNEUMONIA_0322,chittagong,PNEUMONIA,chittagong-pneumonia-5122,test,dfa003ab10194166c900a4d75d2754c7903e7cc8ca4bf39f2d15d5da0e18b361,chittagong\nested_0\Testing\pneumonia\pneumonia-5122.jpg,data\interim\selected\chittagong_PNEUMONIA_0322.jpg,data/processed/images/chittagong_PNEUMONIA_0322.png
chittagong_PNEUMONIA_0323,chittagong,PNEUMONIA,chittagong-pneumonia-4046,test,e1dd2b37660d64d958b4d17b669f96104115da7ba6461c02d79d907678971888,chittagong\nested_0\Training\pneumonia\pneumonia-4046.jpg,data\interim\selected\chittagong_PNEUMONIA_0323.jpg,data/processed/images/chittagong_PNEUMONIA_0323.png
chittagong_PNEUMONIA_0324,chittagong,PNEUMONIA,chittagong-pneumonia-5126,test,e369c15d49632aa894d3bd0489f056530225e7ae7460f455efbc21c7e69ece58,chittagong\nested_0\Testing\pneumonia\pneumonia-5126.jpg,data\interim\selected\chittagong_PNEUMONIA_0324.jpg,data/processed/images/chittagong_PNEUMONIA_0324.png
chittagong_PNEUMONIA_0325,chittagong,PNEUMONIA,chittagong-pneumonia-225,test,e8173cf3c1b71eff099896dc79b6ae87151b28c6e9463142de0ff02096f968a6,chittagong\nested_0\Training\pneumonia\pneumonia-225.jpg,data\interim\selected\chittagong_PNEUMONIA_0325.jpg,data/processed/images/chittagong_PNEUMONIA_0325.png
chittagong_PNEUMONIA_0326,chittagong,PNEUMONIA,chittagong-pneumonia-220,test,e8b72db45762a011c30bcfb3263c7994bbb92184cdbc991ab6b31dda110810e6,chittagong\nested_0\Training\pneumonia\pneumonia-220.jpg,data\interim\selected\chittagong_PNEUMONIA_0326.jpg,data/processed/images/chittagong_PNEUMONIA_0326.png
chittagong_PNEUMONIA_0327,chittagong,PNEUMONIA,chittagong-pneumonia-623,test,e9baf5a391921ccbf691971ee1709179960a18ee7b9f55b0586d05e0a39b4a06,chittagong\nested_0\Testing\pneumonia\pneumonia-623.jpg,data\interim\selected\chittagong_PNEUMONIA_0327.jpg,data/processed/images/chittagong_PNEUMONIA_0327.png
chittagong_PNEUMONIA_0328,chittagong,PNEUMONIA,chittagong-pneumonia-4113,test,ef1781026775b4abe8bdc556bb2e1cd46f6dac2d153eea778d7f57fab09622fa,chittagong\nested_0\Training\pneumonia\pneumonia-4113.jpg,data\interim\selected\chittagong_PNEUMONIA_0328.jpg,data/processed/images/chittagong_PNEUMONIA_0328.png
chittagong_PNEUMONIA_0329,chittagong,PNEUMONIA,chittagong-pneumonia-4109,test,f0a74c54a83dbb124147faa06578e1fbbe174b1c3b3740d6dd3f101413924d53,chittagong\nested_0\Training\pneumonia\pneumonia-4109.jpg,data\interim\selected\chittagong_PNEUMONIA_0329.jpg,data/processed/images/chittagong_PNEUMONIA_0329.png
chittagong_PNEUMONIA_0330,chittagong,PNEUMONIA,chittagong-pneumonia-5217,test,f19f48004116cf09a7bca95933b32edb34278001cb608f3cad12e008c115f8ca,chittagong\nested_0\Testing\pneumonia\pneumonia-5217.jpg,data\interim\selected\chittagong_PNEUMONIA_0330.jpg,data/processed/images/chittagong_PNEUMONIA_0330.png
chittagong_PNEUMONIA_0331,chittagong,PNEUMONIA,chittagong-pneumonia-216,test,f2aea356e730950439899f9ac2c01e0d434f404e7ce59fb86e0e74e95efb7d6f,chittagong\nested_0\Training\pneumonia\pneumonia-216.jpg,data\interim\selected\chittagong_PNEUMONIA_0331.jpg,data/processed/images/chittagong_PNEUMONIA_0331.png
chittagong_PNEUMONIA_0332,chittagong,PNEUMONIA,chittagong-pneumonia-120,test,f7869b768f4645c5fa7254332a5d9a4286f320322c6e3ccdac08e9ae050afc28,chittagong\nested_0\Training\pneumonia\pneumonia-120.jpg,data\interim\selected\chittagong_PNEUMONIA_0332.jpg,data/processed/images/chittagong_PNEUMONIA_0332.png
chittagong_PNEUMONIA_0333,chittagong,PNEUMONIA,chittagong-pneumonia-4586,test,f9d903a48b32c7eb3ac2681b7b8bd70b82c1c030bf1fc0abd7096a4776b61673,chittagong\nested_0\Training\pneumonia\pneumonia-4586.jpg,data\interim\selected\chittagong_PNEUMONIA_0333.jpg,data/processed/images/chittagong_PNEUMONIA_0333.png
chittagong_PNEUMONIA_0334,chittagong,PNEUMONIA,chittagong-pneumonia-62,test,fabbe0d85ca3034eb8a9ab4a7447d13ad90afb4e61de4cdf08336cd5e1e86674,chittagong\nested_0\Training\pneumonia\pneumonia-62.jpg,data\interim\selected\chittagong_PNEUMONIA_0334.jpg,data/processed/images/chittagong_PNEUMONIA_0334.png
chittagong_PNEUMONIA_0335,chittagong,PNEUMONIA,chittagong-pneumonia-451,test,facbec71785f0f5d07f0e7dfd42c90a5aa60ac5c9be0e735c6dd697c3c953827,chittagong\nested_0\Training\pneumonia\pneumonia-451.jpg,data\interim\selected\chittagong_PNEUMONIA_0335.jpg,data/processed/images/chittagong_PNEUMONIA_0335.png
chittagong_PNEUMONIA_0336,chittagong,PNEUMONIA,chittagong-pneumonia-345,test,fd524a1d22da467edf1f63a42843976972fc0acce57eea046043f27150de9770,chittagong\nested_0\Training\pneumonia\pneumonia-345.jpg,data\interim\selected\chittagong_PNEUMONIA_0336.jpg,data/processed/images/chittagong_PNEUMONIA_0336.png
chittagong_PNEUMONIA_0337,chittagong,PNEUMONIA,chittagong-pneumonia-5109,test,feb48def0c120630eb2d5ef5bfd5aac134531f250a3a368c258e35721cbf6304,chittagong\nested_0\Testing\pneumonia\pneumonia-5109.jpg,data\interim\selected\chittagong_PNEUMONIA_0337.jpg,data/processed/images/chittagong_PNEUMONIA_0337.png
kermany_PNEUMONIA_0338,kermany,PNEUMONIA,kermany-person-1109,test,00a7f3549893e45cee5623c67e248f78f66c211285d73d55781c2d368b476451,kermany\train\PNEUMONIA\person1109_bacteria_3050.jpeg,data\interim\selected\kermany_PNEUMONIA_0338.jpeg,data/processed/images/kermany_PNEUMONIA_0338.png
kermany_PNEUMONIA_0339,kermany,PNEUMONIA,kermany-person-78,test,0480f5263f31eb3d5ae999644ec5a0fa62fd14abb340e66433fdf3d472ef2b2a,kermany\test\PNEUMONIA\person78_bacteria_382.jpeg,data\interim\selected\kermany_PNEUMONIA_0339.jpeg,data/processed/images/kermany_PNEUMONIA_0339.png
kermany_PNEUMONIA_0340,kermany,PNEUMONIA,kermany-person-1123,test,0a2ddc1191e04d343bdf292d3f8f25afa9a34bd08b53661ca0306d97801a7eb8,kermany\train\PNEUMONIA\person1123_virus_1848.jpeg,data\interim\selected\kermany_PNEUMONIA_0340.jpeg,data/processed/images/kermany_PNEUMONIA_0340.png
kermany_PNEUMONIA_0341,kermany,PNEUMONIA,kermany-person-274,test,0cc4db8051c748ead79900a2093b0bdcf2672607f49cfa2dff3ae69335ae1041,kermany\train\PNEUMONIA\person274_bacteria_1288.jpeg,data\interim\selected\kermany_PNEUMONIA_0341.jpeg,data/processed/images/kermany_PNEUMONIA_0341.png
kermany_PNEUMONIA_0342,kermany,PNEUMONIA,kermany-person-1454,test,0d9aaae98117afe2cd0d3fe8ad7ba131674d2cc2d39760fcaca4331317e59d13,kermany\train\PNEUMONIA\person1454_bacteria_3778.jpeg,data\interim\selected\kermany_PNEUMONIA_0342.jpeg,data/processed/images/kermany_PNEUMONIA_0342.png
kermany_PNEUMONIA_0343,kermany,PNEUMONIA,kermany-person-319,test,0f82d1fbc6a556c3af72e183be66414a8c942f094dca7fb39353541d8936c971,kermany\train\PNEUMONIA\person319_virus_645.jpeg,data\interim\selected\kermany_PNEUMONIA_0343.jpeg,data/processed/images/kermany_PNEUMONIA_0343.png
kermany_PNEUMONIA_0344,kermany,PNEUMONIA,kermany-person-593,test,0fd3271e606b579e5d7b869062243630ce9544ff02c41ff928ba7b52c48dd10f,kermany\train\PNEUMONIA\person593_virus_1142.jpeg,data\interim\selected\kermany_PNEUMONIA_0344.jpeg,data/processed/images/kermany_PNEUMONIA_0344.png
kermany_PNEUMONIA_0345,kermany,PNEUMONIA,kermany-person-1055,test,1000d8b3a510f0552138280e9025684aa5f6ba22ade359ed4de15a439e1b6f7f,kermany\train\PNEUMONIA\person1055_bacteria_2989.jpeg,data\interim\selected\kermany_PNEUMONIA_0345.jpeg,data/processed/images/kermany_PNEUMONIA_0345.png
kermany_PNEUMONIA_0346,kermany,PNEUMONIA,kermany-person-147,test,14131b57b4f04c770139b6cb7e8bcde118bacd57b715a8a857536902ca40527f,kermany\test\PNEUMONIA\person147_bacteria_707.jpeg,data\interim\selected\kermany_PNEUMONIA_0346.jpeg,data/processed/images/kermany_PNEUMONIA_0346.png
kermany_PNEUMONIA_0347,kermany,PNEUMONIA,kermany-person-362,test,1523779d5f2edec5b11414657640b9167302667883e3fd06069a13b69af44040,kermany\train\PNEUMONIA\person362_bacteria_1652.jpeg,data\interim\selected\kermany_PNEUMONIA_0347.jpeg,data/processed/images/kermany_PNEUMONIA_0347.png
kermany_PNEUMONIA_0348,kermany,PNEUMONIA,kermany-person-319,test,154f25769563ad9b1dd86cf3143a11ae85fef7ed2acea3bf2c51720c3a46f372,kermany\train\PNEUMONIA\person319_bacteria_1476.jpeg,data\interim\selected\kermany_PNEUMONIA_0348.jpeg,data/processed/images/kermany_PNEUMONIA_0348.png
kermany_PNEUMONIA_0349,kermany,PNEUMONIA,kermany-person-1649,test,15afb994e0cfc6ce69b9d136d7c1ffb5ea6e4bec92835c2150be7f725b872f05,kermany\test\PNEUMONIA\person1649_virus_2850.jpeg,data\interim\selected\kermany_PNEUMONIA_0349.jpeg,data/processed/images/kermany_PNEUMONIA_0349.png
kermany_PNEUMONIA_0350,kermany,PNEUMONIA,kermany-person-426,test,2606eeeeb987a15796af23d90d7321bd9e48f245e208ed2b511bc89cae0de791,kermany\train\PNEUMONIA\person426_bacteria_1862.jpeg,data\interim\selected\kermany_PNEUMONIA_0350.jpeg,data/processed/images/kermany_PNEUMONIA_0350.png
kermany_PNEUMONIA_0351,kermany,PNEUMONIA,kermany-person-1333,test,27b6602e69486b09105794ad5ae4c9750f1200bd6092e437eae06110df6ad794,kermany\train\PNEUMONIA\person1333_bacteria_3384.jpeg,data\interim\selected\kermany_PNEUMONIA_0351.jpeg,data/processed/images/kermany_PNEUMONIA_0351.png
kermany_PNEUMONIA_0352,kermany,PNEUMONIA,kermany-person-307,test,288010d14037106c141b540059547688ee4193985b847f6e6affbae159903e6b,kermany\train\PNEUMONIA\person307_bacteria_1442.jpeg,data\interim\selected\kermany_PNEUMONIA_0352.jpeg,data/processed/images/kermany_PNEUMONIA_0352.png
kermany_PNEUMONIA_0353,kermany,PNEUMONIA,kermany-person-1615,test,2aa94bf8f03f5d89ca54fedaed591e958a4cec041f22cf385b57bec1ba8ddeb4,kermany\test\PNEUMONIA\person1615_virus_2801.jpeg,data\interim\selected\kermany_PNEUMONIA_0353.jpeg,data/processed/images/kermany_PNEUMONIA_0353.png
kermany_PNEUMONIA_0354,kermany,PNEUMONIA,kermany-person-1141,test,2d32196767456ec126256de2bedb125f25ae1514e890d69f7138f4ef6b544080,kermany\train\PNEUMONIA\person1141_virus_1886.jpeg,data\interim\selected\kermany_PNEUMONIA_0354.jpeg,data/processed/images/kermany_PNEUMONIA_0354.png
kermany_PNEUMONIA_0355,kermany,PNEUMONIA,kermany-person-549,test,31517c259d1e3e8b76814657c4091c55ceecad929d856cae22bb301649b07ded,kermany\train\PNEUMONIA\person549_bacteria_2305.jpeg,data\interim\selected\kermany_PNEUMONIA_0355.jpeg,data/processed/images/kermany_PNEUMONIA_0355.png
kermany_PNEUMONIA_0356,kermany,PNEUMONIA,kermany-person-274,test,324cebd7a7b14523fd0cca67fdf59a68307ee717c50c58db39815f6a9de2956c,kermany\train\PNEUMONIA\person274_virus_563.jpeg,data\interim\selected\kermany_PNEUMONIA_0356.jpeg,data/processed/images/kermany_PNEUMONIA_0356.png
kermany_PNEUMONIA_0357,kermany,PNEUMONIA,kermany-person-569,test,346488405ea4dabdc96a462d26b1dc41c54071c84ca80e9b3eecc3c7ee64fab4,kermany\train\PNEUMONIA\person569_bacteria_2362.jpeg,data\interim\selected\kermany_PNEUMONIA_0357.jpeg,data/processed/images/kermany_PNEUMONIA_0357.png
kermany_PNEUMONIA_0358,kermany,PNEUMONIA,kermany-person-9,test,35e8dc86a3406240e66f968f12742a3866526557ffb14c4f70e5eb8767f316f1,kermany\train\PNEUMONIA\person9_bacteria_38.jpeg,data\interim\selected\kermany_PNEUMONIA_0358.jpeg,data/processed/images/kermany_PNEUMONIA_0358.png
kermany_PNEUMONIA_0359,kermany,PNEUMONIA,kermany-person-1634,test,3a4ae124e6808e29c1e51c1806760b28ead66f84abec9835c19cf828a4ec5afb,kermany\train\PNEUMONIA\person1634_bacteria_4334.jpeg,data\interim\selected\kermany_PNEUMONIA_0359.jpeg,data/processed/images/kermany_PNEUMONIA_0359.png
kermany_PNEUMONIA_0360,kermany,PNEUMONIA,kermany-person-643,test,3adac97a77158c86d58f4450b43df9eaf7bf01a990a187727d26cdfb3642c1c0,kermany\train\PNEUMONIA\person643_bacteria_2534.jpeg,data\interim\selected\kermany_PNEUMONIA_0360.jpeg,data/processed/images/kermany_PNEUMONIA_0360.png
kermany_PNEUMONIA_0361,kermany,PNEUMONIA,kermany-person-557,test,3c19b965d9a6b504c138a604c145df7c22a0f7247b86972a5620395bd3ef8855,kermany\train\PNEUMONIA\person557_virus_1097.jpeg,data\interim\selected\kermany_PNEUMONIA_0361.jpeg,data/processed/images/kermany_PNEUMONIA_0361.png
kermany_PNEUMONIA_0362,kermany,PNEUMONIA,kermany-person-588,test,3c4a1355e034fe91b533d8185f479b452083f6a44ec1d0e7ebb4f0a9cd363b7a,kermany\train\PNEUMONIA\person588_bacteria_2422.jpeg,data\interim\selected\kermany_PNEUMONIA_0362.jpeg,data/processed/images/kermany_PNEUMONIA_0362.png
kermany_PNEUMONIA_0363,kermany,PNEUMONIA,kermany-person-1251,test,3dd74c365a3af529b1e5a29f33d4c07d12e4769b68a2985abb4875f081368043,kermany\train\PNEUMONIA\person1251_bacteria_3208.jpeg,data\interim\selected\kermany_PNEUMONIA_0363.jpeg,data/processed/images/kermany_PNEUMONIA_0363.png
kermany_PNEUMONIA_0364,kermany,PNEUMONIA,kermany-person-1454,test,3fbdf88517bfdec2cfecbf49e87214a454067cd950a659efe9e7fa8652c9dd3a,kermany\train\PNEUMONIA\person1454_bacteria_3779.jpeg,data\interim\selected\kermany_PNEUMONIA_0364.jpeg,data/processed/images/kermany_PNEUMONIA_0364.png
kermany_PNEUMONIA_0365,kermany,PNEUMONIA,kermany-person-505,test,402954b04dc6e405a9cfe3398a12851635d14b1ceff774b30777f2d34120dcca,kermany\train\PNEUMONIA\person505_virus_1017.jpeg,data\interim\selected\kermany_PNEUMONIA_0365.jpeg,data/processed/images/kermany_PNEUMONIA_0365.png
kermany_PNEUMONIA_0366,kermany,PNEUMONIA,kermany-person-903,test,442a676b0819e7be8f29c0a3f3017b94ce18372bcf4425b35e50935237a4e250,kermany\train\PNEUMONIA\person903_bacteria_2828.jpeg,data\interim\selected\kermany_PNEUMONIA_0366.jpeg,data/processed/images/kermany_PNEUMONIA_0366.png
kermany_PNEUMONIA_0367,kermany,PNEUMONIA,kermany-person-609,test,47050c652c6fee42f6f48f9fbcb1ac86e2f5fba967ac6071215915baebac3f14,kermany\train\PNEUMONIA\person609_virus_1176.jpeg,data\interim\selected\kermany_PNEUMONIA_0367.jpeg,data/processed/images/kermany_PNEUMONIA_0367.png
kermany_PNEUMONIA_0368,kermany,PNEUMONIA,kermany-person-923,test,47dd4c962d5e60c1fa079ba5a478bbe6e34a511dc33a05d694df118a26218141,kermany\train\PNEUMONIA\person923_bacteria_2848.jpeg,data\interim\selected\kermany_PNEUMONIA_0368.jpeg,data/processed/images/kermany_PNEUMONIA_0368.png
kermany_PNEUMONIA_0369,kermany,PNEUMONIA,kermany-person-1106,test,4a1d35d1f1f4ce5258127758156182c8f52cbe039b1277cc9a352858e44f8962,kermany\train\PNEUMONIA\person1106_virus_1829.jpeg,data\interim\selected\kermany_PNEUMONIA_0369.jpeg,data/processed/images/kermany_PNEUMONIA_0369.png
kermany_PNEUMONIA_0370,kermany,PNEUMONIA,kermany-person-988,test,4c18df6e2b6129a8dba0a69969c236ec2879bc733ff7e58f0d3da6f64ed8e85e,kermany\train\PNEUMONIA\person988_virus_1666.jpeg,data\interim\selected\kermany_PNEUMONIA_0370.jpeg,data/processed/images/kermany_PNEUMONIA_0370.png
kermany_PNEUMONIA_0371,kermany,PNEUMONIA,kermany-person-491,test,4c26de0cdd546a08df5853236258a319b5f46a10fc1260afa88454309c697eb6,kermany\train\PNEUMONIA\person491_bacteria_2080.jpeg,data\interim\selected\kermany_PNEUMONIA_0371.jpeg,data/processed/images/kermany_PNEUMONIA_0371.png
kermany_PNEUMONIA_0372,kermany,PNEUMONIA,kermany-person-477,test,4c2b1ccff60426960b7960716c43f7a7c26ff05c4bec72baa9224c3801ff9c9b,kermany\train\PNEUMONIA\person477_bacteria_2031.jpeg,data\interim\selected\kermany_PNEUMONIA_0372.jpeg,data/processed/images/kermany_PNEUMONIA_0372.png
kermany_PNEUMONIA_0373,kermany,PNEUMONIA,kermany-person-147,test,4d666b01acfbee97e9e56314ba557427f72e217d036cfe3ac43282bd0665dc51,kermany\test\PNEUMONIA\person147_bacteria_705.jpeg,data\interim\selected\kermany_PNEUMONIA_0373.jpeg,data/processed/images/kermany_PNEUMONIA_0373.png
kermany_PNEUMONIA_0374,kermany,PNEUMONIA,kermany-person-276,test,512e5926b4fa0eed21bba5e99e9667b9c5acaab372d09aa12e777d2044ea0010,kermany\train\PNEUMONIA\person276_bacteria_1297.jpeg,data\interim\selected\kermany_PNEUMONIA_0374.jpeg,data/processed/images/kermany_PNEUMONIA_0374.png
kermany_PNEUMONIA_0375,kermany,PNEUMONIA,kermany-person-1645,test,52e3e8ddcfec3de28a64cb4be47e66812983e37a7a8048342d8c164a08f0abfe,kermany\train\PNEUMONIA\person1645_bacteria_4363.jpeg,data\interim\selected\kermany_PNEUMONIA_0375.jpeg,data/processed/images/kermany_PNEUMONIA_0375.png
kermany_PNEUMONIA_0376,kermany,PNEUMONIA,kermany-person-496,test,542a1377ff81b91aa9578a0bda71b40a8c6339158a21670008625df35fac7d55,kermany\train\PNEUMONIA\person496_virus_1003.jpeg,data\interim\selected\kermany_PNEUMONIA_0376.jpeg,data/processed/images/kermany_PNEUMONIA_0376.png
kermany_PNEUMONIA_0377,kermany,PNEUMONIA,kermany-person-274,test,5a523de047b4e86347a3a765bcb461432c988365c7cfbf399573c5c257ae148f,kermany\train\PNEUMONIA\person274_bacteria_1289.jpeg,data\interim\selected\kermany_PNEUMONIA_0377.jpeg,data/processed/images/kermany_PNEUMONIA_0377.png
kermany_PNEUMONIA_0378,kermany,PNEUMONIA,kermany-person-145,test,5da9745f696f3b451fc1a7b363f337a147ac202f2bf9613f7ac4a122e8d509fa,kermany\train\PNEUMONIA\person145_virus_295.jpeg,data\interim\selected\kermany_PNEUMONIA_0378.jpeg,data/processed/images/kermany_PNEUMONIA_0378.png
kermany_PNEUMONIA_0379,kermany,PNEUMONIA,kermany-person-970,test,6158c5efdcd4d8d30c87072bd62e38d44ce2ff2b39114ffbed2aeb08bd03bb1f,kermany\train\PNEUMONIA\person970_bacteria_2895.jpeg,data\interim\selected\kermany_PNEUMONIA_0379.jpeg,data/processed/images/kermany_PNEUMONIA_0379.png
kermany_PNEUMONIA_0380,kermany,PNEUMONIA,kermany-person-1346,test,63becb2afc8e5bfa5a33e6bd3f7fb3661beecdf2a7acde47f3242dbfd692ef5b,kermany\train\PNEUMONIA\person1346_virus_2322.jpeg,data\interim\selected\kermany_PNEUMONIA_0380.jpeg,data/processed/images/kermany_PNEUMONIA_0380.png
kermany_PNEUMONIA_0381,kermany,PNEUMONIA,kermany-person-69,test,6436b7ceb5a06da67d57e6743f06522c44a03b23e9440fd3a6f419288d2425bf,kermany\train\PNEUMONIA\person69_bacteria_338.jpeg,data\interim\selected\kermany_PNEUMONIA_0381.jpeg,data/processed/images/kermany_PNEUMONIA_0381.png
kermany_PNEUMONIA_0382,kermany,PNEUMONIA,kermany-person-1670,test,65ffaf2dfe265e8bcf0e2fb8ddd56ac45eec569ae612f2dbf44b36eb7d28ff28,kermany\train\PNEUMONIA\person1670_bacteria_4425.jpeg,data\interim\selected\kermany_PNEUMONIA_0382.jpeg,data/processed/images/kermany_PNEUMONIA_0382.png
kermany_PNEUMONIA_0383,kermany,PNEUMONIA,kermany-person-402,test,68736aefacc72a6aaa3871a7007ad407cbddc5dde97e0af17bd38a6032f6d68c,kermany\train\PNEUMONIA\person402_virus_799.jpeg,data\interim\selected\kermany_PNEUMONIA_0383.jpeg,data/processed/images/kermany_PNEUMONIA_0383.png
kermany_PNEUMONIA_0384,kermany,PNEUMONIA,kermany-person-1183,test,68b10829eae3eca942c491d9e80f2bf0fb67ac7c1657d9280ff6e62d442f8d90,kermany\train\PNEUMONIA\person1183_bacteria_3131.jpeg,data\interim\selected\kermany_PNEUMONIA_0384.jpeg,data/processed/images/kermany_PNEUMONIA_0384.png
kermany_PNEUMONIA_0385,kermany,PNEUMONIA,kermany-person-1715,test,6a3a168d18fd399aefb6b5d8767a73b18a769944cd259d4c4b995a450157eba4,kermany\train\PNEUMONIA\person1715_bacteria_4532.jpeg,data\interim\selected\kermany_PNEUMONIA_0385.jpeg,data/processed/images/kermany_PNEUMONIA_0385.png
kermany_PNEUMONIA_0386,kermany,PNEUMONIA,kermany-person-731,test,6ac2066f5fa863096d1c02dd583ea63a006f1c9dca06f91ad9b90a79e8689750,kermany\train\PNEUMONIA\person731_virus_1352.jpeg,data\interim\selected\kermany_PNEUMONIA_0386.jpeg,data/processed/images/kermany_PNEUMONIA_0386.png
kermany_PNEUMONIA_0387,kermany,PNEUMONIA,kermany-person-1730,test,710be2d9ce22d170a0ac3a6047145df0bdb5c5560007726674b7c7304ae94dad,kermany\train\PNEUMONIA\person1730_bacteria_4558.jpeg,data\interim\selected\kermany_PNEUMONIA_0387.jpeg,data/processed/images/kermany_PNEUMONIA_0387.png
kermany_PNEUMONIA_0388,kermany,PNEUMONIA,kermany-person-303,test,730c45d6ab5d37f7d42ede68c0d331b89f1cae1c8f28df3590a666008b864a44,kermany\train\PNEUMONIA\person303_bacteria_1431.jpeg,data\interim\selected\kermany_PNEUMONIA_0388.jpeg,data/processed/images/kermany_PNEUMONIA_0388.png
kermany_PNEUMONIA_0389,kermany,PNEUMONIA,kermany-person-632,test,76f7937b0b4b4cae8b0ce897f8f57061212d6faccf0324d452f6a3e9760c8cfe,kermany\train\PNEUMONIA\person632_bacteria_2520.jpeg,data\interim\selected\kermany_PNEUMONIA_0389.jpeg,data/processed/images/kermany_PNEUMONIA_0389.png
kermany_PNEUMONIA_0390,kermany,PNEUMONIA,kermany-person-362,test,7c256d64b49bcf590e3eebd61b430a66ace3c638da7dc37da3644e675884ecc8,kermany\train\PNEUMONIA\person362_virus_741.jpeg,data\interim\selected\kermany_PNEUMONIA_0390.jpeg,data/processed/images/kermany_PNEUMONIA_0390.png
kermany_PNEUMONIA_0391,kermany,PNEUMONIA,kermany-person-276,test,7c5916ca7310d03cf7252e7ac2020b8bb1de8e87b3d0c78c1e0d96986c295034,kermany\train\PNEUMONIA\person276_bacteria_1295.jpeg,data\interim\selected\kermany_PNEUMONIA_0391.jpeg,data/processed/images/kermany_PNEUMONIA_0391.png
kermany_PNEUMONIA_0392,kermany,PNEUMONIA,kermany-person-1211,test,7fd50af2f1471ba98d3728d736df3e992e27a851b4e6043e9143a5e3882a682a,kermany\train\PNEUMONIA\person1211_bacteria_3163.jpeg,data\interim\selected\kermany_PNEUMONIA_0392.jpeg,data/processed/images/kermany_PNEUMONIA_0392.png
kermany_PNEUMONIA_0393,kermany,PNEUMONIA,kermany-person-491,test,81ec32d860fe0ad4ed731b1660b9d33b7486642b5bd89455a894e52ea819a21c,kermany\train\PNEUMONIA\person491_bacteria_2082.jpeg,data\interim\selected\kermany_PNEUMONIA_0393.jpeg,data/processed/images/kermany_PNEUMONIA_0393.png
kermany_PNEUMONIA_0394,kermany,PNEUMONIA,kermany-person-78,test,848804c80a1734592608a2486542659ec5631da9ac9ae408c23746cad84760cf,kermany\test\PNEUMONIA\person78_bacteria_380.jpeg,data\interim\selected\kermany_PNEUMONIA_0394.jpeg,data/processed/images/kermany_PNEUMONIA_0394.png
kermany_PNEUMONIA_0395,kermany,PNEUMONIA,kermany-person-157,test,84ede36c1a8cfcd09a3f0a4304d499418a52ea1f8d6e1e843b91eb57ce402b2c,kermany\test\PNEUMONIA\person157_bacteria_739.jpeg,data\interim\selected\kermany_PNEUMONIA_0395.jpeg,data/processed/images/kermany_PNEUMONIA_0395.png
kermany_PNEUMONIA_0396,kermany,PNEUMONIA,kermany-person-89,test,8743312ff505b4f62d2d3afc887305df2df8476f8932c35e553f2a4205f67e57,kermany\test\PNEUMONIA\person89_bacteria_440.jpeg,data\interim\selected\kermany_PNEUMONIA_0396.jpeg,data/processed/images/kermany_PNEUMONIA_0396.png
kermany_PNEUMONIA_0397,kermany,PNEUMONIA,kermany-person-28,test,8813796d7645362ca3a93b52807e4d9ef164cfc211fd7d9d115c0b7462a67c74,kermany\train\PNEUMONIA\person28_bacteria_143.jpeg,data\interim\selected\kermany_PNEUMONIA_0397.jpeg,data/processed/images/kermany_PNEUMONIA_0397.png
kermany_PNEUMONIA_0398,kermany,PNEUMONIA,kermany-person-745,test,881a051fe0addc41fe280b5c53a2493e7b23c8c9fa69a5312b48e6906daabfe4,kermany\train\PNEUMONIA\person745_bacteria_2648.jpeg,data\interim\selected\kermany_PNEUMONIA_0398.jpeg,data/processed/images/kermany_PNEUMONIA_0398.png
kermany_PNEUMONIA_0399,kermany,PNEUMONIA,kermany-person-525,test,89683e908a820669035fc1d4c166492eeb9d3d2c460617cac2babb0b3ac556cc,kermany\train\PNEUMONIA\person525_bacteria_2216.jpeg,data\interim\selected\kermany_PNEUMONIA_0399.jpeg,data/processed/images/kermany_PNEUMONIA_0399.png
kermany_PNEUMONIA_0400,kermany,PNEUMONIA,kermany-person-679,test,8f310bc33116fd940a617046172656ecc5ed9d36422bdb709af580d7403ceb51,kermany\train\PNEUMONIA\person679_virus_1270.jpeg,data\interim\selected\kermany_PNEUMONIA_0400.jpeg,data/processed/images/kermany_PNEUMONIA_0400.png
kermany_PNEUMONIA_0401,kermany,PNEUMONIA,kermany-person-1454,test,95fbb15da4c3e1300dbfe8ea00222972839e6e8dcb3c71eb885390551a069bf8,kermany\train\PNEUMONIA\person1454_virus_2486.jpeg,data\interim\selected\kermany_PNEUMONIA_0401.jpeg,data/processed/images/kermany_PNEUMONIA_0401.png
kermany_PNEUMONIA_0402,kermany,PNEUMONIA,kermany-person-260,test,9a11f1bf7d842c41e5eb73e9507998e1cbadda7630888251347a62d5a0d7c68d,kermany\train\PNEUMONIA\person260_bacteria_1222.jpeg,data\interim\selected\kermany_PNEUMONIA_0402.jpeg,data/processed/images/kermany_PNEUMONIA_0402.png
kermany_PNEUMONIA_0403,kermany,PNEUMONIA,kermany-person-1267,test,9a5d074a62331532abecd6f8bb38807d4ecaf67813b5bb451698d556174810c9,kermany\train\PNEUMONIA\person1267_virus_2160.jpeg,data\interim\selected\kermany_PNEUMONIA_0403.jpeg,data/processed/images/kermany_PNEUMONIA_0403.png
kermany_PNEUMONIA_0404,kermany,PNEUMONIA,kermany-person-382,test,9b16639de579c734a09f1c604623c3f20086c8b55209ee0cc1e3914b3dfe66c9,kermany\train\PNEUMONIA\person382_bacteria_1739.jpeg,data\interim\selected\kermany_PNEUMONIA_0404.jpeg,data/processed/images/kermany_PNEUMONIA_0404.png
kermany_PNEUMONIA_0405,kermany,PNEUMONIA,kermany-person-447,test,9d46f7ee35fa8420af9981140ff1f58ff6955d9931489c1a0255e2cdb0345dd0,kermany\train\PNEUMONIA\person447_virus_921_1.jpeg,data\interim\selected\kermany_PNEUMONIA_0405.jpeg,data/processed/images/kermany_PNEUMONIA_0405.png
kermany_PNEUMONIA_0406,kermany,PNEUMONIA,kermany-person-3,test,9f8043b4b5d7d4215354981cf16e462a22b524e9f36eebe91ac965ebe19e65cf,kermany\train\PNEUMONIA\person3_bacteria_12.jpeg,data\interim\selected\kermany_PNEUMONIA_0406.jpeg,data/processed/images/kermany_PNEUMONIA_0406.png
kermany_PNEUMONIA_0407,kermany,PNEUMONIA,kermany-person-1066,test,9f94b08087d911f3d7022d9de8338fa89e07b12d04eb95ea9a576b5b6f3323aa,kermany\train\PNEUMONIA\person1066_bacteria_3000.jpeg,data\interim\selected\kermany_PNEUMONIA_0407.jpeg,data/processed/images/kermany_PNEUMONIA_0407.png
kermany_PNEUMONIA_0408,kermany,PNEUMONIA,kermany-person-1499,test,a16764d2b6c9072e9e8b60edf4c8068822177d4162193dc5381bfafbfd7d2356,kermany\train\PNEUMONIA\person1499_bacteria_3915.jpeg,data\interim\selected\kermany_PNEUMONIA_0408.jpeg,data/processed/images/kermany_PNEUMONIA_0408.png
kermany_PNEUMONIA_0409,kermany,PNEUMONIA,kermany-person-121,test,a3564ad0ed801e8922f7ce0aa50818f10fb0237a890c3877ffe20303e0145022,kermany\test\PNEUMONIA\person121_bacteria_578.jpeg,data\interim\selected\kermany_PNEUMONIA_0409.jpeg,data/processed/images/kermany_PNEUMONIA_0409.png
kermany_PNEUMONIA_0410,kermany,PNEUMONIA,kermany-person-868,test,a4ff75ffb10b654ee6bcd4a1131259af566eed157e40cf52d1d0c7c4fb9a4d48,kermany\train\PNEUMONIA\person868_virus_1513.jpeg,data\interim\selected\kermany_PNEUMONIA_0410.jpeg,data/processed/images/kermany_PNEUMONIA_0410.png
kermany_PNEUMONIA_0411,kermany,PNEUMONIA,kermany-person-147,test,a6d44c5ea53636e638a9f02d5f41cc07e22aeea2cd0c47d6b17de46c1efcb5fc,kermany\test\PNEUMONIA\person147_bacteria_706.jpeg,data\interim\selected\kermany_PNEUMONIA_0411.jpeg,data/processed/images/kermany_PNEUMONIA_0411.png
kermany_PNEUMONIA_0412,kermany,PNEUMONIA,kermany-person-669,test,a96c3e944b8c6e7bbd3f17c31b47a7e3ed849129438928dbf02290f65a7a9410,kermany\train\PNEUMONIA\person669_bacteria_2561.jpeg,data\interim\selected\kermany_PNEUMONIA_0412.jpeg,data/processed/images/kermany_PNEUMONIA_0412.png
kermany_PNEUMONIA_0413,kermany,PNEUMONIA,kermany-person-690,test,aa4809f8eae854aa1e0f450f845dd61d640fe6918455fbdb4d9f2e77fd46da54,kermany\train\PNEUMONIA\person690_bacteria_2587.jpeg,data\interim\selected\kermany_PNEUMONIA_0413.jpeg,data/processed/images/kermany_PNEUMONIA_0413.png
kermany_PNEUMONIA_0414,kermany,PNEUMONIA,kermany-person-1524,test,acd2069eac2da091a12ccb3c8d61c03acb406cab96ac5296383c62fbc8f7dfb3,kermany\train\PNEUMONIA\person1524_bacteria_3983.jpeg,data\interim\selected\kermany_PNEUMONIA_0414.jpeg,data/processed/images/kermany_PNEUMONIA_0414.png
kermany_PNEUMONIA_0415,kermany,PNEUMONIA,kermany-person-1620,test,aeae2e8398d5a7a8d6ae4592c30701b44864c52097cb3abb1958ce0782ebc39a,kermany\train\PNEUMONIA\person1620_bacteria_4272.jpeg,data\interim\selected\kermany_PNEUMONIA_0415.jpeg,data/processed/images/kermany_PNEUMONIA_0415.png
kermany_PNEUMONIA_0416,kermany,PNEUMONIA,kermany-person-569,test,aef1915c0e767868b21dca2a357cc9e450368f6f39fef74d6f566e2340b9a206,kermany\train\PNEUMONIA\person569_bacteria_2363.jpeg,data\interim\selected\kermany_PNEUMONIA_0416.jpeg,data/processed/images/kermany_PNEUMONIA_0416.png
kermany_PNEUMONIA_0417,kermany,PNEUMONIA,kermany-person-260,test,af037ab25be17bc94157aef48066a558843ec14bbe436d5ab7cc45b1f11684fc,kermany\train\PNEUMONIA\person260_bacteria_1224.jpeg,data\interim\selected\kermany_PNEUMONIA_0417.jpeg,data/processed/images/kermany_PNEUMONIA_0417.png
kermany_PNEUMONIA_0418,kermany,PNEUMONIA,kermany-person-1771,test,b56ce6ff60581fb7ed9e7112de25ba6bd7c75bf21f26d019107fef73442af7d0,kermany\train\PNEUMONIA\person1771_bacteria_4615.jpeg,data\interim\selected\kermany_PNEUMONIA_0418.jpeg,data/processed/images/kermany_PNEUMONIA_0418.png
kermany_PNEUMONIA_0419,kermany,PNEUMONIA,kermany-person-1940,test,b5addc2e7f6ae8429ba24e32752316a8192843fcc25b388a39f86e160a91ffc1,kermany\train\PNEUMONIA\person1940_bacteria_4861.jpeg,data\interim\selected\kermany_PNEUMONIA_0419.jpeg,data/processed/images/kermany_PNEUMONIA_0419.png
kermany_PNEUMONIA_0420,kermany,PNEUMONIA,kermany-person-1438,test,b5c5435506e7536f0e008f920a8c3c54eaaec68e4582e08fb46c0de21cd2759e,kermany\train\PNEUMONIA\person1438_bacteria_3718.jpeg,data\interim\selected\kermany_PNEUMONIA_0420.jpeg,data/processed/images/kermany_PNEUMONIA_0420.png
kermany_PNEUMONIA_0421,kermany,PNEUMONIA,kermany-person-1238,test,b6121336ca41f1963a20207502ed6ae512877564c88aaafbc14d03ef2ff75a11,kermany\train\PNEUMONIA\person1238_bacteria_3194.jpeg,data\interim\selected\kermany_PNEUMONIA_0421.jpeg,data/processed/images/kermany_PNEUMONIA_0421.png
kermany_PNEUMONIA_0422,kermany,PNEUMONIA,kermany-person-1267,test,ba02db14cc6e19de359e6aa7eeed26136490db6fecf4eb30c5332ec40bf2ecf5,kermany\train\PNEUMONIA\person1267_bacteria_3226.jpeg,data\interim\selected\kermany_PNEUMONIA_0422.jpeg,data/processed/images/kermany_PNEUMONIA_0422.png
kermany_PNEUMONIA_0423,kermany,PNEUMONIA,kermany-person-442,test,ba9a6463c3f5e3a0e3e36b544619f574c3823df184a523092a282c3718ccf373,kermany\train\PNEUMONIA\person442_virus_905.jpeg,data\interim\selected\kermany_PNEUMONIA_0423.jpeg,data/processed/images/kermany_PNEUMONIA_0423.png
kermany_PNEUMONIA_0424,kermany,PNEUMONIA,kermany-person-276,test,be29d5287fbd8fedcfd35424b219273cbabdb032ad7600739a1562b4a2ae56b0,kermany\train\PNEUMONIA\person276_bacteria_1299.jpeg,data\interim\selected\kermany_PNEUMONIA_0424.jpeg,data/processed/images/kermany_PNEUMONIA_0424.png
kermany_PNEUMONIA_0425,kermany,PNEUMONIA,kermany-person-1476,test,bf4865facf628f65f6a2ad3db6e12da547d868864d581e68f22bd96dec86cced,kermany\train\PNEUMONIA\person1476_bacteria_3843.jpeg,data\interim\selected\kermany_PNEUMONIA_0425.jpeg,data/processed/images/kermany_PNEUMONIA_0425.png
kermany_PNEUMONIA_0426,kermany,PNEUMONIA,kermany-person-529,test,c11e87cdb27c73f6469b094fdceebb04a970be5cad11b5c0154cc0fa6a3578a6,kermany\train\PNEUMONIA\person529_bacteria_2228.jpeg,data\interim\selected\kermany_PNEUMONIA_0426.jpeg,data/processed/images/kermany_PNEUMONIA_0426.png
kermany_PNEUMONIA_0427,kermany,PNEUMONIA,kermany-person-276,test,c228ab4f576f197cb674c59aa13dbccffc46b4fcc45b93ae495bf7f3d775b161,kermany\train\PNEUMONIA\person276_bacteria_1296.jpeg,data\interim\selected\kermany_PNEUMONIA_0427.jpeg,data/processed/images/kermany_PNEUMONIA_0427.png
kermany_PNEUMONIA_0428,kermany,PNEUMONIA,kermany-person-719,test,c2ea2f4efdfdf506bc9f4cc0509dfa00fd55c6973cd5a752a5823ae3de103f4c,kermany\train\PNEUMONIA\person719_virus_1338.jpeg,data\interim\selected\kermany_PNEUMONIA_0428.jpeg,data/processed/images/kermany_PNEUMONIA_0428.png
kermany_PNEUMONIA_0429,kermany,PNEUMONIA,kermany-person-588,test,c3fbf768668c1130b2d8b964c1c617df15d62763210658ff224544c7ded0a0a3,kermany\train\PNEUMONIA\person588_bacteria_2423.jpeg,data\interim\selected\kermany_PNEUMONIA_0429.jpeg,data/processed/images/kermany_PNEUMONIA_0429.png
kermany_PNEUMONIA_0430,kermany,PNEUMONIA,kermany-person-1651,test,cfd1c72e2d616badef4ee00f4aa75b1fbcc2b03eeda90e443a0563c57ff5397d,kermany\train\PNEUMONIA\person1651_bacteria_4381.jpeg,data\interim\selected\kermany_PNEUMONIA_0430.jpeg,data/processed/images/kermany_PNEUMONIA_0430.png
kermany_PNEUMONIA_0431,kermany,PNEUMONIA,kermany-person-1476,test,d31ec28e617ffac63182f53d90fe5109ec9b5479d1dc642d415f68f964e87723,kermany\train\PNEUMONIA\person1476_bacteria_3842.jpeg,data\interim\selected\kermany_PNEUMONIA_0431.jpeg,data/processed/images/kermany_PNEUMONIA_0431.png
kermany_PNEUMONIA_0432,kermany,PNEUMONIA,kermany-person-1419,test,da039944125f54b1ee89d1b37f2de4747591b486dea6591aa49362adf43fdac9,kermany\train\PNEUMONIA\person1419_bacteria_3645.jpeg,data\interim\selected\kermany_PNEUMONIA_0432.jpeg,data/processed/images/kermany_PNEUMONIA_0432.png
kermany_PNEUMONIA_0433,kermany,PNEUMONIA,kermany-person-491,test,dd7ba4574b3fde98e5c648a37708fdefd04e086683b33fbd74712c9cc3970f3f,kermany\train\PNEUMONIA\person491_bacteria_2073.jpeg,data\interim\selected\kermany_PNEUMONIA_0433.jpeg,data/processed/images/kermany_PNEUMONIA_0433.png
kermany_PNEUMONIA_0434,kermany,PNEUMONIA,kermany-person-157,test,de42daff0c8904b60368ec3c2535d1eeacca7bc1107c51705081236d70ca9cb7,kermany\test\PNEUMONIA\person157_bacteria_740.jpeg,data\interim\selected\kermany_PNEUMONIA_0434.jpeg,data/processed/images/kermany_PNEUMONIA_0434.png
kermany_PNEUMONIA_0435,kermany,PNEUMONIA,kermany-person-952,test,df5a2741f398375dc37187fea3ebc00ecccdc784aa68e7eca4180a31501fe002,kermany\train\PNEUMONIA\person952_bacteria_2877.jpeg,data\interim\selected\kermany_PNEUMONIA_0435.jpeg,data/processed/images/kermany_PNEUMONIA_0435.png
kermany_PNEUMONIA_0436,kermany,PNEUMONIA,kermany-person-1331,test,df8b43d2375e977f916d237097204b0fb77240f20c22a13da294224efb33ffec,kermany\train\PNEUMONIA\person1331_virus_2299.jpeg,data\interim\selected\kermany_PNEUMONIA_0436.jpeg,data/processed/images/kermany_PNEUMONIA_0436.png
kermany_PNEUMONIA_0437,kermany,PNEUMONIA,kermany-person-669,test,e2bde08139eea15c4fc7205ca8d42b8318f6cb99f18b930ba937c31eecfe18ea,kermany\train\PNEUMONIA\person669_bacteria_2562.jpeg,data\interim\selected\kermany_PNEUMONIA_0437.jpeg,data/processed/images/kermany_PNEUMONIA_0437.png
kermany_PNEUMONIA_0438,kermany,PNEUMONIA,kermany-person-1757,test,e2e0daea7d88bd6c7d8f2d4febebfa2be45a7bd9dace10578aa77404e5a8d3ba,kermany\train\PNEUMONIA\person1757_bacteria_4599.jpeg,data\interim\selected\kermany_PNEUMONIA_0438.jpeg,data/processed/images/kermany_PNEUMONIA_0438.png
kermany_PNEUMONIA_0439,kermany,PNEUMONIA,kermany-person-1385,test,e920de9db5e581788f7e5f03394e7ea191bcf85ee725a8fcaff422efbcafcc6f,kermany\train\PNEUMONIA\person1385_bacteria_3524.jpeg,data\interim\selected\kermany_PNEUMONIA_0439.jpeg,data/processed/images/kermany_PNEUMONIA_0439.png
kermany_PNEUMONIA_0440,kermany,PNEUMONIA,kermany-person-402,test,ebf52761301510569097fae43fdd26e5fe3697e4a55e343aacbef90566110e7e,kermany\train\PNEUMONIA\person402_virus_801.jpeg,data\interim\selected\kermany_PNEUMONIA_0440.jpeg,data/processed/images/kermany_PNEUMONIA_0440.png
kermany_PNEUMONIA_0441,kermany,PNEUMONIA,kermany-person-1043,test,f7bddb351effc3e82d89855afc276a9b29fde228d400d8cf5f81e1e43276a15b,kermany\train\PNEUMONIA\person1043_virus_1738.jpeg,data\interim\selected\kermany_PNEUMONIA_0441.jpeg,data/processed/images/kermany_PNEUMONIA_0441.png
chittagong_NORMAL_0442,chittagong,NORMAL,chittagong-normal-7253,train,0027ba8449dcd19f3a1b26e4c708aa891299aa2077e0499ee3a0f62347300b46,chittagong\nested_0\Training\normal\normal-7253.jpg,data\interim\selected\chittagong_NORMAL_0442.jpg,data/processed/images/chittagong_NORMAL_0442.png
chittagong_NORMAL_0443,chittagong,NORMAL,chittagong-normal-7630,train,00f8a10ab77086a8901eac756363947edd7e64edf7696c9fb7e1d8173c97d739,chittagong\nested_0\Training\normal\normal-7630.jpg,data\interim\selected\chittagong_NORMAL_0443.jpg,data/processed/images/chittagong_NORMAL_0443.png
chittagong_NORMAL_0444,chittagong,NORMAL,chittagong-normal-880,train,01289002d884340bafeaccfd7310d02edbcbf53c6f34ea8cb677fd9bab86db4a,chittagong\nested_0\Training\normal\normal-880.jpg,data\interim\selected\chittagong_NORMAL_0444.jpg,data/processed/images/chittagong_NORMAL_0444.png
chittagong_NORMAL_0445,chittagong,NORMAL,chittagong-normal-7899,train,01432634aabac485772b97c13a70da9493f91283fc54f2ad06f90dd8fe5ab121,chittagong\nested_0\Testing\normal\normal-7899.jpg,data\interim\selected\chittagong_NORMAL_0445.jpg,data/processed/images/chittagong_NORMAL_0445.png
chittagong_NORMAL_0446,chittagong,NORMAL,chittagong-normal-7278,train,01e0b91a2c31e526d52588b527c004cedacdf2b342b54705d944c2f4b07cb340,chittagong\nested_0\Training\normal\normal-7278.jpg,data\interim\selected\chittagong_NORMAL_0446.jpg,data/processed/images/chittagong_NORMAL_0446.png
chittagong_NORMAL_0447,chittagong,NORMAL,chittagong-normal-8017,train,0222097d8eab3ed82080d399ec8f3a488c274ac2df4e34732133ca38ce11a6ea,chittagong\nested_0\Testing\normal\normal-8017.jpg,data\interim\selected\chittagong_NORMAL_0447.jpg,data/processed/images/chittagong_NORMAL_0447.png
chittagong_NORMAL_0448,chittagong,NORMAL,chittagong-normal-7190,train,02397a3880117d73e342d35097d5184b900a0e70e14c98d7791bf3f85c6c9f2b,chittagong\nested_0\Training\normal\normal-7190.jpg,data\interim\selected\chittagong_NORMAL_0448.jpg,data/processed/images/chittagong_NORMAL_0448.png
chittagong_NORMAL_0449,chittagong,NORMAL,chittagong-normal-7595,train,024ecf36c982d49b28eecb407a66f29ea0b3cc628fc27a30f853866ed7a24621,chittagong\nested_0\Training\normal\normal-7595.jpg,data\interim\selected\chittagong_NORMAL_0449.jpg,data/processed/images/chittagong_NORMAL_0449.png
chittagong_NORMAL_0450,chittagong,NORMAL,chittagong-normal-7189,train,03006fb385b939ebf257c58caedd3441c2df0fe09c9790f1e70b7ccfe96e0d7b,chittagong\nested_0\Training\normal\normal-7189.jpg,data\interim\selected\chittagong_NORMAL_0450.jpg,data/processed/images/chittagong_NORMAL_0450.png
chittagong_NORMAL_0451,chittagong,NORMAL,chittagong-normal-7159,train,03185f9330bba66ea5209d5ef1900df13e2eafa92bd9277e19af9b7e17609803,chittagong\nested_0\Training\normal\normal-7159.jpg,data\interim\selected\chittagong_NORMAL_0451.jpg,data/processed/images/chittagong_NORMAL_0451.png
chittagong_NORMAL_0452,chittagong,NORMAL,chittagong-normal-7304,train,04b7765a710c02f7675b9e11a485f4c3e7a340227a4754a67047259ce2cc1fea,chittagong\nested_0\Training\normal\normal-7304.jpg,data\interim\selected\chittagong_NORMAL_0452.jpg,data/processed/images/chittagong_NORMAL_0452.png
chittagong_NORMAL_0453,chittagong,NORMAL,chittagong-normal-8037,train,04e6a05774afb2c4be2c6adb55df48accb6d0d54ab3716ea343161cd042de25b,chittagong\nested_0\Testing\normal\normal-8037.jpg,data\interim\selected\chittagong_NORMAL_0453.jpg,data/processed/images/chittagong_NORMAL_0453.png
chittagong_NORMAL_0454,chittagong,NORMAL,chittagong-normal-813,train,05153fa8ce3c0b39f54e5c17f2419b32af09e5daf6736bdc683bf88bac7678c3,chittagong\nested_0\Training\normal\normal-813.jpg,data\interim\selected\chittagong_NORMAL_0454.jpg,data/processed/images/chittagong_NORMAL_0454.png
chittagong_NORMAL_0455,chittagong,NORMAL,chittagong-normal-7099,train,0685db7bae4816c8303cf1f01cd0779b4809b56e3091dcf14e462f6367555e95,chittagong\nested_0\Training\normal\normal-7099.jpg,data\interim\selected\chittagong_NORMAL_0455.jpg,data/processed/images/chittagong_NORMAL_0455.png
chittagong_NORMAL_0456,chittagong,NORMAL,chittagong-normal-7578,train,073884282490254cdced79ebeb8cae52e96278b1738bc9a260f7356cceae4797,chittagong\nested_0\Training\normal\normal-7578.jpg,data\interim\selected\chittagong_NORMAL_0456.jpg,data/processed/images/chittagong_NORMAL_0456.png
chittagong_NORMAL_0457,chittagong,NORMAL,chittagong-normal-7066,train,075a595ca435ca828f52a69e5c1902f294581ff71a5ef37b930e610e84847967,chittagong\nested_0\Training\normal\normal-7066.jpg,data\interim\selected\chittagong_NORMAL_0457.jpg,data/processed/images/chittagong_NORMAL_0457.png
chittagong_NORMAL_0458,chittagong,NORMAL,chittagong-normal-7062,train,08499447fa9fd3d75aeefc6a244c3fba45594b2c08492c74cf5ba39e4c15c576,chittagong\nested_0\Training\normal\normal-7062.jpg,data\interim\selected\chittagong_NORMAL_0458.jpg,data/processed/images/chittagong_NORMAL_0458.png
chittagong_NORMAL_0459,chittagong,NORMAL,chittagong-normal-825,train,0877fd900fdfe94f2e8809d475960ca5ba5d97204635cdf04721979b601767f7,chittagong\nested_0\Training\normal\normal-825.jpg,data\interim\selected\chittagong_NORMAL_0459.jpg,data/processed/images/chittagong_NORMAL_0459.png
chittagong_NORMAL_0460,chittagong,NORMAL,chittagong-normal-737,train,0895534fa3e7b04fd1473d8a6f8255bf5b0a9c39a96abd2b24fae3735e8c5f9b,chittagong\nested_0\Training\normal\normal-737.jpg,data\interim\selected\chittagong_NORMAL_0460.jpg,data/processed/images/chittagong_NORMAL_0460.png
chittagong_NORMAL_0461,chittagong,NORMAL,chittagong-normal-695,train,08d777e1f0e7dd5475cb4195ac33a637986577cb44c6f3479ce74f51c3b18492,chittagong\nested_0\Training\normal\normal-695.jpg,data\interim\selected\chittagong_NORMAL_0461.jpg,data/processed/images/chittagong_NORMAL_0461.png
chittagong_NORMAL_0462,chittagong,NORMAL,chittagong-normal-877,train,09e5fe24acc9784b92119d1aa125b91942f2ef3f11b887b63ad96683311f6ff3,chittagong\nested_0\Training\normal\normal-877.jpg,data\interim\selected\chittagong_NORMAL_0462.jpg,data/processed/images/chittagong_NORMAL_0462.png
chittagong_NORMAL_0463,chittagong,NORMAL,chittagong-normal-8055,train,0b5539fc858a9a53db1a0bf2d782bc0ed4662d2b518dba9551c304b896ee1b8d,chittagong\nested_0\Testing\normal\normal-8055.jpg,data\interim\selected\chittagong_NORMAL_0463.jpg,data/processed/images/chittagong_NORMAL_0463.png
chittagong_NORMAL_0464,chittagong,NORMAL,chittagong-normal-7992,train,0d2ace7f375f20b2c0bcef73fe584d50cece7035773e63e2de7e5df50b958e24,chittagong\nested_0\Testing\normal\normal-7992.jpg,data\interim\selected\chittagong_NORMAL_0464.jpg,data/processed/images/chittagong_NORMAL_0464.png
chittagong_NORMAL_0465,chittagong,NORMAL,chittagong-normal-778,train,0e046160f5b26a7d80e91cb4aa1faaf90240f24e21a2632a65c645c6acd565e3,chittagong\nested_0\Training\normal\normal-778.jpg,data\interim\selected\chittagong_NORMAL_0465.jpg,data/processed/images/chittagong_NORMAL_0465.png
chittagong_NORMAL_0466,chittagong,NORMAL,chittagong-normal-8084,train,0e77dbe13394b28b9d9993185cce9de444d7a9fa7400345d65f0a4cfff4cc54a,chittagong\nested_0\Testing\normal\normal-8084.jpg,data\interim\selected\chittagong_NORMAL_0466.jpg,data/processed/images/chittagong_NORMAL_0466.png
chittagong_NORMAL_0467,chittagong,NORMAL,chittagong-normal-7425,train,0fa6e26e0e365b4f4379efd756f14528b514a0ea218389f064a484f061e52337,chittagong\nested_0\Training\normal\normal-7425.jpg,data\interim\selected\chittagong_NORMAL_0467.jpg,data/processed/images/chittagong_NORMAL_0467.png
chittagong_NORMAL_0468,chittagong,NORMAL,chittagong-normal-7886,train,1010f708e6875a58f1be28e7580a161807ef1185ad843d38b2b31b270386c5e1,chittagong\nested_0\Testing\normal\normal-7886.jpg,data\interim\selected\chittagong_NORMAL_0468.jpg,data/processed/images/chittagong_NORMAL_0468.png
chittagong_NORMAL_0469,chittagong,NORMAL,chittagong-normal-7918,train,103fe9247eeefa55ca52df23b2924a26a652a517666dfb19de71865a4e42a06f,chittagong\nested_0\Testing\normal\normal-7918.jpg,data\interim\selected\chittagong_NORMAL_0469.jpg,data/processed/images/chittagong_NORMAL_0469.png
chittagong_NORMAL_0470,chittagong,NORMAL,chittagong-normal-8119,train,107594274b15fe41c175401976cc507beac028c7b7737f7f572ddb8a53123c54,chittagong\nested_0\Testing\normal\normal-8119.jpg,data\interim\selected\chittagong_NORMAL_0470.jpg,data/processed/images/chittagong_NORMAL_0470.png
chittagong_NORMAL_0471,chittagong,NORMAL,chittagong-normal-7111,train,112925fde9afbfc457f25e044d27df28423cd6db2f698319f5f2290b27a36f1b,chittagong\nested_0\Training\normal\normal-7111.jpg,data\interim\selected\chittagong_NORMAL_0471.jpg,data/processed/images/chittagong_NORMAL_0471.png
chittagong_NORMAL_0472,chittagong,NORMAL,chittagong-normal-7197,train,114053145cfbda17a0cb44771e6564fd3c54d3a46b68b7713f47d2d5fe93b5c0,chittagong\nested_0\Training\normal\normal-7197.jpg,data\interim\selected\chittagong_NORMAL_0472.jpg,data/processed/images/chittagong_NORMAL_0472.png
chittagong_NORMAL_0473,chittagong,NORMAL,chittagong-normal-8166,train,11428022b1cfa8d06e5cda13ba1f1a7878745e12feb35e2dd9ac029e1232b62c,chittagong\nested_0\Testing\normal\normal-8166.jpg,data\interim\selected\chittagong_NORMAL_0473.jpg,data/processed/images/chittagong_NORMAL_0473.png
chittagong_NORMAL_0474,chittagong,NORMAL,chittagong-normal-7124,train,11871a80bbe46bcd72df5dcfb7ec517db775119141de1f2989ee8d7936669093,chittagong\nested_0\Training\normal\normal-7124.jpg,data\interim\selected\chittagong_NORMAL_0474.jpg,data/processed/images/chittagong_NORMAL_0474.png
chittagong_NORMAL_0475,chittagong,NORMAL,chittagong-normal-7119,train,11ec0962da944fb9d5f3d45f70fde9882aa7a5cd35d3531f05887c25a08bf60d,chittagong\nested_0\Training\normal\normal-7119.jpg,data\interim\selected\chittagong_NORMAL_0475.jpg,data/processed/images/chittagong_NORMAL_0475.png
chittagong_NORMAL_0476,chittagong,NORMAL,chittagong-normal-7514,train,13d17737c0eb84c6202a00237a6590f3f72fdaa5532166a3b53e0ca634e921de,chittagong\nested_0\Training\normal\normal-7514.jpg,data\interim\selected\chittagong_NORMAL_0476.jpg,data/processed/images/chittagong_NORMAL_0476.png
chittagong_NORMAL_0477,chittagong,NORMAL,chittagong-normal-7214,train,148a8f8c205480cfb3f2b30ffcbb02d6078e54ffb8e99449a8839218518da1d3,chittagong\nested_0\Training\normal\normal-7214.jpg,data\interim\selected\chittagong_NORMAL_0477.jpg,data/processed/images/chittagong_NORMAL_0477.png
chittagong_NORMAL_0478,chittagong,NORMAL,chittagong-normal-7299,train,159e71732fd967379cfcab5cee8a3f81fc33967560cd9a8be12b6fa4861b8ec1,chittagong\nested_0\Training\normal\normal-7299.jpg,data\interim\selected\chittagong_NORMAL_0478.jpg,data/processed/images/chittagong_NORMAL_0478.png
chittagong_NORMAL_0479,chittagong,NORMAL,chittagong-normal-829,train,15ba8f04d39b3f9925a1b53985a1be92b8a8bfefe4f1d65e31e0f889d54202c7,chittagong\nested_0\Training\normal\normal-829.jpg,data\interim\selected\chittagong_NORMAL_0479.jpg,data/processed/images/chittagong_NORMAL_0479.png
chittagong_NORMAL_0480,chittagong,NORMAL,chittagong-normal-7651,train,15c8da019db2545851dbeeeb1248fb4e7a42fe02303d0bf128d875e3d21dabee,chittagong\nested_0\Training\normal\normal-7651.jpg,data\interim\selected\chittagong_NORMAL_0480.jpg,data/processed/images/chittagong_NORMAL_0480.png
chittagong_NORMAL_0481,chittagong,NORMAL,chittagong-normal-7167,train,16bd0310670e4aca8151473d4d3a0d0cc93daedbbacd994ba99e89946ee12287,chittagong\nested_0\Training\normal\normal-7167.jpg,data\interim\selected\chittagong_NORMAL_0481.jpg,data/processed/images/chittagong_NORMAL_0481.png
chittagong_NORMAL_0482,chittagong,NORMAL,chittagong-normal-770,train,16d2a2dcf2a55c6d0c1ba3dde4221e52f3ed0af0e4a2e62e7964ee4e2c72c4f3,chittagong\nested_0\Training\normal\normal-770.jpg,data\interim\selected\chittagong_NORMAL_0482.jpg,data/processed/images/chittagong_NORMAL_0482.png
chittagong_NORMAL_0483,chittagong,NORMAL,chittagong-normal-8146,train,188c70efe65844a52f1bfc1a1c00d87852ccd0688f1a4cc361b1b1d481530ca3,chittagong\nested_0\Testing\normal\normal-8146.jpg,data\interim\selected\chittagong_NORMAL_0483.jpg,data/processed/images/chittagong_NORMAL_0483.png
chittagong_NORMAL_0484,chittagong,NORMAL,chittagong-normal-8044,train,18f499535eeea54378a2187e6413d05bebdb5b4570e43b066ef053498d2fdd31,chittagong\nested_0\Testing\normal\normal-8044.jpg,data\interim\selected\chittagong_NORMAL_0484.jpg,data/processed/images/chittagong_NORMAL_0484.png
chittagong_NORMAL_0485,chittagong,NORMAL,chittagong-normal-8029,train,19548d7837f8546b151f5ab74c277d4f4ed0df7288b914f3345e7f505e8ebc3c,chittagong\nested_0\Testing\normal\normal-8029.jpg,data\interim\selected\chittagong_NORMAL_0485.jpg,data/processed/images/chittagong_NORMAL_0485.png
chittagong_NORMAL_0486,chittagong,NORMAL,chittagong-normal-794,train,1a6adef022b025c5d6b9e067d152397c9b497d8c789d2a111b949dd5db41e833,chittagong\nested_0\Training\normal\normal-794.jpg,data\interim\selected\chittagong_NORMAL_0486.jpg,data/processed/images/chittagong_NORMAL_0486.png
chittagong_NORMAL_0487,chittagong,NORMAL,chittagong-normal-8050,train,1a746e849eab0102368aa2901e0e4beba3ea758858b733d44636a647cf51fb9e,chittagong\nested_0\Testing\normal\normal-8050.jpg,data\interim\selected\chittagong_NORMAL_0487.jpg,data/processed/images/chittagong_NORMAL_0487.png
chittagong_NORMAL_0488,chittagong,NORMAL,chittagong-normal-8002,train,1a900798a75eb512c88c8b2ed05743c74fcfc567ede39c5150f0bae1b8050b6c,chittagong\nested_0\Testing\normal\normal-8002.jpg,data\interim\selected\chittagong_NORMAL_0488.jpg,data/processed/images/chittagong_NORMAL_0488.png
chittagong_NORMAL_0489,chittagong,NORMAL,chittagong-normal-7104,train,1ac6b343793072410750f22fde0780c518af2b941be69fbc2f3857e3947c6d0f,chittagong\nested_0\Training\normal\normal-7104.jpg,data\interim\selected\chittagong_NORMAL_0489.jpg,data/processed/images/chittagong_NORMAL_0489.png
chittagong_NORMAL_0490,chittagong,NORMAL,chittagong-normal-7132,train,1ae965a68a3e94ca5714db03b28a0e5d0a07f28e8d2e76605210be86de8cdc72,chittagong\nested_0\Training\normal\normal-7132.jpg,data\interim\selected\chittagong_NORMAL_0490.jpg,data/processed/images/chittagong_NORMAL_0490.png
chittagong_NORMAL_0491,chittagong,NORMAL,chittagong-normal-8092,train,1b08035070508aae1b548975a94fb26c286e7603efd01a6f63a5b8e14410cd78,chittagong\nested_0\Testing\normal\normal-8092.jpg,data\interim\selected\chittagong_NORMAL_0491.jpg,data/processed/images/chittagong_NORMAL_0491.png
chittagong_NORMAL_0492,chittagong,NORMAL,chittagong-normal-7571,train,1c7be9409490532805d45f5004f51649ecb16d83e2d609cbd83d339f69ee4c5e,chittagong\nested_0\Training\normal\normal-7571.jpg,data\interim\selected\chittagong_NORMAL_0492.jpg,data/processed/images/chittagong_NORMAL_0492.png
chittagong_NORMAL_0493,chittagong,NORMAL,chittagong-normal-7426,train,1e09d76a1b4a6021e927a0f214aa6876e37eba0b8120ff3d8d7e12f73473f3cc,chittagong\nested_0\Training\normal\normal-7426.jpg,data\interim\selected\chittagong_NORMAL_0493.jpg,data/processed/images/chittagong_NORMAL_0493.png
chittagong_NORMAL_0494,chittagong,NORMAL,chittagong-normal-90,train,1e2f5f4897739890b30d1c2925b8af6830cd076d735bc2700b1cc64e54219fb9,chittagong\nested_0\Training\normal\normal-90.jpg,data\interim\selected\chittagong_NORMAL_0494.jpg,data/processed/images/chittagong_NORMAL_0494.png
chittagong_NORMAL_0495,chittagong,NORMAL,chittagong-normal-7603,train,1e6c7f0175a215199ec174eb60e3f2ecb44c8f8aef0a4b24a103c447853ba050,chittagong\nested_0\Training\normal\normal-7603.jpg,data\interim\selected\chittagong_NORMAL_0495.jpg,data/processed/images/chittagong_NORMAL_0495.png
chittagong_NORMAL_0496,chittagong,NORMAL,chittagong-normal-7284,train,1ea7531ba8f4017668e72218cd774c0f815e7ecd18bd7ec37be75e06700f6c2b,chittagong\nested_0\Training\normal\normal-7284.jpg,data\interim\selected\chittagong_NORMAL_0496.jpg,data/processed/images/chittagong_NORMAL_0496.png
chittagong_NORMAL_0497,chittagong,NORMAL,chittagong-normal-7892,train,1ffaafb18ae341568f3782edfe9c19863a84f99ffcdacdf62e616c023308914b,chittagong\nested_0\Testing\normal\normal-7892.jpg,data\interim\selected\chittagong_NORMAL_0497.jpg,data/processed/images/chittagong_NORMAL_0497.png
chittagong_NORMAL_0498,chittagong,NORMAL,chittagong-normal-628,train,20013e4a341f73b1e9bd2ea54e06edc5a55fdcc9a02f65cbea5e197b7b675909,chittagong\nested_0\Training\normal\normal-628.jpg,data\interim\selected\chittagong_NORMAL_0498.jpg,data/processed/images/chittagong_NORMAL_0498.png
chittagong_NORMAL_0499,chittagong,NORMAL,chittagong-normal-7122,train,20fd98c2abb04bbbd5930f1884db01cb94fe2eb1b19651b49760db0fbbd3f168,chittagong\nested_0\Training\normal\normal-7122.jpg,data\interim\selected\chittagong_NORMAL_0499.jpg,data/processed/images/chittagong_NORMAL_0499.png
chittagong_NORMAL_0500,chittagong,NORMAL,chittagong-normal-7512,train,20fef0aa3d25c2635d0020749a1dd92e0d338ef8a94ccca1d6d46d77e1843a98,chittagong\nested_0\Training\normal\normal-7512.jpg,data\interim\selected\chittagong_NORMAL_0500.jpg,data/processed/images/chittagong_NORMAL_0500.png
chittagong_NORMAL_0501,chittagong,NORMAL,chittagong-normal-7268,train,21f3b3a180d7a47c41c03d372f6b1ffd39fd1a766e0197e4824ec6223e046f5a,chittagong\nested_0\Training\normal\normal-7268.jpg,data\interim\selected\chittagong_NORMAL_0501.jpg,data/processed/images/chittagong_NORMAL_0501.png
chittagong_NORMAL_0502,chittagong,NORMAL,chittagong-normal-7934,train,2288a9d0e5addf5b936d2128e6d83472f357af59b005255b39b939bdea10e470,chittagong\nested_0\Testing\normal\normal-7934.jpg,data\interim\selected\chittagong_NORMAL_0502.jpg,data/processed/images/chittagong_NORMAL_0502.png
chittagong_NORMAL_0503,chittagong,NORMAL,chittagong-normal-7215,train,22b29d27103d08bb1332b6b79ca4ab092810f41c3d32e7e5db81c242fe67189e,chittagong\nested_0\Training\normal\normal-7215.jpg,data\interim\selected\chittagong_NORMAL_0503.jpg,data/processed/images/chittagong_NORMAL_0503.png
chittagong_NORMAL_0504,chittagong,NORMAL,chittagong-normal-7665,train,22ca109ebfe6388ca151a75d197528e0a44915d8aef2a83fbcc54dedf9143a6c,chittagong\nested_0\Training\normal\normal-7665.jpg,data\interim\selected\chittagong_NORMAL_0504.jpg,data/processed/images/chittagong_NORMAL_0504.png
chittagong_NORMAL_0505,chittagong,NORMAL,chittagong-normal-7343,train,23e2afb80039e3b154c585157a1cfd0b590d4ee241f7a974968ef6bc2816f792,chittagong\nested_0\Training\normal\normal-7343.jpg,data\interim\selected\chittagong_NORMAL_0505.jpg,data/processed/images/chittagong_NORMAL_0505.png
chittagong_NORMAL_0506,chittagong,NORMAL,chittagong-normal-7287,train,24305c9ca21fdc6f9a3c4a5378b94e4f653c8da2d27db1ed441ca60312a92df5,chittagong\nested_0\Training\normal\normal-7287.jpg,data\interim\selected\chittagong_NORMAL_0506.jpg,data/processed/images/chittagong_NORMAL_0506.png
chittagong_NORMAL_0507,chittagong,NORMAL,chittagong-normal-783,train,24b4f331281c93b70503cefd34a8eeb606ba9c739f4a091c3cee4cef9ea42661,chittagong\nested_0\Training\normal\normal-783.jpg,data\interim\selected\chittagong_NORMAL_0507.jpg,data/processed/images/chittagong_NORMAL_0507.png
chittagong_NORMAL_0508,chittagong,NORMAL,chittagong-normal-7039,train,254f6d35101324755d93d4619146b44d2b98ade8742d94b6955ddbe9822346eb,chittagong\nested_0\Training\normal\normal-7039.jpg,data\interim\selected\chittagong_NORMAL_0508.jpg,data/processed/images/chittagong_NORMAL_0508.png
chittagong_NORMAL_0509,chittagong,NORMAL,chittagong-normal-7350,train,25602ed2795352b30ac319492ebb137cb3867adc5bc58b9063cc08cd740bf6f4,chittagong\nested_0\Training\normal\normal-7350.jpg,data\interim\selected\chittagong_NORMAL_0509.jpg,data/processed/images/chittagong_NORMAL_0509.png
chittagong_NORMAL_0510,chittagong,NORMAL,chittagong-normal-7339,train,256316d1c09f368119a4c0e7af8a4b865ac76a88079aa98756b150148020c4b0,chittagong\nested_0\Training\normal\normal-7339.jpg,data\interim\selected\chittagong_NORMAL_0510.jpg,data/processed/images/chittagong_NORMAL_0510.png
chittagong_NORMAL_0511,chittagong,NORMAL,chittagong-normal-76,train,277f088182e1e9d9845c0070bfdd6d1cb7700465785a700797df0cbd9e8b79f9,chittagong\nested_0\Training\normal\normal-76.jpg,data\interim\selected\chittagong_NORMAL_0511.jpg,data/processed/images/chittagong_NORMAL_0511.png
chittagong_NORMAL_0512,chittagong,NORMAL,chittagong-normal-7653,train,27a9a170c45a764586090fd9ac5dea18adc8115063700b76e3233326e67dda99,chittagong\nested_0\Training\normal\normal-7653.jpg,data\interim\selected\chittagong_NORMAL_0512.jpg,data/processed/images/chittagong_NORMAL_0512.png
chittagong_NORMAL_0513,chittagong,NORMAL,chittagong-normal-7612,train,27bfcc8c7bc86c8434c231682a484a2653a506ed672848f19e502b466c2c13cc,chittagong\nested_0\Training\normal\normal-7612.jpg,data\interim\selected\chittagong_NORMAL_0513.jpg,data/processed/images/chittagong_NORMAL_0513.png
chittagong_NORMAL_0514,chittagong,NORMAL,chittagong-normal-603,train,29b87ba0af044452b0564e71496569a35f6c53b7cae4c438fdfd8cace2882f08,chittagong\nested_0\Training\normal\normal-603.jpg,data\interim\selected\chittagong_NORMAL_0514.jpg,data/processed/images/chittagong_NORMAL_0514.png
chittagong_NORMAL_0515,chittagong,NORMAL,chittagong-normal-66,train,2ac6ffb48d1f1674f5ec824ca83094c6b6ab905d9c9571e8e9db4d84a66f7ec6,chittagong\nested_0\Training\normal\normal-66.jpg,data\interim\selected\chittagong_NORMAL_0515.jpg,data/processed/images/chittagong_NORMAL_0515.png
chittagong_NORMAL_0516,chittagong,NORMAL,chittagong-normal-7624,train,2b60be343e5d5ea9527638893765ade61cb219f3d8eef7424bbf2762db8c46c8,chittagong\nested_0\Training\normal\normal-7624.jpg,data\interim\selected\chittagong_NORMAL_0516.jpg,data/processed/images/chittagong_NORMAL_0516.png
chittagong_NORMAL_0517,chittagong,NORMAL,chittagong-normal-7078,train,2b65f62bab41bfbb69886c98a03fd797ef9caeb5c6c32aef7b62f55ea39ff78e,chittagong\nested_0\Training\normal\normal-7078.jpg,data\interim\selected\chittagong_NORMAL_0517.jpg,data/processed/images/chittagong_NORMAL_0517.png
chittagong_NORMAL_0518,chittagong,NORMAL,chittagong-normal-7464,train,2b7ac0ed4e8d3c3d9c9cd9e2e5ac9695c406bcfea4240b9ff6f6a8b38404a681,chittagong\nested_0\Training\normal\normal-7464.jpg,data\interim\selected\chittagong_NORMAL_0518.jpg,data/processed/images/chittagong_NORMAL_0518.png
chittagong_NORMAL_0519,chittagong,NORMAL,chittagong-normal-840,train,2bbdb202ef8e5d562ac59c4f9ee99a594efa86c8e7fea9c5b33f492764d32998,chittagong\nested_0\Training\normal\normal-840.jpg,data\interim\selected\chittagong_NORMAL_0519.jpg,data/processed/images/chittagong_NORMAL_0519.png
chittagong_NORMAL_0520,chittagong,NORMAL,chittagong-normal-7106,train,2c6196cf7b7f77fce302cdd137727af77e765acaa61bea1da67ee4f46eec238f,chittagong\nested_0\Training\normal\normal-7106.jpg,data\interim\selected\chittagong_NORMAL_0520.jpg,data/processed/images/chittagong_NORMAL_0520.png
chittagong_NORMAL_0521,chittagong,NORMAL,chittagong-normal-8056,train,2ca9d51591456191ea15bb3ede9a66a5173b3b71abb11e3767e0f3229ad32b06,chittagong\nested_0\Testing\normal\normal-8056.jpg,data\interim\selected\chittagong_NORMAL_0521.jpg,data/processed/images/chittagong_NORMAL_0521.png
chittagong_NORMAL_0522,chittagong,NORMAL,chittagong-normal-731,train,2d2add4808b67f9c7c1abcb87c82ae5fefe9763c324c6a40bc8c1da0ba89c455,chittagong\nested_0\Training\normal\normal-731.jpg,data\interim\selected\chittagong_NORMAL_0522.jpg,data/processed/images/chittagong_NORMAL_0522.png
chittagong_NORMAL_0523,chittagong,NORMAL,chittagong-normal-7297,train,2e6285e0f9731b5699626d7c8fec2d89a2cf188ac39112c5bbdff0691f87669e,chittagong\nested_0\Training\normal\normal-7297.jpg,data\interim\selected\chittagong_NORMAL_0523.jpg,data/processed/images/chittagong_NORMAL_0523.png
chittagong_NORMAL_0524,chittagong,NORMAL,chittagong-normal-7555,train,2f95573016a494120f21e5d8803db7638d68640665aae3f5519a551c3b66db98,chittagong\nested_0\Training\normal\normal-7555.jpg,data\interim\selected\chittagong_NORMAL_0524.jpg,data/processed/images/chittagong_NORMAL_0524.png
chittagong_NORMAL_0525,chittagong,NORMAL,chittagong-normal-7568,train,3010896d9fb1e2bf00ee5272760377124246d15b5eaaf13a4549ec721a8ddfe8,chittagong\nested_0\Training\normal\normal-7568.jpg,data\interim\selected\chittagong_NORMAL_0525.jpg,data/processed/images/chittagong_NORMAL_0525.png
chittagong_NORMAL_0526,chittagong,NORMAL,chittagong-normal-7498,train,30399000660155b5a11dade555e11f8fac03db2a7dbc51f7e30cb40183617d69,chittagong\nested_0\Training\normal\normal-7498.jpg,data\interim\selected\chittagong_NORMAL_0526.jpg,data/processed/images/chittagong_NORMAL_0526.png
chittagong_NORMAL_0527,chittagong,NORMAL,chittagong-normal-8077,train,30845e57e685bae4ad5db907e1ecc9b898bc7b42bf62a5adda0f9227191fd554,chittagong\nested_0\Testing\normal\normal-8077.jpg,data\interim\selected\chittagong_NORMAL_0527.jpg,data/processed/images/chittagong_NORMAL_0527.png
chittagong_NORMAL_0528,chittagong,NORMAL,chittagong-normal-89,train,321c7bdb561f70d9847930cf48e76cf8e94f04d3bd920a73a6b59f7163e96d96,chittagong\nested_0\Training\normal\normal-89.jpg,data\interim\selected\chittagong_NORMAL_0528.jpg,data/processed/images/chittagong_NORMAL_0528.png
chittagong_NORMAL_0529,chittagong,NORMAL,chittagong-normal-918,train,324e1e0d90d9b505636ca3d5de41f55699fc0ab70dd817ee5499605c5c3e002a,chittagong\nested_0\Training\normal\normal-918.jpg,data\interim\selected\chittagong_NORMAL_0529.jpg,data/processed/images/chittagong_NORMAL_0529.png
chittagong_NORMAL_0530,chittagong,NORMAL,chittagong-normal-712,train,325e51a9d4c8a5ca4e2e4d6027d6d2bd86cc95311c5629c0e7b3823ca14efaa5,chittagong\nested_0\Training\normal\normal-712.jpg,data\interim\selected\chittagong_NORMAL_0530.jpg,data/processed/images/chittagong_NORMAL_0530.png
chittagong_NORMAL_0531,chittagong,NORMAL,chittagong-normal-58,train,33f77d0efeb1f527d99c9f8407111d383297d5b9b5c54b84e61b79e52a5457e4,chittagong\nested_0\Training\normal\normal-58.jpg,data\interim\selected\chittagong_NORMAL_0531.jpg,data/processed/images/chittagong_NORMAL_0531.png
chittagong_NORMAL_0532,chittagong,NORMAL,chittagong-normal-7634,train,34e82ee5a36bb6c7949f7736198d9521c9cdbf3499b1e7efd50b3483058f606a,chittagong\nested_0\Training\normal\normal-7634.jpg,data\interim\selected\chittagong_NORMAL_0532.jpg,data/processed/images/chittagong_NORMAL_0532.png
chittagong_NORMAL_0533,chittagong,NORMAL,chittagong-normal-586,train,35d84c4be661b4944bcc21ebe87a61729078d9cc81482a58896f71df962e05fd,chittagong\nested_0\Training\normal\normal-586.jpg,data\interim\selected\chittagong_NORMAL_0533.jpg,data/processed/images/chittagong_NORMAL_0533.png
chittagong_NORMAL_0534,chittagong,NORMAL,chittagong-normal-722,train,367d0bacc3bf5265f0ac11baef7497301142267b60d2c682e585b8a24441763d,chittagong\nested_0\Training\normal\normal-722.jpg,data\interim\selected\chittagong_NORMAL_0534.jpg,data/processed/images/chittagong_NORMAL_0534.png
chittagong_NORMAL_0535,chittagong,NORMAL,chittagong-normal-7437,train,36868e3bcd7f1c465180b3cfe376259ada310602dbe0327f2101ac867a84027a,chittagong\nested_0\Training\normal\normal-7437.jpg,data\interim\selected\chittagong_NORMAL_0535.jpg,data/processed/images/chittagong_NORMAL_0535.png
chittagong_NORMAL_0536,chittagong,NORMAL,chittagong-normal-7275,train,36bc7c2d73efedd66bf504e505e569abc08cb7e1d1e94d4703b6901881bdb990,chittagong\nested_0\Training\normal\normal-7275.jpg,data\interim\selected\chittagong_NORMAL_0536.jpg,data/processed/images/chittagong_NORMAL_0536.png
chittagong_NORMAL_0537,chittagong,NORMAL,chittagong-normal-7509,train,38805720441cf2fcfcb265fedc12242e2e03475162f737b7798380f4734b4457,chittagong\nested_0\Training\normal\normal-7509.jpg,data\interim\selected\chittagong_NORMAL_0537.jpg,data/processed/images/chittagong_NORMAL_0537.png
chittagong_NORMAL_0538,chittagong,NORMAL,chittagong-normal-7423,train,38bf8bde25e0cf52bea8501f6a44a376d10c5c56c085b0c9f2ce0108fb5e340f,chittagong\nested_0\Training\normal\normal-7423.jpg,data\interim\selected\chittagong_NORMAL_0538.jpg,data/processed/images/chittagong_NORMAL_0538.png
chittagong_NORMAL_0539,chittagong,NORMAL,chittagong-normal-823,train,38e956d5f0047b9fc1627c677a0419c95cab629b51b55fe2157b99a8cc51ea09,chittagong\nested_0\Training\normal\normal-823.jpg,data\interim\selected\chittagong_NORMAL_0539.jpg,data/processed/images/chittagong_NORMAL_0539.png
chittagong_NORMAL_0540,chittagong,NORMAL,chittagong-normal-672,train,3929c1d2e5860b80070f083f63cab9ef8f8463a0bc365e9bf65c031f9c5ba898,chittagong\nested_0\Training\normal\normal-672.jpg,data\interim\selected\chittagong_NORMAL_0540.jpg,data/processed/images/chittagong_NORMAL_0540.png
chittagong_NORMAL_0541,chittagong,NORMAL,chittagong-normal-888,train,39a1b55039420d36947f4f0aac9053fab54ac9329e4b684b272ec092d0f3d148,chittagong\nested_0\Training\normal\normal-888.jpg,data\interim\selected\chittagong_NORMAL_0541.jpg,data/processed/images/chittagong_NORMAL_0541.png
chittagong_NORMAL_0542,chittagong,NORMAL,chittagong-normal-617,train,3afe6d43e0e0be6bc6704e285f4fd211fbad4221e54c61c36960342753e35d81,chittagong\nested_0\Training\normal\normal-617.jpg,data\interim\selected\chittagong_NORMAL_0542.jpg,data/processed/images/chittagong_NORMAL_0542.png
chittagong_NORMAL_0543,chittagong,NORMAL,chittagong-normal-7506,train,3cce91c87afd115914c4254994ac9e93fdad52565654d6434a4140d04b0d8e00,chittagong\nested_0\Training\normal\normal-7506.jpg,data\interim\selected\chittagong_NORMAL_0543.jpg,data/processed/images/chittagong_NORMAL_0543.png
chittagong_NORMAL_0544,chittagong,NORMAL,chittagong-normal-897,train,3e3fd69a400c8f87d3cbbcef34173bf6ebecfae5fae426a0fa52ed7a32db6539,chittagong\nested_0\Training\normal\normal-897.jpg,data\interim\selected\chittagong_NORMAL_0544.jpg,data/processed/images/chittagong_NORMAL_0544.png
chittagong_NORMAL_0545,chittagong,NORMAL,chittagong-normal-7969,train,3e91587038ddd1db029983fd990bdf65bea4446d86717b73797c835f0515af4f,chittagong\nested_0\Testing\normal\normal-7969.jpg,data\interim\selected\chittagong_NORMAL_0545.jpg,data/processed/images/chittagong_NORMAL_0545.png
chittagong_NORMAL_0546,chittagong,NORMAL,chittagong-normal-852,train,3eef8dca0e4e016bde04f4c34071ba8fca00a6ec3e50d3e3258dd327f4cea56c,chittagong\nested_0\Training\normal\normal-852.jpg,data\interim\selected\chittagong_NORMAL_0546.jpg,data/processed/images/chittagong_NORMAL_0546.png
chittagong_NORMAL_0547,chittagong,NORMAL,chittagong-normal-7515,train,3f25360c8c9a960e27fbb17cabe9b788dfd1537c71d0cf8edc4518be1936508c,chittagong\nested_0\Training\normal\normal-7515.jpg,data\interim\selected\chittagong_NORMAL_0547.jpg,data/processed/images/chittagong_NORMAL_0547.png
chittagong_NORMAL_0548,chittagong,NORMAL,chittagong-normal-7538,train,40060c352c0281fccbe556ddd419b58f550f18d0cf7a0c8925de196142ba554b,chittagong\nested_0\Training\normal\normal-7538.jpg,data\interim\selected\chittagong_NORMAL_0548.jpg,data/processed/images/chittagong_NORMAL_0548.png
chittagong_NORMAL_0549,chittagong,NORMAL,chittagong-normal-636,train,40360dfc5809ef90c89877cb01181679040f6acb75eb7df6c0697a804942974b,chittagong\nested_0\Training\normal\normal-636.jpg,data\interim\selected\chittagong_NORMAL_0549.jpg,data/processed/images/chittagong_NORMAL_0549.png
chittagong_NORMAL_0550,chittagong,NORMAL,chittagong-normal-8147,train,409d907eccc806b5f684c6c2487ebc54f70046fbbf32383bb4a59769c9e2b399,chittagong\nested_0\Testing\normal\normal-8147.jpg,data\interim\selected\chittagong_NORMAL_0550.jpg,data/processed/images/chittagong_NORMAL_0550.png
chittagong_NORMAL_0551,chittagong,NORMAL,chittagong-normal-8013,train,41cddc7020036e8d1ec0805f0e0b69068645734ee9987dc25380cc871d04cbe5,chittagong\nested_0\Testing\normal\normal-8013.jpg,data\interim\selected\chittagong_NORMAL_0551.jpg,data/processed/images/chittagong_NORMAL_0551.png
chittagong_NORMAL_0552,chittagong,NORMAL,chittagong-normal-7697,train,425e3fac29afed7ecae0feef0eefe3c7d379c0abe49517a15b453c484aa2e4a7,chittagong\nested_0\Training\normal\normal-7697.jpg,data\interim\selected\chittagong_NORMAL_0552.jpg,data/processed/images/chittagong_NORMAL_0552.png
chittagong_NORMAL_0553,chittagong,NORMAL,chittagong-normal-7643,train,42c53bf0a590635e2076ace52907bbe773bf126bf96b8d91fdb1cdb8e6d9bc2f,chittagong\nested_0\Training\normal\normal-7643.jpg,data\interim\selected\chittagong_NORMAL_0553.jpg,data/processed/images/chittagong_NORMAL_0553.png
chittagong_NORMAL_0554,chittagong,NORMAL,chittagong-normal-7211,train,44587b95a7d867dab6bb8a185a01b83be2dd432d3252ce3a1f8897932501cf7f,chittagong\nested_0\Training\normal\normal-7211.jpg,data\interim\selected\chittagong_NORMAL_0554.jpg,data/processed/images/chittagong_NORMAL_0554.png
chittagong_NORMAL_0555,chittagong,NORMAL,chittagong-normal-8082,train,454c7fc2537ae234679df7b3f6bb56b6becf0cebcc4a3d00617685f52cdafaa7,chittagong\nested_0\Testing\normal\normal-8082.jpg,data\interim\selected\chittagong_NORMAL_0555.jpg,data/processed/images/chittagong_NORMAL_0555.png
chittagong_NORMAL_0556,chittagong,NORMAL,chittagong-normal-7652,train,4673a9078f3771b94279272a713f101f8ddca93c28eeaa9a3772659a6e691d4f,chittagong\nested_0\Training\normal\normal-7652.jpg,data\interim\selected\chittagong_NORMAL_0556.jpg,data/processed/images/chittagong_NORMAL_0556.png
chittagong_NORMAL_0557,chittagong,NORMAL,chittagong-normal-7492,train,4684a7ca91e92b6d5903ec3b2e200f18b6bcd7faf5a121f5049808d913b0872b,chittagong\nested_0\Training\normal\normal-7492.jpg,data\interim\selected\chittagong_NORMAL_0557.jpg,data/processed/images/chittagong_NORMAL_0557.png
chittagong_NORMAL_0558,chittagong,NORMAL,chittagong-normal-7332,train,46c7d1ff2534f2522307ecde32b4c3ccb7b7b098df7e83080b95e1fca582db34,chittagong\nested_0\Training\normal\normal-7332.jpg,data\interim\selected\chittagong_NORMAL_0558.jpg,data/processed/images/chittagong_NORMAL_0558.png
chittagong_NORMAL_0559,chittagong,NORMAL,chittagong-normal-7095,train,474ea715a8f634d8c73e37acbbcbeb8729836be426e9a2ac5ea9f50059010677,chittagong\nested_0\Training\normal\normal-7095.jpg,data\interim\selected\chittagong_NORMAL_0559.jpg,data/processed/images/chittagong_NORMAL_0559.png
chittagong_NORMAL_0560,chittagong,NORMAL,chittagong-normal-7489,train,47928a6c06d83a93ec664b062176fdf0e0a18a078e37b17867f544538df9b682,chittagong\nested_0\Training\normal\normal-7489.jpg,data\interim\selected\chittagong_NORMAL_0560.jpg,data/processed/images/chittagong_NORMAL_0560.png
chittagong_NORMAL_0561,chittagong,NORMAL,chittagong-normal-8161,train,47b1a0b97a57696018c3ec28603549e38e979daf028952d7258aad6071d654c3,chittagong\nested_0\Testing\normal\normal-8161.jpg,data\interim\selected\chittagong_NORMAL_0561.jpg,data/processed/images/chittagong_NORMAL_0561.png
chittagong_NORMAL_0562,chittagong,NORMAL,chittagong-normal-7485,train,48d82e598b0a8b75976a5abc7835b95e28543907e93830a4d5894f51fa8c3c82,chittagong\nested_0\Training\normal\normal-7485.jpg,data\interim\selected\chittagong_NORMAL_0562.jpg,data/processed/images/chittagong_NORMAL_0562.png
chittagong_NORMAL_0563,chittagong,NORMAL,chittagong-normal-7705,train,48f3cab8b5a08f72d030a065a7490ca4f1b2c6c526993cbc839def8ae34751bd,chittagong\nested_0\Training\normal\normal-7705.jpg,data\interim\selected\chittagong_NORMAL_0563.jpg,data/processed/images/chittagong_NORMAL_0563.png
chittagong_NORMAL_0564,chittagong,NORMAL,chittagong-normal-768,train,49c4f43ed8b7ce901c756fa7e7fde73e078655c628ed53a1eb8d5a0b2cde97c2,chittagong\nested_0\Training\normal\normal-768.jpg,data\interim\selected\chittagong_NORMAL_0564.jpg,data/processed/images/chittagong_NORMAL_0564.png
chittagong_NORMAL_0565,chittagong,NORMAL,chittagong-normal-7255,train,49e1c46c9f53747708529f864ebd49290eb64b08c4479ba8f5037703f6980ca6,chittagong\nested_0\Training\normal\normal-7255.jpg,data\interim\selected\chittagong_NORMAL_0565.jpg,data/processed/images/chittagong_NORMAL_0565.png
chittagong_NORMAL_0566,chittagong,NORMAL,chittagong-normal-8048,train,4a022a5922cb23d83e9ebdca8f1457cdb8b83b3a5494de57c4857727635fe829,chittagong\nested_0\Testing\normal\normal-8048.jpg,data\interim\selected\chittagong_NORMAL_0566.jpg,data/processed/images/chittagong_NORMAL_0566.png
chittagong_NORMAL_0567,chittagong,NORMAL,chittagong-normal-7043,train,4a9d98c0dbbe6a7904ad869e9eaf7015b90f7fc08be916b6e0e3a86f13963937,chittagong\nested_0\Training\normal\normal-7043.jpg,data\interim\selected\chittagong_NORMAL_0567.jpg,data/processed/images/chittagong_NORMAL_0567.png
chittagong_NORMAL_0568,chittagong,NORMAL,chittagong-normal-950,train,4ae898345abba41cdac6137422ad713db03f04328c63b9e0e6bd35f0173d2c9f,chittagong\nested_0\Testing\normal\normal-950.jpg,data\interim\selected\chittagong_NORMAL_0568.jpg,data/processed/images/chittagong_NORMAL_0568.png
chittagong_NORMAL_0569,chittagong,NORMAL,chittagong-normal-7030,train,4b1c66c794fcefe59ea7315ef30ed5b872dd61db8bb7ba2ae950203e137f578c,chittagong\nested_0\Training\normal\normal-7030.jpg,data\interim\selected\chittagong_NORMAL_0569.jpg,data/processed/images/chittagong_NORMAL_0569.png
chittagong_NORMAL_0570,chittagong,NORMAL,chittagong-normal-8036,train,4b4514245c397dc438bd37a4811ab0d2c24ee3cfe89986f62e905338c3518a7a,chittagong\nested_0\Testing\normal\normal-8036.jpg,data\interim\selected\chittagong_NORMAL_0570.jpg,data/processed/images/chittagong_NORMAL_0570.png
chittagong_NORMAL_0571,chittagong,NORMAL,chittagong-normal-7530,train,4b56b73eb2eccfa7ddce6320de2a7c654d9500a8d34d70364bd6535075ed2f03,chittagong\nested_0\Training\normal\normal-7530.jpg,data\interim\selected\chittagong_NORMAL_0571.jpg,data/processed/images/chittagong_NORMAL_0571.png
chittagong_NORMAL_0572,chittagong,NORMAL,chittagong-normal-7480,train,4bb549c5a0518e7b0a6985d1dfd321578fa94f0c8e9f71d0668cf8123ff428b9,chittagong\nested_0\Training\normal\normal-7480.jpg,data\interim\selected\chittagong_NORMAL_0572.jpg,data/processed/images/chittagong_NORMAL_0572.png
chittagong_NORMAL_0573,chittagong,NORMAL,chittagong-normal-7493,train,4c375db8318efc26aee9e53f82b3ff7a287f0a19d1862f474492ab425bd01e90,chittagong\nested_0\Training\normal\normal-7493.jpg,data\interim\selected\chittagong_NORMAL_0573.jpg,data/processed/images/chittagong_NORMAL_0573.png
chittagong_NORMAL_0574,chittagong,NORMAL,chittagong-normal-7465,train,4c77e9951fa2ac0c1c15297bf50224babe054a90def1271124e6de82f3244351,chittagong\nested_0\Training\normal\normal-7465.jpg,data\interim\selected\chittagong_NORMAL_0574.jpg,data/processed/images/chittagong_NORMAL_0574.png
chittagong_NORMAL_0575,chittagong,NORMAL,chittagong-normal-7246,train,4c784e314010b33be9de07b2ffec03ee7a40bf80de02b5e2b9beb62f8eadb4df,chittagong\nested_0\Training\normal\normal-7246.jpg,data\interim\selected\chittagong_NORMAL_0575.jpg,data/processed/images/chittagong_NORMAL_0575.png
chittagong_NORMAL_0576,chittagong,NORMAL,chittagong-normal-7026,train,4d3657307a3432f05aca0b20ba755ef90e2d12732f46bf7db85a219de4c8b514,chittagong\nested_0\Training\normal\normal-7026.jpg,data\interim\selected\chittagong_NORMAL_0576.jpg,data/processed/images/chittagong_NORMAL_0576.png
chittagong_NORMAL_0577,chittagong,NORMAL,chittagong-normal-7342,train,4d3f9563f0f0ee016c5e1c85d969a7e921ad721ae75657a2438f5a45c6161f0a,chittagong\nested_0\Training\normal\normal-7342.jpg,data\interim\selected\chittagong_NORMAL_0577.jpg,data/processed/images/chittagong_NORMAL_0577.png
chittagong_NORMAL_0578,chittagong,NORMAL,chittagong-normal-917,train,4d42bf4c99d8f7674b266dccb4a38bb42360a54b56868105c0c5c5676017236b,chittagong\nested_0\Training\normal\normal-917.jpg,data\interim\selected\chittagong_NORMAL_0578.jpg,data/processed/images/chittagong_NORMAL_0578.png
chittagong_NORMAL_0579,chittagong,NORMAL,chittagong-normal-7126,train,4d4652994d343ff98b4e4f34460f3432ee964008abfc3fefcb093a15bda92b47,chittagong\nested_0\Training\normal\normal-7126.jpg,data\interim\selected\chittagong_NORMAL_0579.jpg,data/processed/images/chittagong_NORMAL_0579.png
chittagong_NORMAL_0580,chittagong,NORMAL,chittagong-normal-850,train,4d71099f46dee215e8b86747fe0e6d5b39e50b938a07cbc5b023d89f8ee472ba,chittagong\nested_0\Training\normal\normal-850.jpg,data\interim\selected\chittagong_NORMAL_0580.jpg,data/processed/images/chittagong_NORMAL_0580.png
chittagong_NORMAL_0581,chittagong,NORMAL,chittagong-normal-7044,train,4dbcf94c57b95e94ff085c6bc88c4bfd8cb4c195a584fc21caa5386e5a4f3a37,chittagong\nested_0\Training\normal\normal-7044.jpg,data\interim\selected\chittagong_NORMAL_0581.jpg,data/processed/images/chittagong_NORMAL_0581.png
chittagong_NORMAL_0582,chittagong,NORMAL,chittagong-normal-8068,train,4df0240398cde3c6c8c479ac33dae1f4269d1ac8f24779d311682ec60e754ac4,chittagong\nested_0\Testing\normal\normal-8068.jpg,data\interim\selected\chittagong_NORMAL_0582.jpg,data/processed/images/chittagong_NORMAL_0582.png
chittagong_NORMAL_0583,chittagong,NORMAL,chittagong-normal-7439,train,4e956578ff27b28c0173433caf98487d9cdfb5054467c417c21863729d561d47,chittagong\nested_0\Training\normal\normal-7439.jpg,data\interim\selected\chittagong_NORMAL_0583.jpg,data/processed/images/chittagong_NORMAL_0583.png
chittagong_NORMAL_0584,chittagong,NORMAL,chittagong-normal-661,train,4f097aea1b8708e7909804bfdd900b95903871a41ae83da8c42bb43a925ae19e,chittagong\nested_0\Training\normal\normal-661.jpg,data\interim\selected\chittagong_NORMAL_0584.jpg,data/processed/images/chittagong_NORMAL_0584.png
chittagong_NORMAL_0585,chittagong,NORMAL,chittagong-normal-7385,train,503cd0e76103f2307e52b9eaff2d23622b3098b33c31c2239e70f002f893651b,chittagong\nested_0\Training\normal\normal-7385.jpg,data\interim\selected\chittagong_NORMAL_0585.jpg,data/processed/images/chittagong_NORMAL_0585.png
chittagong_NORMAL_0586,chittagong,NORMAL,chittagong-normal-7042,train,5098f29a5f86f102fe57622a5ccf7e125a7f4816f90b3b9ae4c26335e6b1a272,chittagong\nested_0\Training\normal\normal-7042.jpg,data\interim\selected\chittagong_NORMAL_0586.jpg,data/processed/images/chittagong_NORMAL_0586.png
chittagong_NORMAL_0587,chittagong,NORMAL,chittagong-normal-7935,train,50dc27eddf41b45089fdeb0a48869c3eaba841daa595f6d0bdd3833cf335f09a,chittagong\nested_0\Testing\normal\normal-7935.jpg,data\interim\selected\chittagong_NORMAL_0587.jpg,data/processed/images/chittagong_NORMAL_0587.png
chittagong_NORMAL_0588,chittagong,NORMAL,chittagong-normal-7926,train,5100e394a4935a9299a8781f0963b85c9056734436c0e9d07997c6f6ca29ae00,chittagong\nested_0\Testing\normal\normal-7926.jpg,data\interim\selected\chittagong_NORMAL_0588.jpg,data/processed/images/chittagong_NORMAL_0588.png
chittagong_NORMAL_0589,chittagong,NORMAL,chittagong-normal-7896,train,51011f6cc4211fdd12d812b0102e6b4189789e658b3eea6b1ef40c2298f36aaf,chittagong\nested_0\Testing\normal\normal-7896.jpg,data\interim\selected\chittagong_NORMAL_0589.jpg,data/processed/images/chittagong_NORMAL_0589.png
chittagong_NORMAL_0590,chittagong,NORMAL,chittagong-normal-7430,train,51d6cdfd8b8cf239a7785090d272381f000b7a02c39d15f0f5674255b06bc580,chittagong\nested_0\Training\normal\normal-7430.jpg,data\interim\selected\chittagong_NORMAL_0590.jpg,data/processed/images/chittagong_NORMAL_0590.png
chittagong_NORMAL_0591,chittagong,NORMAL,chittagong-normal-91,train,522b59ee701d3e57326674334726dd2e899afdaf94fe0e46c3804eb25adc5d9a,chittagong\nested_0\Training\normal\normal-91.jpg,data\interim\selected\chittagong_NORMAL_0591.jpg,data/processed/images/chittagong_NORMAL_0591.png
chittagong_NORMAL_0592,chittagong,NORMAL,chittagong-normal-7328,train,5259b638c3da504a01cac88e685e6809e57a4ef4a67038a495227533a543fe85,chittagong\nested_0\Training\normal\normal-7328.jpg,data\interim\selected\chittagong_NORMAL_0592.jpg,data/processed/images/chittagong_NORMAL_0592.png
chittagong_NORMAL_0593,chittagong,NORMAL,chittagong-normal-7576,train,5388758f864a233e9f7777f4571cfa9d660e36ab9f0fe6c111b24a1f2c07586e,chittagong\nested_0\Training\normal\normal-7576.jpg,data\interim\selected\chittagong_NORMAL_0593.jpg,data/processed/images/chittagong_NORMAL_0593.png
chittagong_NORMAL_0594,chittagong,NORMAL,chittagong-normal-7500,train,5391cd0752f02e58029563f062290910dc2d5253598d7255cc17963071c28c06,chittagong\nested_0\Training\normal\normal-7500.jpg,data\interim\selected\chittagong_NORMAL_0594.jpg,data/processed/images/chittagong_NORMAL_0594.png
chittagong_NORMAL_0595,chittagong,NORMAL,chittagong-normal-7021,train,53f2e0d7ee4186d0c9933dbe4720e88ad1fade2eff721c5f6cf9bf7a38a913d7,chittagong\nested_0\Training\normal\normal-7021.jpg,data\interim\selected\chittagong_NORMAL_0595.jpg,data/processed/images/chittagong_NORMAL_0595.png
chittagong_NORMAL_0596,chittagong,NORMAL,chittagong-normal-7933,train,54c056168a42dc21883b603895660fb1b11152f7dacde7331c822e855d07b15d,chittagong\nested_0\Testing\normal\normal-7933.jpg,data\interim\selected\chittagong_NORMAL_0596.jpg,data/processed/images/chittagong_NORMAL_0596.png
chittagong_NORMAL_0597,chittagong,NORMAL,chittagong-normal-729,train,55791f23abf4341b7d80c383074dc37e1041b3591f3ade1ecd9e3ccaaf6e3dcb,chittagong\nested_0\Training\normal\normal-729.jpg,data\interim\selected\chittagong_NORMAL_0597.jpg,data/processed/images/chittagong_NORMAL_0597.png
chittagong_NORMAL_0598,chittagong,NORMAL,chittagong-normal-664,train,55b9bdfe8686888ee4c45d3141440c0f2842c0123d34c8fc32ec6cd49f2cbc29,chittagong\nested_0\Training\normal\normal-664.jpg,data\interim\selected\chittagong_NORMAL_0598.jpg,data/processed/images/chittagong_NORMAL_0598.png
chittagong_NORMAL_0599,chittagong,NORMAL,chittagong-normal-7938,train,56b300406eb863d7875eff0646041da51ddb486cf59a2938fed435a3e1602eca,chittagong\nested_0\Testing\normal\normal-7938.jpg,data\interim\selected\chittagong_NORMAL_0599.jpg,data/processed/images/chittagong_NORMAL_0599.png
chittagong_NORMAL_0600,chittagong,NORMAL,chittagong-normal-7388,train,582c0ef89d61dbbf9d69593ea339236debfd76484bcdd7fe98c405fa79af6040,chittagong\nested_0\Training\normal\normal-7388.jpg,data\interim\selected\chittagong_NORMAL_0600.jpg,data/processed/images/chittagong_NORMAL_0600.png
chittagong_NORMAL_0601,chittagong,NORMAL,chittagong-normal-7567,train,58f7ddcc3f8f59d80279fb857d62878d5b3ec209cd5d392bf5ef303a4462c372,chittagong\nested_0\Training\normal\normal-7567.jpg,data\interim\selected\chittagong_NORMAL_0601.jpg,data/processed/images/chittagong_NORMAL_0601.png
chittagong_NORMAL_0602,chittagong,NORMAL,chittagong-normal-7070,train,5915a9af83028d70b77c63e2f6de95b8d9b479a66547c0fb4081e15aca3e058a,chittagong\nested_0\Training\normal\normal-7070.jpg,data\interim\selected\chittagong_NORMAL_0602.jpg,data/processed/images/chittagong_NORMAL_0602.png
chittagong_NORMAL_0603,chittagong,NORMAL,chittagong-normal-983,train,5973f3e05371fd2bf484e725a6cbe36345b62975bc40e2135efc45c84fd62490,chittagong\nested_0\Testing\normal\normal-983.jpg,data\interim\selected\chittagong_NORMAL_0603.jpg,data/processed/images/chittagong_NORMAL_0603.png
chittagong_NORMAL_0604,chittagong,NORMAL,chittagong-normal-8160,train,5ad20929f77135f2fe1e86c0ba06f3f73b78af69b782efd946673647ebfbe79c,chittagong\nested_0\Testing\normal\normal-8160.jpg,data\interim\selected\chittagong_NORMAL_0604.jpg,data/processed/images/chittagong_NORMAL_0604.png
chittagong_NORMAL_0605,chittagong,NORMAL,chittagong-normal-7614,train,5af7bf2dcca2649a18d8709524936cc3a5c944b54f3fa6ef71e63f0da8f845e5,chittagong\nested_0\Training\normal\normal-7614.jpg,data\interim\selected\chittagong_NORMAL_0605.jpg,data/processed/images/chittagong_NORMAL_0605.png
chittagong_NORMAL_0606,chittagong,NORMAL,chittagong-normal-645,train,5d893576a6976f46d52d0e4f5743028cdbcfa3e0cc44c8a050e9f8028c144d74,chittagong\nested_0\Training\normal\normal-645.jpg,data\interim\selected\chittagong_NORMAL_0606.jpg,data/processed/images/chittagong_NORMAL_0606.png
chittagong_NORMAL_0607,chittagong,NORMAL,chittagong-normal-752,train,5e0830c13c37b1e5cc50c601b3fe23c5ed6a3450ed6b2aa390bb6dea6fa94629,chittagong\nested_0\Training\normal\normal-752.jpg,data\interim\selected\chittagong_NORMAL_0607.jpg,data/processed/images/chittagong_NORMAL_0607.png
chittagong_NORMAL_0608,chittagong,NORMAL,chittagong-normal-7157,train,5e0b191d9d3ad9de26e753622068e357b55194bcb43cea56096760908aa86242,chittagong\nested_0\Training\normal\normal-7157.jpg,data\interim\selected\chittagong_NORMAL_0608.jpg,data/processed/images/chittagong_NORMAL_0608.png
chittagong_NORMAL_0609,chittagong,NORMAL,chittagong-normal-7290,train,5e47d3e6cf0fcaa0fa73cd47179f620086c444c22db75aaa2f0a7668a34e2387,chittagong\nested_0\Training\normal\normal-7290.jpg,data\interim\selected\chittagong_NORMAL_0609.jpg,data/processed/images/chittagong_NORMAL_0609.png
chittagong_NORMAL_0610,chittagong,NORMAL,chittagong-normal-7484,train,5f4f86f6da71ee5e946f3867a82b589505a9a293f2bd6ee1797736fde807abeb,chittagong\nested_0\Training\normal\normal-7484.jpg,data\interim\selected\chittagong_NORMAL_0610.jpg,data/processed/images/chittagong_NORMAL_0610.png
chittagong_NORMAL_0611,chittagong,NORMAL,chittagong-normal-7067,train,5fbbac0ba2c0d68195edb709ae0de5d1fa37527cd5d3f04268c036502d3314ac,chittagong\nested_0\Training\normal\normal-7067.jpg,data\interim\selected\chittagong_NORMAL_0611.jpg,data/processed/images/chittagong_NORMAL_0611.png
chittagong_NORMAL_0612,chittagong,NORMAL,chittagong-normal-7487,train,604860c3b0e560f51494c3f34ccaebb4ab6a5d2ffef54223ff441743e7855643,chittagong\nested_0\Training\normal\normal-7487.jpg,data\interim\selected\chittagong_NORMAL_0612.jpg,data/processed/images/chittagong_NORMAL_0612.png
chittagong_NORMAL_0613,chittagong,NORMAL,chittagong-normal-7600,train,60cf46dd7c2b579e326a1642c55688456776861d1cd510bdfab377fe57fb5c9c,chittagong\nested_0\Training\normal\normal-7600.jpg,data\interim\selected\chittagong_NORMAL_0613.jpg,data/processed/images/chittagong_NORMAL_0613.png
chittagong_NORMAL_0614,chittagong,NORMAL,chittagong-normal-7323,train,61455018a8205be48bb983742d08306821d4745e99817b5356bf7918de42bc87,chittagong\nested_0\Training\normal\normal-7323.jpg,data\interim\selected\chittagong_NORMAL_0614.jpg,data/processed/images/chittagong_NORMAL_0614.png
chittagong_NORMAL_0615,chittagong,NORMAL,chittagong-normal-7274,train,623bcb480eb3e05a8c699eec6859fe6f6cf79d76c793dbe86d9c6bfe3f1d210c,chittagong\nested_0\Training\normal\normal-7274.jpg,data\interim\selected\chittagong_NORMAL_0615.jpg,data/processed/images/chittagong_NORMAL_0615.png
chittagong_NORMAL_0616,chittagong,NORMAL,chittagong-normal-7501,train,6242da7da060e1e107fa630b6c33f8cc753da23c5e9f3757e1561e8557fcc792,chittagong\nested_0\Training\normal\normal-7501.jpg,data\interim\selected\chittagong_NORMAL_0616.jpg,data/processed/images/chittagong_NORMAL_0616.png
chittagong_NORMAL_0617,chittagong,NORMAL,chittagong-normal-7628,train,628727760924bba3cfbf67375d02341525d5c2aeeb6918a2b4c3e9ce14012e64,chittagong\nested_0\Training\normal\normal-7628.jpg,data\interim\selected\chittagong_NORMAL_0617.jpg,data/processed/images/chittagong_NORMAL_0617.png
chittagong_NORMAL_0618,chittagong,NORMAL,chittagong-normal-7936,train,6293bc13649570c60a9bbc3caa311979e740f3e64825c22378652de78c13bdf4,chittagong\nested_0\Testing\normal\normal-7936.jpg,data\interim\selected\chittagong_NORMAL_0618.jpg,data/processed/images/chittagong_NORMAL_0618.png
chittagong_NORMAL_0619,chittagong,NORMAL,chittagong-normal-7482,train,636ef44b8625d86f0bd2a47ea91ca997cb0327659ff55f0f50ac5f0246f1b2bb,chittagong\nested_0\Training\normal\normal-7482.jpg,data\interim\selected\chittagong_NORMAL_0619.jpg,data/processed/images/chittagong_NORMAL_0619.png
chittagong_NORMAL_0620,chittagong,NORMAL,chittagong-normal-856,train,64267dabca8f489ed8177750d957302b23980f86da57aa2d245823d4436979b3,chittagong\nested_0\Training\normal\normal-856.jpg,data\interim\selected\chittagong_NORMAL_0620.jpg,data/processed/images/chittagong_NORMAL_0620.png
chittagong_NORMAL_0621,chittagong,NORMAL,chittagong-normal-7490,train,646471ff10a9e68a840f13a76115e521d145327760111237214cd8f57a1fdcd1,chittagong\nested_0\Training\normal\normal-7490.jpg,data\interim\selected\chittagong_NORMAL_0621.jpg,data/processed/images/chittagong_NORMAL_0621.png
chittagong_NORMAL_0622,chittagong,NORMAL,chittagong-normal-7978,train,64dc532fccf9aa8d619a5e010c6efd535a23832c5cbb7061e5422b121f9013fb,chittagong\nested_0\Testing\normal\normal-7978.jpg,data\interim\selected\chittagong_NORMAL_0622.jpg,data/processed/images/chittagong_NORMAL_0622.png
chittagong_NORMAL_0623,chittagong,NORMAL,chittagong-normal-638,train,64faff6dab32ed3d9f3c0a7879aa251805707cf4032f159476d12a6a38347219,chittagong\nested_0\Training\normal\normal-638.jpg,data\interim\selected\chittagong_NORMAL_0623.jpg,data/processed/images/chittagong_NORMAL_0623.png
chittagong_NORMAL_0624,chittagong,NORMAL,chittagong-normal-7525,train,6516261015b58a22a922836d49f0e6ef5a617eae7fc10af4d5bfd777865056cd,chittagong\nested_0\Training\normal\normal-7525.jpg,data\interim\selected\chittagong_NORMAL_0624.jpg,data/processed/images/chittagong_NORMAL_0624.png
chittagong_NORMAL_0625,chittagong,NORMAL,chittagong-normal-791,train,656e6e5a6752a93cb2407a3f57cd21ced019b634a7067b0c1e8f48c3dc747098,chittagong\nested_0\Training\normal\normal-791.jpg,data\interim\selected\chittagong_NORMAL_0625.jpg,data/processed/images/chittagong_NORMAL_0625.png
chittagong_NORMAL_0626,chittagong,NORMAL,chittagong-normal-8086,train,659b87a941ac6e670e587cd52f034e7411b219d84fb78baf47b8fda4fab6a79e,chittagong\nested_0\Testing\normal\normal-8086.jpg,data\interim\selected\chittagong_NORMAL_0626.jpg,data/processed/images/chittagong_NORMAL_0626.png
chittagong_NORMAL_0627,chittagong,NORMAL,chittagong-normal-8132,train,66469499fa605b31f1ff66c9048d976ed244c90d9502fc84c4abe85bb4e1e865,chittagong\nested_0\Testing\normal\normal-8132.jpg,data\interim\selected\chittagong_NORMAL_0627.jpg,data/processed/images/chittagong_NORMAL_0627.png
chittagong_NORMAL_0628,chittagong,NORMAL,chittagong-normal-7,train,667fdcfa6d341b5b5bbe6d5d434272861cf8727d10c5e9f067aa8c0b6f3b3704,chittagong\nested_0\Training\normal\normal-7.jpg,data\interim\selected\chittagong_NORMAL_0628.jpg,data/processed/images/chittagong_NORMAL_0628.png
chittagong_NORMAL_0629,chittagong,NORMAL,chittagong-normal-7570,train,66875a0cca973107769e0ec0907fedce3e98bc9ac59fbf6781fb15c01888b796,chittagong\nested_0\Training\normal\normal-7570.jpg,data\interim\selected\chittagong_NORMAL_0629.jpg,data/processed/images/chittagong_NORMAL_0629.png
chittagong_NORMAL_0630,chittagong,NORMAL,chittagong-normal-7048,train,66e1d2257ea3810a6745fc380ad6b93ec44cbd16e33cf9e9b014c14aac41cb73,chittagong\nested_0\Training\normal\normal-7048.jpg,data\interim\selected\chittagong_NORMAL_0630.jpg,data/processed/images/chittagong_NORMAL_0630.png
chittagong_NORMAL_0631,chittagong,NORMAL,chittagong-normal-676,train,682c056c946af24aed143948ba666eaa2d6656ae86e91500b56ff7610c111ded,chittagong\nested_0\Training\normal\normal-676.jpg,data\interim\selected\chittagong_NORMAL_0631.jpg,data/processed/images/chittagong_NORMAL_0631.png
chittagong_NORMAL_0632,chittagong,NORMAL,chittagong-normal-7049,train,6a7016f70b2da65207ba0ce29228aa39264945f277768e48f01ed4730ab4ef85,chittagong\nested_0\Training\normal\normal-7049.jpg,data\interim\selected\chittagong_NORMAL_0632.jpg,data/processed/images/chittagong_NORMAL_0632.png
chittagong_NORMAL_0633,chittagong,NORMAL,chittagong-normal-7083,train,6bc09e899e9c48c8a07bcbcbaf8f71d78e2ac7eb7c94e402f14dbb5b0f13424b,chittagong\nested_0\Training\normal\normal-7083.jpg,data\interim\selected\chittagong_NORMAL_0633.jpg,data/processed/images/chittagong_NORMAL_0633.png
chittagong_NORMAL_0634,chittagong,NORMAL,chittagong-normal-648,train,6c1fd2b3bf9387a7c3fd2bc3c075e2c3bd66eae7f60721f758ea91a967b9aac6,chittagong\nested_0\Training\normal\normal-648.jpg,data\interim\selected\chittagong_NORMAL_0634.jpg,data/processed/images/chittagong_NORMAL_0634.png
chittagong_NORMAL_0635,chittagong,NORMAL,chittagong-normal-8158,train,6d0882e2448115c574d9648d81d81ea942ef2df37eda3f3b3ffe02501ded535d,chittagong\nested_0\Testing\normal\normal-8158.jpg,data\interim\selected\chittagong_NORMAL_0635.jpg,data/processed/images/chittagong_NORMAL_0635.png
chittagong_NORMAL_0636,chittagong,NORMAL,chittagong-normal-641,train,6d38c4c146884cc00d1c503e220a9de0e61304f2a75f7aa5766b8bd133bb4eb6,chittagong\nested_0\Training\normal\normal-641.jpg,data\interim\selected\chittagong_NORMAL_0636.jpg,data/processed/images/chittagong_NORMAL_0636.png
chittagong_NORMAL_0637,chittagong,NORMAL,chittagong-normal-7233,train,6e4c32960e56b85c79729b782c9008c5f0314483c70bab24721c1751d311a90a,chittagong\nested_0\Training\normal\normal-7233.jpg,data\interim\selected\chittagong_NORMAL_0637.jpg,data/processed/images/chittagong_NORMAL_0637.png
chittagong_NORMAL_0638,chittagong,NORMAL,chittagong-normal-8163,train,6e4f562eaf0fb4cda92f907d2c115aad1ac2d0dd8dc0acfc624fe2414abeee35,chittagong\nested_0\Testing\normal\normal-8163.jpg,data\interim\selected\chittagong_NORMAL_0638.jpg,data/processed/images/chittagong_NORMAL_0638.png
chittagong_NORMAL_0639,chittagong,NORMAL,chittagong-normal-8025,train,6e872db2b68cb5266fc4a876e8d806753905fe33d092a8d2e71afe25a3cf29e3,chittagong\nested_0\Testing\normal\normal-8025.jpg,data\interim\selected\chittagong_NORMAL_0639.jpg,data/processed/images/chittagong_NORMAL_0639.png
chittagong_NORMAL_0640,chittagong,NORMAL,chittagong-normal-7069,train,6ee25a8e9ae6fe88d67e6b0962cc04ad4b97c7877a4e6e3519bf232526b9604d,chittagong\nested_0\Training\normal\normal-7069.jpg,data\interim\selected\chittagong_NORMAL_0640.jpg,data/processed/images/chittagong_NORMAL_0640.png
chittagong_NORMAL_0641,chittagong,NORMAL,chittagong-normal-606,train,6ef90e76ee868439bb4a6f1f7edd3d8678c7d5ab400e6556fcf611358ecbfc77,chittagong\nested_0\Training\normal\normal-606.jpg,data\interim\selected\chittagong_NORMAL_0641.jpg,data/processed/images/chittagong_NORMAL_0641.png
chittagong_NORMAL_0642,chittagong,NORMAL,chittagong-normal-610,train,6f8c937a91bc3642981a36ccc9f166bde1c7a05272868144256c93afe661aee4,chittagong\nested_0\Training\normal\normal-610.jpg,data\interim\selected\chittagong_NORMAL_0642.jpg,data/processed/images/chittagong_NORMAL_0642.png
chittagong_NORMAL_0643,chittagong,NORMAL,chittagong-normal-875,train,6fbdab50aff5e4df2cc2be2115e10339a680bcf4a95e2dc6c046c19d146f42a2,chittagong\nested_0\Training\normal\normal-875.jpg,data\interim\selected\chittagong_NORMAL_0643.jpg,data/processed/images/chittagong_NORMAL_0643.png
chittagong_NORMAL_0644,chittagong,NORMAL,chittagong-normal-8021,train,6fd5b64079d3819b5eff2a8a2a9670f3f62db3b9224de43f86364ae276e6d6cd,chittagong\nested_0\Testing\normal\normal-8021.jpg,data\interim\selected\chittagong_NORMAL_0644.jpg,data/processed/images/chittagong_NORMAL_0644.png
chittagong_NORMAL_0645,chittagong,NORMAL,chittagong-normal-7223,train,7044cea2f2669849a72531d00f72cdd51d507a4d0d3d56ca4879b7805fe7031a,chittagong\nested_0\Training\normal\normal-7223.jpg,data\interim\selected\chittagong_NORMAL_0645.jpg,data/processed/images/chittagong_NORMAL_0645.png
chittagong_NORMAL_0646,chittagong,NORMAL,chittagong-normal-7459,train,70578f740489a2ec2d1888d3bdcdb5e7cd172bc564eae061dda17161599a4bc5,chittagong\nested_0\Training\normal\normal-7459.jpg,data\interim\selected\chittagong_NORMAL_0646.jpg,data/processed/images/chittagong_NORMAL_0646.png
chittagong_NORMAL_0647,chittagong,NORMAL,chittagong-normal-7577,train,7333799462896de91015542bdac2bc50d5a1b12f36ca209feb6161bfa48efbe8,chittagong\nested_0\Training\normal\normal-7577.jpg,data\interim\selected\chittagong_NORMAL_0647.jpg,data/processed/images/chittagong_NORMAL_0647.png
chittagong_NORMAL_0648,chittagong,NORMAL,chittagong-normal-8058,train,7335ebe88766f07273e57762c67a03e91619dbf58a9559f5f892d29765910f6b,chittagong\nested_0\Testing\normal\normal-8058.jpg,data\interim\selected\chittagong_NORMAL_0648.jpg,data/processed/images/chittagong_NORMAL_0648.png
chittagong_NORMAL_0649,chittagong,NORMAL,chittagong-normal-7330,train,74ffcb9ebbc7a66dcff4106a7601ac1744b37de1cc260d0da37ce6c3ce3f87b2,chittagong\nested_0\Training\normal\normal-7330.jpg,data\interim\selected\chittagong_NORMAL_0649.jpg,data/processed/images/chittagong_NORMAL_0649.png
chittagong_NORMAL_0650,chittagong,NORMAL,chittagong-normal-7544,train,750d94a47c1bfd028ccfd6a28c5f725ab1e629bf60b9f012f1f705fbd8a5ef49,chittagong\nested_0\Training\normal\normal-7544.jpg,data\interim\selected\chittagong_NORMAL_0650.jpg,data/processed/images/chittagong_NORMAL_0650.png
chittagong_NORMAL_0651,chittagong,NORMAL,chittagong-normal-7587,train,756578be3d6fc6f85f0e0ac7d7465f25ea6061c2b0a8d9fdc34e9c40b3a48fd0,chittagong\nested_0\Training\normal\normal-7587.jpg,data\interim\selected\chittagong_NORMAL_0651.jpg,data/processed/images/chittagong_NORMAL_0651.png
chittagong_NORMAL_0652,chittagong,NORMAL,chittagong-normal-699,train,7594fa5b7eff23a02a303da5d90b90787e22519fe391b35288a0c90a75d43320,chittagong\nested_0\Training\normal\normal-699.jpg,data\interim\selected\chittagong_NORMAL_0652.jpg,data/processed/images/chittagong_NORMAL_0652.png
chittagong_NORMAL_0653,chittagong,NORMAL,chittagong-normal-851,train,75edf2ad54a3bcbbbf841d170e688ad2eec9a918e8d95a0c94fabd656978556c,chittagong\nested_0\Training\normal\normal-851.jpg,data\interim\selected\chittagong_NORMAL_0653.jpg,data/processed/images/chittagong_NORMAL_0653.png
chittagong_NORMAL_0654,chittagong,NORMAL,chittagong-normal-8005,train,75ee437e86f554cf044dbb8b2e64d025a031be14d9654b2c13c8c8e2a554f545,chittagong\nested_0\Testing\normal\normal-8005.jpg,data\interim\selected\chittagong_NORMAL_0654.jpg,data/processed/images/chittagong_NORMAL_0654.png
chittagong_NORMAL_0655,chittagong,NORMAL,chittagong-normal-7251,train,76a803d33aa62542e9c564c926da4b346394b67598d78ff9787a1786ebebf4ff,chittagong\nested_0\Training\normal\normal-7251.jpg,data\interim\selected\chittagong_NORMAL_0655.jpg,data/processed/images/chittagong_NORMAL_0655.png
chittagong_NORMAL_0656,chittagong,NORMAL,chittagong-normal-7381,train,76e869b76b3318fa2b746261c4d10088d5d0cfadfebc607e29e810f725afbb89,chittagong\nested_0\Training\normal\normal-7381.jpg,data\interim\selected\chittagong_NORMAL_0656.jpg,data/processed/images/chittagong_NORMAL_0656.png
chittagong_NORMAL_0657,chittagong,NORMAL,chittagong-normal-682,train,7803d45bd2c8384c2f475c077559cb2426e69af7efb01ccfe2970afcceab2f68,chittagong\nested_0\Training\normal\normal-682.jpg,data\interim\selected\chittagong_NORMAL_0657.jpg,data/processed/images/chittagong_NORMAL_0657.png
chittagong_NORMAL_0658,chittagong,NORMAL,chittagong-normal-8104,train,78b828ab88357392ed31e7fa5dcc3e3554f5ba1d75e673f350bc7db9457c37ad,chittagong\nested_0\Testing\normal\normal-8104.jpg,data\interim\selected\chittagong_NORMAL_0658.jpg,data/processed/images/chittagong_NORMAL_0658.png
chittagong_NORMAL_0659,chittagong,NORMAL,chittagong-normal-714,train,78d849e55b64934c89db4a2792506c3d34c805dae62fc13075f7717908f92430,chittagong\nested_0\Training\normal\normal-714.jpg,data\interim\selected\chittagong_NORMAL_0659.jpg,data/processed/images/chittagong_NORMAL_0659.png
chittagong_NORMAL_0660,chittagong,NORMAL,chittagong-normal-7020,train,7b734c3045175d9f3af134349471ec0c5f0f5d2def4797d956be2654f2fc4301,chittagong\nested_0\Training\normal\normal-7020.jpg,data\interim\selected\chittagong_NORMAL_0660.jpg,data/processed/images/chittagong_NORMAL_0660.png
chittagong_NORMAL_0661,chittagong,NORMAL,chittagong-normal-7650,train,7baa0e110a4377069da2e9c1e9093efc8b14f3fffb5b191a100169e031954473,chittagong\nested_0\Training\normal\normal-7650.jpg,data\interim\selected\chittagong_NORMAL_0661.jpg,data/processed/images/chittagong_NORMAL_0661.png
chittagong_NORMAL_0662,chittagong,NORMAL,chittagong-normal-809,train,7be344b070e390d7125d0e7e2f2b5d4d23387d9213f4277fd77bf127ba176d25,chittagong\nested_0\Training\normal\normal-809.jpg,data\interim\selected\chittagong_NORMAL_0662.jpg,data/processed/images/chittagong_NORMAL_0662.png
chittagong_NORMAL_0663,chittagong,NORMAL,chittagong-normal-733,train,7bf46a8df10a78c723e165e0c0e5b8061574eaa4699c91f4b1478bff4e0560f2,chittagong\nested_0\Training\normal\normal-733.jpg,data\interim\selected\chittagong_NORMAL_0663.jpg,data/processed/images/chittagong_NORMAL_0663.png
chittagong_NORMAL_0664,chittagong,NORMAL,chittagong-normal-7074,train,7bf5932360f09277fa722375c07ba1947c0810d3238ddbd8a9930a5151033dc0,chittagong\nested_0\Training\normal\normal-7074.jpg,data\interim\selected\chittagong_NORMAL_0664.jpg,data/processed/images/chittagong_NORMAL_0664.png
chittagong_NORMAL_0665,chittagong,NORMAL,chittagong-normal-8094,train,7c9c8199a6619ac3ee28683e570b97dfe57bc84405478e784fa32076c44f4aac,chittagong\nested_0\Testing\normal\normal-8094.jpg,data\interim\selected\chittagong_NORMAL_0665.jpg,data/processed/images/chittagong_NORMAL_0665.png
chittagong_NORMAL_0666,chittagong,NORMAL,chittagong-normal-7131,train,7d0782e6e898606435a29fea0a081b575b5dbc2e6e213da833c38b516bf0deff,chittagong\nested_0\Training\normal\normal-7131.jpg,data\interim\selected\chittagong_NORMAL_0666.jpg,data/processed/images/chittagong_NORMAL_0666.png
chittagong_NORMAL_0667,chittagong,NORMAL,chittagong-normal-7341,train,7dc54f0ff1b5217ec06df515d19318eb802d64ff97a96f008a9e191add465cc1,chittagong\nested_0\Training\normal\normal-7341.jpg,data\interim\selected\chittagong_NORMAL_0667.jpg,data/processed/images/chittagong_NORMAL_0667.png
chittagong_NORMAL_0668,chittagong,NORMAL,chittagong-normal-61,train,7edaddda2d21cb7017b0edd3dbda7980e7693c2d0fec2fd2338bda6d4ca1bf25,chittagong\nested_0\Training\normal\normal-61.jpg,data\interim\selected\chittagong_NORMAL_0668.jpg,data/processed/images/chittagong_NORMAL_0668.png
chittagong_NORMAL_0669,chittagong,NORMAL,chittagong-normal-891,train,7f127b80336b47c143d141e923a08fef132a92594cdb318334dd2edbb75376e5,chittagong\nested_0\Training\normal\normal-891.jpg,data\interim\selected\chittagong_NORMAL_0669.jpg,data/processed/images/chittagong_NORMAL_0669.png
chittagong_NORMAL_0670,chittagong,NORMAL,chittagong-normal-7404,train,7f3d2db0263c07bba90f1c18493608944dd1823b63fe6835b4fe1f96df4dd9ee,chittagong\nested_0\Training\normal\normal-7404.jpg,data\interim\selected\chittagong_NORMAL_0670.jpg,data/processed/images/chittagong_NORMAL_0670.png
chittagong_NORMAL_0671,chittagong,NORMAL,chittagong-normal-7040,train,7fb247634d05db03acc8de70424aea3c58e13eb7fc3985d803c5ee995cc89078,chittagong\nested_0\Training\normal\normal-7040.jpg,data\interim\selected\chittagong_NORMAL_0671.jpg,data/processed/images/chittagong_NORMAL_0671.png
chittagong_NORMAL_0672,chittagong,NORMAL,chittagong-normal-7462,train,7fc25ead3735ac8fa112c18a1ea07b71e8017314a8f03a40f0fd70be1ce5a149,chittagong\nested_0\Training\normal\normal-7462.jpg,data\interim\selected\chittagong_NORMAL_0672.jpg,data/processed/images/chittagong_NORMAL_0672.png
chittagong_NORMAL_0673,chittagong,NORMAL,chittagong-normal-7283,train,80ca60e504a5a7adf6c30d5ca86b9fe5eb1a542abf6dd5c6f3f91bb69bd0854a,chittagong\nested_0\Training\normal\normal-7283.jpg,data\interim\selected\chittagong_NORMAL_0673.jpg,data/processed/images/chittagong_NORMAL_0673.png
chittagong_NORMAL_0674,chittagong,NORMAL,chittagong-normal-7073,train,8103cdfac3f5ccbfcd4810a235ab6ce91498115d28caf16f0c19baf56d448c79,chittagong\nested_0\Training\normal\normal-7073.jpg,data\interim\selected\chittagong_NORMAL_0674.jpg,data/processed/images/chittagong_NORMAL_0674.png
chittagong_NORMAL_0675,chittagong,NORMAL,chittagong-normal-7242,train,8153e6e50789518f782cffe642e2dd1d9c533861a01ead1620f3db41edefe3da,chittagong\nested_0\Training\normal\normal-7242.jpg,data\interim\selected\chittagong_NORMAL_0675.jpg,data/processed/images/chittagong_NORMAL_0675.png
chittagong_NORMAL_0676,chittagong,NORMAL,chittagong-normal-7564,train,81a0f465f8204200b6070f94592db464beae5c383571d6797cf6a87b5930dc13,chittagong\nested_0\Training\normal\normal-7564.jpg,data\interim\selected\chittagong_NORMAL_0676.jpg,data/processed/images/chittagong_NORMAL_0676.png
chittagong_NORMAL_0677,chittagong,NORMAL,chittagong-normal-7867,train,81b1fb25c2b517b00b147717feecda7cdfe81ba325a1939b608711ddecb20786,chittagong\nested_0\Testing\normal\normal-7867.jpg,data\interim\selected\chittagong_NORMAL_0677.jpg,data/processed/images/chittagong_NORMAL_0677.png
chittagong_NORMAL_0678,chittagong,NORMAL,chittagong-normal-7117,train,81ba2f73c225637d7c441ff0db4de7088ec2497eeedaa32fa6cb867e65e17665,chittagong\nested_0\Training\normal\normal-7117.jpg,data\interim\selected\chittagong_NORMAL_0678.jpg,data/processed/images/chittagong_NORMAL_0678.png
chittagong_NORMAL_0679,chittagong,NORMAL,chittagong-normal-8008,train,827ccd03086cbc8a87d3027dae7efd2b2fd53e180e34a9e83135e93694d3dac8,chittagong\nested_0\Testing\normal\normal-8008.jpg,data\interim\selected\chittagong_NORMAL_0679.jpg,data/processed/images/chittagong_NORMAL_0679.png
chittagong_NORMAL_0680,chittagong,NORMAL,chittagong-normal-7162,train,82aa4e5694235008cd5c6a6bad240f8f2616e57196955c9f84f89a6910167779,chittagong\nested_0\Training\normal\normal-7162.jpg,data\interim\selected\chittagong_NORMAL_0680.jpg,data/processed/images/chittagong_NORMAL_0680.png
chittagong_NORMAL_0681,chittagong,NORMAL,chittagong-normal-7898,train,8324194f9648213f2fa9bcdb9536c5d8bb00c38d3ac71058b3230f405615cbae,chittagong\nested_0\Testing\normal\normal-7898.jpg,data\interim\selected\chittagong_NORMAL_0681.jpg,data/processed/images/chittagong_NORMAL_0681.png
chittagong_NORMAL_0682,chittagong,NORMAL,chittagong-normal-7105,train,8349d7f05b2ba7870ba2ec67b0873dda7ac4bb7c3c9e02c729f39bbfe194b364,chittagong\nested_0\Training\normal\normal-7105.jpg,data\interim\selected\chittagong_NORMAL_0682.jpg,data/processed/images/chittagong_NORMAL_0682.png
chittagong_NORMAL_0683,chittagong,NORMAL,chittagong-normal-8043,train,83a4510599a43d7c5202f4ba0e96a2247fd33689dd80bdf6ac373d2ea532d25e,chittagong\nested_0\Testing\normal\normal-8043.jpg,data\interim\selected\chittagong_NORMAL_0683.jpg,data/processed/images/chittagong_NORMAL_0683.png
chittagong_NORMAL_0684,chittagong,NORMAL,chittagong-normal-73,train,8488b3b7b00877fa703b859365eb7c2797e2b31ec01b5f07e9ac1c2dcc1dec3d,chittagong\nested_0\Training\normal\normal-73.jpg,data\interim\selected\chittagong_NORMAL_0684.jpg,data/processed/images/chittagong_NORMAL_0684.png
chittagong_NORMAL_0685,chittagong,NORMAL,chittagong-normal-902,train,849e548d474277a4048174e24053fa68a591abd4ebf4641172a307a47940b8b7,chittagong\nested_0\Training\normal\normal-902.jpg,data\interim\selected\chittagong_NORMAL_0685.jpg,data/processed/images/chittagong_NORMAL_0685.png
chittagong_NORMAL_0686,chittagong,NORMAL,chittagong-normal-943,train,859ed812a939691835fcd4226c9f6accdd1111a53610f1fe9c3301b1dd383e3f,chittagong\nested_0\Testing\normal\normal-943.jpg,data\interim\selected\chittagong_NORMAL_0686.jpg,data/processed/images/chittagong_NORMAL_0686.png
chittagong_NORMAL_0687,chittagong,NORMAL,chittagong-normal-756,train,860e8036708c60f0884b3abecbc42c25d1c06ff4d960d153f4bdc251c65e44bb,chittagong\nested_0\Training\normal\normal-756.jpg,data\interim\selected\chittagong_NORMAL_0687.jpg,data/processed/images/chittagong_NORMAL_0687.png
chittagong_NORMAL_0688,chittagong,NORMAL,chittagong-normal-7984,train,866ccf06c7bdbb1a9dc95f8c523ad92dcb2103fa1c4f1a968b687595b5a1a30d,chittagong\nested_0\Testing\normal\normal-7984.jpg,data\interim\selected\chittagong_NORMAL_0688.jpg,data/processed/images/chittagong_NORMAL_0688.png
chittagong_NORMAL_0689,chittagong,NORMAL,chittagong-normal-7546,train,86df918e9b3d76cd76ecb788127a85bc17d37cd6a23b114f4a7dae24c5e55ee0,chittagong\nested_0\Training\normal\normal-7546.jpg,data\interim\selected\chittagong_NORMAL_0689.jpg,data/processed/images/chittagong_NORMAL_0689.png
chittagong_NORMAL_0690,chittagong,NORMAL,chittagong-normal-667,train,8781ebb0e0b123eae19d8071463a56b5346150588fc4483781c816c10854f743,chittagong\nested_0\Training\normal\normal-667.jpg,data\interim\selected\chittagong_NORMAL_0690.jpg,data/processed/images/chittagong_NORMAL_0690.png
chittagong_NORMAL_0691,chittagong,NORMAL,chittagong-normal-7599,train,87cbf712d49b91de238029daaa6c41e708b6d6546d6dd29155e9f858ea5df089,chittagong\nested_0\Training\normal\normal-7599.jpg,data\interim\selected\chittagong_NORMAL_0691.jpg,data/processed/images/chittagong_NORMAL_0691.png
chittagong_NORMAL_0692,chittagong,NORMAL,chittagong-normal-792,train,886338e87e9636ec505a91a0334e20a82d886bde647e435bf66425d29f2e604e,chittagong\nested_0\Training\normal\normal-792.jpg,data\interim\selected\chittagong_NORMAL_0692.jpg,data/processed/images/chittagong_NORMAL_0692.png
chittagong_NORMAL_0693,chittagong,NORMAL,chittagong-normal-831,train,8941437bfa526611622895c0b7f2d059bd21a27e055214222316be649a512c84,chittagong\nested_0\Training\normal\normal-831.jpg,data\interim\selected\chittagong_NORMAL_0693.jpg,data/processed/images/chittagong_NORMAL_0693.png
chittagong_NORMAL_0694,chittagong,NORMAL,chittagong-normal-7993,train,89455a45ae30abbd2f0399ae7926c6727c7a36a135168aa9ad6e0c36a558d3ec,chittagong\nested_0\Testing\normal\normal-7993.jpg,data\interim\selected\chittagong_NORMAL_0694.jpg,data/processed/images/chittagong_NORMAL_0694.png
chittagong_NORMAL_0695,chittagong,NORMAL,chittagong-normal-7520,train,8998dff1d48863814dd5896375e0656b9f4d1b06074cd1c2e7829666aa28262d,chittagong\nested_0\Training\normal\normal-7520.jpg,data\interim\selected\chittagong_NORMAL_0695.jpg,data/processed/images/chittagong_NORMAL_0695.png
chittagong_NORMAL_0696,chittagong,NORMAL,chittagong-normal-7175,train,89bd13843bf73f8e357d744540d44181b2449a2de311f84d223908da579a05e1,chittagong\nested_0\Training\normal\normal-7175.jpg,data\interim\selected\chittagong_NORMAL_0696.jpg,data/processed/images/chittagong_NORMAL_0696.png
chittagong_NORMAL_0697,chittagong,NORMAL,chittagong-normal-7999,train,8a4d4acf1342f1a0904df744b58aa0f3982f9c4a46b233b98c9dedab77175732,chittagong\nested_0\Testing\normal\normal-7999.jpg,data\interim\selected\chittagong_NORMAL_0697.jpg,data/processed/images/chittagong_NORMAL_0697.png
chittagong_NORMAL_0698,chittagong,NORMAL,chittagong-normal-7202,train,8baa66053a15e54081c862b9d2dbc49240c7fe69eb42b525c91989601fe1e0e7,chittagong\nested_0\Training\normal\normal-7202.jpg,data\interim\selected\chittagong_NORMAL_0698.jpg,data/processed/images/chittagong_NORMAL_0698.png
chittagong_NORMAL_0699,chittagong,NORMAL,chittagong-normal-8016,train,8cf7d9482397a6df0c5a267745b9e4014309e50a434fc6c3d8eca4d8df348404,chittagong\nested_0\Testing\normal\normal-8016.jpg,data\interim\selected\chittagong_NORMAL_0699.jpg,data/processed/images/chittagong_NORMAL_0699.png
chittagong_NORMAL_0700,chittagong,NORMAL,chittagong-normal-7188,train,8e603a80e64c63f27ff155fece7e0a4fc23f12839f9ee5f4b4acba7b1ea3faf0,chittagong\nested_0\Training\normal\normal-7188.jpg,data\interim\selected\chittagong_NORMAL_0700.jpg,data/processed/images/chittagong_NORMAL_0700.png
chittagong_NORMAL_0701,chittagong,NORMAL,chittagong-normal-7649,train,8ee63f01e3023c3221a587ca91db58972cc9cbdd187c4597cb299c64d32eff8e,chittagong\nested_0\Training\normal\normal-7649.jpg,data\interim\selected\chittagong_NORMAL_0701.jpg,data/processed/images/chittagong_NORMAL_0701.png
chittagong_NORMAL_0702,chittagong,NORMAL,chittagong-normal-7209,train,8f51ac30c18b8b6e552de8215535506d1cfaa591ea94c4f171898d5b2d36eac1,chittagong\nested_0\Training\normal\normal-7209.jpg,data\interim\selected\chittagong_NORMAL_0702.jpg,data/processed/images/chittagong_NORMAL_0702.png
chittagong_NORMAL_0703,chittagong,NORMAL,chittagong-normal-7114,train,8f7b4e8b702e09fd18f98fdcd9e40a78329fce83d2f77cd033a349b490214a83,chittagong\nested_0\Training\normal\normal-7114.jpg,data\interim\selected\chittagong_NORMAL_0703.jpg,data/processed/images/chittagong_NORMAL_0703.png
chittagong_NORMAL_0704,chittagong,NORMAL,chittagong-normal-7064,train,8f7d53c966eff9259cd4844bd97e64523878fe6ab4d0636be73cbea7e8c4c338,chittagong\nested_0\Training\normal\normal-7064.jpg,data\interim\selected\chittagong_NORMAL_0704.jpg,data/processed/images/chittagong_NORMAL_0704.png
chittagong_NORMAL_0705,chittagong,NORMAL,chittagong-normal-8168,train,8fda9b5962f2e063fbd04e3ddc4683d4d5d5084f6bd4a532f5a08eaaeb15147f,chittagong\nested_0\Testing\normal\normal-8168.jpg,data\interim\selected\chittagong_NORMAL_0705.jpg,data/processed/images/chittagong_NORMAL_0705.png
chittagong_NORMAL_0706,chittagong,NORMAL,chittagong-normal-7143,train,8fe9f700940a38477c289c804ae4997e1443e2da31a47a7cd0787c85903ded99,chittagong\nested_0\Training\normal\normal-7143.jpg,data\interim\selected\chittagong_NORMAL_0706.jpg,data/processed/images/chittagong_NORMAL_0706.png
chittagong_NORMAL_0707,chittagong,NORMAL,chittagong-normal-8065,train,903504c5f920ae93496f3f95a4e499c02f57bd58188fc26d35d7b3c4f7df9526,chittagong\nested_0\Testing\normal\normal-8065.jpg,data\interim\selected\chittagong_NORMAL_0707.jpg,data/processed/images/chittagong_NORMAL_0707.png
chittagong_NORMAL_0708,chittagong,NORMAL,chittagong-normal-7382,train,905dd41cddf8a6a0bd25e6823e77414dad03509ab1030952362dac224c093260,chittagong\nested_0\Training\normal\normal-7382.jpg,data\interim\selected\chittagong_NORMAL_0708.jpg,data/processed/images/chittagong_NORMAL_0708.png
chittagong_NORMAL_0709,chittagong,NORMAL,chittagong-normal-7895,train,9112b5f4a316ae8796fb34b090ab408ad5bfa9d98514ced8432dd57d8bb3f1e4,chittagong\nested_0\Testing\normal\normal-7895.jpg,data\interim\selected\chittagong_NORMAL_0709.jpg,data/processed/images/chittagong_NORMAL_0709.png
chittagong_NORMAL_0710,chittagong,NORMAL,chittagong-normal-7618,train,912471b58d59aa5cfa4cd4f2fd112ed61e99b2f8b59d6136840f63089b181397,chittagong\nested_0\Training\normal\normal-7618.jpg,data\interim\selected\chittagong_NORMAL_0710.jpg,data/processed/images/chittagong_NORMAL_0710.png
chittagong_NORMAL_0711,chittagong,NORMAL,chittagong-normal-7461,train,91660e696907b4835c53a30903490249d2e1e3379b97e7e05e865c4044f17ac0,chittagong\nested_0\Training\normal\normal-7461.jpg,data\interim\selected\chittagong_NORMAL_0711.jpg,data/processed/images/chittagong_NORMAL_0711.png
chittagong_NORMAL_0712,chittagong,NORMAL,chittagong-normal-7226,train,91b3c8d5ccc2fa0657cde0f95a5cc38054b4376a7f78969c4d57bbb6f77b8415,chittagong\nested_0\Training\normal\normal-7226.jpg,data\interim\selected\chittagong_NORMAL_0712.jpg,data/processed/images/chittagong_NORMAL_0712.png
chittagong_NORMAL_0713,chittagong,NORMAL,chittagong-normal-7379,train,92c056f150116b03bde20f2ed102acf0aa77a942afd5896feb6c569b6a0b6f2a,chittagong\nested_0\Training\normal\normal-7379.jpg,data\interim\selected\chittagong_NORMAL_0713.jpg,data/processed/images/chittagong_NORMAL_0713.png
chittagong_NORMAL_0714,chittagong,NORMAL,chittagong-normal-909,train,930fca7572189c8bee0e9259d8484e0e09a9640938dd7e1d22494dd9f3734ad9,chittagong\nested_0\Training\normal\normal-909.jpg,data\interim\selected\chittagong_NORMAL_0714.jpg,data/processed/images/chittagong_NORMAL_0714.png
chittagong_NORMAL_0715,chittagong,NORMAL,chittagong-normal-914,train,93e8eb5a5d474b66fdaf12709da72fea4dcdc588bb1b039448323afcd529c7f8,chittagong\nested_0\Training\normal\normal-914.jpg,data\interim\selected\chittagong_NORMAL_0715.jpg,data/processed/images/chittagong_NORMAL_0715.png
chittagong_NORMAL_0716,chittagong,NORMAL,chittagong-normal-836,train,942989645856532d0ea3b809284e40924643b309be8b8341b245fbbce3573eb8,chittagong\nested_0\Training\normal\normal-836.jpg,data\interim\selected\chittagong_NORMAL_0716.jpg,data/processed/images/chittagong_NORMAL_0716.png
chittagong_NORMAL_0717,chittagong,NORMAL,chittagong-normal-8088,train,942bf9beaa9a4571afb5ee8af73bc9d4292669e93b050aa882aa9c6a672de1c0,chittagong\nested_0\Testing\normal\normal-8088.jpg,data\interim\selected\chittagong_NORMAL_0717.jpg,data/processed/images/chittagong_NORMAL_0717.png
chittagong_NORMAL_0718,chittagong,NORMAL,chittagong-normal-885,train,944097ec6e53f6941743bcdcd0af37e4a94608c946b91067920fa28c1d00dda6,chittagong\nested_0\Training\normal\normal-885.jpg,data\interim\selected\chittagong_NORMAL_0718.jpg,data/processed/images/chittagong_NORMAL_0718.png
chittagong_NORMAL_0719,chittagong,NORMAL,chittagong-normal-7636,train,94fb3d16cb2af6184a0f7779bd945d45c131136af1d54912f5bb44447cb1a40d,chittagong\nested_0\Training\normal\normal-7636.jpg,data\interim\selected\chittagong_NORMAL_0719.jpg,data/processed/images/chittagong_NORMAL_0719.png
chittagong_NORMAL_0720,chittagong,NORMAL,chittagong-normal-7475,train,95c070b794be602af121c77363ada6f2456983f29bbaa8aca45317b49db1b4c0,chittagong\nested_0\Training\normal\normal-7475.jpg,data\interim\selected\chittagong_NORMAL_0720.jpg,data/processed/images/chittagong_NORMAL_0720.png
chittagong_NORMAL_0721,chittagong,NORMAL,chittagong-normal-8045,train,95dc3c58d197b7acfb618c30cfe33cb0ae498a59832a254c834126d15de2f785,chittagong\nested_0\Testing\normal\normal-8045.jpg,data\interim\selected\chittagong_NORMAL_0721.jpg,data/processed/images/chittagong_NORMAL_0721.png
chittagong_NORMAL_0722,chittagong,NORMAL,chittagong-normal-790,train,963b601f1962dca3b84989b4d8706b3f2e27eb2d1ccac2a921517775f37c19aa,chittagong\nested_0\Training\normal\normal-790.jpg,data\interim\selected\chittagong_NORMAL_0722.jpg,data/processed/images/chittagong_NORMAL_0722.png
chittagong_NORMAL_0723,chittagong,NORMAL,chittagong-normal-7308,train,96a40655fb37692ce8ecf3be792aa938b67ab22ac688fdd74af19f4f04d98794,chittagong\nested_0\Training\normal\normal-7308.jpg,data\interim\selected\chittagong_NORMAL_0723.jpg,data/processed/images/chittagong_NORMAL_0723.png
chittagong_NORMAL_0724,chittagong,NORMAL,chittagong-normal-910,train,96df3c89d7bcd02f8b59037ed9dbd9e047bd58bc2a0990d727cf1d4ccbdbd27e,chittagong\nested_0\Training\normal\normal-910.jpg,data\interim\selected\chittagong_NORMAL_0724.jpg,data/processed/images/chittagong_NORMAL_0724.png
chittagong_NORMAL_0725,chittagong,NORMAL,chittagong-normal-7191,train,974df2ba97418e96fef0ac3cd2ce02ae165dc770e9e36e2ead37ab2f2a8e8512,chittagong\nested_0\Training\normal\normal-7191.jpg,data\interim\selected\chittagong_NORMAL_0725.jpg,data/processed/images/chittagong_NORMAL_0725.png
chittagong_NORMAL_0726,chittagong,NORMAL,chittagong-normal-7296,train,9806c82e9f0a66412d58b22a6f79d3b0feeec7a71c8aae8ef227a8719e170193,chittagong\nested_0\Training\normal\normal-7296.jpg,data\interim\selected\chittagong_NORMAL_0726.jpg,data/processed/images/chittagong_NORMAL_0726.png
chittagong_NORMAL_0727,chittagong,NORMAL,chittagong-normal-8040,train,99a654477f2c40adc07f4b9a7bdd369259bfecf74f419b68963076cfd194c217,chittagong\nested_0\Testing\normal\normal-8040.jpg,data\interim\selected\chittagong_NORMAL_0727.jpg,data/processed/images/chittagong_NORMAL_0727.png
chittagong_NORMAL_0728,chittagong,NORMAL,chittagong-normal-906,train,9afe05a79a1f45c3b7c0772efb5d85618167fcfa9115bc7bdb3ee090b3070d2c,chittagong\nested_0\Training\normal\normal-906.jpg,data\interim\selected\chittagong_NORMAL_0728.jpg,data/processed/images/chittagong_NORMAL_0728.png
chittagong_NORMAL_0729,chittagong,NORMAL,chittagong-normal-7986,train,9c8f842999ef03c23a193aaaf29d19b517cdb7b5e576d50d43b2196ccca0ff54,chittagong\nested_0\Testing\normal\normal-7986.jpg,data\interim\selected\chittagong_NORMAL_0729.jpg,data/processed/images/chittagong_NORMAL_0729.png
chittagong_NORMAL_0730,chittagong,NORMAL,chittagong-normal-8011,train,9d1439f3b470e6a0d1b821897d793773abc32160a33e482a07fc08142f783261,chittagong\nested_0\Testing\normal\normal-8011.jpg,data\interim\selected\chittagong_NORMAL_0730.jpg,data/processed/images/chittagong_NORMAL_0730.png
chittagong_NORMAL_0731,chittagong,NORMAL,chittagong-normal-7225,train,9d39292c34e4645e2c939ffceefc7fa883efecc3cf8f8130b8447e0e5f21230b,chittagong\nested_0\Training\normal\normal-7225.jpg,data\interim\selected\chittagong_NORMAL_0731.jpg,data/processed/images/chittagong_NORMAL_0731.png
chittagong_NORMAL_0732,chittagong,NORMAL,chittagong-normal-7100,train,9d877ac17a2a58b59c898ffbf640c8904ed60fecc53490da9e96134ec4839a09,chittagong\nested_0\Training\normal\normal-7100.jpg,data\interim\selected\chittagong_NORMAL_0732.jpg,data/processed/images/chittagong_NORMAL_0732.png
chittagong_NORMAL_0733,chittagong,NORMAL,chittagong-normal-7365,train,9dc56d64fd83be16be71e69a35ffad077f534ed31890f7dd7f1b9fb4a5777058,chittagong\nested_0\Training\normal\normal-7365.jpg,data\interim\selected\chittagong_NORMAL_0733.jpg,data/processed/images/chittagong_NORMAL_0733.png
chittagong_NORMAL_0734,chittagong,NORMAL,chittagong-normal-7054,train,9f0006ee3c0f5cb2642b428f3618279b9d2c220e9347c29765bb51185b42c0cd,chittagong\nested_0\Training\normal\normal-7054.jpg,data\interim\selected\chittagong_NORMAL_0734.jpg,data/processed/images/chittagong_NORMAL_0734.png
chittagong_NORMAL_0735,chittagong,NORMAL,chittagong-normal-7884,train,9f315d47bba22d0be39a4169471e23a4fdfc1ed54a04144de8d22d67a501802a,chittagong\nested_0\Testing\normal\normal-7884.jpg,data\interim\selected\chittagong_NORMAL_0735.jpg,data/processed/images/chittagong_NORMAL_0735.png
chittagong_NORMAL_0736,chittagong,NORMAL,chittagong-normal-7244,train,9fa3dbd00840fc34107736de5a121edc9500410097891fc50d64556f9d084069,chittagong\nested_0\Training\normal\normal-7244.jpg,data\interim\selected\chittagong_NORMAL_0736.jpg,data/processed/images/chittagong_NORMAL_0736.png
chittagong_NORMAL_0737,chittagong,NORMAL,chittagong-normal-7915,train,9fdc12fc5bb0082f3cf604e702104022bbd0d31d869d9f151672221665f03f0e,chittagong\nested_0\Testing\normal\normal-7915.jpg,data\interim\selected\chittagong_NORMAL_0737.jpg,data/processed/images/chittagong_NORMAL_0737.png
chittagong_NORMAL_0738,chittagong,NORMAL,chittagong-normal-7953,train,a00f3aef49644920fa1c6b1706dcedc1a40ada2f320787b485fe2faaf200bfd3,chittagong\nested_0\Testing\normal\normal-7953.jpg,data\interim\selected\chittagong_NORMAL_0738.jpg,data/processed/images/chittagong_NORMAL_0738.png
chittagong_NORMAL_0739,chittagong,NORMAL,chittagong-normal-666,train,a083a678ac15708d222abcf79f094ba1e8690f13f047c2ee51d34a8a34625d5b,chittagong\nested_0\Training\normal\normal-666.jpg,data\interim\selected\chittagong_NORMAL_0739.jpg,data/processed/images/chittagong_NORMAL_0739.png
chittagong_NORMAL_0740,chittagong,NORMAL,chittagong-normal-7142,train,a09349a4b353c6fd083db790409cc3b7256a5d0619dfcdcf94350200f04770cd,chittagong\nested_0\Training\normal\normal-7142.jpg,data\interim\selected\chittagong_NORMAL_0740.jpg,data/processed/images/chittagong_NORMAL_0740.png
chittagong_NORMAL_0741,chittagong,NORMAL,chittagong-normal-7201,train,a0a7583837e7c4a182fe632a2c79fdfb52f752cf3805ee606a6cd40a4ad20d9f,chittagong\nested_0\Training\normal\normal-7201.jpg,data\interim\selected\chittagong_NORMAL_0741.jpg,data/processed/images/chittagong_NORMAL_0741.png
chittagong_NORMAL_0742,chittagong,NORMAL,chittagong-normal-782,train,a0bcdd4d3a9944172904b95fe423c57c57e9ea4d1be083bd7d7282a6cf967854,chittagong\nested_0\Training\normal\normal-782.jpg,data\interim\selected\chittagong_NORMAL_0742.jpg,data/processed/images/chittagong_NORMAL_0742.png
chittagong_NORMAL_0743,chittagong,NORMAL,chittagong-normal-8042,train,a161a040a49fbe3098e76211ea8a9331286e3e4dd757098b81abae85925a5957,chittagong\nested_0\Testing\normal\normal-8042.jpg,data\interim\selected\chittagong_NORMAL_0743.jpg,data/processed/images/chittagong_NORMAL_0743.png
chittagong_NORMAL_0744,chittagong,NORMAL,chittagong-normal-743,train,a17533a012a3dd8927b4501f63b18f560061fa9763ee13bf4fec49912efdec3a,chittagong\nested_0\Training\normal\normal-743.jpg,data\interim\selected\chittagong_NORMAL_0744.jpg,data/processed/images/chittagong_NORMAL_0744.png
chittagong_NORMAL_0745,chittagong,NORMAL,chittagong-normal-633,train,a1815e156025393e0da972a2b71c8bea74e9533458dcc31fbfba3bf4aba602eb,chittagong\nested_0\Training\normal\normal-633.jpg,data\interim\selected\chittagong_NORMAL_0745.jpg,data/processed/images/chittagong_NORMAL_0745.png
chittagong_NORMAL_0746,chittagong,NORMAL,chittagong-normal-703,train,a28643d8e94401a3d62906304204f507c1995c23145556dd24d59d3c82e390f5,chittagong\nested_0\Training\normal\normal-703.jpg,data\interim\selected\chittagong_NORMAL_0746.jpg,data/processed/images/chittagong_NORMAL_0746.png
chittagong_NORMAL_0747,chittagong,NORMAL,chittagong-normal-7937,train,a329b46ad309229223e80091b438d2ca4f9fd5831034ece202e1ccd6e5db1f47,chittagong\nested_0\Testing\normal\normal-7937.jpg,data\interim\selected\chittagong_NORMAL_0747.jpg,data/processed/images/chittagong_NORMAL_0747.png
chittagong_NORMAL_0748,chittagong,NORMAL,chittagong-normal-7260,train,a35114cd9f2e6afa3e2e2a7c05d987322f1d72860cd9f451dd26416df5d70df6,chittagong\nested_0\Training\normal\normal-7260.jpg,data\interim\selected\chittagong_NORMAL_0748.jpg,data/processed/images/chittagong_NORMAL_0748.png
chittagong_NORMAL_0749,chittagong,NORMAL,chittagong-normal-7401,train,a357e2cf31b2051bc83b6795334883957e6cc0a4124c1ed9fde970f2011efe29,chittagong\nested_0\Training\normal\normal-7401.jpg,data\interim\selected\chittagong_NORMAL_0749.jpg,data/processed/images/chittagong_NORMAL_0749.png
chittagong_NORMAL_0750,chittagong,NORMAL,chittagong-normal-7944,train,a387eca3e8132c23a52b1ddb7c480d16e28ea4d663c118cb212a08792a363534,chittagong\nested_0\Testing\normal\normal-7944.jpg,data\interim\selected\chittagong_NORMAL_0750.jpg,data/processed/images/chittagong_NORMAL_0750.png
chittagong_NORMAL_0751,chittagong,NORMAL,chittagong-normal-7963,train,a47c2496fe901e0b762537e77bbb6d8bb1dbca7d00e6ebade3482f9a721c50fa,chittagong\nested_0\Testing\normal\normal-7963.jpg,data\interim\selected\chittagong_NORMAL_0751.jpg,data/processed/images/chittagong_NORMAL_0751.png
chittagong_NORMAL_0752,chittagong,NORMAL,chittagong-normal-7145,train,a4848637ef307be9d0d0c6fb618368d8ecc05dc47b1b492948cc9f925cfa6007,chittagong\nested_0\Training\normal\normal-7145.jpg,data\interim\selected\chittagong_NORMAL_0752.jpg,data/processed/images/chittagong_NORMAL_0752.png
chittagong_NORMAL_0753,chittagong,NORMAL,chittagong-normal-594,train,a65dc7f17974c59f3e6a4a5af418bad9f6142d7305b6cc8f9e74d54ff0bc0638,chittagong\nested_0\Training\normal\normal-594.jpg,data\interim\selected\chittagong_NORMAL_0753.jpg,data/processed/images/chittagong_NORMAL_0753.png
chittagong_NORMAL_0754,chittagong,NORMAL,chittagong-normal-867,train,a6b1348a955bf625d1b2732c1b6a6defe6efb3d1fb509b939bd1ba7c5345ccb7,chittagong\nested_0\Training\normal\normal-867.jpg,data\interim\selected\chittagong_NORMAL_0754.jpg,data/processed/images/chittagong_NORMAL_0754.png
chittagong_NORMAL_0755,chittagong,NORMAL,chittagong-normal-616,train,a743fce6394536f7926226bf78c4752521900f36ac3d78137e18424ca359efd1,chittagong\nested_0\Training\normal\normal-616.jpg,data\interim\selected\chittagong_NORMAL_0755.jpg,data/processed/images/chittagong_NORMAL_0755.png
chittagong_NORMAL_0756,chittagong,NORMAL,chittagong-normal-7572,train,a7fc851c6de36d20e62b410cc5031e5cbc49c4005f176d28b896b823da9f357e,chittagong\nested_0\Training\normal\normal-7572.jpg,data\interim\selected\chittagong_NORMAL_0756.jpg,data/processed/images/chittagong_NORMAL_0756.png
chittagong_NORMAL_0757,chittagong,NORMAL,chittagong-normal-7980,train,a8e5ac208e213c18163b0837b7df5dc8ac0c73496be698f0f38191c9efd5a892,chittagong\nested_0\Testing\normal\normal-7980.jpg,data\interim\selected\chittagong_NORMAL_0757.jpg,data/processed/images/chittagong_NORMAL_0757.png
chittagong_NORMAL_0758,chittagong,NORMAL,chittagong-normal-7113,train,a902b2cff77042f6eb24a5783400c4e2e3a118b004372ce5fa688808a8aff5fc,chittagong\nested_0\Training\normal\normal-7113.jpg,data\interim\selected\chittagong_NORMAL_0758.jpg,data/processed/images/chittagong_NORMAL_0758.png
chittagong_NORMAL_0759,chittagong,NORMAL,chittagong-normal-8107,train,a9482ea8f4dba8f465f95054b7db2974b72b54af8c1cb153f60edee48a704833,chittagong\nested_0\Testing\normal\normal-8107.jpg,data\interim\selected\chittagong_NORMAL_0759.jpg,data/processed/images/chittagong_NORMAL_0759.png
chittagong_NORMAL_0760,chittagong,NORMAL,chittagong-normal-7632,train,a9e58fb257c7a0faa8de6beb7a7f92bbc26fe7b565e401e906ce85e2bf421667,chittagong\nested_0\Training\normal\normal-7632.jpg,data\interim\selected\chittagong_NORMAL_0760.jpg,data/processed/images/chittagong_NORMAL_0760.png
chittagong_NORMAL_0761,chittagong,NORMAL,chittagong-normal-7403,train,aa98cf267895f9a61cdb6faa7644f1313aabd7c3ba5670bffec8e66a78e6de6c,chittagong\nested_0\Training\normal\normal-7403.jpg,data\interim\selected\chittagong_NORMAL_0761.jpg,data/processed/images/chittagong_NORMAL_0761.png
chittagong_NORMAL_0762,chittagong,NORMAL,chittagong-normal-7531,train,ab0354819f4319703e3a2d8cf7be04e51cfc3cbe4291ac2db3e1a703b5c80ac6,chittagong\nested_0\Training\normal\normal-7531.jpg,data\interim\selected\chittagong_NORMAL_0762.jpg,data/processed/images/chittagong_NORMAL_0762.png
chittagong_NORMAL_0763,chittagong,NORMAL,chittagong-normal-922,train,ab2710d69655eb0b952210f016a1c68aba3d375f7b9a4f5057ce4c5986587a68,chittagong\nested_0\Training\normal\normal-922.jpg,data\interim\selected\chittagong_NORMAL_0763.jpg,data/processed/images/chittagong_NORMAL_0763.png
chittagong_NORMAL_0764,chittagong,NORMAL,chittagong-normal-7904,train,ab2a78fbc336cc8996477bdd43b2673f99ca6939f83f18b5e7e4e04d20a8bbbb,chittagong\nested_0\Testing\normal\normal-7904.jpg,data\interim\selected\chittagong_NORMAL_0764.jpg,data/processed/images/chittagong_NORMAL_0764.png
chittagong_NORMAL_0765,chittagong,NORMAL,chittagong-normal-653,train,abdea7a804931a189ec3f505a06dec0a4452e97f8d10c5122ec0b36cdb45ffa4,chittagong\nested_0\Training\normal\normal-653.jpg,data\interim\selected\chittagong_NORMAL_0765.jpg,data/processed/images/chittagong_NORMAL_0765.png
chittagong_NORMAL_0766,chittagong,NORMAL,chittagong-normal-837,train,abe8b180a2668890767f275d70b8f5863cad0c95a5f111a84ce7a2422f36b193,chittagong\nested_0\Training\normal\normal-837.jpg,data\interim\selected\chittagong_NORMAL_0766.jpg,data/processed/images/chittagong_NORMAL_0766.png
chittagong_NORMAL_0767,chittagong,NORMAL,chittagong-normal-7569,train,ac4e60c592dc10f07ba6b4d4fe6804680c00514e7d6ff5b5901a71d2a7f1588b,chittagong\nested_0\Training\normal\normal-7569.jpg,data\interim\selected\chittagong_NORMAL_0767.jpg,data/processed/images/chittagong_NORMAL_0767.png
chittagong_NORMAL_0768,chittagong,NORMAL,chittagong-normal-7470,train,ac6f589de28c3370c2499d64d46deb872b18e2eac41b8f38bee5049dae16950d,chittagong\nested_0\Training\normal\normal-7470.jpg,data\interim\selected\chittagong_NORMAL_0768.jpg,data/processed/images/chittagong_NORMAL_0768.png
chittagong_NORMAL_0769,chittagong,NORMAL,chittagong-normal-7932,train,ad0bcb2b41a5f543036fc4b742c609578f29337c41c87160fffedd62c81a38f4,chittagong\nested_0\Testing\normal\normal-7932.jpg,data\interim\selected\chittagong_NORMAL_0769.jpg,data/processed/images/chittagong_NORMAL_0769.png
chittagong_NORMAL_0770,chittagong,NORMAL,chittagong-normal-730,train,ad5772d0d83f546e8703e7fffaa1dc896a3159d33f055018f4b0897b8f02e357,chittagong\nested_0\Training\normal\normal-730.jpg,data\interim\selected\chittagong_NORMAL_0770.jpg,data/processed/images/chittagong_NORMAL_0770.png
chittagong_NORMAL_0771,chittagong,NORMAL,chittagong-normal-7411,train,adf3d1318d9384cddf0c9432f2c5310463b31fcc480ddb106588e8dff60150a2,chittagong\nested_0\Training\normal\normal-7411.jpg,data\interim\selected\chittagong_NORMAL_0771.jpg,data/processed/images/chittagong_NORMAL_0771.png
chittagong_NORMAL_0772,chittagong,NORMAL,chittagong-normal-668,train,aeaaba9e965d98dfeb94c920f67802b224b136f02692d1b8ba54ff258b4de11c,chittagong\nested_0\Training\normal\normal-668.jpg,data\interim\selected\chittagong_NORMAL_0772.jpg,data/processed/images/chittagong_NORMAL_0772.png
chittagong_NORMAL_0773,chittagong,NORMAL,chittagong-normal-7642,train,aee26287fc397def53ee4ae3e75ebe4f9417ce6d5de3f81589d54cfe70e12d9c,chittagong\nested_0\Training\normal\normal-7642.jpg,data\interim\selected\chittagong_NORMAL_0773.jpg,data/processed/images/chittagong_NORMAL_0773.png
chittagong_NORMAL_0774,chittagong,NORMAL,chittagong-normal-7133,train,af417785b8fa662f885909b0e58d4e56a59157c810cc3dc91f571f42b268fd91,chittagong\nested_0\Training\normal\normal-7133.jpg,data\interim\selected\chittagong_NORMAL_0774.jpg,data/processed/images/chittagong_NORMAL_0774.png
chittagong_NORMAL_0775,chittagong,NORMAL,chittagong-normal-678,train,afe29cd5bb171f3a6c37dc85716db83d805b5938fd4724e1f9861e5c0515d58f,chittagong\nested_0\Training\normal\normal-678.jpg,data\interim\selected\chittagong_NORMAL_0775.jpg,data/processed/images/chittagong_NORMAL_0775.png
chittagong_NORMAL_0776,chittagong,NORMAL,chittagong-normal-7695,train,b019e50c74bb9520fad6b84d5dce68969fe8783763fa228bad19f4a8e8ede2a0,chittagong\nested_0\Testing\normal\normal-7695.jpg,data\interim\selected\chittagong_NORMAL_0776.jpg,data/processed/images/chittagong_NORMAL_0776.png
chittagong_NORMAL_0777,chittagong,NORMAL,chittagong-normal-7398,train,b04560e37f36b84e706118d4ab023de1f5ba9d0adfcfa4237669853286754470,chittagong\nested_0\Training\normal\normal-7398.jpg,data\interim\selected\chittagong_NORMAL_0777.jpg,data/processed/images/chittagong_NORMAL_0777.png
chittagong_NORMAL_0778,chittagong,NORMAL,chittagong-normal-7051,train,b0937d614b8ac927b20d61e7eefaac403cc5f8452554b8d7178fe7e80f3b2fdc,chittagong\nested_0\Training\normal\normal-7051.jpg,data\interim\selected\chittagong_NORMAL_0778.jpg,data/processed/images/chittagong_NORMAL_0778.png
chittagong_NORMAL_0779,chittagong,NORMAL,chittagong-normal-7619,train,b09734f887a218e8f3f39a4a82b50b625610c65d153ceb5387b51f9be970352e,chittagong\nested_0\Training\normal\normal-7619.jpg,data\interim\selected\chittagong_NORMAL_0779.jpg,data/processed/images/chittagong_NORMAL_0779.png
chittagong_NORMAL_0780,chittagong,NORMAL,chittagong-normal-7094,train,b0b9bd00e2188a295d25c80bc7062215e739fb621584f87f47f84d3a76992384,chittagong\nested_0\Training\normal\normal-7094.jpg,data\interim\selected\chittagong_NORMAL_0780.jpg,data/processed/images/chittagong_NORMAL_0780.png
chittagong_NORMAL_0781,chittagong,NORMAL,chittagong-normal-7238,train,b115bb5fe8e2660863a7a49cffe437cc2250393d5fb39687281fc9a47caacc1c,chittagong\nested_0\Training\normal\normal-7238.jpg,data\interim\selected\chittagong_NORMAL_0781.jpg,data/processed/images/chittagong_NORMAL_0781.png
chittagong_NORMAL_0782,chittagong,NORMAL,chittagong-normal-8105,train,b133fa5ada14cc86152b6d76c7db3047de10ca0e5fbe40648e0a3ac9710c341c,chittagong\nested_0\Testing\normal\normal-8105.jpg,data\interim\selected\chittagong_NORMAL_0782.jpg,data/processed/images/chittagong_NORMAL_0782.png
chittagong_NORMAL_0783,chittagong,NORMAL,chittagong-normal-7626,train,b289945ff535f5466bb31b90d4e5267043961ea2337dfd5057c9cb2e21910726,chittagong\nested_0\Training\normal\normal-7626.jpg,data\interim\selected\chittagong_NORMAL_0783.jpg,data/processed/images/chittagong_NORMAL_0783.png
chittagong_NORMAL_0784,chittagong,NORMAL,chittagong-normal-7639,train,b2a1a6bf2ff3b19e3d3628969df4e576fe81a837b0a0b64798617ada1a619e1e,chittagong\nested_0\Training\normal\normal-7639.jpg,data\interim\selected\chittagong_NORMAL_0784.jpg,data/processed/images/chittagong_NORMAL_0784.png
chittagong_NORMAL_0785,chittagong,NORMAL,chittagong-normal-7366,train,b389f92287e4984b58dbab3b4db8ae07cb5d1f926aaec634986aa17f48bb0157,chittagong\nested_0\Training\normal\normal-7366.jpg,data\interim\selected\chittagong_NORMAL_0785.jpg,data/processed/images/chittagong_NORMAL_0785.png
chittagong_NORMAL_0786,chittagong,NORMAL,chittagong-normal-659,train,b3aeccca6023173ab4aa779f253229412d93db0917a48c2603e0959aef24bc32,chittagong\nested_0\Training\normal\normal-659.jpg,data\interim\selected\chittagong_NORMAL_0786.jpg,data/processed/images/chittagong_NORMAL_0786.png
chittagong_NORMAL_0787,chittagong,NORMAL,chittagong-normal-57,train,b5407287da84b0d478f051ea6e7e82b5d71d3747cb2f5f50cae9d741853a4c52,chittagong\nested_0\Training\normal\normal-57.jpg,data\interim\selected\chittagong_NORMAL_0787.jpg,data/processed/images/chittagong_NORMAL_0787.png
chittagong_NORMAL_0788,chittagong,NORMAL,chittagong-normal-8089,train,b586347d3acfb23841cea75fde3b14b8e9c0a2b70f52f0a25ac4e9d97f72f937,chittagong\nested_0\Testing\normal\normal-8089.jpg,data\interim\selected\chittagong_NORMAL_0788.jpg,data/processed/images/chittagong_NORMAL_0788.png
chittagong_NORMAL_0789,chittagong,NORMAL,chittagong-normal-8033,train,b5ea8e4fbed6e3ff1682a1ffdba990b4b2564babab5fbc22d23250de2416df9b,chittagong\nested_0\Testing\normal\normal-8033.jpg,data\interim\selected\chittagong_NORMAL_0789.jpg,data/processed/images/chittagong_NORMAL_0789.png
chittagong_NORMAL_0790,chittagong,NORMAL,chittagong-normal-811,train,b640112320efd4144840e9634c5edfc2ebc569cbaf13ee1021f9120a72b68774,chittagong\nested_0\Training\normal\normal-811.jpg,data\interim\selected\chittagong_NORMAL_0790.jpg,data/processed/images/chittagong_NORMAL_0790.png
chittagong_NORMAL_0791,chittagong,NORMAL,chittagong-normal-609,train,b699aabd5fb69ad98ea7b4f32ad8a134c01299365334da8f3a0ed8ac8864e1dd,chittagong\nested_0\Training\normal\normal-609.jpg,data\interim\selected\chittagong_NORMAL_0791.jpg,data/processed/images/chittagong_NORMAL_0791.png
chittagong_NORMAL_0792,chittagong,NORMAL,chittagong-normal-7178,train,b7b11c39a0feac8f38861e74bbb502776fca147084f6af5a45709590a810ee62,chittagong\nested_0\Training\normal\normal-7178.jpg,data\interim\selected\chittagong_NORMAL_0792.jpg,data/processed/images/chittagong_NORMAL_0792.png
chittagong_NORMAL_0793,chittagong,NORMAL,chittagong-normal-736,train,b7ba247d6c48c05aab5485ca6b5ed37313a8ce9bd1613c4b530d58f01c997c2b,chittagong\nested_0\Training\normal\normal-736.jpg,data\interim\selected\chittagong_NORMAL_0793.jpg,data/processed/images/chittagong_NORMAL_0793.png
chittagong_NORMAL_0794,chittagong,NORMAL,chittagong-normal-857,train,b7bded16a4fa9c95c0111ac5ab11dcdb2d2cee5414aa82aab275907b02cbaa14,chittagong\nested_0\Training\normal\normal-857.jpg,data\interim\selected\chittagong_NORMAL_0794.jpg,data/processed/images/chittagong_NORMAL_0794.png
chittagong_NORMAL_0795,chittagong,NORMAL,chittagong-normal-7590,train,b7be930c1da2669506dc52ef3ce0f34aab2c067cc564d7ab84d0ed3193903785,chittagong\nested_0\Training\normal\normal-7590.jpg,data\interim\selected\chittagong_NORMAL_0795.jpg,data/processed/images/chittagong_NORMAL_0795.png
chittagong_NORMAL_0796,chittagong,NORMAL,chittagong-normal-7580,train,b840d59537b7c3c27a0d36a687bbb7411b97c480486a1d5efaba4a1df69f7861,chittagong\nested_0\Training\normal\normal-7580.jpg,data\interim\selected\chittagong_NORMAL_0796.jpg,data/processed/images/chittagong_NORMAL_0796.png
chittagong_NORMAL_0797,chittagong,NORMAL,chittagong-normal-7528,train,b8a7b40efe1f6e2e01042ce07268337ce6ff84b64329ced0e1c7c941314924ad,chittagong\nested_0\Training\normal\normal-7528.jpg,data\interim\selected\chittagong_NORMAL_0797.jpg,data/processed/images/chittagong_NORMAL_0797.png
chittagong_NORMAL_0798,chittagong,NORMAL,chittagong-normal-738,train,b8a80acf0e324b4c5e66647f7c917601343a76e9dc76ca03225982f6364c2c8d,chittagong\nested_0\Training\normal\normal-738.jpg,data\interim\selected\chittagong_NORMAL_0798.jpg,data/processed/images/chittagong_NORMAL_0798.png
chittagong_NORMAL_0799,chittagong,NORMAL,chittagong-normal-7306,train,b95777b10730daaec20d88b3822baf8d5dbc1b38ea287d61c52196f1c9fe2919,chittagong\nested_0\Training\normal\normal-7306.jpg,data\interim\selected\chittagong_NORMAL_0799.jpg,data/processed/images/chittagong_NORMAL_0799.png
chittagong_NORMAL_0800,chittagong,NORMAL,chittagong-normal-7637,train,b9e1de4abdbd31fe24831bca0a87694c71175a7fa3fe2870cca13f163a258cd3,chittagong\nested_0\Training\normal\normal-7637.jpg,data\interim\selected\chittagong_NORMAL_0800.jpg,data/processed/images/chittagong_NORMAL_0800.png
chittagong_NORMAL_0801,chittagong,NORMAL,chittagong-normal-772,train,ba5cfca36c44977c6cffaa8918080563ac87e3dfef8e01f9d9ec7e61dbf49d30,chittagong\nested_0\Training\normal\normal-772.jpg,data\interim\selected\chittagong_NORMAL_0801.jpg,data/processed/images/chittagong_NORMAL_0801.png
chittagong_NORMAL_0802,chittagong,NORMAL,chittagong-normal-7024,train,ba75e0f2c0e9162a34fec9b629c14dab10b519fba22f4464a91a833c4e529e64,chittagong\nested_0\Training\normal\normal-7024.jpg,data\interim\selected\chittagong_NORMAL_0802.jpg,data/processed/images/chittagong_NORMAL_0802.png
chittagong_NORMAL_0803,chittagong,NORMAL,chittagong-normal-7638,train,ba7a66ac5b417f5f1f89987814a0871ad38c05810d24eda947f18888d8ddee39,chittagong\nested_0\Training\normal\normal-7638.jpg,data\interim\selected\chittagong_NORMAL_0803.jpg,data/processed/images/chittagong_NORMAL_0803.png
chittagong_NORMAL_0804,chittagong,NORMAL,chittagong-normal-7156,train,bb0c5dc9f5bd295a8611f56c5dbb0b19c2c022f1f9e189df6af090c603c33409,chittagong\nested_0\Training\normal\normal-7156.jpg,data\interim\selected\chittagong_NORMAL_0804.jpg,data/processed/images/chittagong_NORMAL_0804.png
chittagong_NORMAL_0805,chittagong,NORMAL,chittagong-normal-7566,train,bb3c8fede3e1437093975375dc7b7ae6c5618ce11b97fd2da0a5b88919b91436,chittagong\nested_0\Training\normal\normal-7566.jpg,data\interim\selected\chittagong_NORMAL_0805.jpg,data/processed/images/chittagong_NORMAL_0805.png
chittagong_NORMAL_0806,chittagong,NORMAL,chittagong-normal-7611,train,bbf1f47e75326265845202ff98d1d1900918a39947e42b58c0a4f8271a704fae,chittagong\nested_0\Training\normal\normal-7611.jpg,data\interim\selected\chittagong_NORMAL_0806.jpg,data/processed/images/chittagong_NORMAL_0806.png
chittagong_NORMAL_0807,chittagong,NORMAL,chittagong-normal-7479,train,bc093b0cf82c3b7850b2d268469e447ffb73d559f4ca5b8d5ae1406a264d29df,chittagong\nested_0\Training\normal\normal-7479.jpg,data\interim\selected\chittagong_NORMAL_0807.jpg,data/processed/images/chittagong_NORMAL_0807.png
chittagong_NORMAL_0808,chittagong,NORMAL,chittagong-normal-7176,train,bc8d227b6e6678c30e9ff18290e495d782c633f7601058e40e909273017728b1,chittagong\nested_0\Training\normal\normal-7176.jpg,data\interim\selected\chittagong_NORMAL_0808.jpg,data/processed/images/chittagong_NORMAL_0808.png
chittagong_NORMAL_0809,chittagong,NORMAL,chittagong-normal-7449,train,bfa7de935d0aa97c3ee9f7ab964c8a7301fac1ef86da7847fe5ce301de6b1ff7,chittagong\nested_0\Training\normal\normal-7449.jpg,data\interim\selected\chittagong_NORMAL_0809.jpg,data/processed/images/chittagong_NORMAL_0809.png
chittagong_NORMAL_0810,chittagong,NORMAL,chittagong-normal-74,train,bfdf3a77a7185fb25e792715513fa314e6370c84735fd96d8d435a58ef0d1c42,chittagong\nested_0\Training\normal\normal-74.jpg,data\interim\selected\chittagong_NORMAL_0810.jpg,data/processed/images/chittagong_NORMAL_0810.png
chittagong_NORMAL_0811,chittagong,NORMAL,chittagong-normal-7931,train,c19631a4a30bddcc577bae70ddd17f7f38e05daa41f98b64d5d4a9f33a2b459f,chittagong\nested_0\Testing\normal\normal-7931.jpg,data\interim\selected\chittagong_NORMAL_0811.jpg,data/processed/images/chittagong_NORMAL_0811.png
chittagong_NORMAL_0812,chittagong,NORMAL,chittagong-normal-692,train,c24c6d4d234b4ccf1ab8d15e182b419a5fa46451038013bbde14fb35b13266d6,chittagong\nested_0\Training\normal\normal-692.jpg,data\interim\selected\chittagong_NORMAL_0812.jpg,data/processed/images/chittagong_NORMAL_0812.png
chittagong_NORMAL_0813,chittagong,NORMAL,chittagong-normal-892,train,c28648a0f4b6ef712e8b733a3f2896e98b0e9de96ae4b5f0d0d71086434563a5,chittagong\nested_0\Training\normal\normal-892.jpg,data\interim\selected\chittagong_NORMAL_0813.jpg,data/processed/images/chittagong_NORMAL_0813.png
chittagong_NORMAL_0814,chittagong,NORMAL,chittagong-normal-7144,train,c28d789d9ab80962c1d05a75b6d37e79673bb8756108299a80801bce9f268fd1,chittagong\nested_0\Training\normal\normal-7144.jpg,data\interim\selected\chittagong_NORMAL_0814.jpg,data/processed/images/chittagong_NORMAL_0814.png
chittagong_NORMAL_0815,chittagong,NORMAL,chittagong-normal-614,train,c3da6819b6d0e07a84270db1ce82461042f990d66016d83103bad307935fcfbd,chittagong\nested_0\Training\normal\normal-614.jpg,data\interim\selected\chittagong_NORMAL_0815.jpg,data/processed/images/chittagong_NORMAL_0815.png
chittagong_NORMAL_0816,chittagong,NORMAL,chittagong-normal-773,train,c3f82891334709b012f11ef27bf3347b7ecc6bbb08963b971e0078f265a554a7,chittagong\nested_0\Training\normal\normal-773.jpg,data\interim\selected\chittagong_NORMAL_0816.jpg,data/processed/images/chittagong_NORMAL_0816.png
chittagong_NORMAL_0817,chittagong,NORMAL,chittagong-normal-7068,train,c420f0250400a20b39a8da9c0bfdc5ebfa4e8f5d4bffe7bca4cfc3a491eb961d,chittagong\nested_0\Training\normal\normal-7068.jpg,data\interim\selected\chittagong_NORMAL_0817.jpg,data/processed/images/chittagong_NORMAL_0817.png
chittagong_NORMAL_0818,chittagong,NORMAL,chittagong-normal-7301,train,c457f331f795b52ebd2d7db78977e19abf9392b9067ca7507d39fca705aa4fa5,chittagong\nested_0\Training\normal\normal-7301.jpg,data\interim\selected\chittagong_NORMAL_0818.jpg,data/processed/images/chittagong_NORMAL_0818.png
chittagong_NORMAL_0819,chittagong,NORMAL,chittagong-normal-7305,train,c48db74c09e2089f952234e025a372abbe54e691611d813ab568157f0fff0bfd,chittagong\nested_0\Training\normal\normal-7305.jpg,data\interim\selected\chittagong_NORMAL_0819.jpg,data/processed/images/chittagong_NORMAL_0819.png
chittagong_NORMAL_0820,chittagong,NORMAL,chittagong-normal-8169,train,c4a17f142f7869a39c2d1cf5a710cdf55c8dfffaf102e3c10ee02559672899eb,chittagong\nested_0\Testing\normal\normal-8169.jpg,data\interim\selected\chittagong_NORMAL_0820.jpg,data/processed/images/chittagong_NORMAL_0820.png
chittagong_NORMAL_0821,chittagong,NORMAL,chittagong-normal-886,train,c52a613bdd1820987ef746e58afd21ca51cce527a33e63c89091b74ba488459b,chittagong\nested_0\Training\normal\normal-886.jpg,data\interim\selected\chittagong_NORMAL_0821.jpg,data/processed/images/chittagong_NORMAL_0821.png
chittagong_NORMAL_0822,chittagong,NORMAL,chittagong-normal-7252,train,c57995b691f60bcacf57a9f5374a267adf2d2169e94fed66b5c02037cd025bc0,chittagong\nested_0\Training\normal\normal-7252.jpg,data\interim\selected\chittagong_NORMAL_0822.jpg,data/processed/images/chittagong_NORMAL_0822.png
chittagong_NORMAL_0823,chittagong,NORMAL,chittagong-normal-7441,train,c5a3397d114659338d44ad1cd5d62ae74bd174e28dc9f1b8102723835083e2b9,chittagong\nested_0\Training\normal\normal-7441.jpg,data\interim\selected\chittagong_NORMAL_0823.jpg,data/processed/images/chittagong_NORMAL_0823.png
chittagong_NORMAL_0824,chittagong,NORMAL,chittagong-normal-7995,train,c5ab39f4deadc89d3daff1cb4613578ac6c145f39207f5f1c1dd3d4f2410196f,chittagong\nested_0\Testing\normal\normal-7995.jpg,data\interim\selected\chittagong_NORMAL_0824.jpg,data/processed/images/chittagong_NORMAL_0824.png
chittagong_NORMAL_0825,chittagong,NORMAL,chittagong-normal-7228,train,c5b3f7a138b682e12e13d7a4984966ea559fd302a5313be53b9148c3b28ef772,chittagong\nested_0\Training\normal\normal-7228.jpg,data\interim\selected\chittagong_NORMAL_0825.jpg,data/processed/images/chittagong_NORMAL_0825.png
chittagong_NORMAL_0826,chittagong,NORMAL,chittagong-normal-7347,train,c6fa834fd7cd6b5d3f68a363c6a62ecab00b13242510f5823082042698d162ec,chittagong\nested_0\Training\normal\normal-7347.jpg,data\interim\selected\chittagong_NORMAL_0826.jpg,data/processed/images/chittagong_NORMAL_0826.png
chittagong_NORMAL_0827,chittagong,NORMAL,chittagong-normal-7553,train,c78b6bf004f5327095a6e31b0c090a38f9c4507b92637db6fdaa5260d492f504,chittagong\nested_0\Training\normal\normal-7553.jpg,data\interim\selected\chittagong_NORMAL_0827.jpg,data/processed/images/chittagong_NORMAL_0827.png
chittagong_NORMAL_0828,chittagong,NORMAL,chittagong-normal-860,train,c971dee16c15ab83fe5b0c88330efa5ee61be71521e7f055e346e93deb97ce52,chittagong\nested_0\Training\normal\normal-860.jpg,data\interim\selected\chittagong_NORMAL_0828.jpg,data/processed/images/chittagong_NORMAL_0828.png
chittagong_NORMAL_0829,chittagong,NORMAL,chittagong-normal-7096,train,c983410850a179985e433ff4633435c785d51835a29a7f55793e411f6f592f87,chittagong\nested_0\Training\normal\normal-7096.jpg,data\interim\selected\chittagong_NORMAL_0829.jpg,data/processed/images/chittagong_NORMAL_0829.png
chittagong_NORMAL_0830,chittagong,NORMAL,chittagong-normal-7998,train,ca60373f5f3c6522574d11fccf8468e006e32bae89b2e04f7a9960a17348fc91,chittagong\nested_0\Testing\normal\normal-7998.jpg,data\interim\selected\chittagong_NORMAL_0830.jpg,data/processed/images/chittagong_NORMAL_0830.png
chittagong_NORMAL_0831,chittagong,NORMAL,chittagong-normal-688,train,cb73601ecffd933b6baecbba8ff47887e3232466627b7650291161864b0e49a0,chittagong\nested_0\Training\normal\normal-688.jpg,data\interim\selected\chittagong_NORMAL_0831.jpg,data/processed/images/chittagong_NORMAL_0831.png
chittagong_NORMAL_0832,chittagong,NORMAL,chittagong-normal-7359,train,cb996044380b0d953f3282e62db7212d92be41cf0266cb7b8403431c28b068f5,chittagong\nested_0\Training\normal\normal-7359.jpg,data\interim\selected\chittagong_NORMAL_0832.jpg,data/processed/images/chittagong_NORMAL_0832.png
chittagong_NORMAL_0833,chittagong,NORMAL,chittagong-normal-7034,train,cbc51539d6c81904a3e542559bfd3d5583efc4353e49f3f70cc9933350b23423,chittagong\nested_0\Training\normal\normal-7034.jpg,data\interim\selected\chittagong_NORMAL_0833.jpg,data/processed/images/chittagong_NORMAL_0833.png
chittagong_NORMAL_0834,chittagong,NORMAL,chittagong-normal-919,train,cbc5fa2d05811ac9b5b4016bbedc1ec2a7aa61845a71255772cf387f0bbe5cba,chittagong\nested_0\Training\normal\normal-919.jpg,data\interim\selected\chittagong_NORMAL_0834.jpg,data/processed/images/chittagong_NORMAL_0834.png
chittagong_NORMAL_0835,chittagong,NORMAL,chittagong-normal-7924,train,cc5c72c40f737f6d782abbe903fb20cbfc97810ac43e5691909d82fbc1c1dd20,chittagong\nested_0\Testing\normal\normal-7924.jpg,data\interim\selected\chittagong_NORMAL_0835.jpg,data/processed/images/chittagong_NORMAL_0835.png
chittagong_NORMAL_0836,chittagong,NORMAL,chittagong-normal-64,train,cc89efa02f64b0cc2ad950156628597489105a7b7668922a1988f423896cea19,chittagong\nested_0\Training\normal\normal-64.jpg,data\interim\selected\chittagong_NORMAL_0836.jpg,data/processed/images/chittagong_NORMAL_0836.png
chittagong_NORMAL_0837,chittagong,NORMAL,chittagong-normal-709,train,cd6076427b08424a8de67aeafc62a462c410fda9a0b9b7fe96f8552bd010b54d,chittagong\nested_0\Training\normal\normal-709.jpg,data\interim\selected\chittagong_NORMAL_0837.jpg,data/processed/images/chittagong_NORMAL_0837.png
chittagong_NORMAL_0838,chittagong,NORMAL,chittagong-normal-65,train,cd6773e7e35108e141ed19e34548a5a44e9208f7bc76829002c1f36e69b63d3c,chittagong\nested_0\Training\normal\normal-65.jpg,data\interim\selected\chittagong_NORMAL_0838.jpg,data/processed/images/chittagong_NORMAL_0838.png
chittagong_NORMAL_0839,chittagong,NORMAL,chittagong-normal-59,train,ced37f84df4a658ebebb31556cb812fe1a9dd7af32c9161cd1054619e49f6411,chittagong\nested_0\Training\normal\normal-59.jpg,data\interim\selected\chittagong_NORMAL_0839.jpg,data/processed/images/chittagong_NORMAL_0839.png
chittagong_NORMAL_0840,chittagong,NORMAL,chittagong-normal-7452,train,cee9ab6e43245b725f9c34ec5a52c7971ddb7452c49f79b0fbfba0760d81b5aa,chittagong\nested_0\Training\normal\normal-7452.jpg,data\interim\selected\chittagong_NORMAL_0840.jpg,data/processed/images/chittagong_NORMAL_0840.png
chittagong_NORMAL_0841,chittagong,NORMAL,chittagong-normal-7103,train,cf7d7b907071513e1aca68813f8e02c7ecb8c23c33b10fa63893341d25520102,chittagong\nested_0\Training\normal\normal-7103.jpg,data\interim\selected\chittagong_NORMAL_0841.jpg,data/processed/images/chittagong_NORMAL_0841.png
chittagong_NORMAL_0842,chittagong,NORMAL,chittagong-normal-7037,train,cf9e62daef40f99184ef17d20519776bd43230cbf815b1acd3e1ef7cd973ae29,chittagong\nested_0\Training\normal\normal-7037.jpg,data\interim\selected\chittagong_NORMAL_0842.jpg,data/processed/images/chittagong_NORMAL_0842.png
chittagong_NORMAL_0843,chittagong,NORMAL,chittagong-normal-689,train,d10d3f8394d475333746296832ce52182f6e510630993b07ec4b4ccc3f4b1353,chittagong\nested_0\Training\normal\normal-689.jpg,data\interim\selected\chittagong_NORMAL_0843.jpg,data/processed/images/chittagong_NORMAL_0843.png
chittagong_NORMAL_0844,chittagong,NORMAL,chittagong-normal-895,train,d14ddfcdb042150ccfb7dcbf4749b16facc0a4b0300ebb675e15deb351211fde,chittagong\nested_0\Training\normal\normal-895.jpg,data\interim\selected\chittagong_NORMAL_0844.jpg,data/processed/images/chittagong_NORMAL_0844.png
chittagong_NORMAL_0845,chittagong,NORMAL,chittagong-normal-7885,train,d296779f070fb82c64c078742af61b9c1326edfdccc54bd695e5f0b2e6957e03,chittagong\nested_0\Testing\normal\normal-7885.jpg,data\interim\selected\chittagong_NORMAL_0845.jpg,data/processed/images/chittagong_NORMAL_0845.png
chittagong_NORMAL_0846,chittagong,NORMAL,chittagong-normal-63,train,d2bb2cf1d6084cd435791eb42a8d1ccd27bc971cba137da50796e76b42839b8d,chittagong\nested_0\Training\normal\normal-63.jpg,data\interim\selected\chittagong_NORMAL_0846.jpg,data/processed/images/chittagong_NORMAL_0846.png
chittagong_NORMAL_0847,chittagong,NORMAL,chittagong-normal-7154,train,d2d9873d734ec2b96e8c4c1954119e9a655e4586dd448072870d41be03c6eace,chittagong\nested_0\Training\normal\normal-7154.jpg,data\interim\selected\chittagong_NORMAL_0847.jpg,data/processed/images/chittagong_NORMAL_0847.png
chittagong_NORMAL_0848,chittagong,NORMAL,chittagong-normal-7689,train,d2ee9d3bac8545117a45e9e18902cfc0ca9bc7826e00d7b71e79c9d4910f6b84,chittagong\nested_0\Testing\normal\normal-7689.jpg,data\interim\selected\chittagong_NORMAL_0848.jpg,data/processed/images/chittagong_NORMAL_0848.png
chittagong_NORMAL_0849,chittagong,NORMAL,chittagong-normal-7593,train,d3459a7e65819654654d98932958e7ab5710005f2fc09f2da4feaf959c7837d2,chittagong\nested_0\Training\normal\normal-7593.jpg,data\interim\selected\chittagong_NORMAL_0849.jpg,data/processed/images/chittagong_NORMAL_0849.png
chittagong_NORMAL_0850,chittagong,NORMAL,chittagong-normal-79,train,d3c6a2ce45df2ad6c7b89f8c5f5a04527924bb39ac3225d99b8023ca912217f3,chittagong\nested_0\Training\normal\normal-79.jpg,data\interim\selected\chittagong_NORMAL_0850.jpg,data/processed/images/chittagong_NORMAL_0850.png
chittagong_NORMAL_0851,chittagong,NORMAL,chittagong-normal-7293,train,d3e5824ed762fae0fe78407f654d1e9ae4058e04ab4952bde05b567f5f569363,chittagong\nested_0\Training\normal\normal-7293.jpg,data\interim\selected\chittagong_NORMAL_0851.jpg,data/processed/images/chittagong_NORMAL_0851.png
chittagong_NORMAL_0852,chittagong,NORMAL,chittagong-normal-951,train,d41389e2500021afadc34b3808c21099c1b79f2632cdbc6b94df271e8f113a8e,chittagong\nested_0\Testing\normal\normal-951.jpg,data\interim\selected\chittagong_NORMAL_0852.jpg,data/processed/images/chittagong_NORMAL_0852.png
chittagong_NORMAL_0853,chittagong,NORMAL,chittagong-normal-7047,train,d45dc2561dba320e08a660ab7b4d0604b831911937b05886e055c6c969fe6699,chittagong\nested_0\Training\normal\normal-7047.jpg,data\interim\selected\chittagong_NORMAL_0853.jpg,data/processed/images/chittagong_NORMAL_0853.png
chittagong_NORMAL_0854,chittagong,NORMAL,chittagong-normal-7627,train,d4933fe095261e7a0042b9e9ea12147b216eb0f0456936da016704aba881bd1e,chittagong\nested_0\Training\normal\normal-7627.jpg,data\interim\selected\chittagong_NORMAL_0854.jpg,data/processed/images/chittagong_NORMAL_0854.png
chittagong_NORMAL_0855,chittagong,NORMAL,chittagong-normal-7355,train,d4b40560088fb42b4846978bdbf49a4944fedaf0ab2cd29f5860ae7cb3d86905,chittagong\nested_0\Training\normal\normal-7355.jpg,data\interim\selected\chittagong_NORMAL_0855.jpg,data/processed/images/chittagong_NORMAL_0855.png
chittagong_NORMAL_0856,chittagong,NORMAL,chittagong-normal-7307,train,d4b51f28d6f8b1af97120f096e7516d0de94f7d6222312fcee089b4bf48d99c1,chittagong\nested_0\Training\normal\normal-7307.jpg,data\interim\selected\chittagong_NORMAL_0856.jpg,data/processed/images/chittagong_NORMAL_0856.png
chittagong_NORMAL_0857,chittagong,NORMAL,chittagong-normal-631,train,d4eff4858b0528c243f0f05f538df4d6b051f9626c175048cd9d2e424b70ca2a,chittagong\nested_0\Training\normal\normal-631.jpg,data\interim\selected\chittagong_NORMAL_0857.jpg,data/processed/images/chittagong_NORMAL_0857.png
chittagong_NORMAL_0858,chittagong,NORMAL,chittagong-normal-7141,train,d4ff7f010950efa97e0cf301ffed9317e2c02f1e8f69b9a8a3503c71a001e5e3,chittagong\nested_0\Training\normal\normal-7141.jpg,data\interim\selected\chittagong_NORMAL_0858.jpg,data/processed/images/chittagong_NORMAL_0858.png
chittagong_NORMAL_0859,chittagong,NORMAL,chittagong-normal-7115,train,d5462cc9771b342ec7d7c1a3327d6dccc31440a5947cb21732c6d789e346c8e4,chittagong\nested_0\Training\normal\normal-7115.jpg,data\interim\selected\chittagong_NORMAL_0859.jpg,data/processed/images/chittagong_NORMAL_0859.png
chittagong_NORMAL_0860,chittagong,NORMAL,chittagong-normal-7565,train,d58f08ee2e0efe41ec080b86f18117ee5b0c135adb17d177632e0b097a7ffa20,chittagong\nested_0\Training\normal\normal-7565.jpg,data\interim\selected\chittagong_NORMAL_0860.jpg,data/processed/images/chittagong_NORMAL_0860.png
chittagong_NORMAL_0861,chittagong,NORMAL,chittagong-normal-900,train,d5cbee531f1e145c7720553bd7892b4f9f32a549a614708c168d85f80a02abaa,chittagong\nested_0\Training\normal\normal-900.jpg,data\interim\selected\chittagong_NORMAL_0861.jpg,data/processed/images/chittagong_NORMAL_0861.png
chittagong_NORMAL_0862,chittagong,NORMAL,chittagong-normal-8079,train,d5d33eed9e3d005481b74f717c89d847359a52540b574335853746c8bfc5c8b0,chittagong\nested_0\Testing\normal\normal-8079.jpg,data\interim\selected\chittagong_NORMAL_0862.jpg,data/processed/images/chittagong_NORMAL_0862.png
chittagong_NORMAL_0863,chittagong,NORMAL,chittagong-normal-776,train,d806b9cd57d7b78734b07b19e32edae4131d8492537c684f1d71c082bcbea07c,chittagong\nested_0\Training\normal\normal-776.jpg,data\interim\selected\chittagong_NORMAL_0863.jpg,data/processed/images/chittagong_NORMAL_0863.png
chittagong_NORMAL_0864,chittagong,NORMAL,chittagong-normal-8184,train,d8627460031a9f3ce273b644845314335084a08950be701dccdfaf94fdee2e22,chittagong\nested_0\Testing\normal\normal-8184.jpg,data\interim\selected\chittagong_NORMAL_0864.jpg,data/processed/images/chittagong_NORMAL_0864.png
chittagong_NORMAL_0865,chittagong,NORMAL,chittagong-normal-7981,train,d86c513dde6eccbbe3eee0c559960abcce78bdfd6039769c3b22d41f01ca9c02,chittagong\nested_0\Testing\normal\normal-7981.jpg,data\interim\selected\chittagong_NORMAL_0865.jpg,data/processed/images/chittagong_NORMAL_0865.png
chittagong_NORMAL_0866,chittagong,NORMAL,chittagong-normal-7900,train,d870c63513cab4baf16b5cd0b9ecfece34c0aa81333c74eb60b6cfaa2d97b615,chittagong\nested_0\Testing\normal\normal-7900.jpg,data\interim\selected\chittagong_NORMAL_0866.jpg,data/processed/images/chittagong_NORMAL_0866.png
chittagong_NORMAL_0867,chittagong,NORMAL,chittagong-normal-75,train,d8a444da5eb2d59ceb49c7a096e865ae5effa00355e879de8c9ef01399dc61ce,chittagong\nested_0\Training\normal\normal-75.jpg,data\interim\selected\chittagong_NORMAL_0867.jpg,data/processed/images/chittagong_NORMAL_0867.png
chittagong_NORMAL_0868,chittagong,NORMAL,chittagong-normal-7971,train,d9d4289f18c552bf5d706b05c66a4f981e290e6ddbc5350da72c31b9a5cf1f33,chittagong\nested_0\Testing\normal\normal-7971.jpg,data\interim\selected\chittagong_NORMAL_0868.jpg,data/processed/images/chittagong_NORMAL_0868.png
chittagong_NORMAL_0869,chittagong,NORMAL,chittagong-normal-7098,train,daab44d5cfd9f6444ed53b26cfa19fc8610e3d4a9532a9ff2eb9a27ebeab7beb,chittagong\nested_0\Training\normal\normal-7098.jpg,data\interim\selected\chittagong_NORMAL_0869.jpg,data/processed/images/chittagong_NORMAL_0869.png
chittagong_NORMAL_0870,chittagong,NORMAL,chittagong-normal-7354,train,db8638bb51c640a64859139f6796cfb56530dfc148b16b9e39ff56c53715a668,chittagong\nested_0\Training\normal\normal-7354.jpg,data\interim\selected\chittagong_NORMAL_0870.jpg,data/processed/images/chittagong_NORMAL_0870.png
chittagong_NORMAL_0871,chittagong,NORMAL,chittagong-normal-7180,train,db8d72b78f35dcad5fcdf44bf04649b7bc48ae13f4284f7ce829bb06a81329cd,chittagong\nested_0\Training\normal\normal-7180.jpg,data\interim\selected\chittagong_NORMAL_0871.jpg,data/processed/images/chittagong_NORMAL_0871.png
chittagong_NORMAL_0872,chittagong,NORMAL,chittagong-normal-848,train,dbcb32837e0334f6f53d1091d3c18cc17b35a88b24baaf5385e87bb93f9f5771,chittagong\nested_0\Training\normal\normal-848.jpg,data\interim\selected\chittagong_NORMAL_0872.jpg,data/processed/images/chittagong_NORMAL_0872.png
chittagong_NORMAL_0873,chittagong,NORMAL,chittagong-normal-640,train,dbcece12f629dbcb45e790503352e8559b8ed6c40c8840542d765e037167f862,chittagong\nested_0\Training\normal\normal-640.jpg,data\interim\selected\chittagong_NORMAL_0873.jpg,data/processed/images/chittagong_NORMAL_0873.png
chittagong_NORMAL_0874,chittagong,NORMAL,chittagong-normal-7171,train,dbf354bc7aa991d15a8ee76a2f25370f0ed67150e27122d27963b12d092cc368,chittagong\nested_0\Training\normal\normal-7171.jpg,data\interim\selected\chittagong_NORMAL_0874.jpg,data/processed/images/chittagong_NORMAL_0874.png
chittagong_NORMAL_0875,chittagong,NORMAL,chittagong-normal-7063,train,dd069b9f3a6e08164604bce59dfc44a4fed1711a9a72ad3f05a0af09c565880c,chittagong\nested_0\Training\normal\normal-7063.jpg,data\interim\selected\chittagong_NORMAL_0875.jpg,data/processed/images/chittagong_NORMAL_0875.png
chittagong_NORMAL_0876,chittagong,NORMAL,chittagong-normal-694,train,dd1c5f944a973fe78469523d0d693340df97d091fc8c8d226e3f50b1ae7d08f4,chittagong\nested_0\Training\normal\normal-694.jpg,data\interim\selected\chittagong_NORMAL_0876.jpg,data/processed/images/chittagong_NORMAL_0876.png
chittagong_NORMAL_0877,chittagong,NORMAL,chittagong-normal-656,train,dd683c6dfa71562285cb0581c0b814d8cb30379a0cd9875c50b899181f9df029,chittagong\nested_0\Training\normal\normal-656.jpg,data\interim\selected\chittagong_NORMAL_0877.jpg,data/processed/images/chittagong_NORMAL_0877.png
chittagong_NORMAL_0878,chittagong,NORMAL,chittagong-normal-7303,train,ddd4b9f29eac618802fddd77910a23801f1c6256019e21f9696ee589a52e42d6,chittagong\nested_0\Training\normal\normal-7303.jpg,data\interim\selected\chittagong_NORMAL_0878.jpg,data/processed/images/chittagong_NORMAL_0878.png
chittagong_NORMAL_0879,chittagong,NORMAL,chittagong-normal-7187,train,ddf3fa5a3712540de5479937959f3e7b35b18fe5ae86211400dd69ada14a3e85,chittagong\nested_0\Training\normal\normal-7187.jpg,data\interim\selected\chittagong_NORMAL_0879.jpg,data/processed/images/chittagong_NORMAL_0879.png
chittagong_NORMAL_0880,chittagong,NORMAL,chittagong-normal-7635,train,e003cba998b6a24177ce00876d19cf0c14b8db9d16082ae3ef45476e9d65ab53,chittagong\nested_0\Training\normal\normal-7635.jpg,data\interim\selected\chittagong_NORMAL_0880.jpg,data/processed/images/chittagong_NORMAL_0880.png
chittagong_NORMAL_0881,chittagong,NORMAL,chittagong-normal-604,train,e1b2dbc15120414ff39a55bfb36bcd39e13e0821883a92da2b24cd7a6d73c621,chittagong\nested_0\Training\normal\normal-604.jpg,data\interim\selected\chittagong_NORMAL_0881.jpg,data/processed/images/chittagong_NORMAL_0881.png
chittagong_NORMAL_0882,chittagong,NORMAL,chittagong-normal-7601,train,e26df83a70a5bb2139038e5f8413ba97e0985bafb8d504f27adf72b3e45129bf,chittagong\nested_0\Training\normal\normal-7601.jpg,data\interim\selected\chittagong_NORMAL_0882.jpg,data/processed/images/chittagong_NORMAL_0882.png
chittagong_NORMAL_0883,chittagong,NORMAL,chittagong-normal-7060,train,e2c87b64c040907391196e8d7dfcd433158c1d03eeba5bd3ce3d8a16456b7fa8,chittagong\nested_0\Training\normal\normal-7060.jpg,data\interim\selected\chittagong_NORMAL_0883.jpg,data/processed/images/chittagong_NORMAL_0883.png
chittagong_NORMAL_0884,chittagong,NORMAL,chittagong-normal-7185,train,e38a3c83a351da74d5a4dee12c5f90a5aacaa15fa65d7e0c309fe2566343d1c4,chittagong\nested_0\Training\normal\normal-7185.jpg,data\interim\selected\chittagong_NORMAL_0884.jpg,data/processed/images/chittagong_NORMAL_0884.png
chittagong_NORMAL_0885,chittagong,NORMAL,chittagong-normal-7920,train,e415a7da2c554ae08f829a807b7b9a56af2deb63c5a336a2a063556dde39161a,chittagong\nested_0\Testing\normal\normal-7920.jpg,data\interim\selected\chittagong_NORMAL_0885.jpg,data/processed/images/chittagong_NORMAL_0885.png
chittagong_NORMAL_0886,chittagong,NORMAL,chittagong-normal-7081,train,e4197aa65d62f0b9ddaabf77bdc78b1c61362ece880311ba75d17cd86bcf6193,chittagong\nested_0\Training\normal\normal-7081.jpg,data\interim\selected\chittagong_NORMAL_0886.jpg,data/processed/images/chittagong_NORMAL_0886.png
chittagong_NORMAL_0887,chittagong,NORMAL,chittagong-normal-820,train,e41ea1bcdb913b4aa2ab991bf3dcff7900268d400553e8b1abd112fa2001fbf9,chittagong\nested_0\Training\normal\normal-820.jpg,data\interim\selected\chittagong_NORMAL_0887.jpg,data/processed/images/chittagong_NORMAL_0887.png
chittagong_NORMAL_0888,chittagong,NORMAL,chittagong-normal-7573,train,e42a32c7ff5826540cbbf11853cb3b547e06584c71a37dc28522e54ae0edf7f1,chittagong\nested_0\Training\normal\normal-7573.jpg,data\interim\selected\chittagong_NORMAL_0888.jpg,data/processed/images/chittagong_NORMAL_0888.png
chittagong_NORMAL_0889,chittagong,NORMAL,chittagong-normal-7198,train,e4aa39264c10f80170621f42eada2682700952edb1f3a77ac3b621925e1ff2bd,chittagong\nested_0\Training\normal\normal-7198.jpg,data\interim\selected\chittagong_NORMAL_0889.jpg,data/processed/images/chittagong_NORMAL_0889.png
chittagong_NORMAL_0890,chittagong,NORMAL,chittagong-normal-7243,train,e5e03b6ac3cf2d4dd4ac1ba0c13758616f78c6a5eea7ba236af0ea47714c2b1e,chittagong\nested_0\Training\normal\normal-7243.jpg,data\interim\selected\chittagong_NORMAL_0890.jpg,data/processed/images/chittagong_NORMAL_0890.png
chittagong_NORMAL_0891,chittagong,NORMAL,chittagong-normal-882,train,e5e7b5262fa726c38e732801bd1b5b96afe043c56f3b7fabd6092dac47b64cfd,chittagong\nested_0\Training\normal\normal-882.jpg,data\interim\selected\chittagong_NORMAL_0891.jpg,data/processed/images/chittagong_NORMAL_0891.png
chittagong_NORMAL_0892,chittagong,NORMAL,chittagong-normal-7881,train,e6929f837103d093be4cc1ba301db777ace95ee14062c18db1b3e466044ee6a4,chittagong\nested_0\Testing\normal\normal-7881.jpg,data\interim\selected\chittagong_NORMAL_0892.jpg,data/processed/images/chittagong_NORMAL_0892.png
chittagong_NORMAL_0893,chittagong,NORMAL,chittagong-normal-7486,train,e6d1191f71d14380f87676a50af94962b129d3ceb4b5e574e486bd48ec7e4332,chittagong\nested_0\Training\normal\normal-7486.jpg,data\interim\selected\chittagong_NORMAL_0893.jpg,data/processed/images/chittagong_NORMAL_0893.png
chittagong_NORMAL_0894,chittagong,NORMAL,chittagong-normal-650,train,e6f3ab25e59beabd771a6edbed7cd20e71eac74af6b5d384b15035a937b905c0,chittagong\nested_0\Training\normal\normal-650.jpg,data\interim\selected\chittagong_NORMAL_0894.jpg,data/processed/images/chittagong_NORMAL_0894.png
chittagong_NORMAL_0895,chittagong,NORMAL,chittagong-normal-7468,train,e7bc991222298a03f88789fcf5a87ba190c16d1f869d76e23d7104792a8db1cb,chittagong\nested_0\Training\normal\normal-7468.jpg,data\interim\selected\chittagong_NORMAL_0895.jpg,data/processed/images/chittagong_NORMAL_0895.png
chittagong_NORMAL_0896,chittagong,NORMAL,chittagong-normal-7196,train,e9447782644533ce3e3d258f6d4799d763b8ec9891e7eafaa844af200db85486,chittagong\nested_0\Training\normal\normal-7196.jpg,data\interim\selected\chittagong_NORMAL_0896.jpg,data/processed/images/chittagong_NORMAL_0896.png
chittagong_NORMAL_0897,chittagong,NORMAL,chittagong-normal-649,train,e9b0598ed5dac87b6768b48808df65e1070c53d57d7a038aa522621363f9b93c,chittagong\nested_0\Training\normal\normal-649.jpg,data\interim\selected\chittagong_NORMAL_0897.jpg,data/processed/images/chittagong_NORMAL_0897.png
chittagong_NORMAL_0898,chittagong,NORMAL,chittagong-normal-86,train,e9e2fd220e9c27f19e0f94007841a84124458b1e25d6ceec24fee2fb5155b75c,chittagong\nested_0\Training\normal\normal-86.jpg,data\interim\selected\chittagong_NORMAL_0898.jpg,data/processed/images/chittagong_NORMAL_0898.png
chittagong_NORMAL_0899,chittagong,NORMAL,chittagong-normal-7161,train,ea1b1f8555c55814fcc5a3247855acf9a1b6a042bba7d74c1aea0c392da46b20,chittagong\nested_0\Training\normal\normal-7161.jpg,data\interim\selected\chittagong_NORMAL_0899.jpg,data/processed/images/chittagong_NORMAL_0899.png
chittagong_NORMAL_0900,chittagong,NORMAL,chittagong-normal-7372,train,ea1e9113560d11fd9ce0a5804757aebc7a05af9550752cf3ef60aae697146276,chittagong\nested_0\Training\normal\normal-7372.jpg,data\interim\selected\chittagong_NORMAL_0900.jpg,data/processed/images/chittagong_NORMAL_0900.png
chittagong_NORMAL_0901,chittagong,NORMAL,chittagong-normal-855,train,ea889e03e90805f17a28b2563ef27de36f1c47a7da5d6f76f82ecd3d3a12c3a0,chittagong\nested_0\Training\normal\normal-855.jpg,data\interim\selected\chittagong_NORMAL_0901.jpg,data/processed/images/chittagong_NORMAL_0901.png
chittagong_NORMAL_0902,chittagong,NORMAL,chittagong-normal-7383,train,eb80d8d1325c4eb8e3af173f48600d5055f26e9d0138b06d74f6ae897da73221,chittagong\nested_0\Training\normal\normal-7383.jpg,data\interim\selected\chittagong_NORMAL_0902.jpg,data/processed/images/chittagong_NORMAL_0902.png
chittagong_NORMAL_0903,chittagong,NORMAL,chittagong-normal-804,train,eb8781fdf18de8e8a716e0302b04515b4b6afe3853b5d5dbe55db02ca0be19ba,chittagong\nested_0\Training\normal\normal-804.jpg,data\interim\selected\chittagong_NORMAL_0903.jpg,data/processed/images/chittagong_NORMAL_0903.png
chittagong_NORMAL_0904,chittagong,NORMAL,chittagong-normal-632,train,ec6a768b3b8ff8e5227aa6220cac2b2a3c76d4cc7375bad589906b577aceacc3,chittagong\nested_0\Training\normal\normal-632.jpg,data\interim\selected\chittagong_NORMAL_0904.jpg,data/processed/images/chittagong_NORMAL_0904.png
chittagong_NORMAL_0905,chittagong,NORMAL,chittagong-normal-571,train,eca83b2fd9c7b85128fd935aeec6a031de9908249859c28c40dbd7d816146b22,chittagong\nested_0\Training\normal\normal-571.jpg,data\interim\selected\chittagong_NORMAL_0905.jpg,data/processed/images/chittagong_NORMAL_0905.png
chittagong_NORMAL_0906,chittagong,NORMAL,chittagong-normal-7194,train,ecb4b5f06de1fe3e09ebf8f410329c2167f0e59581224a1d5a6a349119ed45c4,chittagong\nested_0\Training\normal\normal-7194.jpg,data\interim\selected\chittagong_NORMAL_0906.jpg,data/processed/images/chittagong_NORMAL_0906.png
chittagong_NORMAL_0907,chittagong,NORMAL,chittagong-normal-7979,train,ed74f7d16891779c617988f694c9f285da98cb285594686c050e41919a4d6ed5,chittagong\nested_0\Testing\normal\normal-7979.jpg,data\interim\selected\chittagong_NORMAL_0907.jpg,data/processed/images/chittagong_NORMAL_0907.png
chittagong_NORMAL_0908,chittagong,NORMAL,chittagong-normal-835,train,ed8ebd3005c9963dfce56a1b6e043ed5fdcee5445586afa6ca96050ae2a4ca3f,chittagong\nested_0\Training\normal\normal-835.jpg,data\interim\selected\chittagong_NORMAL_0908.jpg,data/processed/images/chittagong_NORMAL_0908.png
chittagong_NORMAL_0909,chittagong,NORMAL,chittagong-normal-7536,train,ee1030d25ddde13601093f215a68d38500b30236538647bea280ab6c59cf4ba6,chittagong\nested_0\Training\normal\normal-7536.jpg,data\interim\selected\chittagong_NORMAL_0909.jpg,data/processed/images/chittagong_NORMAL_0909.png
chittagong_NORMAL_0910,chittagong,NORMAL,chittagong-normal-7148,train,ee1d846ba322917ecfa4ee775602970385ef3105123f3129adec05706fcd0ea5,chittagong\nested_0\Training\normal\normal-7148.jpg,data\interim\selected\chittagong_NORMAL_0910.jpg,data/processed/images/chittagong_NORMAL_0910.png
chittagong_NORMAL_0911,chittagong,NORMAL,chittagong-normal-7545,train,eee95a1ae5628628269a338cef320ac1e1527148ce18c1a613fa9d76c6adf3c0,chittagong\nested_0\Training\normal\normal-7545.jpg,data\interim\selected\chittagong_NORMAL_0911.jpg,data/processed/images/chittagong_NORMAL_0911.png
chittagong_NORMAL_0912,chittagong,NORMAL,chittagong-normal-802,train,efb926ffaf083cd186c5e975d2e15275ed4fb16acbf5e84e5ecb5bc327075f18,chittagong\nested_0\Training\normal\normal-802.jpg,data\interim\selected\chittagong_NORMAL_0912.jpg,data/processed/images/chittagong_NORMAL_0912.png
chittagong_NORMAL_0913,chittagong,NORMAL,chittagong-normal-597,train,efe0171cbfab00d9606cb218284ce44e63df8eaacc10b5fffaeebe4d039bbc51,chittagong\nested_0\Training\normal\normal-597.jpg,data\interim\selected\chittagong_NORMAL_0913.jpg,data/processed/images/chittagong_NORMAL_0913.png
chittagong_NORMAL_0914,chittagong,NORMAL,chittagong-normal-7704,train,f00b61d1821a201fae00d78f2f6aa745cd4b1e4e7ce96b0a687169e667f60390,chittagong\nested_0\Training\normal\normal-7704.jpg,data\interim\selected\chittagong_NORMAL_0914.jpg,data/processed/images/chittagong_NORMAL_0914.png
chittagong_NORMAL_0915,chittagong,NORMAL,chittagong-normal-708,train,f05ca1d61555eb55112ea1d650ad6490c8c99821a772901282d3b8fd38d17790,chittagong\nested_0\Training\normal\normal-708.jpg,data\interim\selected\chittagong_NORMAL_0915.jpg,data/processed/images/chittagong_NORMAL_0915.png
chittagong_NORMAL_0916,chittagong,NORMAL,chittagong-normal-7622,train,f09c3f3df9e756aac55847caa6044b10425a16668633d9bb80a783b9d7242ac4,chittagong\nested_0\Training\normal\normal-7622.jpg,data\interim\selected\chittagong_NORMAL_0916.jpg,data/processed/images/chittagong_NORMAL_0916.png
chittagong_NORMAL_0917,chittagong,NORMAL,chittagong-normal-832,train,f0b9a1fd9889683e3dd6d6d8363e06f0e8133b79a3afc5c9a84c82d258bb49a8,chittagong\nested_0\Training\normal\normal-832.jpg,data\interim\selected\chittagong_NORMAL_0917.jpg,data/processed/images/chittagong_NORMAL_0917.png
chittagong_NORMAL_0918,chittagong,NORMAL,chittagong-normal-7071,train,f1209aa3f57bf3fdfa024862d4ce0760b3c733d635770cf8f6894a264ea46f8b,chittagong\nested_0\Training\normal\normal-7071.jpg,data\interim\selected\chittagong_NORMAL_0918.jpg,data/processed/images/chittagong_NORMAL_0918.png
chittagong_NORMAL_0919,chittagong,NORMAL,chittagong-normal-887,train,f15ac9757682a11e8cdc3cc5385ced810d6670305c0906db4ead745d67408174,chittagong\nested_0\Training\normal\normal-887.jpg,data\interim\selected\chittagong_NORMAL_0919.jpg,data/processed/images/chittagong_NORMAL_0919.png
chittagong_NORMAL_0920,chittagong,NORMAL,chittagong-normal-7045,train,f19dae2da2e912a6044708ec015dee1ff766b0446cbab9e11d5f0941ef4a82cb,chittagong\nested_0\Training\normal\normal-7045.jpg,data\interim\selected\chittagong_NORMAL_0920.jpg,data/processed/images/chittagong_NORMAL_0920.png
chittagong_NORMAL_0921,chittagong,NORMAL,chittagong-normal-7594,train,f204ce60b41d07cea0a9d062f43fd76e6e2cf29b29ad531dc715f85415fbdaa1,chittagong\nested_0\Training\normal\normal-7594.jpg,data\interim\selected\chittagong_NORMAL_0921.jpg,data/processed/images/chittagong_NORMAL_0921.png
chittagong_NORMAL_0922,chittagong,NORMAL,chittagong-normal-8006,train,f247364e99a598898f33efcd0eeb9fa214278ad867dac0d7998061228d848cbc,chittagong\nested_0\Testing\normal\normal-8006.jpg,data\interim\selected\chittagong_NORMAL_0922.jpg,data/processed/images/chittagong_NORMAL_0922.png
chittagong_NORMAL_0923,chittagong,NORMAL,chittagong-normal-8057,train,f27809562f66da0241bf5c5bca9c8b5e93a8cf2dda64c705b3d4124654e4345b,chittagong\nested_0\Testing\normal\normal-8057.jpg,data\interim\selected\chittagong_NORMAL_0923.jpg,data/processed/images/chittagong_NORMAL_0923.png
chittagong_NORMAL_0924,chittagong,NORMAL,chittagong-normal-7400,train,f2f7286933e96dbe5e7ce131fd6d729f60203e36fc8becf8291df028a2c9faf9,chittagong\nested_0\Training\normal\normal-7400.jpg,data\interim\selected\chittagong_NORMAL_0924.jpg,data/processed/images/chittagong_NORMAL_0924.png
chittagong_NORMAL_0925,chittagong,NORMAL,chittagong-normal-818,train,f331e7a19fa1512718ff4ede63894ccd4555d4552406e762ad510a7b958df732,chittagong\nested_0\Training\normal\normal-818.jpg,data\interim\selected\chittagong_NORMAL_0925.jpg,data/processed/images/chittagong_NORMAL_0925.png
chittagong_NORMAL_0926,chittagong,NORMAL,chittagong-normal-7543,train,f3eadf610b43eae3ee9e245f5f0e29ce9e5d971ba108329366b0bf75b1d15c5f,chittagong\nested_0\Training\normal\normal-7543.jpg,data\interim\selected\chittagong_NORMAL_0926.jpg,data/processed/images/chittagong_NORMAL_0926.png
chittagong_NORMAL_0927,chittagong,NORMAL,chittagong-normal-7331,train,f41a064c9c90d5763b3a951d4e52e50ee44bf3a838d2027997bb17cbb54df6b3,chittagong\nested_0\Training\normal\normal-7331.jpg,data\interim\selected\chittagong_NORMAL_0927.jpg,data/processed/images/chittagong_NORMAL_0927.png
chittagong_NORMAL_0928,chittagong,NORMAL,chittagong-normal-595,train,f4a3476d95ac780bae5ad00feaaee2b2a8a3ce56d89b1eb11e3562ac0dbd4c02,chittagong\nested_0\Training\normal\normal-595.jpg,data\interim\selected\chittagong_NORMAL_0928.jpg,data/processed/images/chittagong_NORMAL_0928.png
chittagong_NORMAL_0929,chittagong,NORMAL,chittagong-normal-7212,train,f574e4745e6e8a8308e43efd174b388aea34fdebd9c9caa60322098a46d42732,chittagong\nested_0\Training\normal\normal-7212.jpg,data\interim\selected\chittagong_NORMAL_0929.jpg,data/processed/images/chittagong_NORMAL_0929.png
chittagong_NORMAL_0930,chittagong,NORMAL,chittagong-normal-7548,train,f58f0a973f5e39bec828be5d6ae822fff1d6baaf77f3f3f1c8462b9f50533a92,chittagong\nested_0\Training\normal\normal-7548.jpg,data\interim\selected\chittagong_NORMAL_0930.jpg,data/processed/images/chittagong_NORMAL_0930.png
chittagong_NORMAL_0931,chittagong,NORMAL,chittagong-normal-7336,train,f611ec2540ddc747a14b5dcf61e8c800b23be65c236da4a88e5ff03dcbeacb96,chittagong\nested_0\Training\normal\normal-7336.jpg,data\interim\selected\chittagong_NORMAL_0931.jpg,data/processed/images/chittagong_NORMAL_0931.png
chittagong_NORMAL_0932,chittagong,NORMAL,chittagong-normal-8010,train,f6605fbf2843c5a79bca9dfde3534aba8d8f5135a9a32d77ed28abc3a0e5fddc,chittagong\nested_0\Testing\normal\normal-8010.jpg,data\interim\selected\chittagong_NORMAL_0932.jpg,data/processed/images/chittagong_NORMAL_0932.png
chittagong_NORMAL_0933,chittagong,NORMAL,chittagong-normal-7087,train,f66d0da400080c6e0d289d494e9d77f0086452285e4b420feded43bc974b9f31,chittagong\nested_0\Training\normal\normal-7087.jpg,data\interim\selected\chittagong_NORMAL_0933.jpg,data/processed/images/chittagong_NORMAL_0933.png
chittagong_NORMAL_0934,chittagong,NORMAL,chittagong-normal-7368,train,f73917e6b6b5dd647aae19d7b120a0a234f3562d8c62f81eb6483af9e8a47cb8,chittagong\nested_0\Training\normal\normal-7368.jpg,data\interim\selected\chittagong_NORMAL_0934.jpg,data/processed/images/chittagong_NORMAL_0934.png
chittagong_NORMAL_0935,chittagong,NORMAL,chittagong-normal-82,train,f75e9c2da82f1397e0cff46de96fd124d436bd8bdc9e1d14c838cca990043ee2,chittagong\nested_0\Training\normal\normal-82.jpg,data\interim\selected\chittagong_NORMAL_0935.jpg,data/processed/images/chittagong_NORMAL_0935.png
chittagong_NORMAL_0936,chittagong,NORMAL,chittagong-normal-7237,train,f7b904bd343b400aa400f28ab6f0cf8d5d88a2c00b76eff6412b8dff322d989a,chittagong\nested_0\Training\normal\normal-7237.jpg,data\interim\selected\chittagong_NORMAL_0936.jpg,data/processed/images/chittagong_NORMAL_0936.png
chittagong_NORMAL_0937,chittagong,NORMAL,chittagong-normal-7415,train,f7fafae882caffe718d879bd9eeb59ceec09c32fd2e9e8954af38d84cd56d563,chittagong\nested_0\Training\normal\normal-7415.jpg,data\interim\selected\chittagong_NORMAL_0937.jpg,data/processed/images/chittagong_NORMAL_0937.png
chittagong_NORMAL_0938,chittagong,NORMAL,chittagong-normal-7229,train,f91e62303ed349ebffa452c16dd18d093fd74b4bc4279c9c015a35ff31760d03,chittagong\nested_0\Training\normal\normal-7229.jpg,data\interim\selected\chittagong_NORMAL_0938.jpg,data/processed/images/chittagong_NORMAL_0938.png
chittagong_NORMAL_0939,chittagong,NORMAL,chittagong-normal-828,train,f9e388222c80256ab5b0a7bcf3ef95cb4ec8150b9f631d18700e6d1f9d257d13,chittagong\nested_0\Training\normal\normal-828.jpg,data\interim\selected\chittagong_NORMAL_0939.jpg,data/processed/images/chittagong_NORMAL_0939.png
chittagong_NORMAL_0940,chittagong,NORMAL,chittagong-normal-710,train,fa8b3b16c717702788d6fee9ec7b23865ef2f7bc78b93c69d214539d1cc8fdb9,chittagong\nested_0\Training\normal\normal-710.jpg,data\interim\selected\chittagong_NORMAL_0940.jpg,data/processed/images/chittagong_NORMAL_0940.png
chittagong_NORMAL_0941,chittagong,NORMAL,chittagong-normal-662,train,fa8f78d9823c00644566978d8f3b017fd65e470f42949b9a529e1e5cb392138a,chittagong\nested_0\Training\normal\normal-662.jpg,data\interim\selected\chittagong_NORMAL_0941.jpg,data/processed/images/chittagong_NORMAL_0941.png
chittagong_NORMAL_0942,chittagong,NORMAL,chittagong-normal-7179,train,fbccc8ab1bf1d389d81fbbcb9afdce0b25a8b3835b73f9bbc8f30ea3afb5f6a7,chittagong\nested_0\Training\normal\normal-7179.jpg,data\interim\selected\chittagong_NORMAL_0942.jpg,data/processed/images/chittagong_NORMAL_0942.png
chittagong_NORMAL_0943,chittagong,NORMAL,chittagong-normal-635,train,fbd6306b089e4cc0c03e384b615ef72e277daa2dade260fc427977647f169a1a,chittagong\nested_0\Training\normal\normal-635.jpg,data\interim\selected\chittagong_NORMAL_0943.jpg,data/processed/images/chittagong_NORMAL_0943.png
chittagong_NORMAL_0944,chittagong,NORMAL,chittagong-normal-932,train,fc702f317128da91e72f0d2340bcfa2b612499276cfcdf364bb3142fda55be1c,chittagong\nested_0\Testing\normal\normal-932.jpg,data\interim\selected\chittagong_NORMAL_0944.jpg,data/processed/images/chittagong_NORMAL_0944.png
chittagong_NORMAL_0945,chittagong,NORMAL,chittagong-normal-7617,train,fcca726fbf21999e00f9c6e35a4640004a65f35ccd3b177061a24ec2d9a0bd5b,chittagong\nested_0\Training\normal\normal-7617.jpg,data\interim\selected\chittagong_NORMAL_0945.jpg,data/processed/images/chittagong_NORMAL_0945.png
chittagong_NORMAL_0946,chittagong,NORMAL,chittagong-normal-7903,train,fcd1a0e3289415cc4e8330d1889b973c8306dcdbf1b732614e579e5033d97718,chittagong\nested_0\Testing\normal\normal-7903.jpg,data\interim\selected\chittagong_NORMAL_0946.jpg,data/processed/images/chittagong_NORMAL_0946.png
chittagong_NORMAL_0947,chittagong,NORMAL,chittagong-normal-847,train,fd1a2ca2409278d129018111ada94a4e59b55ab7ade691853df48add24baa4fc,chittagong\nested_0\Training\normal\normal-847.jpg,data\interim\selected\chittagong_NORMAL_0947.jpg,data/processed/images/chittagong_NORMAL_0947.png
chittagong_NORMAL_0948,chittagong,NORMAL,chittagong-normal-7392,train,fd64b1b95b115dc1f33ea87c961c22e3c0555e8dfc86a50fdec4c14dc5e736b7,chittagong\nested_0\Training\normal\normal-7392.jpg,data\interim\selected\chittagong_NORMAL_0948.jpg,data/processed/images/chittagong_NORMAL_0948.png
chittagong_NORMAL_0949,chittagong,NORMAL,chittagong-normal-7082,train,fd9092c992b7edfdb4b317ed97f6fa008863f6a448d17dcf5cc0398e564935bc,chittagong\nested_0\Training\normal\normal-7082.jpg,data\interim\selected\chittagong_NORMAL_0949.jpg,data/processed/images/chittagong_NORMAL_0949.png
chittagong_NORMAL_0950,chittagong,NORMAL,chittagong-normal-7172,train,fdfb2bca25e150e360a6b65b571e4114da6c4021e80ca8ddd096a85d818bde44,chittagong\nested_0\Training\normal\normal-7172.jpg,data\interim\selected\chittagong_NORMAL_0950.jpg,data/processed/images/chittagong_NORMAL_0950.png
chittagong_NORMAL_0951,chittagong,NORMAL,chittagong-normal-7164,train,fe4ceeaa9d6dd9aea7541d499dc35cf70254d1aeacff46399d0f8e331320100f,chittagong\nested_0\Training\normal\normal-7164.jpg,data\interim\selected\chittagong_NORMAL_0951.jpg,data/processed/images/chittagong_NORMAL_0951.png
chittagong_NORMAL_0952,chittagong,NORMAL,chittagong-normal-8020,train,fe859972e99bd32f875e85f719da4217efbb291ddcb67a7f84f52f828b3e55fb,chittagong\nested_0\Testing\normal\normal-8020.jpg,data\interim\selected\chittagong_NORMAL_0952.jpg,data/processed/images/chittagong_NORMAL_0952.png
chittagong_NORMAL_0953,chittagong,NORMAL,chittagong-normal-630,train,feb1ea9b6a34a837803b5ced0d9b62b6e6dbb0a0f68dfbf66509c95fae716f3c,chittagong\nested_0\Training\normal\normal-630.jpg,data\interim\selected\chittagong_NORMAL_0953.jpg,data/processed/images/chittagong_NORMAL_0953.png
chittagong_NORMAL_0954,chittagong,NORMAL,chittagong-normal-673,train,ffbdf8c1e752ee1b059eac9ef6d37afe77ca39a8474fed561bfa05a2b95fcfa1,chittagong\nested_0\Training\normal\normal-673.jpg,data\interim\selected\chittagong_NORMAL_0954.jpg,data/processed/images/chittagong_NORMAL_0954.png
kermany_NORMAL_0955,kermany,NORMAL,kermany-im-0747,train,0102bc2c003f20bc6f67aa08ac9fb5085b8e590503c8acb44bd712203b869ed9,kermany\train\NORMAL\IM-0747-0001.jpeg,data\interim\selected\kermany_NORMAL_0955.jpeg,data/processed/images/kermany_NORMAL_0955.png
kermany_NORMAL_0956,kermany,NORMAL,kermany-im-0890,train,0128b4575da026fabba3ee8e2cbc7d48eb06cf4f21f37a088eb764bcb6cfa62f,kermany\train\NORMAL\NORMAL2-IM-0890-0001.jpeg,data\interim\selected\kermany_NORMAL_0956.jpeg,data/processed/images/kermany_NORMAL_0956.png
kermany_NORMAL_0957,kermany,NORMAL,kermany-im-1176,train,01762c0ff72af646d5f0bc4b48359e98121148830653da845ae6ee43bf666a67,kermany\train\NORMAL\NORMAL2-IM-1176-0001.jpeg,data\interim\selected\kermany_NORMAL_0957.jpeg,data/processed/images/kermany_NORMAL_0957.png
kermany_NORMAL_0958,kermany,NORMAL,kermany-im-0522,train,018b2a4f622bbb9c07b51fe675b87bdf6a5958cfe02571d142a26c12b4905271,kermany\train\NORMAL\IM-0522-0001.jpeg,data\interim\selected\kermany_NORMAL_0958.jpeg,data/processed/images/kermany_NORMAL_0958.png
kermany_NORMAL_0959,kermany,NORMAL,kermany-im-0171,train,01c0fd86393c1d436b164335ea4f020d44805f4d08ae9cae9adbd58ec79defc6,kermany\test\NORMAL\NORMAL2-IM-0171-0001.jpeg,data\interim\selected\kermany_NORMAL_0959.jpeg,data/processed/images/kermany_NORMAL_0959.png
kermany_NORMAL_0960,kermany,NORMAL,kermany-im-0978,train,01e860a0e0e118647ab92d6d133b18232e9add3ffd1e5ea3904006438231b51e,kermany\train\NORMAL\NORMAL2-IM-0978-0001.jpeg,data\interim\selected\kermany_NORMAL_0960.jpeg,data/processed/images/kermany_NORMAL_0960.png
kermany_NORMAL_0961,kermany,NORMAL,kermany-im-1266,train,020d3e3c10ef0d2da4bb6cdb2a6fd3bacc18e47bd0eeec6bada76f246a602f44,kermany\train\NORMAL\NORMAL2-IM-1266-0001-0001.jpeg,data\interim\selected\kermany_NORMAL_0961.jpeg,data/processed/images/kermany_NORMAL_0961.png
kermany_NORMAL_0962,kermany,NORMAL,kermany-im-0717,train,021033ddf650264bb5f92fe2cc38bb9750b2d5ea1e5c3fc87b41262a86018f81,kermany\train\NORMAL\IM-0717-0001.jpeg,data\interim\selected\kermany_NORMAL_0962.jpeg,data/processed/images/kermany_NORMAL_0962.png
kermany_NORMAL_0963,kermany,NORMAL,kermany-im-1142,train,032a11892facfdd9cbf463aceb44be263af562abd086d9f6b2e41464f9d45311,kermany\train\NORMAL\NORMAL2-IM-1142-0001-0001.jpeg,data\interim\selected\kermany_NORMAL_0963.jpeg,data/processed/images/kermany_NORMAL_0963.png
kermany_NORMAL_0964,kermany,NORMAL,kermany-im-0565,train,032c37e0dbd836cc69e61134fffa64f40788271832cc4c0c236fb3e3a6d58cf1,kermany\train\NORMAL\IM-0565-0001.jpeg,data\interim\selected\kermany_NORMAL_0964.jpeg,data/processed/images/kermany_NORMAL_0964.png
kermany_NORMAL_0965,kermany,NORMAL,kermany-im-1093,train,0362703fa343b814291830ea2a772e416f3287a55bb0867cf0a3d97b69e203ef,kermany\train\NORMAL\NORMAL2-IM-1093-0001.jpeg,data\interim\selected\kermany_NORMAL_0965.jpeg,data/processed/images/kermany_NORMAL_0965.png
kermany_NORMAL_0966,kermany,NORMAL,kermany-im-0039,train,036e1379d119953bb9cbd82e6018822a3bdfd7a3f88c64baf53a7e1a31d165af,kermany\test\NORMAL\IM-0039-0001.jpeg,data\interim\selected\kermany_NORMAL_0966.jpeg,data/processed/images/kermany_NORMAL_0966.png
kermany_NORMAL_0967,kermany,NORMAL,kermany-im-0580,train,0371451b49cda67c0b579267053456e17e592dba62a9564e9dfe8641cd69a52c,kermany\train\NORMAL\IM-0580-0001.jpeg,data\interim\selected\kermany_NORMAL_0967.jpeg,data/processed/images/kermany_NORMAL_0967.png
kermany_NORMAL_0968,kermany,NORMAL,kermany-im-1020,train,03bd3ec362ba642dfac8a7eb5f38717e8f6e80dc4c831454e4fa1160e22a1acc,kermany\train\NORMAL\NORMAL2-IM-1020-0001-0001.jpeg,data\interim\selected\kermany_NORMAL_0968.jpeg,data/processed/images/kermany_NORMAL_0968.png
kermany_NORMAL_0969,kermany,NORMAL,kermany-im-0622,train,0405e796256e6a04024e12bf825e03a5e22e982aa4378a8d76a7b3b0282d0fc4,kermany\train\NORMAL\IM-0622-0001-0001.jpeg,data\interim\selected\kermany_NORMAL_0969.jpeg,data/processed/images/kermany_NORMAL_0969.png
kermany_NORMAL_0970,kermany,NORMAL,kermany-im-0927,train,045e6d19faee9f2bc12c72a567bd3b9983c06e57568943fcc57e03c36a702428,kermany\train\NORMAL\NORMAL2-IM-0927-0001.jpeg,data\interim\selected\kermany_NORMAL_0970.jpeg,data/processed/images/kermany_NORMAL_0970.png
kermany_NORMAL_0971,kermany,NORMAL,kermany-im-0305,train,048319d1dbffbad8a6f30497b2e544b4acff1d4ae28a2ab1550c008b4b3d33da,kermany\test\NORMAL\NORMAL2-IM-0305-0001.jpeg,data\interim\selected\kermany_NORMAL_0971.jpeg,data/processed/images/kermany_NORMAL_0971.png
kermany_NORMAL_0972,kermany,NORMAL,kermany-im-0474,train,052a7a3eae991277aae0844784cd68c207a90719b3a72c4d7499fea02d67d8db,kermany\train\NORMAL\NORMAL2-IM-0474-0001.jpeg,data\interim\selected\kermany_NORMAL_0972.jpeg,data/processed/images/kermany_NORMAL_0972.png
kermany_NORMAL_0973,kermany,NORMAL,kermany-im-0992,train,054ae1a486ca8c77889dc670e545d4875c00299aa5c65667120e43a17d1ab080,kermany\train\NORMAL\NORMAL2-IM-0992-0001.jpeg,data\interim\selected\kermany_NORMAL_0973.jpeg,data/processed/images/kermany_NORMAL_0973.png
kermany_NORMAL_0974,kermany,NORMAL,kermany-im-0661,train,056e4e43133b66c74bfa438d4bbf203d0ef3a8f3f5996b92d446a72749ee632d,kermany\train\NORMAL\NORMAL2-IM-0661-0001.jpeg,data\interim\selected\kermany_NORMAL_0974.jpeg,data/processed/images/kermany_NORMAL_0974.png
kermany_NORMAL_0975,kermany,NORMAL,kermany-im-0117,train,05bc425eda168493cbe38eea4c079edbbfad1e17e3477892740b1fce97b69957,kermany\train\NORMAL\IM-0117-0001.jpeg,data\interim\selected\kermany_NORMAL_0975.jpeg,data/processed/images/kermany_NORMAL_0975.png
kermany_NORMAL_0976,kermany,NORMAL,kermany-im-0238,train,05e7a6e94e6d99fab5ce91a72f134ee113f294e76ab3c60baa878efd068fe85d,kermany\test\NORMAL\NORMAL2-IM-0238-0001.jpeg,data\interim\selected\kermany_NORMAL_0976.jpeg,data/processed/images/kermany_NORMAL_0976.png
kermany_NORMAL_0977,kermany,NORMAL,kermany-im-0529,train,0611b30d7aed0a1d5a3ec97af926f03f18dac4d1f2c8f5c2624bac92273ead0a,kermany\train\NORMAL\IM-0529-0001.jpeg,data\interim\selected\kermany_NORMAL_0977.jpeg,data/processed/images/kermany_NORMAL_0977.png
kermany_NORMAL_0978,kermany,NORMAL,kermany-im-1356,train,06c078db11cb416e1656394aaf656553ee2145cdd11761a4e60129bdf35e6b53,kermany\train\NORMAL\NORMAL2-IM-1356-0001.jpeg,data\interim\selected\kermany_NORMAL_0978.jpeg,data/processed/images/kermany_NORMAL_0978.png
kermany_NORMAL_0979,kermany,NORMAL,kermany-im-0347,train,06ddc86bac9b0c8b6fdabe8d1b69b6c9cd0dc5f0197a8cf9056d064ee84d8d64,kermany\test\NORMAL\NORMAL2-IM-0347-0001.jpeg,data\interim\selected\kermany_NORMAL_0979.jpeg,data/processed/images/kermany_NORMAL_0979.png
kermany_NORMAL_0980,kermany,NORMAL,kermany-im-0812,train,073385b0d78f1f6099553991165fcea5e9594d6a9fc00b07699167c1b8b005ac,kermany\train\NORMAL\NORMAL2-IM-0812-0001.jpeg,data\interim\selected\kermany_NORMAL_0980.jpeg,data/processed/images/kermany_NORMAL_0980.png
kermany_NORMAL_0981,kermany,NORMAL,kermany-im-0229,train,077cfa804985c9032311725b347c44bde958fad7b78832a0fedad7f55c8410c6,kermany\test\NORMAL\NORMAL2-IM-0229-0001.jpeg,data\interim\selected\kermany_NORMAL_0981.jpeg,data/processed/images/kermany_NORMAL_0981.png
kermany_NORMAL_0982,kermany,NORMAL,kermany-im-0849,train,077d7fe7ecd10541a06eea7bb69a898df97c8892d250f0fa2510c7b3746c16fb,kermany\train\NORMAL\NORMAL2-IM-0849-0001.jpeg,data\interim\selected\kermany_NORMAL_0982.jpeg,data/processed/images/kermany_NORMAL_0982.png
kermany_NORMAL_0983,kermany,NORMAL,kermany-im-0692,train,07bcdc5f3a5a0bf1c08fb7ada779917eceb4c9600818c03e08dcca8bd6d7f51a,kermany\train\NORMAL\IM-0692-0001.jpeg,data\interim\selected\kermany_NORMAL_0983.jpeg,data/processed/images/kermany_NORMAL_0983.png
kermany_NORMAL_0984,kermany,NORMAL,kermany-im-1341,train,07beca51a70ddd64eb39cc4771d94ad4abf495cb1dbf820a2e57b431451023e0,kermany\train\NORMAL\NORMAL2-IM-1341-0001.jpeg,data\interim\selected\kermany_NORMAL_0984.jpeg,data/processed/images/kermany_NORMAL_0984.png
kermany_NORMAL_0985,kermany,NORMAL,kermany-im-0680,train,083594c32be1179dc9c3cd4d2e38983996906a4608b7196ba594e05f7077a2f3,kermany\train\NORMAL\IM-0680-0001.jpeg,data\interim\selected\kermany_NORMAL_0985.jpeg,data/processed/images/kermany_NORMAL_0985.png
kermany_NORMAL_0986,kermany,NORMAL,kermany-im-0086,train,0866b550af9ea16cb96e7f43bb702f72fb06e01080f93a653aed6768eef5f8c1,kermany\test\NORMAL\IM-0086-0001.jpeg,data\interim\selected\kermany_NORMAL_0986.jpeg,data/processed/images/kermany_NORMAL_0986.png
kermany_NORMAL_0987,kermany,NORMAL,kermany-im-0672,train,08730b9efb04f0a3dbda3e3f49d49ced6e384e83c09329bd9edf73636981e9ca,kermany\train\NORMAL\NORMAL2-IM-0672-0001.jpeg,data\interim\selected\kermany_NORMAL_0987.jpeg,data/processed/images/kermany_NORMAL_0987.png
kermany_NORMAL_0988,kermany,NORMAL,kermany-im-0672,train,08778a0f4c857747dfacca8dcec6bd0ff05dbda312f741d6624de5c1f8b5afd4,kermany\train\NORMAL\IM-0672-0001.jpeg,data\interim\selected\kermany_NORMAL_0988.jpeg,data/processed/images/kermany_NORMAL_0988.png
kermany_NORMAL_0989,kermany,NORMAL,kermany-im-1225,train,08f8bb9b8331f0c90740667c2d2846e14973794f694bf61604d31e05f3b757ba,kermany\train\NORMAL\NORMAL2-IM-1225-0001.jpeg,data\interim\selected\kermany_NORMAL_0989.jpeg,data/processed/images/kermany_NORMAL_0989.png
kermany_NORMAL_0990,kermany,NORMAL,kermany-im-0648,train,090002b93b85abd7b736d413d4f8767293c09a6d1dc9dd993b0490ccc1fd0563,kermany\train\NORMAL\IM-0648-0001.jpeg,data\interim\selected\kermany_NORMAL_0990.jpeg,data/processed/images/kermany_NORMAL_0990.png
kermany_NORMAL_0991,kermany,NORMAL,kermany-im-0625,train,095df3f6ee4e502d5967b2119400b775d530976c92ecc643516b092c2661c88c,kermany\train\NORMAL\IM-0625-0001.jpeg,data\interim\selected\kermany_NORMAL_0991.jpeg,data/processed/images/kermany_NORMAL_0991.png
kermany_NORMAL_0992,kermany,NORMAL,kermany-im-0531,train,09e0d3c8ba3683db1135a3028b2bd4f2a36119fd2396b20341bd60fc83ddf1ed,kermany\train\NORMAL\IM-0531-0001-0001.jpeg,data\interim\selected\kermany_NORMAL_0992.jpeg,data/processed/images/kermany_NORMAL_0992.png
kermany_NORMAL_0993,kermany,NORMAL,kermany-im-0666,train,0a4310ea2afe8aa81718cfe374d9084bc30ca9e3b4aaa2527ec92a6ec7c5a35e,kermany\train\NORMAL\IM-0666-0001-0001.jpeg,data\interim\selected\kermany_NORMAL_0993.jpeg,data/processed/images/kermany_NORMAL_0993.png
kermany_NORMAL_0994,kermany,NORMAL,kermany-im-0416,train,0ae9d22ab5408bac77789b0d92d1dbd0c2dbe475583319a94c048bc0501610b4,kermany\train\NORMAL\NORMAL2-IM-0416-0001-0001.jpeg,data\interim\selected\kermany_NORMAL_0994.jpeg,data/processed/images/kermany_NORMAL_0994.png
kermany_NORMAL_0995,kermany,NORMAL,kermany-im-0482,train,0afd6e74e5f9f3eec2791ce490b99f8bb0758369fc33f806e157450373d97c55,kermany\train\NORMAL\IM-0482-0001.jpeg,data\interim\selected\kermany_NORMAL_0995.jpeg,data/processed/images/kermany_NORMAL_0995.png
kermany_NORMAL_0996,kermany,NORMAL,kermany-im-1010,train,0b56ad5fb18717ab708a9c845c1aa4e343e53782f11bc8e3416aa76f88562b7c,kermany\train\NORMAL\NORMAL2-IM-1010-0001.jpeg,data\interim\selected\kermany_NORMAL_0996.jpeg,data/processed/images/kermany_NORMAL_0996.png
kermany_NORMAL_0997,kermany,NORMAL,kermany-im-0517,train,0b6b4813c1003a68cb2feb7f8416ae546adf880a6358f39420072fa07cd2315e,kermany\train\NORMAL\IM-0517-0001.jpeg,data\interim\selected\kermany_NORMAL_0997.jpeg,data/processed/images/kermany_NORMAL_0997.png
kermany_NORMAL_0998,kermany,NORMAL,kermany-im-0405,train,0baf7a3ede7e8732ed5d29f929fb3e06570f54205361a08d60aa0f14e0434826,kermany\train\NORMAL\IM-0405-0001.jpeg,data\interim\selected\kermany_NORMAL_0998.jpeg,data/processed/images/kermany_NORMAL_0998.png
kermany_NORMAL_0999,kermany,NORMAL,kermany-im-0667,train,0cf4c0683ebadbe39d0d3f70824fe442cc427043416d240fe0ef670eb3124607,kermany\train\NORMAL\NORMAL2-IM-0667-0001.jpeg,data\interim\selected\kermany_NORMAL_0999.jpeg,data/processed/images/kermany_NORMAL_0999.png
kermany_NORMAL_1000,kermany,NORMAL,kermany-im-0646,train,0e1244c30ddb88d74f9951754f133325e632e1cdcf2c376dc206839819933660,kermany\train\NORMAL\IM-0646-0001.jpeg,data\interim\selected\kermany_NORMAL_1000.jpeg,data/processed/images/kermany_NORMAL_1000.png
kermany_NORMAL_1001,kermany,NORMAL,kermany-im-0152,train,0e98bfd6c42f089515196fdbc84dae3aa7aa09875c3a6a245482616f21b5543d,kermany\train\NORMAL\IM-0152-0001.jpeg,data\interim\selected\kermany_NORMAL_1001.jpeg,data/processed/images/kermany_NORMAL_1001.png
kermany_NORMAL_1002,kermany,NORMAL,kermany-im-0586,train,0e9dd26c343ed95967b197197e656594a6808abf62c885c3a1b83326aa37a554,kermany\train\NORMAL\IM-0586-0001.jpeg,data\interim\selected\kermany_NORMAL_1002.jpeg,data/processed/images/kermany_NORMAL_1002.png
kermany_NORMAL_1003,kermany,NORMAL,kermany-im-1362,train,0ecf006dd1b3ad1467bd1d2186c72c3451252738601e4824f5dc9f577dbaf122,kermany\train\NORMAL\NORMAL2-IM-1362-0001.jpeg,data\interim\selected\kermany_NORMAL_1003.jpeg,data/processed/images/kermany_NORMAL_1003.png
kermany_NORMAL_1004,kermany,NORMAL,kermany-im-0650,train,0ef3fa0590371a928d2c885003b220309a3b6c69959b1d4e358d9032cbc2f25e,kermany\train\NORMAL\NORMAL2-IM-0650-0001.jpeg,data\interim\selected\kermany_NORMAL_1004.jpeg,data/processed/images/kermany_NORMAL_1004.png
kermany_NORMAL_1005,kermany,NORMAL,kermany-im-0435,train,0f20d47d3c1f723b805c94d13b6a59a9e65cd4333c7e451730c21594de8c0fe4,kermany\train\NORMAL\IM-0435-0001-0001.jpeg,data\interim\selected\kermany_NORMAL_1005.jpeg,data/processed/images/kermany_NORMAL_1005.png
kermany_NORMAL_1006,kermany,NORMAL,kermany-im-0677,train,0f50a50fafa6bdd0484978ef80487f0e165e66904d9f15bc136eaca5fcc9e6ea,kermany\train\NORMAL\IM-0677-0001.jpeg,data\interim\selected\kermany_NORMAL_1006.jpeg,data/processed/images/kermany_NORMAL_1006.png
kermany_NORMAL_1007,kermany,NORMAL,kermany-im-0729,train,106436e147b2b1a690d4b02f58fc4cc5c8943781cdc8a05b6cba71063574c8f0,kermany\train\NORMAL\IM-0729-0001.jpeg,data\interim\selected\kermany_NORMAL_1007.jpeg,data/processed/images/kermany_NORMAL_1007.png
kermany_NORMAL_1008,kermany,NORMAL,kermany-im-0285,train,109eee27bd520f4837cc737ec47fec7234d6a355c9e9d317d9471103020485b5,kermany\train\NORMAL\IM-0285-0001.jpeg,data\interim\selected\kermany_NORMAL_1008.jpeg,data/processed/images/kermany_NORMAL_1008.png
kermany_NORMAL_1009,kermany,NORMAL,kermany-im-0998,train,10f5a580a7beb01dac57c3c7987f59eaef39492644d3e200bab35c6c1399bb20,kermany\train\NORMAL\NORMAL2-IM-0998-0001.jpeg,data\interim\selected\kermany_NORMAL_1009.jpeg,data/processed/images/kermany_NORMAL_1009.png
kermany_NORMAL_1010,kermany,NORMAL,kermany-im-0459,train,112195a14e73197166b6ee2213f7de171a6a2f75b4f2846211986a0507cf4f13,kermany\train\NORMAL\IM-0459-0001.jpeg,data\interim\selected\kermany_NORMAL_1010.jpeg,data/processed/images/kermany_NORMAL_1010.png
kermany_NORMAL_1011,kermany,NORMAL,kermany-im-0292,train,119cb172d721b3d8c9e0f09d075649440150e43a04707dab479b7e02fe364cd7,kermany\train\NORMAL\IM-0292-0001.jpeg,data\interim\selected\kermany_NORMAL_1011.jpeg,data/processed/images/kermany_NORMAL_1011.png
kermany_NORMAL_1012,kermany,NORMAL,kermany-im-0566,train,11fccf65a38671659499c6da6b635dfa24fb491ed3e412f73216438a15b1064c,kermany\train\NORMAL\IM-0566-0001.jpeg,data\interim\selected\kermany_NORMAL_1012.jpeg,data/processed/images/kermany_NORMAL_1012.png
kermany_NORMAL_1013,kermany,NORMAL,kermany-im-0084,train,1266232157dbef06850fc27a1d70b24bf7a690d382e6036ce93b068dd2733fc6,kermany\test\NORMAL\IM-0084-0001.jpeg,data\interim\selected\kermany_NORMAL_1013.jpeg,data/processed/images/kermany_NORMAL_1013.png
kermany_NORMAL_1014,kermany,NORMAL,kermany-im-1124,train,145cbbf48eb3ba29835daa04bd1d07128023b00feaed5d23159fa15d24dcab2b,kermany\train\NORMAL\NORMAL2-IM-1124-0001.jpeg,data\interim\selected\kermany_NORMAL_1014.jpeg,data/processed/images/kermany_NORMAL_1014.png
kermany_NORMAL_1015,kermany,NORMAL,kermany-im-0640,train,14b9f3a1fa0aa4332b35e865f56776a4676a142d37c39e6078e594b1ca1980af,kermany\train\NORMAL\IM-0640-0001-0001.jpeg,data\interim\selected\kermany_NORMAL_1015.jpeg,data/processed/images/kermany_NORMAL_1015.png
kermany_NORMAL_1016,kermany,NORMAL,kermany-im-1345,train,14d94771b8ba0e2392b454ae56e52dc9eee9a3fd00158f947cf0b51befc9c0aa,kermany\train\NORMAL\NORMAL2-IM-1345-0001.jpeg,data\interim\selected\kermany_NORMAL_1016.jpeg,data/processed/images/kermany_NORMAL_1016.png
kermany_NORMAL_1017,kermany,NORMAL,kermany-im-1045,train,155ff982a8c9af0ca73308a1e64e99813fb2b738d5a849f5f837a4d04022cc77,kermany\train\NORMAL\NORMAL2-IM-1045-0001.jpeg,data\interim\selected\kermany_NORMAL_1017.jpeg,data/processed/images/kermany_NORMAL_1017.png
kermany_NORMAL_1018,kermany,NORMAL,kermany-im-0713,train,15b6a2a939b1b1cbb50da70a96b867e898da2a468f6ac28057e2100444fd0596,kermany\train\NORMAL\IM-0713-0001.jpeg,data\interim\selected\kermany_NORMAL_1018.jpeg,data/processed/images/kermany_NORMAL_1018.png
kermany_NORMAL_1019,kermany,NORMAL,kermany-im-0630,train,15be0098f473769d0de29ef3d77718f18fb4e96395e9b2efc694aa144eb6256d,kermany\train\NORMAL\IM-0630-0001.jpeg,data\interim\selected\kermany_NORMAL_1019.jpeg,data/processed/images/kermany_NORMAL_1019.png
kermany_NORMAL_1020,kermany,NORMAL,kermany-im-0989,train,16a6107f93c10d84a2f305f950f0111112072f4f8eee284fe66f4aa410faac86,kermany\train\NORMAL\NORMAL2-IM-0989-0001.jpeg,data\interim\selected\kermany_NORMAL_1020.jpeg,data/processed/images/kermany_NORMAL_1020.png
kermany_NORMAL_1021,kermany,NORMAL,kermany-im-0519,train,16c8a694c91b80f1d97efb91455ab8b3facd6221ea401d740086722d4bad0134,kermany\train\NORMAL\IM-0519-0001-0001.jpeg,data\interim\selected\kermany_NORMAL_1021.jpeg,data/processed/images/kermany_NORMAL_1021.png
kermany_NORMAL_1022,kermany,NORMAL,kermany-im-1224,train,16cd0fe6eec6d4b26037e83bb5e1d774a2d7d39f9b0f6ee5631619960dd0e018,kermany\train\NORMAL\NORMAL2-IM-1224-0001.jpeg,data\interim\selected\kermany_NORMAL_1022.jpeg,data/processed/images/kermany_NORMAL_1022.png
kermany_NORMAL_1023,kermany,NORMAL,kermany-im-0545,train,1700b7437a2b1a29fd98bd2a719dc2d3322e7cb4ba6501f63ee1a3e54796dcf2,kermany\train\NORMAL\IM-0545-0001.jpeg,data\interim\selected\kermany_NORMAL_1023.jpeg,data/processed/images/kermany_NORMAL_1023.png
kermany_NORMAL_1024,kermany,NORMAL,kermany-im-0534,train,180c74d6a1d377a69c84594030a314acecfde58b096f15251e2c2eb4bce28f20,kermany\train\NORMAL\IM-0534-0001.jpeg,data\interim\selected\kermany_NORMAL_1024.jpeg,data/processed/images/kermany_NORMAL_1024.png
kermany_NORMAL_1025,kermany,NORMAL,kermany-im-0300,train,18384392ce70baf8a09def0a93879b4bd6d990e17a4adf57fd5e68eaaf86555a,kermany\train\NORMAL\IM-0300-0001.jpeg,data\interim\selected\kermany_NORMAL_1025.jpeg,data/processed/images/kermany_NORMAL_1025.png
kermany_NORMAL_1026,kermany,NORMAL,kermany-im-0425,train,1866837b2810f866cb9eb819dfd7d61422395fb81b2c496ca60c0d9bf033e98b,kermany\train\NORMAL\NORMAL2-IM-0425-0001.jpeg,data\interim\selected\kermany_NORMAL_1026.jpeg,data/processed/images/kermany_NORMAL_1026.png
kermany_NORMAL_1027,kermany,NORMAL,kermany-im-0690,train,189e59ab590e8e52b8e5a799361ae1a244798551f5e307111391e3a4a563ea72,kermany\train\NORMAL\NORMAL2-IM-0690-0001.jpeg,data\interim\selected\kermany_NORMAL_1027.jpeg,data/processed/images/kermany_NORMAL_1027.png
kermany_NORMAL_1028,kermany,NORMAL,kermany-im-0947,train,19243b0b27b987e2037eacd2cef819c1eecb7fc2be858a6e27b7c5c564800d06,kermany\train\NORMAL\NORMAL2-IM-0947-0001.jpeg,data\interim\selected\kermany_NORMAL_1028.jpeg,data/processed/images/kermany_NORMAL_1028.png
kermany_NORMAL_1029,kermany,NORMAL,kermany-im-0317,train,19d54f64a372d26cc9471597c1c1c164b882b0ba0d4f177ceaa997b1364a75df,kermany\train\NORMAL\IM-0317-0001.jpeg,data\interim\selected\kermany_NORMAL_1029.jpeg,data/processed/images/kermany_NORMAL_1029.png
kermany_NORMAL_1030,kermany,NORMAL,kermany-im-1438,train,19deafbd4cb13b7bca7e9c83466066c0d0c9e1678861519dcb1d0a45a79b0362,kermany\train\NORMAL\NORMAL2-IM-1438-0001.jpeg,data\interim\selected\kermany_NORMAL_1030.jpeg,data/processed/images/kermany_NORMAL_1030.png
kermany_NORMAL_1031,kermany,NORMAL,kermany-im-0445,train,1a16b093b480b43a18fa92b2bf82482775ca6d1d1c562937bc4360da887667ac,kermany\train\NORMAL\NORMAL2-IM-0445-0001.jpeg,data\interim\selected\kermany_NORMAL_1031.jpeg,data/processed/images/kermany_NORMAL_1031.png
kermany_NORMAL_1032,kermany,NORMAL,kermany-im-0217,train,1b09bc3262a3be8882bbabb3e735a5f7432b679751395ba70e6b7fdd2f6ceb44,kermany\train\NORMAL\IM-0217-0001.jpeg,data\interim\selected\kermany_NORMAL_1032.jpeg,data/processed/images/kermany_NORMAL_1032.png
kermany_NORMAL_1033,kermany,NORMAL,kermany-im-1436,train,1b96b8ba4d279362a396c2864f76eb3f30ba910f63573491ed2203b4e728f5c7,kermany\train\NORMAL\NORMAL2-IM-1436-0001.jpeg,data\interim\selected\kermany_NORMAL_1033.jpeg,data/processed/images/kermany_NORMAL_1033.png
kermany_NORMAL_1034,kermany,NORMAL,kermany-im-1198,train,1bd6d71ba315d2cec9b2fdd2ba018927aa49760757f5c6e79e212a543d71a801,kermany\train\NORMAL\NORMAL2-IM-1198-0001.jpeg,data\interim\selected\kermany_NORMAL_1034.jpeg,data/processed/images/kermany_NORMAL_1034.png
kermany_NORMAL_1035,kermany,NORMAL,kermany-im-0997,train,1d9fbe6e2a1e2af64a8e0eccf294aff84b9425c573bb75255bb067dcd871eb17,kermany\train\NORMAL\NORMAL2-IM-0997-0001.jpeg,data\interim\selected\kermany_NORMAL_1035.jpeg,data/processed/images/kermany_NORMAL_1035.png
kermany_NORMAL_1036,kermany,NORMAL,kermany-im-0702,train,1dd44d4f803e1eb9afac9a81d70cea2c19a1f1d3e60f3e2f779e0b73a6d40389,kermany\train\NORMAL\IM-0702-0001.jpeg,data\interim\selected\kermany_NORMAL_1036.jpeg,data/processed/images/kermany_NORMAL_1036.png
kermany_NORMAL_1037,kermany,NORMAL,kermany-im-0558,train,1e06a60220a013d33882ee664aa6930c3fce4d92ce7e1932921ab5404129edb7,kermany\train\NORMAL\NORMAL2-IM-0558-0001.jpeg,data\interim\selected\kermany_NORMAL_1037.jpeg,data/processed/images/kermany_NORMAL_1037.png
kermany_NORMAL_1038,kermany,NORMAL,kermany-im-0650,train,1e4698b8ce0e3e458b9cf154179355c065db94bb1a509c6c0323820efe79dd4b,kermany\train\NORMAL\IM-0650-0001-0001.jpeg,data\interim\selected\kermany_NORMAL_1038.jpeg,data/processed/images/kermany_NORMAL_1038.png
kermany_NORMAL_1039,kermany,NORMAL,kermany-im-0644,train,1e4c4c330d8d2c8b3e247fa07ab045d9e816255ee6a0b7e9709ad8a3f5c94da8,kermany\train\NORMAL\IM-0644-0001.jpeg,data\interim\selected\kermany_NORMAL_1039.jpeg,data/processed/images/kermany_NORMAL_1039.png
kermany_NORMAL_1040,kermany,NORMAL,kermany-im-1431,train,1eab167cd836a153ddeb61a0e59ff21b276fb79b0aab70491605a77ffc52f4ac,kermany\train\NORMAL\NORMAL2-IM-1431-0001.jpeg,data\interim\selected\kermany_NORMAL_1040.jpeg,data/processed/images/kermany_NORMAL_1040.png
kermany_NORMAL_1041,kermany,NORMAL,kermany-im-0120,train,1f38c57f28c16d9b092c7625c690799a13932a13f91cc588804fd7041ce4fb0a,kermany\test\NORMAL\NORMAL2-IM-0120-0001.jpeg,data\interim\selected\kermany_NORMAL_1041.jpeg,data/processed/images/kermany_NORMAL_1041.png
kermany_NORMAL_1042,kermany,NORMAL,kermany-im-0489,train,1fbe241f68abbf62cda84aff6b825dc7a4bb6319ed8e3437ee0aae07c5b0a8b5,kermany\train\NORMAL\IM-0489-0001.jpeg,data\interim\selected\kermany_NORMAL_1042.jpeg,data/processed/images/kermany_NORMAL_1042.png
kermany_NORMAL_1043,kermany,NORMAL,kermany-im-1321,train,1fee1696f46fe40d800e7f08f5805d880850e9a1637b5adb7ffa2910acb51ca7,kermany\train\NORMAL\NORMAL2-IM-1321-0001.jpeg,data\interim\selected\kermany_NORMAL_1043.jpeg,data/processed/images/kermany_NORMAL_1043.png
kermany_NORMAL_1044,kermany,NORMAL,kermany-im-0086,train,2043b944727b1573ee323bb8066fda38ea53fcf4d85f9d2d72829f0bc27e6827,kermany\test\NORMAL\NORMAL2-IM-0086-0001.jpeg,data\interim\selected\kermany_NORMAL_1044.jpeg,data/processed/images/kermany_NORMAL_1044.png
kermany_NORMAL_1045,kermany,NORMAL,kermany-im-0481,train,2068379cb2cd5eca48ea0699c6c5673dcfc6747cc83c7d46b9027fc27727ffbd,kermany\train\NORMAL\NORMAL2-IM-0481-0001.jpeg,data\interim\selected\kermany_NORMAL_1045.jpeg,data/processed/images/kermany_NORMAL_1045.png
kermany_NORMAL_1046,kermany,NORMAL,kermany-im-0686,train,2191f2e0ae72d85ce0cc48fef1b88ee48ef9f32d926bd9c0b9cfba736b0fa0f3,kermany\train\NORMAL\IM-0686-0001.jpeg,data\interim\selected\kermany_NORMAL_1046.jpeg,data/processed/images/kermany_NORMAL_1046.png
kermany_NORMAL_1047,kermany,NORMAL,kermany-im-0535,train,219b22640c0c0ccb9285c54f9c5b8265565f7ad3f5d057a27b3079f93cc43b38,kermany\train\NORMAL\NORMAL2-IM-0535-0001-0002.jpeg,data\interim\selected\kermany_NORMAL_1047.jpeg,data/processed/images/kermany_NORMAL_1047.png
kermany_NORMAL_1048,kermany,NORMAL,kermany-im-0423,train,21c42b4a3a987e270ac28217cdcbe6a1daec9adbbb0728e23061dacfdcfee773,kermany\train\NORMAL\IM-0423-0001.jpeg,data\interim\selected\kermany_NORMAL_1048.jpeg,data/processed/images/kermany_NORMAL_1048.png
kermany_NORMAL_1049,kermany,NORMAL,kermany-im-0995,train,220d1014dd7977ca16563c7546372a7e2eb2991704e135ac2edd6dabb117880d,kermany\train\NORMAL\NORMAL2-IM-0995-0001-0002.jpeg,data\interim\selected\kermany_NORMAL_1049.jpeg,data/processed/images/kermany_NORMAL_1049.png
kermany_NORMAL_1050,kermany,NORMAL,kermany-im-0678,train,22961a0623889417b760a7fc75e8ff99f7144c10baa140c0d98c9cdcc647f032,kermany\train\NORMAL\IM-0678-0001.jpeg,data\interim\selected\kermany_NORMAL_1050.jpeg,data/processed/images/kermany_NORMAL_1050.png
kermany_NORMAL_1051,kermany,NORMAL,kermany-im-0125,train,22c9ea7cc8b235db38e9dfb16b6c682885dba83dfd75531542d2d01c3bb0371b,kermany\train\NORMAL\IM-0125-0001.jpeg,data\interim\selected\kermany_NORMAL_1051.jpeg,data/processed/images/kermany_NORMAL_1051.png
kermany_NORMAL_1052,kermany,NORMAL,kermany-im-0300,train,2306c4ea7f32bba10cc43056c2131acae2affc5de35b08e7c49f1ef6e7edc20d,kermany\test\NORMAL\NORMAL2-IM-0300-0001.jpeg,data\interim\selected\kermany_NORMAL_1052.jpeg,data/processed/images/kermany_NORMAL_1052.png
kermany_NORMAL_1053,kermany,NORMAL,kermany-im-0641,train,2334009a70aeb62a02ccdcb7911db7eb610264c7987c243095be20be6dc5a978,kermany\train\NORMAL\NORMAL2-IM-0641-0001.jpeg,data\interim\selected\kermany_NORMAL_1053.jpeg,data/processed/images/kermany_NORMAL_1053.png
kermany_NORMAL_1054,kermany,NORMAL,kermany-im-0318,train,23544cbcb7b37f53defba975e1fb4b897b9afd8a84bfa97fcfce37a6dc29f742,kermany\train\NORMAL\IM-0318-0001.jpeg,data\interim\selected\kermany_NORMAL_1054.jpeg,data/processed/images/kermany_NORMAL_1054.png
kermany_NORMAL_1055,kermany,NORMAL,kermany-im-0103,train,2399707ead03e0f2824d43ba34b2a292e8c0fc3d204e3e2f6c783f846fe86fd8,kermany\test\NORMAL\IM-0103-0001.jpeg,data\interim\selected\kermany_NORMAL_1055.jpeg,data/processed/images/kermany_NORMAL_1055.png
kermany_NORMAL_1056,kermany,NORMAL,kermany-im-0333,train,23a6157210bf7a7f0df93de9e79e559b6767c1c72db0756d9af0e49046545903,kermany\test\NORMAL\NORMAL2-IM-0333-0001.jpeg,data\interim\selected\kermany_NORMAL_1056.jpeg,data/processed/images/kermany_NORMAL_1056.png
kermany_NORMAL_1057,kermany,NORMAL,kermany-im-0754,train,2457b1b0aa72c5a01ee4be5f2d4998fc9e721698920d5cc68a4ef3adb82745ad,kermany\train\NORMAL\IM-0754-0001.jpeg,data\interim\selected\kermany_NORMAL_1057.jpeg,data/processed/images/kermany_NORMAL_1057.png
kermany_NORMAL_1058,kermany,NORMAL,kermany-im-1223,train,24afa58f12503e5577536d8499679f9aa1c992dd9c7f84dfe060bd43fc03b3f7,kermany\train\NORMAL\NORMAL2-IM-1223-0001.jpeg,data\interim\selected\kermany_NORMAL_1058.jpeg,data/processed/images/kermany_NORMAL_1058.png
kermany_NORMAL_1059,kermany,NORMAL,kermany-im-0937,train,25979bb30b94dd9971905197d3556e68a04ef633fd559f660280a034d0aeab50,kermany\train\NORMAL\NORMAL2-IM-0937-0001.jpeg,data\interim\selected\kermany_NORMAL_1059.jpeg,data/processed/images/kermany_NORMAL_1059.png
kermany_NORMAL_1060,kermany,NORMAL,kermany-im-0628,train,25ce318daf1d768faaf362820909c85f0feb876e1ea014a47702cd619d35853c,kermany\train\NORMAL\IM-0628-0001.jpeg,data\interim\selected\kermany_NORMAL_1060.jpeg,data/processed/images/kermany_NORMAL_1060.png
kermany_NORMAL_1061,kermany,NORMAL,kermany-im-0129,train,25d30b2606243e6852f5c3d4d2c1381a5bdbb885bd5b5fa9557409ee42a5d55f,kermany\test\NORMAL\NORMAL2-IM-0129-0001.jpeg,data\interim\selected\kermany_NORMAL_1061.jpeg,data/processed/images/kermany_NORMAL_1061.png
kermany_NORMAL_1062,kermany,NORMAL,kermany-im-0061,train,267c6d376a99a1f13fbbd4b5e86aee33ab63cae21a19d5a12aebca1287303b69,kermany\test\NORMAL\IM-0061-0001.jpeg,data\interim\selected\kermany_NORMAL_1062.jpeg,data/processed/images/kermany_NORMAL_1062.png
kermany_NORMAL_1063,kermany,NORMAL,kermany-im-0251,train,26996a9fb02df1ce71488e6cc63e477381c3922a8161a34e555861618292f934,kermany\test\NORMAL\NORMAL2-IM-0251-0001.jpeg,data\interim\selected\kermany_NORMAL_1063.jpeg,data/processed/images/kermany_NORMAL_1063.png
kermany_NORMAL_1064,kermany,NORMAL,kermany-im-0694,train,271e69a7f892d6c2dab30b07d0f9de3938b14b6d047974602da142af8a1524cd,kermany\train\NORMAL\NORMAL2-IM-0694-0001.jpeg,data\interim\selected\kermany_NORMAL_1064.jpeg,data/processed/images/kermany_NORMAL_1064.png
kermany_NORMAL_1065,kermany,NORMAL,kermany-im-1088,train,2792da819355b8c610c081637bacdd6c2d7213f4786cbd66e69c631e6ed4d1f5,kermany\train\NORMAL\NORMAL2-IM-1088-0001.jpeg,data\interim\selected\kermany_NORMAL_1065.jpeg,data/processed/images/kermany_NORMAL_1065.png
kermany_NORMAL_1066,kermany,NORMAL,kermany-im-0323,train,27af090581d985818891a06b6dc219b6b4daefdc9873e857120f8c84e89790d7,kermany\test\NORMAL\NORMAL2-IM-0323-0001.jpeg,data\interim\selected\kermany_NORMAL_1066.jpeg,data/processed/images/kermany_NORMAL_1066.png
kermany_NORMAL_1067,kermany,NORMAL,kermany-im-0537,train,2814e26997772b0d9aa78eca1dd93fa399d046a8c361a484a84063e3c2f8f393,kermany\train\NORMAL\NORMAL2-IM-0537-0001.jpeg,data\interim\selected\kermany_NORMAL_1067.jpeg,data/processed/images/kermany_NORMAL_1067.png
kermany_NORMAL_1068,kermany,NORMAL,kermany-im-0393,train,293c6eb840cb8d2001bca6b55767e907a5500744087dcef16b8551382c94b520,kermany\train\NORMAL\NORMAL2-IM-0393-0001.jpeg,data\interim\selected\kermany_NORMAL_1068.jpeg,data/processed/images/kermany_NORMAL_1068.png
kermany_NORMAL_1069,kermany,NORMAL,kermany-im-1096,train,2a0e84140a5ee346ca53f20bf33931485a774ad35f0d86e1d92403a612e16d57,kermany\train\NORMAL\NORMAL2-IM-1096-0001.jpeg,data\interim\selected\kermany_NORMAL_1069.jpeg,data/processed/images/kermany_NORMAL_1069.png
kermany_NORMAL_1070,kermany,NORMAL,kermany-im-0895,train,2a545a0ceda22dd51909410b3db95f9b4382c8fbb3ea8183bb750e9cd998dc88,kermany\train\NORMAL\NORMAL2-IM-0895-0001.jpeg,data\interim\selected\kermany_NORMAL_1070.jpeg,data/processed/images/kermany_NORMAL_1070.png
kermany_NORMAL_1071,kermany,NORMAL,kermany-im-1306,train,2a6bf075aab637fb9104b0c4f86d35260ed2c85a29bf586f935d4c77037b3afc,kermany\train\NORMAL\NORMAL2-IM-1306-0001.jpeg,data\interim\selected\kermany_NORMAL_1071.jpeg,data/processed/images/kermany_NORMAL_1071.png
kermany_NORMAL_1072,kermany,NORMAL,kermany-im-0446,train,2aa6d4442b50fdb14e3b9d4273a084a1c910ec9325c0b02c7df7cee4ff41cf75,kermany\train\NORMAL\IM-0446-0001.jpeg,data\interim\selected\kermany_NORMAL_1072.jpeg,data/processed/images/kermany_NORMAL_1072.png
kermany_NORMAL_1073,kermany,NORMAL,kermany-im-0183,train,2addede6ccd064df914c1f06c5a3255c6f7112529e37149a5884a4b1b76cde6c,kermany\train\NORMAL\IM-0183-0001.jpeg,data\interim\selected\kermany_NORMAL_1073.jpeg,data/processed/images/kermany_NORMAL_1073.png
kermany_NORMAL_1074,kermany,NORMAL,kermany-im-0043,train,2aeb3a99c890ab73bfba95c429e3b394d21f1e2b0407b6b39ab4873bbf6445ea,kermany\test\NORMAL\IM-0043-0001.jpeg,data\interim\selected\kermany_NORMAL_1074.jpeg,data/processed/images/kermany_NORMAL_1074.png
kermany_NORMAL_1075,kermany,NORMAL,kermany-im-0695,train,2bc427c61cfeefb15e634cdf6939875c858a7f260e8364c79456c61194cbfd26,kermany\train\NORMAL\IM-0695-0001.jpeg,data\interim\selected\kermany_NORMAL_1075.jpeg,data/processed/images/kermany_NORMAL_1075.png
kermany_NORMAL_1076,kermany,NORMAL,kermany-im-0386,train,2bc5da1faf9889ec065c0cbd253a58921c8d846fa6e67aa79bf1bcde193eaa2a,kermany\train\NORMAL\IM-0386-0001.jpeg,data\interim\selected\kermany_NORMAL_1076.jpeg,data/processed/images/kermany_NORMAL_1076.png
kermany_NORMAL_1077,kermany,NORMAL,kermany-im-1094,train,2bff16b4b6dea4677f33e41caf4fc6196ec6a92d3c622ad4dd8b99d7c9b98e6a,kermany\train\NORMAL\NORMAL2-IM-1094-0001-0002.jpeg,data\interim\selected\kermany_NORMAL_1077.jpeg,data/processed/images/kermany_NORMAL_1077.png
kermany_NORMAL_1078,kermany,NORMAL,kermany-im-0255,train,2ca3896fe4ebc8e16db92376c1231f66df7b352b711878fe0623621af46843dd,kermany\train\NORMAL\IM-0255-0001.jpeg,data\interim\selected\kermany_NORMAL_1078.jpeg,data/processed/images/kermany_NORMAL_1078.png
kermany_NORMAL_1079,kermany,NORMAL,kermany-im-0505,train,2cbdbdd368b3c79cc418bf7b3fae9f0693e6d13e551c21781b3a17d78dd8e35c,kermany\train\NORMAL\IM-0505-0001-0002.jpeg,data\interim\selected\kermany_NORMAL_1079.jpeg,data/processed/images/kermany_NORMAL_1079.png
kermany_NORMAL_1080,kermany,NORMAL,kermany-im-0414,train,2cd6286d5787a8bbf7f28af5fac5254dc3f593eabae5768a9637cba51b268655,kermany\train\NORMAL\NORMAL2-IM-0414-0001.jpeg,data\interim\selected\kermany_NORMAL_1080.jpeg,data/processed/images/kermany_NORMAL_1080.png
kermany_NORMAL_1081,kermany,NORMAL,kermany-im-0598,train,2d2fac07b7bf26ea0163f7dc4e4c8c6b35ea4ce1ae13aa46467833ed0ef684ee,kermany\train\NORMAL\IM-0598-0001.jpeg,data\interim\selected\kermany_NORMAL_1081.jpeg,data/processed/images/kermany_NORMAL_1081.png
kermany_NORMAL_1082,kermany,NORMAL,kermany-im-0388,train,2e108f2cf7bdc2e4dd65e5b4a052b1d7cb174d9b11342a43a2275776f4d7ae8c,kermany\train\NORMAL\IM-0388-0001.jpeg,data\interim\selected\kermany_NORMAL_1082.jpeg,data/processed/images/kermany_NORMAL_1082.png
kermany_NORMAL_1083,kermany,NORMAL,kermany-im-0526,train,2ea9c3cf1f8735d21483d8469ffd36b46854940d20fd3ab2caf47d975547a27f,kermany\train\NORMAL\NORMAL2-IM-0526-0001.jpeg,data\interim\selected\kermany_NORMAL_1083.jpeg,data/processed/images/kermany_NORMAL_1083.png
kermany_NORMAL_1084,kermany,NORMAL,kermany-im-0545,train,2f75d7b2f8a81511745a5f7a264fbfc2bc2e8192b634e7cdde61c624833da245,kermany\train\NORMAL\NORMAL2-IM-0545-0001.jpeg,data\interim\selected\kermany_NORMAL_1084.jpeg,data/processed/images/kermany_NORMAL_1084.png
kermany_NORMAL_1085,kermany,NORMAL,kermany-im-1039,train,2fd4b23657749392e640689579993ed58ec5b6b908701642fec34b922e92ea1d,kermany\train\NORMAL\NORMAL2-IM-1039-0001.jpeg,data\interim\selected\kermany_NORMAL_1085.jpeg,data/processed/images/kermany_NORMAL_1085.png
kermany_NORMAL_1086,kermany,NORMAL,kermany-im-0316,train,3021013407e3f4515b5c8e8800ca2cf84cc5e16392ebfdd75a660aa1b9761435,kermany\test\NORMAL\NORMAL2-IM-0316-0001.jpeg,data\interim\selected\kermany_NORMAL_1086.jpeg,data/processed/images/kermany_NORMAL_1086.png
kermany_NORMAL_1087,kermany,NORMAL,kermany-im-0714,train,3025c3246068e0643298b021493d9121e2d57d789a3827d4837f8fc8cc7330a5,kermany\train\NORMAL\IM-0714-0001.jpeg,data\interim\selected\kermany_NORMAL_1087.jpeg,data/processed/images/kermany_NORMAL_1087.png
kermany_NORMAL_1088,kermany,NORMAL,kermany-im-1209,train,30447c15e60dd41d3a257c6f8b41dcef8e960f43e80c1043634d44a790754871,kermany\train\NORMAL\NORMAL2-IM-1209-0001.jpeg,data\interim\selected\kermany_NORMAL_1088.jpeg,data/processed/images/kermany_NORMAL_1088.png
kermany_NORMAL_1089,kermany,NORMAL,kermany-im-0041,train,305eaaac2c84183b99d7e07f9921288f4c6386dd745ff5b432430c82e44abfe7,kermany\test\NORMAL\NORMAL2-IM-0041-0001.jpeg,data\interim\selected\kermany_NORMAL_1089.jpeg,data/processed/images/kermany_NORMAL_1089.png
kermany_NORMAL_1090,kermany,NORMAL,kermany-im-0851,train,3105a4bdc2c7de294be4d546cb7ada0a78472cb462049f35ee01f451809236a6,kermany\train\NORMAL\NORMAL2-IM-0851-0001-0001.jpeg,data\interim\selected\kermany_NORMAL_1090.jpeg,data/processed/images/kermany_NORMAL_1090.png
kermany_NORMAL_1091,kermany,NORMAL,kermany-im-1149,train,313efd2c690f5ea5b1ed2a1b9d4ddb3e2a5d3899d0c3d22a47a80d1481310f71,kermany\train\NORMAL\NORMAL2-IM-1149-0001.jpeg,data\interim\selected\kermany_NORMAL_1091.jpeg,data/processed/images/kermany_NORMAL_1091.png
kermany_NORMAL_1092,kermany,NORMAL,kermany-im-0275,train,31e42ad7f1ad8d8bc4b2f50c376565da08eee75867394871ff0cc6e7beb0fd75,kermany\train\NORMAL\IM-0275-0001.jpeg,data\interim\selected\kermany_NORMAL_1092.jpeg,data/processed/images/kermany_NORMAL_1092.png
kermany_NORMAL_1093,kermany,NORMAL,kermany-im-0235,train,3256c233f4476c8eadc1634ef3d7a4d461749100050ef5f6b89381b99589e929,kermany\train\NORMAL\IM-0235-0001.jpeg,data\interim\selected\kermany_NORMAL_1093.jpeg,data/processed/images/kermany_NORMAL_1093.png
kermany_NORMAL_1094,kermany,NORMAL,kermany-im-0355,train,3282613b9eaf8bc96adebf99c88b5a22e2f49ff805ff0a89d747118ef745b6b5,kermany\train\NORMAL\IM-0355-0001.jpeg,data\interim\selected\kermany_NORMAL_1094.jpeg,data/processed/images/kermany_NORMAL_1094.png
kermany_NORMAL_1095,kermany,NORMAL,kermany-im-0737,train,32a87bb327c7002cc4001a9bb39d45a56b8bf4f0a73ba5e48b0c4d4bfefd190d,kermany\train\NORMAL\IM-0737-0001.jpeg,data\interim\selected\kermany_NORMAL_1095.jpeg,data/processed/images/kermany_NORMAL_1095.png
kermany_NORMAL_1096,kermany,NORMAL,kermany-im-0392,train,32ea979c387d1ce5a42e9656ad2f829559739f8d33077a14942b4bc0e50f7ce5,kermany\train\NORMAL\NORMAL2-IM-0392-0001.jpeg,data\interim\selected\kermany_NORMAL_1096.jpeg,data/processed/images/kermany_NORMAL_1096.png
kermany_NORMAL_1097,kermany,NORMAL,kermany-im-0578,train,3326f08aa3d5d69d1b35b6ffd568ad422d6cec075b4b79f383a1a38024630256,kermany\train\NORMAL\IM-0578-0001.jpeg,data\interim\selected\kermany_NORMAL_1097.jpeg,data/processed/images/kermany_NORMAL_1097.png
kermany_NORMAL_1098,kermany,NORMAL,kermany-im-0279,train,33ea3f8c06b3e21371eb2c7e2943509fffbe24694619fc98b0faba887813162f,kermany\train\NORMAL\IM-0279-0001.jpeg,data\interim\selected\kermany_NORMAL_1098.jpeg,data/processed/images/kermany_NORMAL_1098.png
kermany_NORMAL_1099,kermany,NORMAL,kermany-im-0749,train,35973f5abfc125ab92ec942ec3d56b4eff948fe46ce6f3fd00ae44043933f0d7,kermany\train\NORMAL\NORMAL2-IM-0749-0001.jpeg,data\interim\selected\kermany_NORMAL_1099.jpeg,data/processed/images/kermany_NORMAL_1099.png
kermany_NORMAL_1100,kermany,NORMAL,kermany-im-1323,train,3663ddae005638f2355612b01d5cbd56366bd9fc85e89174ffbda181461df8c9,kermany\train\NORMAL\NORMAL2-IM-1323-0001.jpeg,data\interim\selected\kermany_NORMAL_1100.jpeg,data/processed/images/kermany_NORMAL_1100.png
kermany_NORMAL_1101,kermany,NORMAL,kermany-im-0465,train,3764934ec96de4fbd68398af0481e5f80d772ea4c0f3e9885cba22a421ac0bc9,kermany\train\NORMAL\NORMAL2-IM-0465-0001.jpeg,data\interim\selected\kermany_NORMAL_1101.jpeg,data/processed/images/kermany_NORMAL_1101.png
kermany_NORMAL_1102,kermany,NORMAL,kermany-im-0209,train,37806d92cd478e44467bf90ae69736169ba6de66f03401665962d5bdb823fd81,kermany\train\NORMAL\IM-0209-0001.jpeg,data\interim\selected\kermany_NORMAL_1102.jpeg,data/processed/images/kermany_NORMAL_1102.png
kermany_NORMAL_1103,kermany,NORMAL,kermany-im-0249,train,38007785560d6e8cea27617e9029253e908071cc011e915b5a5ce3ba67d95dad,kermany\test\NORMAL\NORMAL2-IM-0249-0001.jpeg,data\interim\selected\kermany_NORMAL_1103.jpeg,data/processed/images/kermany_NORMAL_1103.png
kermany_NORMAL_1104,kermany,NORMAL,kermany-im-1385,train,380103df82659fdd923a778ad47ffc874e6910e85a3bfd5332568a6ecd7860cb,kermany\train\NORMAL\NORMAL2-IM-1385-0001.jpeg,data\interim\selected\kermany_NORMAL_1104.jpeg,data/processed/images/kermany_NORMAL_1104.png
kermany_NORMAL_1105,kermany,NORMAL,kermany-im-0135,train,384f8d663591441e1c9230fbc76365c80035c028e80e31ce1bbab9e55364574e,kermany\train\NORMAL\IM-0135-0001.jpeg,data\interim\selected\kermany_NORMAL_1105.jpeg,data/processed/images/kermany_NORMAL_1105.png
kermany_NORMAL_1106,kermany,NORMAL,kermany-im-0079,train,38e03d6fba9f711cca4a287429501eabf4e07ef6b541427e0de2732f51ce4229,kermany\test\NORMAL\IM-0079-0001.jpeg,data\interim\selected\kermany_NORMAL_1106.jpeg,data/processed/images/kermany_NORMAL_1106.png
kermany_NORMAL_1107,kermany,NORMAL,kermany-im-0577,train,3917ecf425508d0758d1028c2c1199f6696ea7d07682bd506cac44be031268e1,kermany\train\NORMAL\IM-0577-0001.jpeg,data\interim\selected\kermany_NORMAL_1107.jpeg,data/processed/images/kermany_NORMAL_1107.png
kermany_NORMAL_1108,kermany,NORMAL,kermany-im-1171,train,392d0e53ba57bcb147c8d3379e82014b3820f8f346451ea10e7a8b86ae47f32b,kermany\train\NORMAL\NORMAL2-IM-1171-0001.jpeg,data\interim\selected\kermany_NORMAL_1108.jpeg,data/processed/images/kermany_NORMAL_1108.png
kermany_NORMAL_1109,kermany,NORMAL,kermany-im-0439,train,3948de16ccc71c056b62aedeedbd352531be0cdb607301e63a018ec2981b6968,kermany\train\NORMAL\IM-0439-0001.jpeg,data\interim\selected\kermany_NORMAL_1109.jpeg,data/processed/images/kermany_NORMAL_1109.png
kermany_NORMAL_1110,kermany,NORMAL,kermany-im-0517,train,3ae074e83e181b18a4c4cc3fa8e0a128f90104378791c181365d01e81b6f67a6,kermany\train\NORMAL\NORMAL2-IM-0517-0001.jpeg,data\interim\selected\kermany_NORMAL_1110.jpeg,data/processed/images/kermany_NORMAL_1110.png
kermany_NORMAL_1111,kermany,NORMAL,kermany-im-0162,train,3b1584b06472532f0064569c2e920326db7e48a8ce72a31af33f79500fbc39b0,kermany\train\NORMAL\IM-0162-0001.jpeg,data\interim\selected\kermany_NORMAL_1111.jpeg,data/processed/images/kermany_NORMAL_1111.png
kermany_NORMAL_1112,kermany,NORMAL,kermany-im-0245,train,3c280106ed07100117afb001e1aef659b3756aedadda617ca44c27eb8cc7682a,kermany\train\NORMAL\IM-0245-0001.jpeg,data\interim\selected\kermany_NORMAL_1112.jpeg,data/processed/images/kermany_NORMAL_1112.png
kermany_NORMAL_1113,kermany,NORMAL,kermany-im-0733,train,3db9ef07c51ee1b2737f2248651369f9404f74bd338b47b99746fca37cdb16e2,kermany\train\NORMAL\IM-0733-0001.jpeg,data\interim\selected\kermany_NORMAL_1113.jpeg,data/processed/images/kermany_NORMAL_1113.png
kermany_NORMAL_1114,kermany,NORMAL,kermany-im-0828,train,3dfed98094a33c78ce6963ceeaf20cb6d4b8aa3b561772e115ce785b3ceb5b30,kermany\train\NORMAL\NORMAL2-IM-0828-0001.jpeg,data\interim\selected\kermany_NORMAL_1114.jpeg,data/processed/images/kermany_NORMAL_1114.png
kermany_NORMAL_1115,kermany,NORMAL,kermany-im-0369,train,3e6bebfb3b6639af5218f9759c66d774f548213434ccf08f62307538378229e6,kermany\test\NORMAL\NORMAL2-IM-0369-0001.jpeg,data\interim\selected\kermany_NORMAL_1115.jpeg,data/processed/images/kermany_NORMAL_1115.png
kermany_NORMAL_1116,kermany,NORMAL,kermany-im-0608,train,3ebea284df521c8f9248f19236b24610519afbbe1e48eef27b65a896c0544ba6,kermany\train\NORMAL\IM-0608-0001-0002.jpeg,data\interim\selected\kermany_NORMAL_1116.jpeg,data/processed/images/kermany_NORMAL_1116.png
kermany_NORMAL_1117,kermany,NORMAL,kermany-im-0270,train,3ec7f8e327342a2f55aea590fda5530a3f5554010f7cafef310856b594045509,kermany\train\NORMAL\IM-0270-0001.jpeg,data\interim\selected\kermany_NORMAL_1117.jpeg,data/processed/images/kermany_NORMAL_1117.png
kermany_NORMAL_1118,kermany,NORMAL,kermany-im-0336,train,3f737135d08366224e601373e3beb7ff5b1395f14f5b6f9f51a9ddb0d66d2fcd,kermany\test\NORMAL\NORMAL2-IM-0336-0001.jpeg,data\interim\selected\kermany_NORMAL_1118.jpeg,data/processed/images/kermany_NORMAL_1118.png
kermany_NORMAL_1119,kermany,NORMAL,kermany-im-0952,train,3f95ebfe82703c026502e396a521555031c4960e46d134791041fd248a8aab2e,kermany\train\NORMAL\NORMAL2-IM-0952-0001.jpeg,data\interim\selected\kermany_NORMAL_1119.jpeg,data/processed/images/kermany_NORMAL_1119.png
kermany_NORMAL_1120,kermany,NORMAL,kermany-im-0466,train,3feb85c57d28556d356b0aee0bca34d46ad14a4c1cfccdef4e711c47c3b97fe7,kermany\train\NORMAL\NORMAL2-IM-0466-0001.jpeg,data\interim\selected\kermany_NORMAL_1120.jpeg,data/processed/images/kermany_NORMAL_1120.png
kermany_NORMAL_1121,kermany,NORMAL,kermany-im-0752,train,3ff8b3a4c893054ff2c33474b18e58706c138d6cf73d2449ba894e2c8e997328,kermany\train\NORMAL\IM-0752-0001.jpeg,data\interim\selected\kermany_NORMAL_1121.jpeg,data/processed/images/kermany_NORMAL_1121.png
kermany_NORMAL_1122,kermany,NORMAL,kermany-im-0173,train,409f0f6c0f8a5b8ed4e0645633b07812aff5991aaee75bbe48044711a55c7c2c,kermany\test\NORMAL\NORMAL2-IM-0173-0001-0001.jpeg,data\interim\selected\kermany_NORMAL_1122.jpeg,data/processed/images/kermany_NORMAL_1122.png
kermany_NORMAL_1123,kermany,NORMAL,kermany-im-0974,train,427e04e6b79fd389ee2642c5f3e7abe64040a20e3130962b5e550997889655a3,kermany\train\NORMAL\NORMAL2-IM-0974-0001.jpeg,data\interim\selected\kermany_NORMAL_1123.jpeg,data/processed/images/kermany_NORMAL_1123.png
kermany_NORMAL_1124,kermany,NORMAL,kermany-im-1169,train,42ce098da1684a2aca19d670d22fa75529f6f6690c076307f6caaa1d7141ad1a,kermany\train\NORMAL\NORMAL2-IM-1169-0001.jpeg,data\interim\selected\kermany_NORMAL_1124.jpeg,data/processed/images/kermany_NORMAL_1124.png
kermany_NORMAL_1125,kermany,NORMAL,kermany-im-1105,train,42d0353a6603dd33f8717607b80c0de6e70e6ad88ceb1fcf45880fc4ca657455,kermany\train\NORMAL\NORMAL2-IM-1105-0001.jpeg,data\interim\selected\kermany_NORMAL_1125.jpeg,data/processed/images/kermany_NORMAL_1125.png
kermany_NORMAL_1126,kermany,NORMAL,kermany-im-0509,train,441934669c9a86b5f531dc63684adf6dbe8e1be7da7511a0326995046ed114e2,kermany\train\NORMAL\IM-0509-0001-0001.jpeg,data\interim\selected\kermany_NORMAL_1126.jpeg,data/processed/images/kermany_NORMAL_1126.png
kermany_NORMAL_1127,kermany,NORMAL,kermany-im-0326,train,44260268645a29bb52e54627f727d43be0611fdd6b675e836a07c6543fe4720c,kermany\test\NORMAL\NORMAL2-IM-0326-0001.jpeg,data\interim\selected\kermany_NORMAL_1127.jpeg,data/processed/images/kermany_NORMAL_1127.png
kermany_NORMAL_1128,kermany,NORMAL,kermany-im-0028,train,45117d08a44f6b4d8fdc6747f7e42a9690eba431f5977f1cb06254dea3243650,kermany\test\NORMAL\IM-0028-0001.jpeg,data\interim\selected\kermany_NORMAL_1128.jpeg,data/processed/images/kermany_NORMAL_1128.png
kermany_NORMAL_1129,kermany,NORMAL,kermany-im-1102,train,4540591d79bf3da2fe2ff8647e8de6a3bfbf461e0b55e8b2d54818102d9fdf03,kermany\train\NORMAL\NORMAL2-IM-1102-0001-0001.jpeg,data\interim\selected\kermany_NORMAL_1129.jpeg,data/processed/images/kermany_NORMAL_1129.png
kermany_NORMAL_1130,kermany,NORMAL,kermany-im-0251,train,45428d5cb1046aa915ef146c5a0c914ac7e01db454fa025629c46671686daf01,kermany\train\NORMAL\IM-0251-0001.jpeg,data\interim\selected\kermany_NORMAL_1130.jpeg,data/processed/images/kermany_NORMAL_1130.png
kermany_NORMAL_1131,kermany,NORMAL,kermany-im-0554,train,4555f3a4b86e153e45892717e3a240ca5ec86db8aa5479568d07fdc3708f2377,kermany\train\NORMAL\NORMAL2-IM-0554-0001.jpeg,data\interim\selected\kermany_NORMAL_1131.jpeg,data/processed/images/kermany_NORMAL_1131.png
kermany_NORMAL_1132,kermany,NORMAL,kermany-im-0655,train,45c7f0f76cfef50416a4ba92d3ebf07331f779e5f5b6574cacef04928c2f33f7,kermany\train\NORMAL\NORMAL2-IM-0655-0001.jpeg,data\interim\selected\kermany_NORMAL_1132.jpeg,data/processed/images/kermany_NORMAL_1132.png
kermany_NORMAL_1133,kermany,NORMAL,kermany-im-1006,train,4653bc4a246a6cda2075575bb4461dc29a29d5a01f82d82c79b687fb05a13071,kermany\train\NORMAL\NORMAL2-IM-1006-0001.jpeg,data\interim\selected\kermany_NORMAL_1133.jpeg,data/processed/images/kermany_NORMAL_1133.png
kermany_NORMAL_1134,kermany,NORMAL,kermany-im-0408,train,4664381ca610a524f66c754e18f43efa10d8d7bd8ce3b315655760909c558979,kermany\train\NORMAL\IM-0408-0001.jpeg,data\interim\selected\kermany_NORMAL_1134.jpeg,data/processed/images/kermany_NORMAL_1134.png
kermany_NORMAL_1135,kermany,NORMAL,kermany-im-0608,train,46a5aed222a7cf03d59c0b5bda5545efcc109947b77685831e5f0395f2bd5c82,kermany\train\NORMAL\IM-0608-0001.jpeg,data\interim\selected\kermany_NORMAL_1135.jpeg,data/processed/images/kermany_NORMAL_1135.png
kermany_NORMAL_1136,kermany,NORMAL,kermany-im-0119,train,46c9ea6d3c6ef09eac134e3cb3294caaa63aa2b8c5327814ebfa3f2e81d24af0,kermany\train\NORMAL\IM-0119-0001.jpeg,data\interim\selected\kermany_NORMAL_1136.jpeg,data/processed/images/kermany_NORMAL_1136.png
kermany_NORMAL_1137,kermany,NORMAL,kermany-im-1317,train,46e6044b9ded87259c1486879be66bc9bfbcc81752eaf5d69f4b8b8df52cf45a,kermany\train\NORMAL\NORMAL2-IM-1317-0001.jpeg,data\interim\selected\kermany_NORMAL_1137.jpeg,data/processed/images/kermany_NORMAL_1137.png
kermany_NORMAL_1138,kermany,NORMAL,kermany-im-1116,train,47e2b679914354e73a703fae666b27ea0b5d915384e881939bbe4611ea4c93bb,kermany\train\NORMAL\NORMAL2-IM-1116-0001.jpeg,data\interim\selected\kermany_NORMAL_1138.jpeg,data/processed/images/kermany_NORMAL_1138.png
kermany_NORMAL_1139,kermany,NORMAL,kermany-im-0564,train,48c9a87c15f248e278161fa8dbca56834b832cccf898951c97ce74231025dc75,kermany\train\NORMAL\IM-0564-0001.jpeg,data\interim\selected\kermany_NORMAL_1139.jpeg,data/processed/images/kermany_NORMAL_1139.png
kermany_NORMAL_1140,kermany,NORMAL,kermany-im-0776,train,4a68ee3fbd403cc6eec71d513619bbd8dfd6604c6e08fbb4a7b925b22d9dc0af,kermany\train\NORMAL\NORMAL2-IM-0776-0001.jpeg,data\interim\selected\kermany_NORMAL_1140.jpeg,data/processed/images/kermany_NORMAL_1140.png
kermany_NORMAL_1141,kermany,NORMAL,kermany-im-0177,train,4a9296a78395959ca77ba52a4528173d026f5bdd742b8efff427f40882dadd74,kermany\train\NORMAL\IM-0177-0001.jpeg,data\interim\selected\kermany_NORMAL_1141.jpeg,data/processed/images/kermany_NORMAL_1141.png
kermany_NORMAL_1142,kermany,NORMAL,kermany-im-0424,train,4aacbc415a4283b218064b9d94facfb07ab32705a8403b5a72ccc0415ae29108,kermany\train\NORMAL\IM-0424-0001.jpeg,data\interim\selected\kermany_NORMAL_1142.jpeg,data/processed/images/kermany_NORMAL_1142.png
kermany_NORMAL_1143,kermany,NORMAL,kermany-im-0219,train,4afe6a39366f3f4bc2eafaa1260a516f8b8b6510598f7b539fadd11c9a6010d9,kermany\train\NORMAL\IM-0219-0001.jpeg,data\interim\selected\kermany_NORMAL_1143.jpeg,data/processed/images/kermany_NORMAL_1143.png
kermany_NORMAL_1144,kermany,NORMAL,kermany-im-1059,train,4b1027144a21d8d9e7ff38a3c468570cdd37983d4075dcd7a31c57feaaad0fb6,kermany\train\NORMAL\NORMAL2-IM-1059-0001.jpeg,data\interim\selected\kermany_NORMAL_1144.jpeg,data/processed/images/kermany_NORMAL_1144.png
kermany_NORMAL_1145,kermany,NORMAL,kermany-im-0516,train,4b47dd1665b828ab3610d1a60ec08c37083579f834b2dd5891570c8a105825a5,kermany\train\NORMAL\IM-0516-0001.jpeg,data\interim\selected\kermany_NORMAL_1145.jpeg,data/processed/images/kermany_NORMAL_1145.png
kermany_NORMAL_1146,kermany,NORMAL,kermany-im-0629,train,4c57b6d174dd2a53b538b1b45f35855158811417b142af389e810fa9df7423c1,kermany\train\NORMAL\IM-0629-0001-0002.jpeg,data\interim\selected\kermany_NORMAL_1146.jpeg,data/processed/images/kermany_NORMAL_1146.png
kermany_NORMAL_1147,kermany,NORMAL,kermany-im-0515,train,4ce81387bcc7dfd596df4d21a1309646ffa567ba7f38cc686681136bf54b68d3,kermany\train\NORMAL\IM-0515-0001.jpeg,data\interim\selected\kermany_NORMAL_1147.jpeg,data/processed/images/kermany_NORMAL_1147.png
kermany_NORMAL_1148,kermany,NORMAL,kermany-im-0166,train,4d49dde60b8f8b337ceb6d6cde740cfe9ed3048429c307150953ee3c7bfc0f1a,kermany\train\NORMAL\IM-0166-0001.jpeg,data\interim\selected\kermany_NORMAL_1148.jpeg,data/processed/images/kermany_NORMAL_1148.png
kermany_NORMAL_1149,kermany,NORMAL,kermany-im-0458,train,4db9baf5468f513aae4a248bc8e636a0b22e5aee370b137f51e01b2710f0589f,kermany\train\NORMAL\IM-0458-0001.jpeg,data\interim\selected\kermany_NORMAL_1149.jpeg,data/processed/images/kermany_NORMAL_1149.png
kermany_NORMAL_1150,kermany,NORMAL,kermany-im-0740,train,4decba2238d3cba7ed66225aaacdf203c500a6003ccf87c0e375fd58e024dea0,kermany\train\NORMAL\IM-0740-0001.jpeg,data\interim\selected\kermany_NORMAL_1150.jpeg,data/processed/images/kermany_NORMAL_1150.png
kermany_NORMAL_1151,kermany,NORMAL,kermany-im-0918,train,4e0b5c26b1eb9481646bc0a18c632bc5a1fb21c6417a1b0311dc4a80d8ee8fc3,kermany\train\NORMAL\NORMAL2-IM-0918-0001.jpeg,data\interim\selected\kermany_NORMAL_1151.jpeg,data/processed/images/kermany_NORMAL_1151.png
kermany_NORMAL_1152,kermany,NORMAL,kermany-im-0541,train,4e1eee5f162cf1a253da60db840adb93b6c4b088b61460635445e1806e54f773,kermany\train\NORMAL\NORMAL2-IM-0541-0001.jpeg,data\interim\selected\kermany_NORMAL_1152.jpeg,data/processed/images/kermany_NORMAL_1152.png
kermany_NORMAL_1153,kermany,NORMAL,kermany-im-0250,train,4e325d03341034d919fc75edcf7024d60fee657981b05db2216d8afec86fdb9d,kermany\train\NORMAL\IM-0250-0001.jpeg,data\interim\selected\kermany_NORMAL_1153.jpeg,data/processed/images/kermany_NORMAL_1153.png
kermany_NORMAL_1154,kermany,NORMAL,kermany-im-0533,train,4f1085601243294d96ad47f8c3925028e3f329cd6b8100f20e0557a90e3d5450,kermany\train\NORMAL\IM-0533-0001-0001.jpeg,data\interim\selected\kermany_NORMAL_1154.jpeg,data/processed/images/kermany_NORMAL_1154.png
kermany_NORMAL_1155,kermany,NORMAL,kermany-im-0957,train,4fff5e796fcb4b46aba42ac2b92bb3f0ccdc8a3d6d23a9b9c58d37c3820eae62,kermany\train\NORMAL\NORMAL2-IM-0957-0001.jpeg,data\interim\selected\kermany_NORMAL_1155.jpeg,data/processed/images/kermany_NORMAL_1155.png
kermany_NORMAL_1156,kermany,NORMAL,kermany-im-0276,train,515aa3cb01461c97520c3862635c490c485a3583446feaec8ad041cca1cc942f,kermany\test\NORMAL\NORMAL2-IM-0276-0001.jpeg,data\interim\selected\kermany_NORMAL_1156.jpeg,data/processed/images/kermany_NORMAL_1156.png
kermany_NORMAL_1157,kermany,NORMAL,kermany-im-0601,train,51b5a7f9ebd0b2adc43dc04762f8a539fd21bdf547855352f4f1c89115e8b192,kermany\train\NORMAL\NORMAL2-IM-0601-0001.jpeg,data\interim\selected\kermany_NORMAL_1157.jpeg,data/processed/images/kermany_NORMAL_1157.png
kermany_NORMAL_1158,kermany,NORMAL,kermany-im-0642,train,523b8e32a520569147323c4950b4605f7e45f7423fa6d8306d544a9018f8d1a8,kermany\train\NORMAL\IM-0642-0001.jpeg,data\interim\selected\kermany_NORMAL_1158.jpeg,data/processed/images/kermany_NORMAL_1158.png
kermany_NORMAL_1159,kermany,NORMAL,kermany-im-0636,train,52966573dfc3223fd214eee6afd019a5b9bb9e445e846955a3cae64a1b530119,kermany\train\NORMAL\IM-0636-0001.jpeg,data\interim\selected\kermany_NORMAL_1159.jpeg,data/processed/images/kermany_NORMAL_1159.png
kermany_NORMAL_1160,kermany,NORMAL,kermany-im-1051,train,52f5262ace51b9394fcca379eed4601786f8a0f525d78159e3c4b66d88b91e0c,kermany\train\NORMAL\NORMAL2-IM-1051-0001.jpeg,data\interim\selected\kermany_NORMAL_1160.jpeg,data/processed/images/kermany_NORMAL_1160.png
kermany_NORMAL_1161,kermany,NORMAL,kermany-im-0620,train,5350c09b1c5ad120207ccfe8c644ba61bd5ded08d182f6963d2f1c4b7ef4b6ab,kermany\train\NORMAL\IM-0620-0001-0002.jpeg,data\interim\selected\kermany_NORMAL_1161.jpeg,data/processed/images/kermany_NORMAL_1161.png
kermany_NORMAL_1162,kermany,NORMAL,kermany-im-0531,train,5390bf749c0bcf7438d8f577fc6c60546455bef09d6a04686930918f060db516,kermany\train\NORMAL\NORMAL2-IM-0531-0001.jpeg,data\interim\selected\kermany_NORMAL_1162.jpeg,data/processed/images/kermany_NORMAL_1162.png
kermany_NORMAL_1163,kermany,NORMAL,kermany-im-0416,train,53dbe0ba422317bef744430bcc09d659b56734e63a061da675c999013d3c09e3,kermany\train\NORMAL\NORMAL2-IM-0416-0001-0002.jpeg,data\interim\selected\kermany_NORMAL_1163.jpeg,data/processed/images/kermany_NORMAL_1163.png
kermany_NORMAL_1164,kermany,NORMAL,kermany-im-1261,train,544432efb994c2d9a0f299fb4e51a4e6b667a8a71d88888603b4631e6289f9d8,kermany\train\NORMAL\NORMAL2-IM-1261-0001.jpeg,data\interim\selected\kermany_NORMAL_1164.jpeg,data/processed/images/kermany_NORMAL_1164.png
kermany_NORMAL_1165,kermany,NORMAL,kermany-im-0622,train,54dde67257a9669c25c21412fb1af387f71f4cbefbf567201fa280a465a1e70a,kermany\train\NORMAL\IM-0622-0001-0002.jpeg,data\interim\selected\kermany_NORMAL_1165.jpeg,data/processed/images/kermany_NORMAL_1165.png
kermany_NORMAL_1166,kermany,NORMAL,kermany-im-0409,train,55cdd6d40d3a575243fb70324d74a0bf10ef1f9c8b7fc585e3835672c54eed59,kermany\train\NORMAL\IM-0409-0001.jpeg,data\interim\selected\kermany_NORMAL_1166.jpeg,data/processed/images/kermany_NORMAL_1166.png
kermany_NORMAL_1167,kermany,NORMAL,kermany-im-0369,train,575539dd694c7d1126f3ff9fb2b64b99815c9f32e8b9afccea5bf9ff727bf051,kermany\train\NORMAL\IM-0369-0001.jpeg,data\interim\selected\kermany_NORMAL_1167.jpeg,data/processed/images/kermany_NORMAL_1167.png
kermany_NORMAL_1168,kermany,NORMAL,kermany-im-0500,train,57698078de074efa6cb15dda4bff98bef14244c3532877f152c0464f22d009a3,kermany\train\NORMAL\NORMAL2-IM-0500-0001.jpeg,data\interim\selected\kermany_NORMAL_1168.jpeg,data/processed/images/kermany_NORMAL_1168.png
kermany_NORMAL_1169,kermany,NORMAL,kermany-im-0280,train,57bafccd0e069f50b3c91bd1b8e910a063d8884a424e09a0a54289675cd0acc4,kermany\test\NORMAL\NORMAL2-IM-0280-0001.jpeg,data\interim\selected\kermany_NORMAL_1169.jpeg,data/processed/images/kermany_NORMAL_1169.png
kermany_NORMAL_1170,kermany,NORMAL,kermany-im-0806,train,57bfd69540b6d022aaec3aa973dc8b1659f5516b59b0fb4d1cbd7b1c0e5380c4,kermany\train\NORMAL\NORMAL2-IM-0806-0001.jpeg,data\interim\selected\kermany_NORMAL_1170.jpeg,data/processed/images/kermany_NORMAL_1170.png
kermany_NORMAL_1171,kermany,NORMAL,kermany-im-0485,train,581c48261d4d22a65fc091a425e10c2bbf6d3236eeefd6b8125ee9d0130dfefb,kermany\train\NORMAL\NORMAL2-IM-0485-0001.jpeg,data\interim\selected\kermany_NORMAL_1171.jpeg,data/processed/images/kermany_NORMAL_1171.png
kermany_NORMAL_1172,kermany,NORMAL,kermany-im-0310,train,5a38f254e14791b766c25df003a123132a39d0581c7f94f2f299546a67617788,kermany\test\NORMAL\NORMAL2-IM-0310-0001.jpeg,data\interim\selected\kermany_NORMAL_1172.jpeg,data/processed/images/kermany_NORMAL_1172.png
kermany_NORMAL_1173,kermany,NORMAL,kermany-im-0993,train,5aeb2f65ecd0aad496da97755569e6e999e6fdce9197634992666bed123d65b7,kermany\train\NORMAL\NORMAL2-IM-0993-0001.jpeg,data\interim\selected\kermany_NORMAL_1173.jpeg,data/processed/images/kermany_NORMAL_1173.png
kermany_NORMAL_1174,kermany,NORMAL,kermany-im-0097,train,5afa31f0e46b445f7cd47fba99057f863e89501167be218a057457a8df39fc76,kermany\test\NORMAL\IM-0097-0001.jpeg,data\interim\selected\kermany_NORMAL_1174.jpeg,data/processed/images/kermany_NORMAL_1174.png
kermany_NORMAL_1175,kermany,NORMAL,kermany-im-1016,train,5bfa4f1b9aa00adb9adac71f272608fe50f0bde1e244ec7f6234f4aa06aba391,kermany\train\NORMAL\NORMAL2-IM-1016-0001.jpeg,data\interim\selected\kermany_NORMAL_1175.jpeg,data/processed/images/kermany_NORMAL_1175.png
kermany_NORMAL_1176,kermany,NORMAL,kermany-im-0509,train,5c9a8589d4e222cd20febec74e64ae39f29adf3dadcafc305fa803f97c99750b,kermany\train\NORMAL\NORMAL2-IM-0509-0001.jpeg,data\interim\selected\kermany_NORMAL_1176.jpeg,data/processed/images/kermany_NORMAL_1176.png
kermany_NORMAL_1177,kermany,NORMAL,kermany-im-1142,train,5dfd1ba64e382ec96d196ce4b4f54a26f71b17e63a2705aa8bdd3560a199f052,kermany\train\NORMAL\NORMAL2-IM-1142-0001.jpeg,data\interim\selected\kermany_NORMAL_1177.jpeg,data/processed/images/kermany_NORMAL_1177.png
kermany_NORMAL_1178,kermany,NORMAL,kermany-im-0994,train,5e1bec9808b6cf5b3ba0ccdc94083092d424a957cda4986fa60c05d88122c766,kermany\train\NORMAL\NORMAL2-IM-0994-0001.jpeg,data\interim\selected\kermany_NORMAL_1178.jpeg,data/processed/images/kermany_NORMAL_1178.png
kermany_NORMAL_1179,kermany,NORMAL,kermany-im-0903,train,5e2feaf3ebd59b366e313e466991ca6e9ee480a1afc5da44b132a0ca40218e36,kermany\train\NORMAL\NORMAL2-IM-0903-0001.jpeg,data\interim\selected\kermany_NORMAL_1179.jpeg,data/processed/images/kermany_NORMAL_1179.png
kermany_NORMAL_1180,kermany,NORMAL,kermany-im-1273,train,5e645399cd3dace3c8b5506b5d3c375b175060392ad1613b31017a94f290ba43,kermany\train\NORMAL\NORMAL2-IM-1273-0001.jpeg,data\interim\selected\kermany_NORMAL_1180.jpeg,data/processed/images/kermany_NORMAL_1180.png
kermany_NORMAL_1181,kermany,NORMAL,kermany-im-0170,train,5ece26a07643ca5322671f8137b19c85cb701a8ba6320814b842a34836e8da10,kermany\train\NORMAL\IM-0170-0001.jpeg,data\interim\selected\kermany_NORMAL_1181.jpeg,data/processed/images/kermany_NORMAL_1181.png
kermany_NORMAL_1182,kermany,NORMAL,kermany-im-0222,train,5f0cd26461e064a5088b1a4d9a9d036ffc9ac664a66d75a736aa342d33be6ce8,kermany\test\NORMAL\NORMAL2-IM-0222-0001.jpeg,data\interim\selected\kermany_NORMAL_1182.jpeg,data/processed/images/kermany_NORMAL_1182.png
kermany_NORMAL_1183,kermany,NORMAL,kermany-im-0765,train,5f6ab5f01ef35799c57c884bee8bcd35205a7a36bf0977ee4ed7e60ce71b29d1,kermany\train\NORMAL\NORMAL2-IM-0765-0001.jpeg,data\interim\selected\kermany_NORMAL_1183.jpeg,data/processed/images/kermany_NORMAL_1183.png
kermany_NORMAL_1184,kermany,NORMAL,kermany-im-0392,train,5f6b74e72ecbbbda6fe7fb2eead23488d77f56db06aedf4abd9bc7007d84fb0d,kermany\train\NORMAL\IM-0392-0001.jpeg,data\interim\selected\kermany_NORMAL_1184.jpeg,data/processed/images/kermany_NORMAL_1184.png
kermany_NORMAL_1185,kermany,NORMAL,kermany-im-0281,train,5f8a5e6226da944b777a1bf7a5f950322f04d1e7184bd810bc4efea22fc0ab6f,kermany\test\NORMAL\NORMAL2-IM-0281-0001.jpeg,data\interim\selected\kermany_NORMAL_1185.jpeg,data/processed/images/kermany_NORMAL_1185.png
kermany_NORMAL_1186,kermany,NORMAL,kermany-im-1096,train,5fbe2160aa6f11a10f67de8b2dea1512a6694914081366fc6a433e4d7110762d,kermany\train\NORMAL\NORMAL2-IM-1096-0001-0001.jpeg,data\interim\selected\kermany_NORMAL_1186.jpeg,data/processed/images/kermany_NORMAL_1186.png
kermany_NORMAL_1187,kermany,NORMAL,kermany-im-0448,train,6135fb723a80f3fd24541977de80aa077c911585f75fb2264a8589ae21355587,kermany\train\NORMAL\NORMAL2-IM-0448-0001.jpeg,data\interim\selected\kermany_NORMAL_1187.jpeg,data/processed/images/kermany_NORMAL_1187.png
kermany_NORMAL_1188,kermany,NORMAL,kermany-im-0317,train,614fe624b6a5a7dec7d4625b51bcd1214e8ceba5ef35703c1695b67ace0f80f8,kermany\test\NORMAL\NORMAL2-IM-0317-0001.jpeg,data\interim\selected\kermany_NORMAL_1188.jpeg,data/processed/images/kermany_NORMAL_1188.png
kermany_NORMAL_1189,kermany,NORMAL,kermany-im-0930,train,6177ec6adb86b23487fbdc013e3ada4d935c54c2e2e4a050db189949ca29687e,kermany\train\NORMAL\NORMAL2-IM-0930-0001.jpeg,data\interim\selected\kermany_NORMAL_1189.jpeg,data/processed/images/kermany_NORMAL_1189.png
kermany_NORMAL_1190,kermany,NORMAL,kermany-im-0147,train,61ab4a0ad8439b9318d2c565d618afad2cb7c7496f9fbfa1755c0e87ad13b184,kermany\train\NORMAL\IM-0147-0001.jpeg,data\interim\selected\kermany_NORMAL_1190.jpeg,data/processed/images/kermany_NORMAL_1190.png
kermany_NORMAL_1191,kermany,NORMAL,kermany-im-0206,train,61f05d90fb3143bd144e7b11d9288500273d4b1838358fa48bbeb1c66a646edc,kermany\test\NORMAL\NORMAL2-IM-0206-0001.jpeg,data\interim\selected\kermany_NORMAL_1191.jpeg,data/processed/images/kermany_NORMAL_1191.png
kermany_NORMAL_1192,kermany,NORMAL,kermany-im-0448,train,61fec018820794e2702b835bc7916ee3dc1569872cd0004c4399e1ea69f19118,kermany\train\NORMAL\IM-0448-0001.jpeg,data\interim\selected\kermany_NORMAL_1192.jpeg,data/processed/images/kermany_NORMAL_1192.png
kermany_NORMAL_1193,kermany,NORMAL,kermany-im-0437,train,635381dd1c39554a1cb347193fca81d5853aec24186276285705ee5270aaed75,kermany\train\NORMAL\IM-0437-0001.jpeg,data\interim\selected\kermany_NORMAL_1193.jpeg,data/processed/images/kermany_NORMAL_1193.png
kermany_NORMAL_1194,kermany,NORMAL,kermany-im-0707,train,635d856c7927d5c59e3abd923b47d0b69219cbeeccc4573f206c4a0cea28f5c2,kermany\train\NORMAL\NORMAL2-IM-0707-0001.jpeg,data\interim\selected\kermany_NORMAL_1194.jpeg,data/processed/images/kermany_NORMAL_1194.png
kermany_NORMAL_1195,kermany,NORMAL,kermany-im-0540,train,63fbe14b1eba285c642de6153b197d65a562bd035c18aee6f16a69d1954fa59a,kermany\train\NORMAL\IM-0540-0001.jpeg,data\interim\selected\kermany_NORMAL_1195.jpeg,data/processed/images/kermany_NORMAL_1195.png
kermany_NORMAL_1196,kermany,NORMAL,kermany-im-0643,train,63ff932a143ae654a7cb91ea822880f1e37b108f6fb1b39b5e589cd1ebf541b7,kermany\train\NORMAL\NORMAL2-IM-0643-0001.jpeg,data\interim\selected\kermany_NORMAL_1196.jpeg,data/processed/images/kermany_NORMAL_1196.png
kermany_NORMAL_1197,kermany,NORMAL,kermany-im-0945,train,64f13e91734c48eb399b39c1346aab321e085ce604ba397979e0fb57157e9ca9,kermany\train\NORMAL\NORMAL2-IM-0945-0001.jpeg,data\interim\selected\kermany_NORMAL_1197.jpeg,data/processed/images/kermany_NORMAL_1197.png
kermany_NORMAL_1198,kermany,NORMAL,kermany-im-0553,train,650026ae7bfb7659615d658b44a39a3bead78bacbcd7b3c613845f02df4bec0e,kermany\train\NORMAL\IM-0553-0001.jpeg,data\interim\selected\kermany_NORMAL_1198.jpeg,data/processed/images/kermany_NORMAL_1198.png
kermany_NORMAL_1199,kermany,NORMAL,kermany-im-0547,train,65a982639f6e33bbd08b69684900adba25796c72d65792a50f5cdc1125cf3f61,kermany\train\NORMAL\NORMAL2-IM-0547-0001.jpeg,data\interim\selected\kermany_NORMAL_1199.jpeg,data/processed/images/kermany_NORMAL_1199.png
kermany_NORMAL_1200,kermany,NORMAL,kermany-im-0592,train,6605db7789b5e2b4347e99957b50462275011b627ac4954f1389f4870e9bddd9,kermany\train\NORMAL\IM-0592-0001.jpeg,data\interim\selected\kermany_NORMAL_1200.jpeg,data/processed/images/kermany_NORMAL_1200.png
kermany_NORMAL_1201,kermany,NORMAL,kermany-im-0361,train,6799dab3a4efa6620fc242079634efadf0ac0a2f8846414c7e040dc33d5a6ea0,kermany\train\NORMAL\IM-0361-0001.jpeg,data\interim\selected\kermany_NORMAL_1201.jpeg,data/processed/images/kermany_NORMAL_1201.png
kermany_NORMAL_1202,kermany,NORMAL,kermany-im-0069,train,6802fb95816fa8e60596ed373ea5bb97c657056f32cce5ae4e09f663cde0c491,kermany\test\NORMAL\IM-0069-0001.jpeg,data\interim\selected\kermany_NORMAL_1202.jpeg,data/processed/images/kermany_NORMAL_1202.png
kermany_NORMAL_1203,kermany,NORMAL,kermany-im-0341,train,6829c462d8051ba278eaa29ee3c1c80f10a10fd1befaeb9a95ab7c2eec536ca5,kermany\train\NORMAL\IM-0341-0001.jpeg,data\interim\selected\kermany_NORMAL_1203.jpeg,data/processed/images/kermany_NORMAL_1203.png
kermany_NORMAL_1204,kermany,NORMAL,kermany-im-1096,train,68d6a489fb88186548bdf3d025a823ae2e7056bc5adec25123c6f95d98298339,kermany\train\NORMAL\NORMAL2-IM-1096-0001-0003.jpeg,data\interim\selected\kermany_NORMAL_1204.jpeg,data/processed/images/kermany_NORMAL_1204.png
kermany_NORMAL_1205,kermany,NORMAL,kermany-im-0346,train,6996504cf378e5eb39b3d84585cc895a4261434813747a3258e55d9399cb8862,kermany\test\NORMAL\NORMAL2-IM-0346-0001.jpeg,data\interim\selected\kermany_NORMAL_1205.jpeg,data/processed/images/kermany_NORMAL_1205.png
kermany_NORMAL_1206,kermany,NORMAL,kermany-im-0967,train,69bfb3d3a45f70061fd9505692c9c7776b0efcd89ce0b0594e76f09ea88eb7d8,kermany\train\NORMAL\NORMAL2-IM-0967-0001.jpeg,data\interim\selected\kermany_NORMAL_1206.jpeg,data/processed/images/kermany_NORMAL_1206.png
kermany_NORMAL_1207,kermany,NORMAL,kermany-im-1153,train,6a0de7c5977442909c37fc34b017029a5975bbbfb6e0e323770fac011cd0bbe8,kermany\train\NORMAL\NORMAL2-IM-1153-0001.jpeg,data\interim\selected\kermany_NORMAL_1207.jpeg,data/processed/images/kermany_NORMAL_1207.png
kermany_NORMAL_1208,kermany,NORMAL,kermany-im-0236,train,6ae5f2350d0848a9e2faa7fe2257ebd0527e500dab0deb1f2222b93e32d003a9,kermany\train\NORMAL\IM-0236-0001.jpeg,data\interim\selected\kermany_NORMAL_1208.jpeg,data/processed/images/kermany_NORMAL_1208.png
kermany_NORMAL_1209,kermany,NORMAL,kermany-im-0390,train,6ae717480d396d450dcd008ebba16215b5ccf4e6b76d3b387c320c0718de76fd,kermany\train\NORMAL\NORMAL2-IM-0390-0001.jpeg,data\interim\selected\kermany_NORMAL_1209.jpeg,data/processed/images/kermany_NORMAL_1209.png
kermany_NORMAL_1210,kermany,NORMAL,kermany-im-0671,train,6b0abeea5c78ccd37549776cccdf01fc9c0f186e93ab4e162efabf6ca802c230,kermany\train\NORMAL\NORMAL2-IM-0671-0001.jpeg,data\interim\selected\kermany_NORMAL_1210.jpeg,data/processed/images/kermany_NORMAL_1210.png
kermany_NORMAL_1211,kermany,NORMAL,kermany-im-0651,train,6b1978789cde8a5dbfcfde7434f08fba64b696dd2679012aa7bfe3a85e44a9b3,kermany\train\NORMAL\NORMAL2-IM-0651-0004.jpeg,data\interim\selected\kermany_NORMAL_1211.jpeg,data/processed/images/kermany_NORMAL_1211.png
kermany_NORMAL_1212,kermany,NORMAL,kermany-im-0027,train,6b3ca6c9dd04f1a9fe9f314aca48c53371b2523d242ecdcf2b095a24e4c3b38d,kermany\test\NORMAL\IM-0027-0001.jpeg,data\interim\selected\kermany_NORMAL_1212.jpeg,data/processed/images/kermany_NORMAL_1212.png
kermany_NORMAL_1213,kermany,NORMAL,kermany-im-0227,train,6b660b7222b1f8a87d2d549dc0181f70ee370213ad664106aad79608fc73ad77,kermany\train\NORMAL\IM-0227-0001.jpeg,data\interim\selected\kermany_NORMAL_1213.jpeg,data/processed/images/kermany_NORMAL_1213.png
kermany_NORMAL_1214,kermany,NORMAL,kermany-im-0684,train,6be099a536aa52fe4ac52b98c04d22452ddd9ebea866937aec30e30259819455,kermany\train\NORMAL\NORMAL2-IM-0684-0001-0001.jpeg,data\interim\selected\kermany_NORMAL_1214.jpeg,data/processed/images/kermany_NORMAL_1214.png
kermany_NORMAL_1215,kermany,NORMAL,kermany-im-0710,train,6c29a262508d6960b89723170966924e5734d1c4defe70e0dc09b0b774badd0f,kermany\train\NORMAL\IM-0710-0001.jpeg,data\interim\selected\kermany_NORMAL_1215.jpeg,data/processed/images/kermany_NORMAL_1215.png
kermany_NORMAL_1216,kermany,NORMAL,kermany-im-0241,train,6cabd993c74b500d494a9221f8e6aefcd39aedc9b4946fd1062e329307dcef93,kermany\train\NORMAL\IM-0241-0001.jpeg,data\interim\selected\kermany_NORMAL_1216.jpeg,data/processed/images/kermany_NORMAL_1216.png
kermany_NORMAL_1217,kermany,NORMAL,kermany-im-0535,train,6ced4f5f92cadd4d7705bb85c0fc47d550606ff7a5d3d07d445f0581be6eba0b,kermany\train\NORMAL\NORMAL2-IM-0535-0001.jpeg,data\interim\selected\kermany_NORMAL_1217.jpeg,data/processed/images/kermany_NORMAL_1217.png
kermany_NORMAL_1218,kermany,NORMAL,kermany-im-0246,train,6d38bbd83d8d79a9f8c72799e98a6cb7c11b43fd56553f1f74b3d82b284d2669,kermany\test\NORMAL\NORMAL2-IM-0246-0001.jpeg,data\interim\selected\kermany_NORMAL_1218.jpeg,data/processed/images/kermany_NORMAL_1218.png
kermany_NORMAL_1219,kermany,NORMAL,kermany-im-0853,train,6e01a6ba0b1fe993d7143463cd04a5750f55abe3a71d854659b0d0935414406c,kermany\train\NORMAL\NORMAL2-IM-0853-0001.jpeg,data\interim\selected\kermany_NORMAL_1219.jpeg,data/processed/images/kermany_NORMAL_1219.png
kermany_NORMAL_1220,kermany,NORMAL,kermany-im-0615,train,6e0d2c3e342e260233beb65908a8849ab380e0de6d453d512c6055f135a8de78,kermany\train\NORMAL\IM-0615-0001.jpeg,data\interim\selected\kermany_NORMAL_1220.jpeg,data/processed/images/kermany_NORMAL_1220.png
kermany_NORMAL_1221,kermany,NORMAL,kermany-im-0424,train,6e279837f9e447026ec2a13c728df1a7438e763126442312cd8f065d8a9dc5fc,kermany\train\NORMAL\NORMAL2-IM-0424-0001.jpeg,data\interim\selected\kermany_NORMAL_1221.jpeg,data/processed/images/kermany_NORMAL_1221.png
kermany_NORMAL_1222,kermany,NORMAL,kermany-im-0580,train,6e97b72e0833afce921ce0ca15fd1198f60d14631462b0b4c4a1777a58e16957,kermany\train\NORMAL\NORMAL2-IM-0580-0001.jpeg,data\interim\selected\kermany_NORMAL_1222.jpeg,data/processed/images/kermany_NORMAL_1222.png
kermany_NORMAL_1223,kermany,NORMAL,kermany-im-0437,train,6f1f1905a8de56a7f98235d8f8ec5de76c2a5367026d9671f1ef9de8ec322ab2,kermany\train\NORMAL\NORMAL2-IM-0437-0001.jpeg,data\interim\selected\kermany_NORMAL_1223.jpeg,data/processed/images/kermany_NORMAL_1223.png
kermany_NORMAL_1224,kermany,NORMAL,kermany-im-0289,train,6fb6cf28378499be844dc936fb531405d9a7059deb6666db129d612f7ff019e7,kermany\train\NORMAL\IM-0289-0001.jpeg,data\interim\selected\kermany_NORMAL_1224.jpeg,data/processed/images/kermany_NORMAL_1224.png
kermany_NORMAL_1225,kermany,NORMAL,kermany-im-0453,train,702b9c667a017974a8c2d804ceeab2257b61d6e36e827b6b01b2888f3a885c35,kermany\train\NORMAL\IM-0453-0001-0002.jpeg,data\interim\selected\kermany_NORMAL_1225.jpeg,data/processed/images/kermany_NORMAL_1225.png
kermany_NORMAL_1226,kermany,NORMAL,kermany-im-1219,train,7045727192baf24c4177a600e76fe3430301517985d29a850a1f470e8dd32d56,kermany\train\NORMAL\NORMAL2-IM-1219-0001.jpeg,data\interim\selected\kermany_NORMAL_1226.jpeg,data/processed/images/kermany_NORMAL_1226.png
kermany_NORMAL_1227,kermany,NORMAL,kermany-im-0073,train,708717931d67226fd2a994aee8962c629142ff0c72d4fd4157082e4d7fcbb5d1,kermany\test\NORMAL\NORMAL2-IM-0073-0001.jpeg,data\interim\selected\kermany_NORMAL_1227.jpeg,data/processed/images/kermany_NORMAL_1227.png
kermany_NORMAL_1228,kermany,NORMAL,kermany-im-0699,train,70f4278f3b0d66b5c2e1f82334129635b6422127744435c9176f4731722d6eb7,kermany\train\NORMAL\NORMAL2-IM-0699-0001.jpeg,data\interim\selected\kermany_NORMAL_1228.jpeg,data/processed/images/kermany_NORMAL_1228.png
kermany_NORMAL_1229,kermany,NORMAL,kermany-im-0536,train,71108cea70a767ac6ec636e3b646cff5668327ecce06f56cbf91595f7ba19dbe,kermany\train\NORMAL\IM-0536-0001.jpeg,data\interim\selected\kermany_NORMAL_1229.jpeg,data/processed/images/kermany_NORMAL_1229.png
kermany_NORMAL_1230,kermany,NORMAL,kermany-im-0286,train,71b35366b51ff0ec62a5667d3344795e30a5565af8ac70d5439735506cb281a4,kermany\test\NORMAL\NORMAL2-IM-0286-0001.jpeg,data\interim\selected\kermany_NORMAL_1230.jpeg,data/processed/images/kermany_NORMAL_1230.png
kermany_NORMAL_1231,kermany,NORMAL,kermany-im-0781,train,71ba4114fa33cf70ef590667f9a2c52f080f895d0e9df18ebc2b43deb02b8c4d,kermany\train\NORMAL\NORMAL2-IM-0781-0001.jpeg,data\interim\selected\kermany_NORMAL_1231.jpeg,data/processed/images/kermany_NORMAL_1231.png
kermany_NORMAL_1232,kermany,NORMAL,kermany-im-1035,train,7263615cba042c959114280f7119ded8af1c933253463bcf574afd56967c5bbe,kermany\train\NORMAL\NORMAL2-IM-1035-0001.jpeg,data\interim\selected\kermany_NORMAL_1232.jpeg,data/processed/images/kermany_NORMAL_1232.png
kermany_NORMAL_1233,kermany,NORMAL,kermany-im-0087,train,7342e0f983ad367b98e075741376f0805a5515711eabf04eb7e261344095bd8d,kermany\test\NORMAL\IM-0087-0001.jpeg,data\interim\selected\kermany_NORMAL_1233.jpeg,data/processed/images/kermany_NORMAL_1233.png
kermany_NORMAL_1234,kermany,NORMAL,kermany-im-1033,train,735f98d0d02f105ce2080b44f25837f433df164ebf202d203daa808eed6d4564,kermany\train\NORMAL\NORMAL2-IM-1033-0001.jpeg,data\interim\selected\kermany_NORMAL_1234.jpeg,data/processed/images/kermany_NORMAL_1234.png
kermany_NORMAL_1235,kermany,NORMAL,kermany-im-0408,train,744c651e74dde4be84bdeccaac23b20ea111bbf44eacc8112830292e8a0fa5b0,kermany\train\NORMAL\NORMAL2-IM-0408-0001.jpeg,data\interim\selected\kermany_NORMAL_1235.jpeg,data/processed/images/kermany_NORMAL_1235.png
kermany_NORMAL_1236,kermany,NORMAL,kermany-im-0433,train,74721f3bebdbbfc43b33b5019e185ff5bd5d8f441cba186b88c77bb621958d86,kermany\train\NORMAL\IM-0433-0001.jpeg,data\interim\selected\kermany_NORMAL_1236.jpeg,data/processed/images/kermany_NORMAL_1236.png
kermany_NORMAL_1237,kermany,NORMAL,kermany-im-0557,train,74cf6b836c4593c53dc2a1c6268243b288cc24159a3e57518f373915cce66ff2,kermany\train\NORMAL\IM-0557-0001.jpeg,data\interim\selected\kermany_NORMAL_1237.jpeg,data/processed/images/kermany_NORMAL_1237.png
kermany_NORMAL_1238,kermany,NORMAL,kermany-im-0630,train,74e1414e8c24287d940a918712cc0561105c1170e5b38ce5ce562b944c68e17e,kermany\train\NORMAL\NORMAL2-IM-0630-0001.jpeg,data\interim\selected\kermany_NORMAL_1238.jpeg,data/processed/images/kermany_NORMAL_1238.png
kermany_NORMAL_1239,kermany,NORMAL,kermany-im-0896,train,7526bd98f2aa20617c87de4870b68953a45795c6550b167b6254411aa351ee4c,kermany\train\NORMAL\NORMAL2-IM-0896-0001.jpeg,data\interim\selected\kermany_NORMAL_1239.jpeg,data/processed/images/kermany_NORMAL_1239.png
kermany_NORMAL_1240,kermany,NORMAL,kermany-im-0608,train,75f434866ef89ab9f897102ff599c7d564641e3da9f9d42d37fe392a2a24c78b,kermany\train\NORMAL\IM-0608-0001-0001.jpeg,data\interim\selected\kermany_NORMAL_1240.jpeg,data/processed/images/kermany_NORMAL_1240.png
kermany_NORMAL_1241,kermany,NORMAL,kermany-im-0293,train,768bab389548e252d143686231fe70c629390ee223bc8becedc242068582bb72,kermany\train\NORMAL\IM-0293-0001.jpeg,data\interim\selected\kermany_NORMAL_1241.jpeg,data/processed/images/kermany_NORMAL_1241.png
kermany_NORMAL_1242,kermany,NORMAL,kermany-im-0845,train,768f1a1e0572291cbf52ab0a5ae5413db774c52757d7d73f897f93bc5ff974a7,kermany\train\NORMAL\NORMAL2-IM-0845-0001.jpeg,data\interim\selected\kermany_NORMAL_1242.jpeg,data/processed/images/kermany_NORMAL_1242.png
kermany_NORMAL_1243,kermany,NORMAL,kermany-im-0111,train,776b392f9584b6a545e53a6db39f62ad20b2ab1d11a140a9c29d147b1db25482,kermany\test\NORMAL\IM-0111-0001.jpeg,data\interim\selected\kermany_NORMAL_1243.jpeg,data/processed/images/kermany_NORMAL_1243.png
kermany_NORMAL_1244,kermany,NORMAL,kermany-im-0370,train,7836079645f02303e7217355eb1c183e013647b0a1b4c7e5321092fb36fd9783,kermany\test\NORMAL\NORMAL2-IM-0370-0001.jpeg,data\interim\selected\kermany_NORMAL_1244.jpeg,data/processed/images/kermany_NORMAL_1244.png
kermany_NORMAL_1245,kermany,NORMAL,kermany-im-0724,train,78949e0e75503c3cbc7dabbc50182078fb9a8431d0d959fecfc674b88c69e17b,kermany\train\NORMAL\IM-0724-0001.jpeg,data\interim\selected\kermany_NORMAL_1245.jpeg,data/processed/images/kermany_NORMAL_1245.png
kermany_NORMAL_1246,kermany,NORMAL,kermany-im-0274,train,78ace49aa81f1848ee990c333f5e91a54318204fad1e96d1cb59f6179c544779,kermany\test\NORMAL\NORMAL2-IM-0274-0001.jpeg,data\interim\selected\kermany_NORMAL_1246.jpeg,data/processed/images/kermany_NORMAL_1246.png
kermany_NORMAL_1247,kermany,NORMAL,kermany-im-1058,train,7925bd0c24151971f11d93b90674d7d0c86e9b0080aafd3bc83e3dffc4385e7f,kermany\train\NORMAL\NORMAL2-IM-1058-0001.jpeg,data\interim\selected\kermany_NORMAL_1247.jpeg,data/processed/images/kermany_NORMAL_1247.png
kermany_NORMAL_1248,kermany,NORMAL,kermany-im-0518,train,79f82a9068cb3713ad2fa431a1a7ddc8f73a393ab3a53de0e59ca7938d72dc0c,kermany\train\NORMAL\NORMAL2-IM-0518-0001.jpeg,data\interim\selected\kermany_NORMAL_1248.jpeg,data/processed/images/kermany_NORMAL_1248.png
kermany_NORMAL_1249,kermany,NORMAL,kermany-im-0407,train,7a6c8f396768271e73a053648286a30a37413424b35343aeb516e023c229db60,kermany\train\NORMAL\NORMAL2-IM-0407-0001.jpeg,data\interim\selected\kermany_NORMAL_1249.jpeg,data/processed/images/kermany_NORMAL_1249.png
kermany_NORMAL_1250,kermany,NORMAL,kermany-im-0338,train,7bfac3bf2f09c1b63deb254bf3f9af7fa0952353d44c5cceac0fe60ec94aacec,kermany\train\NORMAL\IM-0338-0001.jpeg,data\interim\selected\kermany_NORMAL_1250.jpeg,data/processed/images/kermany_NORMAL_1250.png
kermany_NORMAL_1251,kermany,NORMAL,kermany-im-0274,train,7c1ac7be3be6cf66abb694628bdbe6865f707b7b7b7d7dbb502a9f9ff8dae022,kermany\train\NORMAL\IM-0274-0001.jpeg,data\interim\selected\kermany_NORMAL_1251.jpeg,data/processed/images/kermany_NORMAL_1251.png
kermany_NORMAL_1252,kermany,NORMAL,kermany-im-0532,train,7c4c884b8c9b0f7d13aa95bccad4417eb71c3a0b452f6fc3c63a843c3d35af90,kermany\train\NORMAL\IM-0532-0001.jpeg,data\interim\selected\kermany_NORMAL_1252.jpeg,data/processed/images/kermany_NORMAL_1252.png
kermany_NORMAL_1253,kermany,NORMAL,kermany-im-0287,train,7c7d1f47a2f07cda005da4bb3eda02d3e6c21f2c97875cde122ce4c781e7d809,kermany\test\NORMAL\NORMAL2-IM-0287-0001.jpeg,data\interim\selected\kermany_NORMAL_1253.jpeg,data/processed/images/kermany_NORMAL_1253.png
kermany_NORMAL_1254,kermany,NORMAL,kermany-im-0475,train,7c9113d516a845003e13fbba9a5b079e478c5d09c61442767a368d8e0ae948bc,kermany\train\NORMAL\NORMAL2-IM-0475-0001.jpeg,data\interim\selected\kermany_NORMAL_1254.jpeg,data/processed/images/kermany_NORMAL_1254.png
kermany_NORMAL_1255,kermany,NORMAL,kermany-im-0543,train,7cdb638eb3c20a43b0bcf6a7826cafa60ffed5e2026d1f8405905a2790230e24,kermany\train\NORMAL\NORMAL2-IM-0543-0001.jpeg,data\interim\selected\kermany_NORMAL_1255.jpeg,data/processed/images/kermany_NORMAL_1255.png
kermany_NORMAL_1256,kermany,NORMAL,kermany-im-0415,train,7cf7eed6282fea1b24f8569ea91cd28e17ac5e627e9e22483273ca36cc18d7da,kermany\train\NORMAL\NORMAL2-IM-0415-0001.jpeg,data\interim\selected\kermany_NORMAL_1256.jpeg,data/processed/images/kermany_NORMAL_1256.png
kermany_NORMAL_1257,kermany,NORMAL,kermany-im-0268,train,7d654662ebc528c021677f47fcfc9f25145f793693607aa8a35293d88e861f32,kermany\train\NORMAL\IM-0268-0001.jpeg,data\interim\selected\kermany_NORMAL_1257.jpeg,data/processed/images/kermany_NORMAL_1257.png
kermany_NORMAL_1258,kermany,NORMAL,kermany-im-0969,train,7dc927b5a256013f129f5eb2f4fe7b07edbe74bdffa7ef498125e8898e9af68d,kermany\train\NORMAL\NORMAL2-IM-0969-0001.jpeg,data\interim\selected\kermany_NORMAL_1258.jpeg,data/processed/images/kermany_NORMAL_1258.png
kermany_NORMAL_1259,kermany,NORMAL,kermany-im-0403,train,7dd57ae04cc345e05ea0fe634f1e229b208a818d531a53c19498698d9defefc8,kermany\train\NORMAL\NORMAL2-IM-0403-0001.jpeg,data\interim\selected\kermany_NORMAL_1259.jpeg,data/processed/images/kermany_NORMAL_1259.png
kermany_NORMAL_1260,kermany,NORMAL,kermany-im-0189,train,7ddfff727038547ab3c57301d67ca6c4e946ec7fc4202d1547590537f4b1d2bf,kermany\train\NORMAL\IM-0189-0001.jpeg,data\interim\selected\kermany_NORMAL_1260.jpeg,data/processed/images/kermany_NORMAL_1260.png
kermany_NORMAL_1261,kermany,NORMAL,kermany-im-0649,train,7e03c65b6e6a91fec6699bb02a2c155774ce353f21adf4ec1e720ae8a0dbcfef,kermany\train\NORMAL\NORMAL2-IM-0649-0001.jpeg,data\interim\selected\kermany_NORMAL_1261.jpeg,data/processed/images/kermany_NORMAL_1261.png
kermany_NORMAL_1262,kermany,NORMAL,kermany-im-0367,train,7e689e2bbb4a34922975c59ed46919ef36f195b5bb693ed763c9f30b1c5751b8,kermany\train\NORMAL\IM-0367-0001.jpeg,data\interim\selected\kermany_NORMAL_1262.jpeg,data/processed/images/kermany_NORMAL_1262.png
kermany_NORMAL_1263,kermany,NORMAL,kermany-im-0644,train,7ed0fb617fa9dae738601277123618c5cfe3b01c0429df941a0aa053fc1d4191,kermany\train\NORMAL\IM-0644-0001-0002.jpeg,data\interim\selected\kermany_NORMAL_1263.jpeg,data/processed/images/kermany_NORMAL_1263.png
kermany_NORMAL_1264,kermany,NORMAL,kermany-im-1104,train,800c4b093a96c6a3ffaaeed5fa7b58530cc86d8a1f479bda1442a954d0884782,kermany\train\NORMAL\NORMAL2-IM-1104-0001.jpeg,data\interim\selected\kermany_NORMAL_1264.jpeg,data/processed/images/kermany_NORMAL_1264.png
kermany_NORMAL_1265,kermany,NORMAL,kermany-im-0414,train,80ba854c927d22ff8392d0d45133641cc5a3502306a4e8f9041b19d6219e77b5,kermany\train\NORMAL\IM-0414-0001.jpeg,data\interim\selected\kermany_NORMAL_1265.jpeg,data/processed/images/kermany_NORMAL_1265.png
kermany_NORMAL_1266,kermany,NORMAL,kermany-im-0867,train,8141d4931c7269a7934210f09652b71cbef4981454f3c57c892b22f9fef93e8a,kermany\train\NORMAL\NORMAL2-IM-0867-0001.jpeg,data\interim\selected\kermany_NORMAL_1266.jpeg,data/processed/images/kermany_NORMAL_1266.png
kermany_NORMAL_1267,kermany,NORMAL,kermany-im-1154,train,81db2f4495cc7b870926f8aa361701aeb4b1cdcc4f9e66c50d338ad68c3a2790,kermany\train\NORMAL\NORMAL2-IM-1154-0001-0002.jpeg,data\interim\selected\kermany_NORMAL_1267.jpeg,data/processed/images/kermany_NORMAL_1267.png
kermany_NORMAL_1268,kermany,NORMAL,kermany-im-0463,train,82106240c252b08d6e685c5eae9b6f4deea0674083159e03fac70fd1361e23bf,kermany\train\NORMAL\NORMAL2-IM-0463-0001.jpeg,data\interim\selected\kermany_NORMAL_1268.jpeg,data/processed/images/kermany_NORMAL_1268.png
kermany_NORMAL_1269,kermany,NORMAL,kermany-im-0338,train,824b0f05051d3f3722320c5ec3a76690814970fc9c7ab2ad345a554a75e3e32b,kermany\test\NORMAL\NORMAL2-IM-0338-0001.jpeg,data\interim\selected\kermany_NORMAL_1269.jpeg,data/processed/images/kermany_NORMAL_1269.png
kermany_NORMAL_1270,kermany,NORMAL,kermany-im-0428,train,825f1fa878adc5e37fdafa7528160dcd76edd405317b25fecfa703d57c768ce1,kermany\train\NORMAL\NORMAL2-IM-0428-0001.jpeg,data\interim\selected\kermany_NORMAL_1270.jpeg,data/processed/images/kermany_NORMAL_1270.png
kermany_NORMAL_1271,kermany,NORMAL,kermany-im-0301,train,829342c1f6b1e7e675a4c63ad10a0c6487cf0d0aff0d67eb290c17a02fa1d3ca,kermany\test\NORMAL\NORMAL2-IM-0301-0001.jpeg,data\interim\selected\kermany_NORMAL_1271.jpeg,data/processed/images/kermany_NORMAL_1271.png
kermany_NORMAL_1272,kermany,NORMAL,kermany-im-0501,train,83227b250c11ed98d1d003c2ee53d58b6f6008c57e8f9d97ed1ff258b7c6be84,kermany\train\NORMAL\IM-0501-0001.jpeg,data\interim\selected\kermany_NORMAL_1272.jpeg,data/processed/images/kermany_NORMAL_1272.png
kermany_NORMAL_1273,kermany,NORMAL,kermany-im-0723,train,835746a7f8e7116ba512e23b778cfbc4c621619bda6fa187beb9b7412c38602d,kermany\train\NORMAL\NORMAL2-IM-0723-0001.jpeg,data\interim\selected\kermany_NORMAL_1273.jpeg,data/processed/images/kermany_NORMAL_1273.png
kermany_NORMAL_1274,kermany,NORMAL,kermany-im-1134,train,8385855ea7610552a17d5c158919c328411b3911ff2554f276ee03e6a17edac4,kermany\train\NORMAL\NORMAL2-IM-1134-0001.jpeg,data\interim\selected\kermany_NORMAL_1274.jpeg,data/processed/images/kermany_NORMAL_1274.png
kermany_NORMAL_1275,kermany,NORMAL,kermany-im-1345,train,84ea579cdedc3088768bce765d4ce81bd6e37432ca172768cda009e87d78c2ee,kermany\train\NORMAL\NORMAL2-IM-1345-0001-0001.jpeg,data\interim\selected\kermany_NORMAL_1275.jpeg,data/processed/images/kermany_NORMAL_1275.png
kermany_NORMAL_1276,kermany,NORMAL,kermany-im-1064,train,869340f9c85b6f08c0d3eb6d470b2361ab51738467cdd8fa494cd43728d74ff1,kermany\train\NORMAL\NORMAL2-IM-1064-0001.jpeg,data\interim\selected\kermany_NORMAL_1276.jpeg,data/processed/images/kermany_NORMAL_1276.png
kermany_NORMAL_1277,kermany,NORMAL,kermany-im-0741,train,86aa6295336393e80d0f298616e7ccfff203e4184b11f412e7c4855da15cf6a7,kermany\train\NORMAL\IM-0741-0001.jpeg,data\interim\selected\kermany_NORMAL_1277.jpeg,data/processed/images/kermany_NORMAL_1277.png
kermany_NORMAL_1278,kermany,NORMAL,kermany-im-0400,train,86c3d886745b9af25e0f2f9100adccff6f9c0b610498f75789ec4e912a9793cf,kermany\train\NORMAL\IM-0400-0001.jpeg,data\interim\selected\kermany_NORMAL_1278.jpeg,data/processed/images/kermany_NORMAL_1278.png
kermany_NORMAL_1279,kermany,NORMAL,kermany-im-0874,train,87593bafc3ebbf75c6a525dbf4572a8f390cf1127b4d448449bc8c2bef5d5f91,kermany\train\NORMAL\NORMAL2-IM-0874-0001.jpeg,data\interim\selected\kermany_NORMAL_1279.jpeg,data/processed/images/kermany_NORMAL_1279.png
kermany_NORMAL_1280,kermany,NORMAL,kermany-im-1091,train,876f019bf9512144a0a64ac8cf77dcc31b484abc6c5cf4b37bd9fa996e67584f,kermany\train\NORMAL\NORMAL2-IM-1091-0001.jpeg,data\interim\selected\kermany_NORMAL_1280.jpeg,data/processed/images/kermany_NORMAL_1280.png
kermany_NORMAL_1281,kermany,NORMAL,kermany-im-0750,train,87d497648a453a74637344d1699064e929e2e1adf867d1479823be232b0266f5,kermany\train\NORMAL\IM-0750-0001.jpeg,data\interim\selected\kermany_NORMAL_1281.jpeg,data/processed/images/kermany_NORMAL_1281.png
kermany_NORMAL_1282,kermany,NORMAL,kermany-im-1173,train,880b58120dc75ea57b4f0322a31435475b06b27deac9b21f149bb9edcfdb1a30,kermany\train\NORMAL\NORMAL2-IM-1173-0001.jpeg,data\interim\selected\kermany_NORMAL_1282.jpeg,data/processed/images/kermany_NORMAL_1282.png
kermany_NORMAL_1283,kermany,NORMAL,kermany-im-0513,train,88608e16413bc171a69e572d385c1a14cefff125e6608f697e096561e48e53aa,kermany\train\NORMAL\IM-0513-0001.jpeg,data\interim\selected\kermany_NORMAL_1283.jpeg,data/processed/images/kermany_NORMAL_1283.png
kermany_NORMAL_1284,kermany,NORMAL,kermany-im-0060,train,88f092395b4c91977b4b8a781472f6fd2ccf47e8277b8e70e28e918f04c2ed09,kermany\test\NORMAL\NORMAL2-IM-0060-0001.jpeg,data\interim\selected\kermany_NORMAL_1284.jpeg,data/processed/images/kermany_NORMAL_1284.png
kermany_NORMAL_1285,kermany,NORMAL,kermany-im-0380,train,89c833b6840bc1849bb5995fb8adf7ece83e5d4a3a2d12808ba7329ee2200bb4,kermany\test\NORMAL\NORMAL2-IM-0380-0001.jpeg,data\interim\selected\kermany_NORMAL_1285.jpeg,data/processed/images/kermany_NORMAL_1285.png
kermany_NORMAL_1286,kermany,NORMAL,kermany-im-0066,train,8aa8b87473026fbe1c33d8070d3ccf49bc707915bf5699e9c57d00ec74afc1e3,kermany\test\NORMAL\NORMAL2-IM-0066-0001.jpeg,data\interim\selected\kermany_NORMAL_1286.jpeg,data/processed/images/kermany_NORMAL_1286.png
kermany_NORMAL_1287,kermany,NORMAL,kermany-im-0523,train,8aad2063e94d96b16c87fb12492454bca58f24c0b22d558309f41290b46525ad,kermany\train\NORMAL\IM-0523-0001-0003.jpeg,data\interim\selected\kermany_NORMAL_1287.jpeg,data/processed/images/kermany_NORMAL_1287.png
kermany_NORMAL_1288,kermany,NORMAL,kermany-im-0987,train,8b7d8b063dfbb50a182abfe396122b81bda0641199d4928a8cda44647f44f57c,kermany\train\NORMAL\NORMAL2-IM-0987-0001.jpeg,data\interim\selected\kermany_NORMAL_1288.jpeg,data/processed/images/kermany_NORMAL_1288.png
kermany_NORMAL_1289,kermany,NORMAL,kermany-im-0685,train,8bc41068df1e13a35ffd274abb17f666ca8c3947361a6aee093429e7754882af,kermany\train\NORMAL\IM-0685-0001.jpeg,data\interim\selected\kermany_NORMAL_1289.jpeg,data/processed/images/kermany_NORMAL_1289.png
kermany_NORMAL_1290,kermany,NORMAL,kermany-im-0936,train,8bd64c8cf0216dd23d340f0969ba86c988c31436541ce39b3eb92567def58287,kermany\train\NORMAL\NORMAL2-IM-0936-0001.jpeg,data\interim\selected\kermany_NORMAL_1290.jpeg,data/processed/images/kermany_NORMAL_1290.png
kermany_NORMAL_1291,kermany,NORMAL,kermany-im-0950,train,8ce13f0a76a997a3866254ba3193de3fe2c574a8a2177f36f838e12b824c50bb,kermany\train\NORMAL\NORMAL2-IM-0950-0001.jpeg,data\interim\selected\kermany_NORMAL_1291.jpeg,data/processed/images/kermany_NORMAL_1291.png
kermany_NORMAL_1292,kermany,NORMAL,kermany-im-0866,train,8edb0aaf6b00b6f8cdb6f1164d2c5dca54cea9d3c622c980aa5fcf252de32d4b,kermany\train\NORMAL\NORMAL2-IM-0866-0001.jpeg,data\interim\selected\kermany_NORMAL_1292.jpeg,data/processed/images/kermany_NORMAL_1292.png
kermany_NORMAL_1293,kermany,NORMAL,kermany-im-1347,train,8f642153df592275bfb273ccea1e79e1fbb064f19af504b8c2a4817a2167329e,kermany\train\NORMAL\NORMAL2-IM-1347-0001.jpeg,data\interim\selected\kermany_NORMAL_1293.jpeg,data/processed/images/kermany_NORMAL_1293.png
kermany_NORMAL_1294,kermany,NORMAL,kermany-im-0364,train,8fab1d7bad15c32e8ce2044dfeb22ff3c66f3150a0d514d3ee14c0523cc0e634,kermany\train\NORMAL\IM-0364-0001.jpeg,data\interim\selected\kermany_NORMAL_1294.jpeg,data/processed/images/kermany_NORMAL_1294.png
kermany_NORMAL_1295,kermany,NORMAL,kermany-im-0511,train,8fcc4a1b1d75de9a7eb2cd3fd72cf0ba4da98fc7c167fb8802370b57fae9091a,kermany\train\NORMAL\NORMAL2-IM-0511-0001.jpeg,data\interim\selected\kermany_NORMAL_1295.jpeg,data/processed/images/kermany_NORMAL_1295.png
kermany_NORMAL_1296,kermany,NORMAL,kermany-im-0313,train,8fe905e7f06a8e69100925aa65832a51c544bf263f55206ca5d2417e4250e244,kermany\train\NORMAL\IM-0313-0001.jpeg,data\interim\selected\kermany_NORMAL_1296.jpeg,data/processed/images/kermany_NORMAL_1296.png
kermany_NORMAL_1297,kermany,NORMAL,kermany-im-1278,train,906c4086c3b95eaa32927c6a641afa7b484eaea2e82268d5e71399bb3d266d75,kermany\train\NORMAL\NORMAL2-IM-1278-0001.jpeg,data\interim\selected\kermany_NORMAL_1297.jpeg,data/processed/images/kermany_NORMAL_1297.png
kermany_NORMAL_1298,kermany,NORMAL,kermany-im-1037,train,909013431d14353f7a6e17252838753c6bee1a78d2c00eb924ee8c160749c214,kermany\train\NORMAL\NORMAL2-IM-1037-0001.jpeg,data\interim\selected\kermany_NORMAL_1298.jpeg,data/processed/images/kermany_NORMAL_1298.png
kermany_NORMAL_1299,kermany,NORMAL,kermany-im-0456,train,90b5bc07ba5b47738ef16dcbb75dd29fbd0b2ce8015281e27561a54cc09c9254,kermany\train\NORMAL\IM-0456-0001.jpeg,data\interim\selected\kermany_NORMAL_1299.jpeg,data/processed/images/kermany_NORMAL_1299.png
kermany_NORMAL_1300,kermany,NORMAL,kermany-im-0865,train,922e26cb5e0fb179e467fd78cc972bd25d71ea1d1d089ff18f5f269f2b2daa8f,kermany\train\NORMAL\NORMAL2-IM-0865-0001.jpeg,data\interim\selected\kermany_NORMAL_1300.jpeg,data/processed/images/kermany_NORMAL_1300.png
kermany_NORMAL_1301,kermany,NORMAL,kermany-im-0674,train,930d4a62fc9cf3bf3984c523173ba5d707feeaccac07e21e07e21afb53394736,kermany\train\NORMAL\IM-0674-0001.jpeg,data\interim\selected\kermany_NORMAL_1301.jpeg,data/processed/images/kermany_NORMAL_1301.png
kermany_NORMAL_1302,kermany,NORMAL,kermany-im-0444,train,9319e8b3cc697f17fb088ed4d9f1211a2b0ba793257f9330bbb0d9e4e0b823a0,kermany\train\NORMAL\IM-0444-0001.jpeg,data\interim\selected\kermany_NORMAL_1302.jpeg,data/processed/images/kermany_NORMAL_1302.png
kermany_NORMAL_1303,kermany,NORMAL,kermany-im-0326,train,938797e0a6d8e9441165f38c1da2c20a2e86ff61d2a055327f15acad54b71d3c,kermany\train\NORMAL\IM-0326-0001.jpeg,data\interim\selected\kermany_NORMAL_1303.jpeg,data/processed/images/kermany_NORMAL_1303.png
kermany_NORMAL_1304,kermany,NORMAL,kermany-im-1332,train,93c1c9dedb256eef02e106ef85967648fe4dea71a5de502456caf845f8a1935b,kermany\train\NORMAL\NORMAL2-IM-1332-0001.jpeg,data\interim\selected\kermany_NORMAL_1304.jpeg,data/processed/images/kermany_NORMAL_1304.png
kermany_NORMAL_1305,kermany,NORMAL,kermany-im-0579,train,94498cbd036a42dad82ced29aaa18fe31914f9e751a1ec366c17ce2907cd1b66,kermany\train\NORMAL\IM-0579-0001.jpeg,data\interim\selected\kermany_NORMAL_1305.jpeg,data/processed/images/kermany_NORMAL_1305.png
kermany_NORMAL_1306,kermany,NORMAL,kermany-im-0501,train,953810500f6b9135775c701425a46dd6bdefcd79fc2161e4e852a293ae56339b,kermany\train\NORMAL\NORMAL2-IM-0501-0001.jpeg,data\interim\selected\kermany_NORMAL_1306.jpeg,data/processed/images/kermany_NORMAL_1306.png
kermany_NORMAL_1307,kermany,NORMAL,kermany-im-0667,train,95dcb738c46a0da7903195f2158e7764b648470ecf02f4dde3d9e7f85ad4d6d1,kermany\train\NORMAL\IM-0667-0001.jpeg,data\interim\selected\kermany_NORMAL_1307.jpeg,data/processed/images/kermany_NORMAL_1307.png
kermany_NORMAL_1308,kermany,NORMAL,kermany-im-0815,train,964a91b579835283271fa79fb3595d217d69689715d6210c0b3e080fb78cc039,kermany\train\NORMAL\NORMAL2-IM-0815-0001.jpeg,data\interim\selected\kermany_NORMAL_1308.jpeg,data/processed/images/kermany_NORMAL_1308.png
kermany_NORMAL_1309,kermany,NORMAL,kermany-im-1257,train,9663845c89132150d9ee6b766b72300d140751d33e716e03f0f01e0bd8978f4d,kermany\train\NORMAL\NORMAL2-IM-1257-0001.jpeg,data\interim\selected\kermany_NORMAL_1309.jpeg,data/processed/images/kermany_NORMAL_1309.png
kermany_NORMAL_1310,kermany,NORMAL,kermany-im-0488,train,975aee79c7706e5c79ac56c95f2a64d3bc877427b40e8604bb7ff0882036188d,kermany\train\NORMAL\NORMAL2-IM-0488-0001.jpeg,data\interim\selected\kermany_NORMAL_1310.jpeg,data/processed/images/kermany_NORMAL_1310.png
kermany_NORMAL_1311,kermany,NORMAL,kermany-im-0447,train,98c3ac0d924dff06feec1fd65e223a10efb635086b5067f3413a797511d6dd26,kermany\train\NORMAL\NORMAL2-IM-0447-0001.jpeg,data\interim\selected\kermany_NORMAL_1311.jpeg,data/processed/images/kermany_NORMAL_1311.png
kermany_NORMAL_1312,kermany,NORMAL,kermany-im-1114,train,98d9a4ec3b019be4510b1c5de733bc578123e58e756152fa14a0bd08d9dcf974,kermany\train\NORMAL\NORMAL2-IM-1114-0001.jpeg,data\interim\selected\kermany_NORMAL_1312.jpeg,data/processed/images/kermany_NORMAL_1312.png
kermany_NORMAL_1313,kermany,NORMAL,kermany-im-0873,train,998cc54abb2465afaae67496d3abf2c99245cb795b5dd98a2a2be23a0132fba4,kermany\train\NORMAL\NORMAL2-IM-0873-0001.jpeg,data\interim\selected\kermany_NORMAL_1313.jpeg,data/processed/images/kermany_NORMAL_1313.png
kermany_NORMAL_1314,kermany,NORMAL,kermany-im-0110,train,9ab44d1cd11cf6c57fee479c6f803a4aaf9271905981c8b9430dadb8b87d161d,kermany\test\NORMAL\IM-0110-0001.jpeg,data\interim\selected\kermany_NORMAL_1314.jpeg,data/processed/images/kermany_NORMAL_1314.png
kermany_NORMAL_1315,kermany,NORMAL,kermany-im-0858,train,9abd4249c51a48e5c3bea06de0210e2b41ae200e620dd12642ce534b4489f119,kermany\train\NORMAL\NORMAL2-IM-0858-0001.jpeg,data\interim\selected\kermany_NORMAL_1315.jpeg,data/processed/images/kermany_NORMAL_1315.png
kermany_NORMAL_1316,kermany,NORMAL,kermany-im-1304,train,9c22c6b33643380faebd3b404d8e1843503a744faa422bf95e00a63094f3afb4,kermany\train\NORMAL\NORMAL2-IM-1304-0001.jpeg,data\interim\selected\kermany_NORMAL_1316.jpeg,data/processed/images/kermany_NORMAL_1316.png
kermany_NORMAL_1317,kermany,NORMAL,kermany-im-0515,train,9c28379873161aceb94867e796e31f997c25f40ee971a1eff6b8b84590515472,kermany\train\NORMAL\NORMAL2-IM-0515-0001.jpeg,data\interim\selected\kermany_NORMAL_1317.jpeg,data/processed/images/kermany_NORMAL_1317.png
kermany_NORMAL_1318,kermany,NORMAL,kermany-im-0491,train,9cd9b2afcde8c8555f9c9ded30ee0405f45d6ca0fe1e8ffb8154b7ea2c2ab85f,kermany\train\NORMAL\IM-0491-0001.jpeg,data\interim\selected\kermany_NORMAL_1318.jpeg,data/processed/images/kermany_NORMAL_1318.png
kermany_NORMAL_1319,kermany,NORMAL,kermany-im-0411,train,9d40603add6f4f02348f1b3c8d6de8a76e48e7397d6bfe72d3e5d775e127772d,kermany\train\NORMAL\IM-0411-0001.jpeg,data\interim\selected\kermany_NORMAL_1319.jpeg,data/processed/images/kermany_NORMAL_1319.png
kermany_NORMAL_1320,kermany,NORMAL,kermany-im-0621,train,9d5e10c4c735aa1aebb9298aa08b1f317a439785cdceffec2dc22c5d1ccfb550,kermany\train\NORMAL\IM-0621-0001.jpeg,data\interim\selected\kermany_NORMAL_1320.jpeg,data/processed/images/kermany_NORMAL_1320.png
kermany_NORMAL_1321,kermany,NORMAL,kermany-im-0413,train,9e09d7b2dcb622eec9cdf18514031f0bd1ec15d672f2405676a81498f4a0a724,kermany\train\NORMAL\NORMAL2-IM-0413-0001.jpeg,data\interim\selected\kermany_NORMAL_1321.jpeg,data/processed/images/kermany_NORMAL_1321.png
kermany_NORMAL_1322,kermany,NORMAL,kermany-im-0229,train,9e7c4251d9b300f9256c6fe72ef1c3167beeecca747e6b9c8b80ee3260ea9ac8,kermany\train\NORMAL\IM-0229-0001.jpeg,data\interim\selected\kermany_NORMAL_1322.jpeg,data/processed/images/kermany_NORMAL_1322.png
kermany_NORMAL_1323,kermany,NORMAL,kermany-im-0427,train,9e96191af9ceffee67e0cbff1ecebc61e60649a3284c74089411fb9f9902ff3e,kermany\train\NORMAL\IM-0427-0001.jpeg,data\interim\selected\kermany_NORMAL_1323.jpeg,data/processed/images/kermany_NORMAL_1323.png
kermany_NORMAL_1324,kermany,NORMAL,kermany-im-0942,train,9ec771ca465157bc47c06ada3e5d849d2e90c16454dcd8fbd111974e4a3f6609,kermany\train\NORMAL\NORMAL2-IM-0942-0001.jpeg,data\interim\selected\kermany_NORMAL_1324.jpeg,data/processed/images/kermany_NORMAL_1324.png
kermany_NORMAL_1325,kermany,NORMAL,kermany-im-0535,train,9efe633695be8878e9b3e7e2405b969e0204a3675652bbeb705eda4171459754,kermany\train\NORMAL\IM-0535-0001.jpeg,data\interim\selected\kermany_NORMAL_1325.jpeg,data/processed/images/kermany_NORMAL_1325.png
kermany_NORMAL_1326,kermany,NORMAL,kermany-im-0259,train,a02101c8755bf752fa98418883553fb3a6328a37c779cbfcb83176a2621161af,kermany\test\NORMAL\NORMAL2-IM-0259-0001.jpeg,data\interim\selected\kermany_NORMAL_1326.jpeg,data/processed/images/kermany_NORMAL_1326.png
kermany_NORMAL_1327,kermany,NORMAL,kermany-im-0354,train,a1362c8305bfbc3de8e95e522364be504e5921626c73304fb9956ec901b1f7c8,kermany\test\NORMAL\NORMAL2-IM-0354-0001.jpeg,data\interim\selected\kermany_NORMAL_1327.jpeg,data/processed/images/kermany_NORMAL_1327.png
kermany_NORMAL_1328,kermany,NORMAL,kermany-im-0427,train,a20aff783b0840bd80576666d20d559556d5ef08e6720b7858e5c02e8e657d7d,kermany\train\NORMAL\NORMAL2-IM-0427-0001.jpeg,data\interim\selected\kermany_NORMAL_1328.jpeg,data/processed/images/kermany_NORMAL_1328.png
kermany_NORMAL_1329,kermany,NORMAL,kermany-im-0519,train,a24077fb192646581d61bd6c2c8572155d6e22217da01764bb3f24089a3e963d,kermany\train\NORMAL\IM-0519-0001-0002.jpeg,data\interim\selected\kermany_NORMAL_1329.jpeg,data/processed/images/kermany_NORMAL_1329.png
kermany_NORMAL_1330,kermany,NORMAL,kermany-im-0486,train,a2533dfc8afd1e0eacd5e5c330b993e89b0aecc100dbe0589b2a0305c614246f,kermany\train\NORMAL\IM-0486-0001.jpeg,data\interim\selected\kermany_NORMAL_1330.jpeg,data/processed/images/kermany_NORMAL_1330.png
kermany_NORMAL_1331,kermany,NORMAL,kermany-im-0483,train,a2dbe1e02e65d6203e6fa2752a7c5f168a8d0024908ce9eba990154acae0fbb6,kermany\train\NORMAL\IM-0483-0001.jpeg,data\interim\selected\kermany_NORMAL_1331.jpeg,data/processed/images/kermany_NORMAL_1331.png
kermany_NORMAL_1332,kermany,NORMAL,kermany-im-1319,train,a30470168ad7e309c6373a2d177ec5fd90bebd26cfb31825d90de945c5b08af3,kermany\train\NORMAL\NORMAL2-IM-1319-0001.jpeg,data\interim\selected\kermany_NORMAL_1332.jpeg,data/processed/images/kermany_NORMAL_1332.png
kermany_NORMAL_1333,kermany,NORMAL,kermany-im-1151,train,a35401a5c52559b0c4a8e8efa7f0afd363f3b72d0a6893d5ca66b6ab7e9ab936,kermany\train\NORMAL\NORMAL2-IM-1151-0001.jpeg,data\interim\selected\kermany_NORMAL_1333.jpeg,data/processed/images/kermany_NORMAL_1333.png
kermany_NORMAL_1334,kermany,NORMAL,kermany-im-1152,train,a3f302e68fe36ccc00285c3ded58d8e43333fcb814edb52131bd13129ca9db96,kermany\train\NORMAL\NORMAL2-IM-1152-0001.jpeg,data\interim\selected\kermany_NORMAL_1334.jpeg,data/processed/images/kermany_NORMAL_1334.png
kermany_NORMAL_1335,kermany,NORMAL,kermany-im-0513,train,a4c0eb954ff9b908861f458af5063acef5f06446bb9cfab1f17e1f4c65ab7eb0,kermany\train\NORMAL\NORMAL2-IM-0513-0001.jpeg,data\interim\selected\kermany_NORMAL_1335.jpeg,data/processed/images/kermany_NORMAL_1335.png
kermany_NORMAL_1336,kermany,NORMAL,kermany-im-0851,train,a586a8b47d9045bdbbdb617b12881448f7e5793239cc89f1a858197b9da0e4ca,kermany\train\NORMAL\NORMAL2-IM-0851-0001-0002.jpeg,data\interim\selected\kermany_NORMAL_1336.jpeg,data/processed/images/kermany_NORMAL_1336.png
kermany_NORMAL_1337,kermany,NORMAL,kermany-im-0506,train,a598b0ee85002f97277e650c0d3cf96a0781ada981581ed460b06acab75d3beb,kermany\train\NORMAL\NORMAL2-IM-0506-0001.jpeg,data\interim\selected\kermany_NORMAL_1337.jpeg,data/processed/images/kermany_NORMAL_1337.png
kermany_NORMAL_1338,kermany,NORMAL,kermany-im-0620,train,a6f5d96c79428abbfe11b4aba65c2ba5e4b391a26efbaa30eb78631d3eb401b2,kermany\train\NORMAL\NORMAL2-IM-0620-0001.jpeg,data\interim\selected\kermany_NORMAL_1338.jpeg,data/processed/images/kermany_NORMAL_1338.png
kermany_NORMAL_1339,kermany,NORMAL,kermany-im-1296,train,a7978ab769ea118c3a8939ae614587b42389e2bc787229c24fcb52faa641ce69,kermany\train\NORMAL\NORMAL2-IM-1296-0001.jpeg,data\interim\selected\kermany_NORMAL_1339.jpeg,data/processed/images/kermany_NORMAL_1339.png
kermany_NORMAL_1340,kermany,NORMAL,kermany-im-0383,train,a87476c5e10f7fd56cbcc24d6ce0e70cd15f0b8e80bb4be678d0c228dc409298,kermany\train\NORMAL\NORMAL2-IM-0383-0001.jpeg,data\interim\selected\kermany_NORMAL_1340.jpeg,data/processed/images/kermany_NORMAL_1340.png
kermany_NORMAL_1341,kermany,NORMAL,kermany-im-0503,train,a8c8bd61035ee60b184187e608b372919897545750d4fd4a6c57eb37da755510,kermany\train\NORMAL\IM-0503-0001.jpeg,data\interim\selected\kermany_NORMAL_1341.jpeg,data/processed/images/kermany_NORMAL_1341.png
kermany_NORMAL_1342,kermany,NORMAL,kermany-im-0187,train,a96576ced9f5ba8a1ff8285b8a34248652e1d7e3a8efecb35c8a9f42fc6fb6e4,kermany\train\NORMAL\IM-0187-0001.jpeg,data\interim\selected\kermany_NORMAL_1342.jpeg,data/processed/images/kermany_NORMAL_1342.png
kermany_NORMAL_1343,kermany,NORMAL,kermany-im-0633,train,a97da206a89370239bbfa5201e982401fe0b5eeeb78f97460e3ce0f9b0808ea2,kermany\train\NORMAL\IM-0633-0001.jpeg,data\interim\selected\kermany_NORMAL_1343.jpeg,data/processed/images/kermany_NORMAL_1343.png
kermany_NORMAL_1344,kermany,NORMAL,kermany-im-0278,train,a9c469bdfdde8c6b2d9430998a2d7208e66b1b26ee4dc15e217b65420f7d0f47,kermany\test\NORMAL\NORMAL2-IM-0278-0001.jpeg,data\interim\selected\kermany_NORMAL_1344.jpeg,data/processed/images/kermany_NORMAL_1344.png
kermany_NORMAL_1345,kermany,NORMAL,kermany-im-0030,train,aa0d938780b50b9a8aeb01eef7909e217002f864d76f285b305387bb90c4bca7,kermany\test\NORMAL\NORMAL2-IM-0030-0001.jpeg,data\interim\selected\kermany_NORMAL_1345.jpeg,data/processed/images/kermany_NORMAL_1345.png
kermany_NORMAL_1346,kermany,NORMAL,kermany-im-0520,train,aba067cec792883a5f549943a29c1696b6832b6ae4aa2f58c233a7a7b53db9cb,kermany\train\NORMAL\IM-0520-0001.jpeg,data\interim\selected\kermany_NORMAL_1346.jpeg,data/processed/images/kermany_NORMAL_1346.png
kermany_NORMAL_1347,kermany,NORMAL,kermany-im-1308,train,abaec7e697ab079e6adfff8c83274394434085ca0f168e905c702cfb9eb8960f,kermany\train\NORMAL\NORMAL2-IM-1308-0001.jpeg,data\interim\selected\kermany_NORMAL_1347.jpeg,data/processed/images/kermany_NORMAL_1347.png
kermany_NORMAL_1348,kermany,NORMAL,kermany-im-0129,train,ac419d9294d2b37410ee8d8de50e5d5e149421bce8b87bea4ba5b2499e12566e,kermany\train\NORMAL\IM-0129-0001.jpeg,data\interim\selected\kermany_NORMAL_1348.jpeg,data/processed/images/kermany_NORMAL_1348.png
kermany_NORMAL_1349,kermany,NORMAL,kermany-im-0777,train,ac5bda7b4d75da916801a09b838a871659fa3a304b4bff4ff300c6da9437a24f,kermany\train\NORMAL\NORMAL2-IM-0777-0001.jpeg,data\interim\selected\kermany_NORMAL_1349.jpeg,data/processed/images/kermany_NORMAL_1349.png
kermany_NORMAL_1350,kermany,NORMAL,kermany-im-0410,train,ac7829e3df42ead8a09c2ae3321d53eee16d39c5a9e0a23082e503891d8ba325,kermany\train\NORMAL\IM-0410-0001.jpeg,data\interim\selected\kermany_NORMAL_1350.jpeg,data/processed/images/kermany_NORMAL_1350.png
kermany_NORMAL_1351,kermany,NORMAL,kermany-im-0551,train,ad1476a382a06baa74de12fbfd4bca52ea72e435cde0f11a52d9db3c50173052,kermany\train\NORMAL\IM-0551-0001-0002.jpeg,data\interim\selected\kermany_NORMAL_1351.jpeg,data/processed/images/kermany_NORMAL_1351.png
kermany_NORMAL_1352,kermany,NORMAL,kermany-im-0036,train,ad7a294b2012e428b7d9cd9f4460a33178d9a144ffec7868bc7f5891447c7cb1,kermany\test\NORMAL\IM-0036-0001.jpeg,data\interim\selected\kermany_NORMAL_1352.jpeg,data/processed/images/kermany_NORMAL_1352.png
kermany_NORMAL_1353,kermany,NORMAL,kermany-im-1305,train,ad8c772e39bc9f5e614ce6d05d66e46e47223d043b78b85bc9ae7882048c69bd,kermany\train\NORMAL\NORMAL2-IM-1305-0001.jpeg,data\interim\selected\kermany_NORMAL_1353.jpeg,data/processed/images/kermany_NORMAL_1353.png
kermany_NORMAL_1354,kermany,NORMAL,kermany-im-0607,train,b10885093a602720697476ba05cffe36f52bcf6b7fe891118bfae1254a9769a3,kermany\train\NORMAL\IM-0607-0001.jpeg,data\interim\selected\kermany_NORMAL_1354.jpeg,data/processed/images/kermany_NORMAL_1354.png
kermany_NORMAL_1355,kermany,NORMAL,kermany-im-0495,train,b1a1e0959c049b3196871251a6160058aa85d5fa874528c39bb97d03614ec455,kermany\train\NORMAL\IM-0495-0001.jpeg,data\interim\selected\kermany_NORMAL_1355.jpeg,data/processed/images/kermany_NORMAL_1355.png
kermany_NORMAL_1356,kermany,NORMAL,kermany-im-0666,train,b348758b91ac3890f050777dbe8d76661bbba9f1345b33de9e23d7710cd6b9b3,kermany\train\NORMAL\IM-0666-0001.jpeg,data\interim\selected\kermany_NORMAL_1356.jpeg,data/processed/images/kermany_NORMAL_1356.png
kermany_NORMAL_1357,kermany,NORMAL,kermany-im-1073,train,b4c5a1d15e67e820fdfb42f5bf52a1b7d68bc9691339ed1c79035250449329fb,kermany\train\NORMAL\NORMAL2-IM-1073-0001.jpeg,data\interim\selected\kermany_NORMAL_1357.jpeg,data/processed/images/kermany_NORMAL_1357.png
kermany_NORMAL_1358,kermany,NORMAL,kermany-im-0206,train,b530f27695a6a254e436da3e06a2229a6604f927bebc5953968fa747090bb907,kermany\train\NORMAL\IM-0206-0001.jpeg,data\interim\selected\kermany_NORMAL_1358.jpeg,data/processed/images/kermany_NORMAL_1358.png
kermany_NORMAL_1359,kermany,NORMAL,kermany-im-0675,train,b6aa837ecb19ef705164b245452d7772d8261786f91fc86f335ae8f2521f08e6,kermany\train\NORMAL\IM-0675-0001.jpeg,data\interim\selected\kermany_NORMAL_1359.jpeg,data/processed/images/kermany_NORMAL_1359.png
kermany_NORMAL_1360,kermany,NORMAL,kermany-im-0214,train,b6ced9b7053e0c304dd6968ea94b3517c23876bc588efac8ce96b0b0dd5ff888,kermany\train\NORMAL\IM-0214-0001.jpeg,data\interim\selected\kermany_NORMAL_1360.jpeg,data/processed/images/kermany_NORMAL_1360.png
kermany_NORMAL_1361,kermany,NORMAL,kermany-im-1168,train,b81aebc6a564a90ecd3dbe93d60b30dcd3a8b59b888fc2b0c4ca7b6a5743c53e,kermany\train\NORMAL\NORMAL2-IM-1168-0001.jpeg,data\interim\selected\kermany_NORMAL_1361.jpeg,data/processed/images/kermany_NORMAL_1361.png
kermany_NORMAL_1362,kermany,NORMAL,kermany-im-0922,train,b8a8999c7e4f765bab94b382df1ef8517bbe631e36ed88b03eecc08514df666b,kermany\train\NORMAL\NORMAL2-IM-0922-0001.jpeg,data\interim\selected\kermany_NORMAL_1362.jpeg,data/processed/images/kermany_NORMAL_1362.png
kermany_NORMAL_1363,kermany,NORMAL,kermany-im-0224,train,b8c29684d3c5743fea9452d98eff56f15df166e8e080ab15479b28ceb53f9c37,kermany\train\NORMAL\IM-0224-0001.jpeg,data\interim\selected\kermany_NORMAL_1363.jpeg,data/processed/images/kermany_NORMAL_1363.png
kermany_NORMAL_1364,kermany,NORMAL,kermany-im-0484,train,b8cc189c90d1b38f51beafcd31310e307ece64a52a2a24f687a83c2d50e6a532,kermany\train\NORMAL\IM-0484-0001.jpeg,data\interim\selected\kermany_NORMAL_1364.jpeg,data/processed/images/kermany_NORMAL_1364.png
kermany_NORMAL_1365,kermany,NORMAL,kermany-im-1247,train,b908094f12bc2127631162b88aa7726eea8aa275cf044ee7c0d918a519a029df,kermany\train\NORMAL\NORMAL2-IM-1247-0001.jpeg,data\interim\selected\kermany_NORMAL_1365.jpeg,data/processed/images/kermany_NORMAL_1365.png
kermany_NORMAL_1366,kermany,NORMAL,kermany-im-0455,train,b911bd6e7bafeb0a33c22d4c61fd01a6aabdd7c7464e75338056a9eac5b76eb3,kermany\train\NORMAL\IM-0455-0001.jpeg,data\interim\selected\kermany_NORMAL_1366.jpeg,data/processed/images/kermany_NORMAL_1366.png
kermany_NORMAL_1367,kermany,NORMAL,kermany-im-1192,train,ba4f2e019cc7252c3efe62e2ec317e164fc3ee0a444a8f16191ce6381bc2e842,kermany\train\NORMAL\NORMAL2-IM-1192-0001.jpeg,data\interim\selected\kermany_NORMAL_1367.jpeg,data/processed/images/kermany_NORMAL_1367.png
kermany_NORMAL_1368,kermany,NORMAL,kermany-im-0666,train,bb538b8e53a7646e69756dbc91f9bb3f1c6682eb33223acd480c579660b7dd2f,kermany\train\NORMAL\IM-0666-0001-0002.jpeg,data\interim\selected\kermany_NORMAL_1368.jpeg,data/processed/images/kermany_NORMAL_1368.png
kermany_NORMAL_1369,kermany,NORMAL,kermany-im-0837,train,bb8cdba14d283649e837645a0d455d93bbb806633abaa7dd579e15a53baf2def,kermany\train\NORMAL\NORMAL2-IM-0837-0001.jpeg,data\interim\selected\kermany_NORMAL_1369.jpeg,data/processed/images/kermany_NORMAL_1369.png
kermany_NORMAL_1370,kermany,NORMAL,kermany-im-0700,train,bba48a4fc04f6e3c4c273e3de48ed133d8e6bd0ab550f1c646a8dfee3ee83113,kermany\train\NORMAL\IM-0700-0001.jpeg,data\interim\selected\kermany_NORMAL_1370.jpeg,data/processed/images/kermany_NORMAL_1370.png
kermany_NORMAL_1371,kermany,NORMAL,kermany-im-0657,train,bd60b3b388724858fd10998015efeeab5946c5fcfc8819b5432695e58308ca45,kermany\train\NORMAL\IM-0657-0001.jpeg,data\interim\selected\kermany_NORMAL_1371.jpeg,data/processed/images/kermany_NORMAL_1371.png
kermany_NORMAL_1372,kermany,NORMAL,kermany-im-0290,train,bdb4d0957186779a3c48ea62fca2a418fc25663dada2f5865c5c753a573ad53e,kermany\train\NORMAL\IM-0290-0001.jpeg,data\interim\selected\kermany_NORMAL_1372.jpeg,data/processed/images/kermany_NORMAL_1372.png
kermany_NORMAL_1373,kermany,NORMAL,kermany-im-0718,train,bddb51cd5b3e33caa6d80880c1096435148807c567cc9202386e3f548a31a1de,kermany\train\NORMAL\IM-0718-0001.jpeg,data\interim\selected\kermany_NORMAL_1373.jpeg,data/processed/images/kermany_NORMAL_1373.png
kermany_NORMAL_1374,kermany,NORMAL,kermany-im-0780,train,be78d2010cbe85909d1f279a4c9c8e913ee0f9d1667786561f27ce82fc4b692d,kermany\train\NORMAL\NORMAL2-IM-0780-0001.jpeg,data\interim\selected\kermany_NORMAL_1374.jpeg,data/processed/images/kermany_NORMAL_1374.png
kermany_NORMAL_1375,kermany,NORMAL,kermany-im-0663,train,c032122078a5e121ef03dc30fba202f0fad14baedfbeae63b7f0fba7d776f005,kermany\train\NORMAL\IM-0663-0001.jpeg,data\interim\selected\kermany_NORMAL_1375.jpeg,data/processed/images/kermany_NORMAL_1375.png
kermany_NORMAL_1376,kermany,NORMAL,kermany-im-0680,train,c0d02db91cc42bdc81388c896463899d0b5785be3b9de0820fd37b5dc986fc2a,kermany\train\NORMAL\NORMAL2-IM-0680-0001.jpeg,data\interim\selected\kermany_NORMAL_1376.jpeg,data/processed/images/kermany_NORMAL_1376.png
kermany_NORMAL_1377,kermany,NORMAL,kermany-im-1150,train,c15d67a615c27fe838af4c8e2b2df094edeb811967662165f2f717c869c84b19,kermany\train\NORMAL\NORMAL2-IM-1150-0001.jpeg,data\interim\selected\kermany_NORMAL_1377.jpeg,data/processed/images/kermany_NORMAL_1377.png
kermany_NORMAL_1378,kermany,NORMAL,kermany-im-0253,train,c183beaed7abcfae78d2d73b37f5543ea6cbd5cc19021750b0c11071ca096a63,kermany\train\NORMAL\IM-0253-0001.jpeg,data\interim\selected\kermany_NORMAL_1378.jpeg,data/processed/images/kermany_NORMAL_1378.png
kermany_NORMAL_1379,kermany,NORMAL,kermany-im-1002,train,c1b43b9a4cc2945fe8197620c53bfca70b7762b4b466662e3e332c0a692e98a7,kermany\train\NORMAL\NORMAL2-IM-1002-0001.jpeg,data\interim\selected\kermany_NORMAL_1379.jpeg,data/processed/images/kermany_NORMAL_1379.png
kermany_NORMAL_1380,kermany,NORMAL,kermany-im-1184,train,c1d6252399ea2b336bb77b49d76a76fddf9223b2cece4252200bcb75e3877291,kermany\train\NORMAL\NORMAL2-IM-1184-0001.jpeg,data\interim\selected\kermany_NORMAL_1380.jpeg,data/processed/images/kermany_NORMAL_1380.png
kermany_NORMAL_1381,kermany,NORMAL,kermany-im-0527,train,c1e6e67e896039da5e2b1802f9b24208a8e3c98f1fd85ad4d08afddf6a826cd2,kermany\train\NORMAL\IM-0527-0001.jpeg,data\interim\selected\kermany_NORMAL_1381.jpeg,data/processed/images/kermany_NORMAL_1381.png
kermany_NORMAL_1382,kermany,NORMAL,kermany-im-1164,train,c2cfbae1f4647f0ed7f80025b233ed38f404206215934ba5d2b6cb2eec1c3a6a,kermany\train\NORMAL\NORMAL2-IM-1164-0001.jpeg,data\interim\selected\kermany_NORMAL_1382.jpeg,data/processed/images/kermany_NORMAL_1382.png
kermany_NORMAL_1383,kermany,NORMAL,kermany-im-1274,train,c3276038f210ec003db94365073af1d19469c815699ff699307ce80cc1ca6ddd,kermany\train\NORMAL\NORMAL2-IM-1274-0001.jpeg,data\interim\selected\kermany_NORMAL_1383.jpeg,data/processed/images/kermany_NORMAL_1383.png
kermany_NORMAL_1384,kermany,NORMAL,kermany-im-0856,train,c378524a8835cb1bdeec8c51e59ce219add829c7ea63bdd36740ff64077aabda,kermany\train\NORMAL\NORMAL2-IM-0856-0001.jpeg,data\interim\selected\kermany_NORMAL_1384.jpeg,data/processed/images/kermany_NORMAL_1384.png
kermany_NORMAL_1385,kermany,NORMAL,kermany-im-0362,train,c433e2ae673e5185d0cfc038d9a73e59e9ac5d78dcef3ddcd9d370f2fafc864b,kermany\train\NORMAL\IM-0362-0001.jpeg,data\interim\selected\kermany_NORMAL_1385.jpeg,data/processed/images/kermany_NORMAL_1385.png
kermany_NORMAL_1386,kermany,NORMAL,kermany-im-0339,train,c59214db2b419fc6226f1deab972c0f30be29e242b96cb918ca1620c903fa3e2,kermany\test\NORMAL\NORMAL2-IM-0339-0001.jpeg,data\interim\selected\kermany_NORMAL_1386.jpeg,data/processed/images/kermany_NORMAL_1386.png
kermany_NORMAL_1387,kermany,NORMAL,kermany-im-0333,train,c60226f3b120cc1a2b0c8ff63e5e0d472b71df0f8fca9986db46481b5cb56dd4,kermany\train\NORMAL\IM-0333-0001.jpeg,data\interim\selected\kermany_NORMAL_1387.jpeg,data/processed/images/kermany_NORMAL_1387.png
kermany_NORMAL_1388,kermany,NORMAL,kermany-im-0721,train,c68b6bf750484b60fe20b5de15e63c10f7671860bc10881f5e4b7aa29fc4dd83,kermany\train\NORMAL\IM-0721-0001.jpeg,data\interim\selected\kermany_NORMAL_1388.jpeg,data/processed/images/kermany_NORMAL_1388.png
kermany_NORMAL_1389,kermany,NORMAL,kermany-im-0501,train,c703b47ee9c7f84b9a8b115570d85abce51da998dd12b11c9a393c861b197514,kermany\train\NORMAL\IM-0501-0001-0001.jpeg,data\interim\selected\kermany_NORMAL_1389.jpeg,data/processed/images/kermany_NORMAL_1389.png
kermany_NORMAL_1390,kermany,NORMAL,kermany-im-1289,train,c75a771c08efbd3512e06d2379836cb01db40ec3528bb4e7a3d54d955375f013,kermany\train\NORMAL\NORMAL2-IM-1289-0001.jpeg,data\interim\selected\kermany_NORMAL_1390.jpeg,data/processed/images/kermany_NORMAL_1390.png
kermany_NORMAL_1391,kermany,NORMAL,kermany-im-0614,train,c79b63e68a25d6fb66ae5b936591fbe94cba42624724d77ac11717c057ff6457,kermany\train\NORMAL\IM-0614-0001.jpeg,data\interim\selected\kermany_NORMAL_1391.jpeg,data/processed/images/kermany_NORMAL_1391.png
kermany_NORMAL_1392,kermany,NORMAL,kermany-im-0234,train,c7a7455678160bc97e42bf80d6057a975de8d01fa500974316fa6ac28fded98b,kermany\train\NORMAL\IM-0234-0001.jpeg,data\interim\selected\kermany_NORMAL_1392.jpeg,data/processed/images/kermany_NORMAL_1392.png
kermany_NORMAL_1393,kermany,NORMAL,kermany-im-0373,train,c88d24ecb5fea438d7ef244f79ce0d0d960e9320090b6df1db87b2c071a0af27,kermany\test\NORMAL\NORMAL2-IM-0373-0001.jpeg,data\interim\selected\kermany_NORMAL_1393.jpeg,data/processed/images/kermany_NORMAL_1393.png
kermany_NORMAL_1394,kermany,NORMAL,kermany-im-0479,train,c94953ef15c97ca679f7b578bc857aa94c0b5a38c01e1fda5cc8e35ae63bfc20,kermany\train\NORMAL\IM-0479-0001.jpeg,data\interim\selected\kermany_NORMAL_1394.jpeg,data/processed/images/kermany_NORMAL_1394.png
kermany_NORMAL_1395,kermany,NORMAL,kermany-im-0029,train,c9cd3a8672836a8518110a2ec734375ae571c4dca5e24ab6966462996dc8e58d,kermany\test\NORMAL\NORMAL2-IM-0029-0001.jpeg,data\interim\selected\kermany_NORMAL_1395.jpeg,data/processed/images/kermany_NORMAL_1395.png
kermany_NORMAL_1396,kermany,NORMAL,kermany-im-0070,train,c9e403e696d843a46c39f8a2ca22b0f66cada7c01c5d726414418fb591fe65bf,kermany\test\NORMAL\IM-0070-0001.jpeg,data\interim\selected\kermany_NORMAL_1396.jpeg,data/processed/images/kermany_NORMAL_1396.png
kermany_NORMAL_1397,kermany,NORMAL,kermany-im-0105,train,c9e59f4bfd42365640526b8622d6a7a04155eccfb4a6342f2018c193b956f714,kermany\test\NORMAL\IM-0105-0001.jpeg,data\interim\selected\kermany_NORMAL_1397.jpeg,data/processed/images/kermany_NORMAL_1397.png
kermany_NORMAL_1398,kermany,NORMAL,kermany-im-1160,train,ca6946b38697216cb4137ca892d88455f3b9ed5eca60f37c3262cf992d934777,kermany\train\NORMAL\NORMAL2-IM-1160-0001.jpeg,data\interim\selected\kermany_NORMAL_1398.jpeg,data/processed/images/kermany_NORMAL_1398.png
kermany_NORMAL_1399,kermany,NORMAL,kermany-im-0220,train,caba08d6e3dfddba5aa5c23c7458e20d8d0e3e33b50b5147a9175422014e605b,kermany\train\NORMAL\IM-0220-0001.jpeg,data\interim\selected\kermany_NORMAL_1399.jpeg,data/processed/images/kermany_NORMAL_1399.png
kermany_NORMAL_1400,kermany,NORMAL,kermany-im-0481,train,cb1adf3994ba6a14b285a1b49fdfcc26b8b121a211ab843f0e086a11236ee6c5,kermany\train\NORMAL\IM-0481-0001.jpeg,data\interim\selected\kermany_NORMAL_1400.jpeg,data/processed/images/kermany_NORMAL_1400.png
kermany_NORMAL_1401,kermany,NORMAL,kermany-im-0486,train,cb4b2208c628db7cc029315db1f155e3a3c75150ad6bb5a7128e923343bef514,kermany\train\NORMAL\NORMAL2-IM-0486-0001.jpeg,data\interim\selected\kermany_NORMAL_1401.jpeg,data/processed/images/kermany_NORMAL_1401.png
kermany_NORMAL_1402,kermany,NORMAL,kermany-im-0073,train,cc2363317d6707c427f03bef9ecd7ddd0fc3bb01058fae883312864e42b9419e,kermany\test\NORMAL\IM-0073-0001.jpeg,data\interim\selected\kermany_NORMAL_1402.jpeg,data/processed/images/kermany_NORMAL_1402.png
kermany_NORMAL_1403,kermany,NORMAL,kermany-im-0021,train,cc2b511eb5a8dc4e87ffd1eafa7ce91958140d4467e942cdc32dc6f35e49d864,kermany\test\NORMAL\IM-0021-0001.jpeg,data\interim\selected\kermany_NORMAL_1403.jpeg,data/processed/images/kermany_NORMAL_1403.png
kermany_NORMAL_1404,kermany,NORMAL,kermany-im-0399,train,cc7b0bd2d24418786527e28b5c6b44298756ca9705347471f98a6ee9491c138d,kermany\train\NORMAL\IM-0399-0001.jpeg,data\interim\selected\kermany_NORMAL_1404.jpeg,data/processed/images/kermany_NORMAL_1404.png
kermany_NORMAL_1405,kermany,NORMAL,kermany-im-0217,train,cc896671aa94f7f5266b6552a214c6a85ba5c566747e5709769b37157ca94933,kermany\test\NORMAL\NORMAL2-IM-0217-0001.jpeg,data\interim\selected\kermany_NORMAL_1405.jpeg,data/processed/images/kermany_NORMAL_1405.png
kermany_NORMAL_1406,kermany,NORMAL,kermany-im-1401,train,cc92a5fc6e5743210bb6cc840d6bc9824afbf792cb9fadc9c0122cd2ee982aaf,kermany\train\NORMAL\NORMAL2-IM-1401-0001.jpeg,data\interim\selected\kermany_NORMAL_1406.jpeg,data/processed/images/kermany_NORMAL_1406.png
kermany_NORMAL_1407,kermany,NORMAL,kermany-im-0557,train,cc9378717df07f6f1d2c513422701bd196601ca54fb8d8ccd439d1a457252051,kermany\train\NORMAL\NORMAL2-IM-0557-0001.jpeg,data\interim\selected\kermany_NORMAL_1407.jpeg,data/processed/images/kermany_NORMAL_1407.png
kermany_NORMAL_1408,kermany,NORMAL,kermany-im-0266,train,cd7b568405c80a1c4bc5c1a83c88e8cc44cd4e067c4a47f233fc68b68b420668,kermany\train\NORMAL\IM-0266-0001.jpeg,data\interim\selected\kermany_NORMAL_1408.jpeg,data/processed/images/kermany_NORMAL_1408.png
kermany_NORMAL_1409,kermany,NORMAL,kermany-im-0285,train,cdc4ea39809c180647f41077b2d07db67384e67637e57539b0258824c9e0dedf,kermany\test\NORMAL\NORMAL2-IM-0285-0001.jpeg,data\interim\selected\kermany_NORMAL_1409.jpeg,data/processed/images/kermany_NORMAL_1409.png
kermany_NORMAL_1410,kermany,NORMAL,kermany-im-0716,train,cdc5742052c82c58e8e53e45f31d2f6a95b1d5a3314f3f5d076fb3cc3e917a47,kermany\train\NORMAL\IM-0716-0001.jpeg,data\interim\selected\kermany_NORMAL_1410.jpeg,data/processed/images/kermany_NORMAL_1410.png
kermany_NORMAL_1411,kermany,NORMAL,kermany-im-0240,train,cedf4630b004180e23507cb65b8a5d5fc35d9fc48821136ab720dbc43349e51b,kermany\train\NORMAL\IM-0240-0001.jpeg,data\interim\selected\kermany_NORMAL_1411.jpeg,data/processed/images/kermany_NORMAL_1411.png
kermany_NORMAL_1412,kermany,NORMAL,kermany-im-1116,train,cee059822cbba7f71ef9decc98899a300745d155ef0d757ba1622d4d628e54c0,kermany\train\NORMAL\NORMAL2-IM-1116-0001-0002.jpeg,data\interim\selected\kermany_NORMAL_1412.jpeg,data/processed/images/kermany_NORMAL_1412.png
kermany_NORMAL_1413,kermany,NORMAL,kermany-im-1260,train,cf18233be8397bb6420b60096f6f6ae6db64c66705114541b86fcb161312f141,kermany\train\NORMAL\NORMAL2-IM-1260-0001.jpeg,data\interim\selected\kermany_NORMAL_1413.jpeg,data/processed/images/kermany_NORMAL_1413.png
kermany_NORMAL_1414,kermany,NORMAL,kermany-im-0022,train,d09519831dd7f24f1db680e1147392d455e8dd485cd3f23fdc4c281e2f00d63f,kermany\test\NORMAL\IM-0022-0001.jpeg,data\interim\selected\kermany_NORMAL_1414.jpeg,data/processed/images/kermany_NORMAL_1414.png
kermany_NORMAL_1415,kermany,NORMAL,kermany-im-1396,train,d0b366185644a3390b28c797f0380d510cd307248b2b25db176c2b8b2e0d3a7b,kermany\train\NORMAL\NORMAL2-IM-1396-0001.jpeg,data\interim\selected\kermany_NORMAL_1415.jpeg,data/processed/images/kermany_NORMAL_1415.png
kermany_NORMAL_1416,kermany,NORMAL,kermany-im-1275,train,d0c2d1d0ff7e40102c073cf05d3e730d810ec9aff6e01519ff61b4062009e292,kermany\train\NORMAL\NORMAL2-IM-1275-0001.jpeg,data\interim\selected\kermany_NORMAL_1416.jpeg,data/processed/images/kermany_NORMAL_1416.png
kermany_NORMAL_1417,kermany,NORMAL,kermany-im-1244,train,d1437dd6f504eb87dee0733c03cd14e1a8a8e147a4b9b7019058b967d74c9e90,kermany\train\NORMAL\NORMAL2-IM-1244-0001.jpeg,data\interim\selected\kermany_NORMAL_1417.jpeg,data/processed/images/kermany_NORMAL_1417.png
kermany_NORMAL_1418,kermany,NORMAL,kermany-im-1117,train,d19a83fb4dff4aa8a874ff549d62782aa9aefe88c70a76a1d0d8a9c055c83511,kermany\train\NORMAL\NORMAL2-IM-1117-0001.jpeg,data\interim\selected\kermany_NORMAL_1418.jpeg,data/processed/images/kermany_NORMAL_1418.png
kermany_NORMAL_1419,kermany,NORMAL,kermany-im-0306,train,d21d04b3203628c5f005b15f6bf15a3b080cb5a1e5bb6390e143367b10cd4491,kermany\train\NORMAL\IM-0306-0001.jpeg,data\interim\selected\kermany_NORMAL_1419.jpeg,data/processed/images/kermany_NORMAL_1419.png
kermany_NORMAL_1420,kermany,NORMAL,kermany-im-0223,train,d2793eacfeb2ee9f5c19562a903289e5fb978cf91952ddc3a9165ed7a6220e9a,kermany\train\NORMAL\IM-0223-0001.jpeg,data\interim\selected\kermany_NORMAL_1420.jpeg,data/processed/images/kermany_NORMAL_1420.png
kermany_NORMAL_1421,kermany,NORMAL,kermany-im-1442,train,d30b85c96b78dabe1ddf05867a687dffe7a9a067cd72485abace2fc959c2a503,kermany\train\NORMAL\NORMAL2-IM-1442-0001.jpeg,data\interim\selected\kermany_NORMAL_1421.jpeg,data/processed/images/kermany_NORMAL_1421.png
kermany_NORMAL_1422,kermany,NORMAL,kermany-im-0246,train,d33d41ad42d62152689b5e5939ee03a94fd827c707e47fb451364c1a32adce72,kermany\test\NORMAL\NORMAL2-IM-0246-0001-0001.jpeg,data\interim\selected\kermany_NORMAL_1422.jpeg,data/processed/images/kermany_NORMAL_1422.png
kermany_NORMAL_1423,kermany,NORMAL,kermany-im-0327,train,d475c68baf6e3339e4c461b62b7b680cabf736e84f047eb66535cd295bf634a8,kermany\test\NORMAL\NORMAL2-IM-0327-0001.jpeg,data\interim\selected\kermany_NORMAL_1423.jpeg,data/processed/images/kermany_NORMAL_1423.png
kermany_NORMAL_1424,kermany,NORMAL,kermany-im-1144,train,d531c4fe1c6f68de501b75a38ba36fe7363968f0d6afca204b5ec731b4a5362e,kermany\train\NORMAL\NORMAL2-IM-1144-0001.jpeg,data\interim\selected\kermany_NORMAL_1424.jpeg,data/processed/images/kermany_NORMAL_1424.png
kermany_NORMAL_1425,kermany,NORMAL,kermany-im-0650,train,d5fe46f4d79c73f07047d7ae22d245c386e2f1a7b50f3bc610bcd8f88c241b22,kermany\train\NORMAL\IM-0650-0001.jpeg,data\interim\selected\kermany_NORMAL_1425.jpeg,data/processed/images/kermany_NORMAL_1425.png
kermany_NORMAL_1426,kermany,NORMAL,kermany-im-0653,train,d65d3bfd456814dbf7afb375008adb81d41998f7978a2d28d4e836615999137f,kermany\train\NORMAL\NORMAL2-IM-0653-0001.jpeg,data\interim\selected\kermany_NORMAL_1426.jpeg,data/processed/images/kermany_NORMAL_1426.png
kermany_NORMAL_1427,kermany,NORMAL,kermany-im-0539,train,d66b93ea2a15f4d95a4ed35d16f5d47c443cc3f7455baf44a317ef86c97de5ec,kermany\train\NORMAL\IM-0539-0001-0001.jpeg,data\interim\selected\kermany_NORMAL_1427.jpeg,data/processed/images/kermany_NORMAL_1427.png
kermany_NORMAL_1428,kermany,NORMAL,kermany-im-0419,train,d692178d116e7af125c6cbabf001be61cfae03a7aca4cf1d4573c43491d082d1,kermany\train\NORMAL\IM-0419-0001.jpeg,data\interim\selected\kermany_NORMAL_1428.jpeg,data/processed/images/kermany_NORMAL_1428.png
kermany_NORMAL_1429,kermany,NORMAL,kermany-im-0491,train,d759063b7881213976a1f51da921ed8ff7dd6c6ad7ffb5a78240a50f011307d0,kermany\train\NORMAL\IM-0491-0001-0002.jpeg,data\interim\selected\kermany_NORMAL_1429.jpeg,data/processed/images/kermany_NORMAL_1429.png
kermany_NORMAL_1430,kermany,NORMAL,kermany-im-0909,train,d7bf63f28808490d5a9cff4d26da1d5d0c576e7de05b8fb55408118fada1c915,kermany\train\NORMAL\NORMAL2-IM-0909-0001.jpeg,data\interim\selected\kermany_NORMAL_1430.jpeg,data/processed/images/kermany_NORMAL_1430.png
kermany_NORMAL_1431,kermany,NORMAL,kermany-im-0635,train,d7e7a15acd935c06610069786a710065a2eb6141d0fe864175c82ed325473340,kermany\train\NORMAL\NORMAL2-IM-0635-0001.jpeg,data\interim\selected\kermany_NORMAL_1431.jpeg,data/processed/images/kermany_NORMAL_1431.png
kermany_NORMAL_1432,kermany,NORMAL,kermany-im-0072,train,d86726c7c89f3d97c84a69421791888cef5bb7da468b23d63bb541f74d6055de,kermany\test\NORMAL\NORMAL2-IM-0072-0001.jpeg,data\interim\selected\kermany_NORMAL_1432.jpeg,data/processed/images/kermany_NORMAL_1432.png
kermany_NORMAL_1433,kermany,NORMAL,kermany-im-0146,train,d89c16b0bbcb13fd20572690f9279ee96ff2436d3971e4cd31a23f16850979e7,kermany\test\NORMAL\NORMAL2-IM-0146-0001.jpeg,data\interim\selected\kermany_NORMAL_1433.jpeg,data/processed/images/kermany_NORMAL_1433.png
kermany_NORMAL_1434,kermany,NORMAL,kermany-im-0351,train,d901845a7e5141c024273f1a11d6fb38c0bbaa1a627418c468f32c12f4f3e015,kermany\train\NORMAL\IM-0351-0001.jpeg,data\interim\selected\kermany_NORMAL_1434.jpeg,data/processed/images/kermany_NORMAL_1434.png
kermany_NORMAL_1435,kermany,NORMAL,kermany-im-0308,train,d90cbf2ce34ef8e026d29c26c22f97c67547ec66613b6b280f2518cfc2e03d58,kermany\train\NORMAL\IM-0308-0001.jpeg,data\interim\selected\kermany_NORMAL_1435.jpeg,data/processed/images/kermany_NORMAL_1435.png
kermany_NORMAL_1436,kermany,NORMAL,kermany-im-0374,train,d91f57592fb46063b9e3913cc675e478a5f2f2277a1c59d6a018d09b21de4dbb,kermany\test\NORMAL\NORMAL2-IM-0374-0001-0002.jpeg,data\interim\selected\kermany_NORMAL_1436.jpeg,data/processed/images/kermany_NORMAL_1436.png
kermany_NORMAL_1437,kermany,NORMAL,kermany-im-1025,train,daa4be3f7b3516d0dd9e0b9555a8c4aa8f360d064021b0a032cadafbaa228e59,kermany\train\NORMAL\NORMAL2-IM-1025-0001.jpeg,data\interim\selected\kermany_NORMAL_1437.jpeg,data/processed/images/kermany_NORMAL_1437.png
kermany_NORMAL_1438,kermany,NORMAL,kermany-im-1254,train,dbad1579f11a21d07edfc179cd6db4904103345c7e3ad193c069aa05a737a02e,kermany\train\NORMAL\NORMAL2-IM-1254-0001.jpeg,data\interim\selected\kermany_NORMAL_1438.jpeg,data/processed/images/kermany_NORMAL_1438.png
kermany_NORMAL_1439,kermany,NORMAL,kermany-im-0604,train,dbcf5787a3a16d710a07d18070e6fd583d2d59aad92f9af200da1cf3a4a3a991,kermany\train\NORMAL\IM-0604-0001.jpeg,data\interim\selected\kermany_NORMAL_1439.jpeg,data/processed/images/kermany_NORMAL_1439.png
kermany_NORMAL_1440,kermany,NORMAL,kermany-im-0289,train,dd261d559829f19f19d3780ae658ba1aa6045a89d9fd67574cf97325572482ff,kermany\test\NORMAL\NORMAL2-IM-0289-0001.jpeg,data\interim\selected\kermany_NORMAL_1440.jpeg,data/processed/images/kermany_NORMAL_1440.png
kermany_NORMAL_1441,kermany,NORMAL,kermany-im-0058,train,ddf72360a66af14c6340c12c0923d500c544274a83f45a5788650cea58e01420,kermany\test\NORMAL\NORMAL2-IM-0058-0001.jpeg,data\interim\selected\kermany_NORMAL_1441.jpeg,data/processed/images/kermany_NORMAL_1441.png
kermany_NORMAL_1442,kermany,NORMAL,kermany-im-1300,train,de46540a0b406426b219ce97a0e5dc0459bc7d27c122c7d63ba8590f6eb326a5,kermany\train\NORMAL\NORMAL2-IM-1300-0001.jpeg,data\interim\selected\kermany_NORMAL_1442.jpeg,data/processed/images/kermany_NORMAL_1442.png
kermany_NORMAL_1443,kermany,NORMAL,kermany-im-0406,train,dfc0453a56fe958ac1d707aad4892eab2e31d711d866d2667c030548aaef561d,kermany\train\NORMAL\NORMAL2-IM-0406-0001.jpeg,data\interim\selected\kermany_NORMAL_1443.jpeg,data/processed/images/kermany_NORMAL_1443.png
kermany_NORMAL_1444,kermany,NORMAL,kermany-im-0467,train,dff18b3863d3a66d033af4ee07f807f5f4567ba3f4edaef9e69b45f4be7fbf14,kermany\train\NORMAL\IM-0467-0001-0002.jpeg,data\interim\selected\kermany_NORMAL_1444.jpeg,data/processed/images/kermany_NORMAL_1444.png
kermany_NORMAL_1445,kermany,NORMAL,kermany-im-0948,train,e008287feddc12703a3e68816d801429124828eaef321a7df06cee6ce252dff6,kermany\train\NORMAL\NORMAL2-IM-0948-0001.jpeg,data\interim\selected\kermany_NORMAL_1445.jpeg,data/processed/images/kermany_NORMAL_1445.png
kermany_NORMAL_1446,kermany,NORMAL,kermany-im-1026,train,e1c49e5543ada1cc9becc833354c24e5921abe9f4bc0ac4702720c51f81d2fe8,kermany\train\NORMAL\NORMAL2-IM-1026-0001.jpeg,data\interim\selected\kermany_NORMAL_1446.jpeg,data/processed/images/kermany_NORMAL_1446.png
kermany_NORMAL_1447,kermany,NORMAL,kermany-im-0691,train,e214128ff0cc71946293a14eefab8b9fb57a91d2abf784e69a2414b1254a2873,kermany\train\NORMAL\IM-0691-0001.jpeg,data\interim\selected\kermany_NORMAL_1447.jpeg,data/processed/images/kermany_NORMAL_1447.png
kermany_NORMAL_1448,kermany,NORMAL,kermany-im-0627,train,e2430c5da73120b4442fbbcc0e2df9a317178b2ceaf214153c3c7addfdcb7a02,kermany\train\NORMAL\IM-0627-0001.jpeg,data\interim\selected\kermany_NORMAL_1448.jpeg,data/processed/images/kermany_NORMAL_1448.png
kermany_NORMAL_1449,kermany,NORMAL,kermany-im-0348,train,e485dc38355f63bfdb4f1ddb55fdfd42e7cff496af68638661141b965afdd761,kermany\train\NORMAL\IM-0348-0001.jpeg,data\interim\selected\kermany_NORMAL_1449.jpeg,data/processed/images/kermany_NORMAL_1449.png
kermany_NORMAL_1450,kermany,NORMAL,kermany-im-1023,train,e488217c47689ef31823a7f1b0e19d20f6ac259d8f2ab7094a811cb59bacd9f2,kermany\train\NORMAL\NORMAL2-IM-1023-0001.jpeg,data\interim\selected\kermany_NORMAL_1450.jpeg,data/processed/images/kermany_NORMAL_1450.png
kermany_NORMAL_1451,kermany,NORMAL,kermany-im-1004,train,e4d0ad2caec13cb2f69f082fa7e3beb35afe9e179befc5fae6fff92d1881c982,kermany\train\NORMAL\NORMAL2-IM-1004-0001.jpeg,data\interim\selected\kermany_NORMAL_1451.jpeg,data/processed/images/kermany_NORMAL_1451.png
kermany_NORMAL_1452,kermany,NORMAL,kermany-im-0210,train,e557f9b883d4bb39f288ca22e98b211d75e26e756cebdc0ce463efd25152b42c,kermany\test\NORMAL\NORMAL2-IM-0210-0001.jpeg,data\interim\selected\kermany_NORMAL_1452.jpeg,data/processed/images/kermany_NORMAL_1452.png
kermany_NORMAL_1453,kermany,NORMAL,kermany-im-0528,train,e5d0b5b4f7f06fabe69589dfa5d5006b172939bdc9ce5cb85f5e934a2563b061,kermany\train\NORMAL\NORMAL2-IM-0528-0001.jpeg,data\interim\selected\kermany_NORMAL_1453.jpeg,data/processed/images/kermany_NORMAL_1453.png
kermany_NORMAL_1454,kermany,NORMAL,kermany-im-0832,train,e653fd8da61c358d5e153e3e65d90d9112d18697c482fd77e9e08ad446a499d6,kermany\train\NORMAL\NORMAL2-IM-0832-0001-0002.jpeg,data\interim\selected\kermany_NORMAL_1454.jpeg,data/processed/images/kermany_NORMAL_1454.png
kermany_NORMAL_1455,kermany,NORMAL,kermany-im-0859,train,e764faed41c0039571fe52379320cc3c8a80f72148d416b96452362cdb3b65c1,kermany\train\NORMAL\NORMAL2-IM-0859-0001.jpeg,data\interim\selected\kermany_NORMAL_1455.jpeg,data/processed/images/kermany_NORMAL_1455.png
kermany_NORMAL_1456,kermany,NORMAL,kermany-im-1262,train,e78028d0ecee12ef2873f3f2837f4a46675e3ad520faa6072aace1d83348522d,kermany\train\NORMAL\NORMAL2-IM-1262-0001.jpeg,data\interim\selected\kermany_NORMAL_1456.jpeg,data/processed/images/kermany_NORMAL_1456.png
kermany_NORMAL_1457,kermany,NORMAL,kermany-im-0554,train,e7de9bc40fadf532eae9dae9d2b99112c34528aa787fa9424e21e3391c273f82,kermany\train\NORMAL\IM-0554-0001.jpeg,data\interim\selected\kermany_NORMAL_1457.jpeg,data/processed/images/kermany_NORMAL_1457.png
kermany_NORMAL_1458,kermany,NORMAL,kermany-im-0988,train,e86d1d80a153d5e856f49daa0f686e42477c9a029f59dccc7383319682312e06,kermany\train\NORMAL\NORMAL2-IM-0988-0001.jpeg,data\interim\selected\kermany_NORMAL_1458.jpeg,data/processed/images/kermany_NORMAL_1458.png
kermany_NORMAL_1459,kermany,NORMAL,kermany-im-0887,train,e8abe4f3244ccd748447b6f4f73d53d079c6ab1ca523a7d2519fe94bfb0a3320,kermany\train\NORMAL\NORMAL2-IM-0887-0001.jpeg,data\interim\selected\kermany_NORMAL_1459.jpeg,data/processed/images/kermany_NORMAL_1459.png
kermany_NORMAL_1460,kermany,NORMAL,kermany-im-0894,train,e8b533c0377629df9ad9e66bdf383644eb463e00b9a18739034556f21604171f,kermany\train\NORMAL\NORMAL2-IM-0894-0001.jpeg,data\interim\selected\kermany_NORMAL_1460.jpeg,data/processed/images/kermany_NORMAL_1460.png
kermany_NORMAL_1461,kermany,NORMAL,kermany-im-1145,train,e8fd34f769a87dfa74df4754aa4f035077ac8fb9c171b29de98c1a5b87d2a833,kermany\train\NORMAL\NORMAL2-IM-1145-0001.jpeg,data\interim\selected\kermany_NORMAL_1461.jpeg,data/processed/images/kermany_NORMAL_1461.png
kermany_NORMAL_1462,kermany,NORMAL,kermany-im-0514,train,e96938c38332f7d85cd4f958f9a1f74ecefd9c6f76bc2fedb72b657033384eeb,kermany\train\NORMAL\IM-0514-0001.jpeg,data\interim\selected\kermany_NORMAL_1462.jpeg,data/processed/images/kermany_NORMAL_1462.png
kermany_NORMAL_1463,kermany,NORMAL,kermany-im-0547,train,e969c8a2280f007e763f92823f56a40080ee221d144d5ba86618e42fe5775032,kermany\train\NORMAL\IM-0547-0001.jpeg,data\interim\selected\kermany_NORMAL_1463.jpeg,data/processed/images/kermany_NORMAL_1463.png
kermany_NORMAL_1464,kermany,NORMAL,kermany-im-0546,train,e9c95355730c6a2bfb9de9f9f73592036e7b12065f3272d6de23c42c020b2c1d,kermany\train\NORMAL\IM-0546-0001.jpeg,data\interim\selected\kermany_NORMAL_1464.jpeg,data/processed/images/kermany_NORMAL_1464.png
kermany_NORMAL_1465,kermany,NORMAL,kermany-im-1201,train,ea5949c296a2444fddaa3b4011a8d124de766f5b8753bab948ca98214b778886,kermany\train\NORMAL\NORMAL2-IM-1201-0001.jpeg,data\interim\selected\kermany_NORMAL_1465.jpeg,data/processed/images/kermany_NORMAL_1465.png
kermany_NORMAL_1466,kermany,NORMAL,kermany-im-0622,train,eb1410b8a0f37c4055eda5696476a385cbebeb34a2677b95dd1d3be36a958b70,kermany\train\NORMAL\NORMAL2-IM-0622-0001.jpeg,data\interim\selected\kermany_NORMAL_1466.jpeg,data/processed/images/kermany_NORMAL_1466.png
kermany_NORMAL_1467,kermany,NORMAL,kermany-im-0365,train,ec5f2687b7951863fc2c33d71758dfe9b2d6b6be088d152b952632f834d146ee,kermany\train\NORMAL\IM-0365-0001.jpeg,data\interim\selected\kermany_NORMAL_1467.jpeg,data/processed/images/kermany_NORMAL_1467.png
kermany_NORMAL_1468,kermany,NORMAL,kermany-im-0622,train,ec88bbe7ff9b9a88630338112cb72f49fc3f2a9d6303c64ea870a9151fdd9672,kermany\train\NORMAL\IM-0622-0001.jpeg,data\interim\selected\kermany_NORMAL_1468.jpeg,data/processed/images/kermany_NORMAL_1468.png
kermany_NORMAL_1469,kermany,NORMAL,kermany-im-0660,train,ed68dd04ad134b4cbf886464dc7acf58a91869431671db7193438e12aeb64c38,kermany\train\NORMAL\NORMAL2-IM-0660-0001.jpeg,data\interim\selected\kermany_NORMAL_1469.jpeg,data/processed/images/kermany_NORMAL_1469.png
kermany_NORMAL_1470,kermany,NORMAL,kermany-im-0264,train,ed84d75328f1eb80c6554e3c6ba8dcd573e733914b2934bfce399ae6e8f38ec4,kermany\train\NORMAL\IM-0264-0001.jpeg,data\interim\selected\kermany_NORMAL_1470.jpeg,data/processed/images/kermany_NORMAL_1470.png
kermany_NORMAL_1471,kermany,NORMAL,kermany-im-0131,train,ed90a1ef9178a05e81b818d7c9fe2f646df184bedbf65272314dc26e6d780df2,kermany\test\NORMAL\NORMAL2-IM-0131-0001.jpeg,data\interim\selected\kermany_NORMAL_1471.jpeg,data/processed/images/kermany_NORMAL_1471.png
kermany_NORMAL_1472,kermany,NORMAL,kermany-im-0629,train,ed94d994077e28f1faa73badcabcf1c2f705f63cb237e3ae3f0d62279155037f,kermany\train\NORMAL\IM-0629-0001-0001.jpeg,data\interim\selected\kermany_NORMAL_1472.jpeg,data/processed/images/kermany_NORMAL_1472.png
kermany_NORMAL_1473,kermany,NORMAL,kermany-im-0122,train,eea992f8a396289babd7fc152293c35bce98fc2d00992557a1ae474145fccf7e,kermany\train\NORMAL\IM-0122-0001.jpeg,data\interim\selected\kermany_NORMAL_1473.jpeg,data/processed/images/kermany_NORMAL_1473.png
kermany_NORMAL_1474,kermany,NORMAL,kermany-im-0808,train,efa38e833d5172ebd3314f92cf26b657aa740becb3926f715c88e1858b99fa13,kermany\train\NORMAL\NORMAL2-IM-0808-0001.jpeg,data\interim\selected\kermany_NORMAL_1474.jpeg,data/processed/images/kermany_NORMAL_1474.png
kermany_NORMAL_1475,kermany,NORMAL,kermany-im-0362,train,f011b4b662848d2d01523dcf0eabe6baf452f7c08c8b8f3b63f4ddc75b3d609e,kermany\test\NORMAL\NORMAL2-IM-0362-0001.jpeg,data\interim\selected\kermany_NORMAL_1475.jpeg,data/processed/images/kermany_NORMAL_1475.png
kermany_NORMAL_1476,kermany,NORMAL,kermany-im-0651,train,f0388454a5d87180fe34bf85bea1c1c38b5c6391f277d92fa45510af5f30a617,kermany\train\NORMAL\NORMAL2-IM-0651-0001.jpeg,data\interim\selected\kermany_NORMAL_1476.jpeg,data/processed/images/kermany_NORMAL_1476.png
kermany_NORMAL_1477,kermany,NORMAL,kermany-im-0401,train,f04d896a653d793580feb2ef94becda96c3089a13ebaffd238d960e71a04c790,kermany\train\NORMAL\IM-0401-0001.jpeg,data\interim\selected\kermany_NORMAL_1477.jpeg,data/processed/images/kermany_NORMAL_1477.png
kermany_NORMAL_1478,kermany,NORMAL,kermany-im-1406,train,f14236763d14795bd327dd9187c8de6f324c1a2be5c8effee077f0d247a2d31f,kermany\train\NORMAL\NORMAL2-IM-1406-0001.jpeg,data\interim\selected\kermany_NORMAL_1478.jpeg,data/processed/images/kermany_NORMAL_1478.png
kermany_NORMAL_1479,kermany,NORMAL,kermany-im-0007,train,f145a2313f1c1485ea4a90328f5b769a5f82cc236bcc373295424b116cb113f1,kermany\test\NORMAL\NORMAL2-IM-0007-0001.jpeg,data\interim\selected\kermany_NORMAL_1479.jpeg,data/processed/images/kermany_NORMAL_1479.png
kermany_NORMAL_1480,kermany,NORMAL,kermany-im-0102,train,f240b0718555bdab2c4dfd342b831b55be8284243d057a2c3ad2a8ad9a2c012d,kermany\test\NORMAL\IM-0102-0001.jpeg,data\interim\selected\kermany_NORMAL_1480.jpeg,data/processed/images/kermany_NORMAL_1480.png
kermany_NORMAL_1481,kermany,NORMAL,kermany-im-1327,train,f386a1efb35336ed1c1544519c0e1b69217210c9f292f7b3af992630f3f94c76,kermany\train\NORMAL\NORMAL2-IM-1327-0001.jpeg,data\interim\selected\kermany_NORMAL_1481.jpeg,data/processed/images/kermany_NORMAL_1481.png
kermany_NORMAL_1482,kermany,NORMAL,kermany-im-0447,train,f3e7ed222ac8e3549c28c56abb23e0d2545e4359c8c64925d2a1083143b6daa0,kermany\train\NORMAL\IM-0447-0001.jpeg,data\interim\selected\kermany_NORMAL_1482.jpeg,data/processed/images/kermany_NORMAL_1482.png
kermany_NORMAL_1483,kermany,NORMAL,kermany-im-1098,train,f5f8b042e046585c332f8a5041171cad3dfa5726590c774ce24b321c8125fda8,kermany\train\NORMAL\NORMAL2-IM-1098-0001.jpeg,data\interim\selected\kermany_NORMAL_1483.jpeg,data/processed/images/kermany_NORMAL_1483.png
kermany_NORMAL_1484,kermany,NORMAL,kermany-im-0045,train,f6349cca75a3e7317176139fa81448850a58824b07833eacf885cc19a59be81e,kermany\test\NORMAL\NORMAL2-IM-0045-0001.jpeg,data\interim\selected\kermany_NORMAL_1484.jpeg,data/processed/images/kermany_NORMAL_1484.png
kermany_NORMAL_1485,kermany,NORMAL,kermany-im-1277,train,f65cfaa7c67ce0d0ec66ea84f013046058cb6c7b54e0d3b36c1355cc873c86ca,kermany\train\NORMAL\NORMAL2-IM-1277-0001-0002.jpeg,data\interim\selected\kermany_NORMAL_1485.jpeg,data/processed/images/kermany_NORMAL_1485.png
kermany_NORMAL_1486,kermany,NORMAL,kermany-im-0219,train,f6d65bb18bd4e00b2a9fe844d0a15174d4a340b247a766342fa5011a7d3c85a8,kermany\test\NORMAL\NORMAL2-IM-0219-0001.jpeg,data\interim\selected\kermany_NORMAL_1486.jpeg,data/processed/images/kermany_NORMAL_1486.png
kermany_NORMAL_1487,kermany,NORMAL,kermany-im-0450,train,f73a8bc7ad3d6e1529f3a0babf3533ad9039b5b64fd63335ce9af8dbfa181df8,kermany\train\NORMAL\IM-0450-0001.jpeg,data\interim\selected\kermany_NORMAL_1487.jpeg,data/processed/images/kermany_NORMAL_1487.png
kermany_NORMAL_1488,kermany,NORMAL,kermany-im-0340,train,f751c09260461e5f7e1fa4d16b6f209c1435b9b92dfeb47464d3a7b323604c8b,kermany\test\NORMAL\NORMAL2-IM-0340-0001.jpeg,data\interim\selected\kermany_NORMAL_1488.jpeg,data/processed/images/kermany_NORMAL_1488.png
kermany_NORMAL_1489,kermany,NORMAL,kermany-im-0503,train,f76e1f43324543fd6c6bd7fe46ae1cf328fb95b163d5ee9becd6e72b94ca5716,kermany\train\NORMAL\NORMAL2-IM-0503-0001.jpeg,data\interim\selected\kermany_NORMAL_1489.jpeg,data/processed/images/kermany_NORMAL_1489.png
kermany_NORMAL_1490,kermany,NORMAL,kermany-im-0242,train,fa09a9f00bca5e9c6c3656b87256f931cdd444f0a81a4c475943a0f2dc6277fa,kermany\train\NORMAL\IM-0242-0001.jpeg,data\interim\selected\kermany_NORMAL_1490.jpeg,data/processed/images/kermany_NORMAL_1490.png
kermany_NORMAL_1491,kermany,NORMAL,kermany-im-1258,train,fea79205dc0beb421c7862e9292dea2efa85f7464214d7610de7c276055e269a,kermany\train\NORMAL\NORMAL2-IM-1258-0001-0002.jpeg,data\interim\selected\kermany_NORMAL_1491.jpeg,data/processed/images/kermany_NORMAL_1491.png
kermany_NORMAL_1492,kermany,NORMAL,kermany-im-0651,train,fed1e2897a5cabf801a62f37038d5bb6b795cc747302fba00051e910cbf936b0,kermany\train\NORMAL\IM-0651-0001.jpeg,data\interim\selected\kermany_NORMAL_1492.jpeg,data/processed/images/kermany_NORMAL_1492.png
kermany_NORMAL_1493,kermany,NORMAL,kermany-im-0961,train,feef255ab113931e618a8a2fdfe304d68d9df3f511bedcdcac34dd986b8fb257,kermany\train\NORMAL\NORMAL2-IM-0961-0001.jpeg,data\interim\selected\kermany_NORMAL_1493.jpeg,data/processed/images/kermany_NORMAL_1493.png
kermany_NORMAL_1494,kermany,NORMAL,kermany-im-0439,train,fefe0e4757210da0ff095ba68f7e9193efb4bae328b8f9a19db44edfc20c7e3e,kermany\train\NORMAL\NORMAL2-IM-0439-0001.jpeg,data\interim\selected\kermany_NORMAL_1494.jpeg,data/processed/images/kermany_NORMAL_1494.png
chittagong_PNEUMONIA_1495,chittagong,PNEUMONIA,chittagong-pneumonia-383,train,00222ba2d6b03db1e1125e39d3d09f10b033f29cfaecf5f876ae689691b502df,chittagong\nested_0\Training\pneumonia\pneumonia-383.jpg,data\interim\selected\chittagong_PNEUMONIA_1495.jpg,data/processed/images/chittagong_PNEUMONIA_1495.png
chittagong_PNEUMONIA_1496,chittagong,PNEUMONIA,chittagong-pneumonia-4569,train,00f41031cad839ec3bf7fa93ccbb308ade3950e44de4307df45421df0e71f1ce,chittagong\nested_0\Training\pneumonia\pneumonia-4569.jpg,data\interim\selected\chittagong_PNEUMONIA_1496.jpg,data/processed/images/chittagong_PNEUMONIA_1496.png
chittagong_PNEUMONIA_1497,chittagong,PNEUMONIA,chittagong-pneumonia-4564,train,0274accb8e6057e5d8631a82a45df701d074e1f4d55713e29a83435f1a11cf1f,chittagong\nested_0\Training\pneumonia\pneumonia-4564.jpg,data\interim\selected\chittagong_PNEUMONIA_1497.jpg,data/processed/images/chittagong_PNEUMONIA_1497.png
chittagong_PNEUMONIA_1498,chittagong,PNEUMONIA,chittagong-pneumonia-4101,train,02b28e90c1f459a497ff6040022e27931baca36c92b2249f57e95ace8a734e90,chittagong\nested_0\Training\pneumonia\pneumonia-4101.jpg,data\interim\selected\chittagong_PNEUMONIA_1498.jpg,data/processed/images/chittagong_PNEUMONIA_1498.png
chittagong_PNEUMONIA_1499,chittagong,PNEUMONIA,chittagong-pneumonia-4010,train,02f244d4947d32a4beb8435e29b587914923f488ad828ecaceebbdcfc52e3793,chittagong\nested_0\Training\pneumonia\pneumonia-4010.jpg,data\interim\selected\chittagong_PNEUMONIA_1499.jpg,data/processed/images/chittagong_PNEUMONIA_1499.png
chittagong_PNEUMONIA_1500,chittagong,PNEUMONIA,chittagong-pneumonia-5219,train,0327f6dc96e02ed1b7f2a7fcbb4b51b8cdf3ee1ec1c9474a639158e0e66442b5,chittagong\nested_0\Testing\pneumonia\pneumonia-5219.jpg,data\interim\selected\chittagong_PNEUMONIA_1500.jpg,data/processed/images/chittagong_PNEUMONIA_1500.png
chittagong_PNEUMONIA_1501,chittagong,PNEUMONIA,chittagong-pneumonia-4110,train,0384020060fd960eed92923d2eb73a7bfaa440df534d857aee3dbc88d3505af6,chittagong\nested_0\Training\pneumonia\pneumonia-4110.jpg,data\interim\selected\chittagong_PNEUMONIA_1501.jpg,data/processed/images/chittagong_PNEUMONIA_1501.png
chittagong_PNEUMONIA_1502,chittagong,PNEUMONIA,chittagong-pneumonia-655,train,038f5aa5251b0ff0abdca31440ab4c57f965a6201663e6ebbb943273a24a00a7,chittagong\nested_0\Testing\pneumonia\pneumonia-655.jpg,data\interim\selected\chittagong_PNEUMONIA_1502.jpg,data/processed/images/chittagong_PNEUMONIA_1502.png
chittagong_PNEUMONIA_1503,chittagong,PNEUMONIA,chittagong-pneumonia-563,train,041c0150c16af239e1b651aab69d5494776ffe0a45bb0b285ec62d8e6320e588,chittagong\nested_0\Training\pneumonia\pneumonia-563.jpg,data\interim\selected\chittagong_PNEUMONIA_1503.jpg,data/processed/images/chittagong_PNEUMONIA_1503.png
chittagong_PNEUMONIA_1504,chittagong,PNEUMONIA,chittagong-pneumonia-227,train,046922fecc17e93b32996438437f9c80785bdd5715c15bfcedcc5809d4286402,chittagong\nested_0\Training\pneumonia\pneumonia-227.jpg,data\interim\selected\chittagong_PNEUMONIA_1504.jpg,data/processed/images/chittagong_PNEUMONIA_1504.png
chittagong_PNEUMONIA_1505,chittagong,PNEUMONIA,chittagong-pneumonia-41,train,04dc16fbe750c155d923f2a98dd35b881c78d4d5f4166a9e66241a0ecd1a448c,chittagong\nested_0\Training\pneumonia\pneumonia-41.jpg,data\interim\selected\chittagong_PNEUMONIA_1505.jpg,data/processed/images/chittagong_PNEUMONIA_1505.png
chittagong_PNEUMONIA_1506,chittagong,PNEUMONIA,chittagong-pneumonia-3949,train,05203f0a77d57fe7c20d0926dd1489aff1182780582dcb15a2f46c4f9db730ea,chittagong\nested_0\Training\pneumonia\pneumonia-3949.jpg,data\interim\selected\chittagong_PNEUMONIA_1506.jpg,data/processed/images/chittagong_PNEUMONIA_1506.png
chittagong_PNEUMONIA_1507,chittagong,PNEUMONIA,chittagong-pneumonia-238,train,060fdd2c58883a4797f86a3f886fef24a17b945b13fa7325987f31c3ce2aad48,chittagong\nested_0\Training\pneumonia\pneumonia-238.jpg,data\interim\selected\chittagong_PNEUMONIA_1507.jpg,data/processed/images/chittagong_PNEUMONIA_1507.png
chittagong_PNEUMONIA_1508,chittagong,PNEUMONIA,chittagong-pneumonia-4229,train,06b55b3a32ebdd6719fc3b02c4124a1c9adb6272a096f6017561d5786e824e86,chittagong\nested_0\Training\pneumonia\pneumonia-4229.jpg,data\interim\selected\chittagong_PNEUMONIA_1508.jpg,data/processed/images/chittagong_PNEUMONIA_1508.png
chittagong_PNEUMONIA_1509,chittagong,PNEUMONIA,chittagong-pneumonia-745,train,06eb8d24bb3ab53eb7f412ec38ed50ba1879607a3589e12ac3ca7c9e8deb1c0c,chittagong\nested_0\Testing\pneumonia\pneumonia-745.jpg,data\interim\selected\chittagong_PNEUMONIA_1509.jpg,data/processed/images/chittagong_PNEUMONIA_1509.png
chittagong_PNEUMONIA_1510,chittagong,PNEUMONIA,chittagong-pneumonia-423,train,06f8e1b59eb7914c41ed653c666d58ae183ab04394c63b8b539014cd22779621,chittagong\nested_0\Training\pneumonia\pneumonia-423.jpg,data\interim\selected\chittagong_PNEUMONIA_1510.jpg,data/processed/images/chittagong_PNEUMONIA_1510.png
chittagong_PNEUMONIA_1511,chittagong,PNEUMONIA,chittagong-pneumonia-5158,train,0722589890358f1feeb7becd22ed81824d5b4f51a117d5c2e20ce88545378775,chittagong\nested_0\Testing\pneumonia\pneumonia-5158.jpg,data\interim\selected\chittagong_PNEUMONIA_1511.jpg,data/processed/images/chittagong_PNEUMONIA_1511.png
chittagong_PNEUMONIA_1512,chittagong,PNEUMONIA,chittagong-pneumonia-400,train,07b2796f8da71af681329ba9c5a032f086e2399a6a9e8d6d7a5e3e70344f2330,chittagong\nested_0\Training\pneumonia\pneumonia-400.jpg,data\interim\selected\chittagong_PNEUMONIA_1512.jpg,data/processed/images/chittagong_PNEUMONIA_1512.png
chittagong_PNEUMONIA_1513,chittagong,PNEUMONIA,chittagong-pneumonia-556,train,07c1daa98e700c2e8446ef03bc3668eefd067821c36d461bc9bba4a50b52dc2a,chittagong\nested_0\Training\pneumonia\pneumonia-556.jpg,data\interim\selected\chittagong_PNEUMONIA_1513.jpg,data/processed/images/chittagong_PNEUMONIA_1513.png
chittagong_PNEUMONIA_1514,chittagong,PNEUMONIA,chittagong-pneumonia-435,train,089d7b46b41da462141126482e7e15403a92341f3a309253589f52fc23e7f526,chittagong\nested_0\Training\pneumonia\pneumonia-435.jpg,data\interim\selected\chittagong_PNEUMONIA_1514.jpg,data/processed/images/chittagong_PNEUMONIA_1514.png
chittagong_PNEUMONIA_1515,chittagong,PNEUMONIA,chittagong-pneumonia-8,train,08f3a8945ac8ff8c2775e0578eca8cb68247709e6a0b23264011a47128e7afb2,chittagong\nested_0\Training\pneumonia\pneumonia-8.jpg,data\interim\selected\chittagong_PNEUMONIA_1515.jpg,data/processed/images/chittagong_PNEUMONIA_1515.png
chittagong_PNEUMONIA_1516,chittagong,PNEUMONIA,chittagong-pneumonia-34,train,0a703ae18b5837cd08431f642aaa4da911334dcf981e0c5d0dd9771c148a80dd,chittagong\nested_0\Training\pneumonia\pneumonia-34.jpg,data\interim\selected\chittagong_PNEUMONIA_1516.jpg,data/processed/images/chittagong_PNEUMONIA_1516.png
chittagong_PNEUMONIA_1517,chittagong,PNEUMONIA,chittagong-pneumonia-393,train,0aac0b8d3f53aa97d656d4f9f703bef06ec84d06c916e37b49079f5ceb1eafe7,chittagong\nested_0\Training\pneumonia\pneumonia-393.jpg,data\interim\selected\chittagong_PNEUMONIA_1517.jpg,data/processed/images/chittagong_PNEUMONIA_1517.png
chittagong_PNEUMONIA_1518,chittagong,PNEUMONIA,chittagong-pneumonia-173,train,0c4a3888bd8f903b3e18dc530f061c8bf6406861920ea0c383a64aa0c4800dfa,chittagong\nested_0\Training\pneumonia\pneumonia-173.jpg,data\interim\selected\chittagong_PNEUMONIA_1518.jpg,data/processed/images/chittagong_PNEUMONIA_1518.png
chittagong_PNEUMONIA_1519,chittagong,PNEUMONIA,chittagong-pneumonia-3938,train,0c5603ec39dde68185f2d1677cd36b7399aa02f4e819c1009a4da78599d3dd74,chittagong\nested_0\Training\pneumonia\pneumonia-3938.jpg,data\interim\selected\chittagong_PNEUMONIA_1519.jpg,data/processed/images/chittagong_PNEUMONIA_1519.png
chittagong_PNEUMONIA_1520,chittagong,PNEUMONIA,chittagong-pneumonia-4042,train,0cc2b7d92037e2c6b764c72e1ef0987cf31ac758b9b6608b72b03a69a0d17cc2,chittagong\nested_0\Training\pneumonia\pneumonia-4042.jpg,data\interim\selected\chittagong_PNEUMONIA_1520.jpg,data/processed/images/chittagong_PNEUMONIA_1520.png
chittagong_PNEUMONIA_1521,chittagong,PNEUMONIA,chittagong-pneumonia-16,train,0d36abc2e9152c0cc59fcabe0c23b1a22028696cb5bbc4cd2a57d5e87d20ac0b,chittagong\nested_0\Training\pneumonia\pneumonia-16.jpg,data\interim\selected\chittagong_PNEUMONIA_1521.jpg,data/processed/images/chittagong_PNEUMONIA_1521.png
chittagong_PNEUMONIA_1522,chittagong,PNEUMONIA,chittagong-pneumonia-9,train,0d9e46801ec4cc1b5e32e4577502f14f46a2db67455a9b479cca6748ee295d67,chittagong\nested_0\Training\pneumonia\pneumonia-9.jpg,data\interim\selected\chittagong_PNEUMONIA_1522.jpg,data/processed/images/chittagong_PNEUMONIA_1522.png
chittagong_PNEUMONIA_1523,chittagong,PNEUMONIA,chittagong-pneumonia-4583,train,0e199c348270e065e69095549dd0a0bf89f8b7fdeb013cdaa06f56c36cd3a2c3,chittagong\nested_0\Training\pneumonia\pneumonia-4583.jpg,data\interim\selected\chittagong_PNEUMONIA_1523.jpg,data/processed/images/chittagong_PNEUMONIA_1523.png
chittagong_PNEUMONIA_1524,chittagong,PNEUMONIA,chittagong-pneumonia-4047,train,0e7f1c9196e63a4239af01ca3c04eaa1cadaa1e30e594b049d78d3cdfe2d816c,chittagong\nested_0\Training\pneumonia\pneumonia-4047.jpg,data\interim\selected\chittagong_PNEUMONIA_1524.jpg,data/processed/images/chittagong_PNEUMONIA_1524.png
chittagong_PNEUMONIA_1525,chittagong,PNEUMONIA,chittagong-pneumonia-5179,train,0fe0f7eca5b26db6a1250ec6a0601319db64913478eaf2f2bf93eae625e279ea,chittagong\nested_0\Testing\pneumonia\pneumonia-5179.jpg,data\interim\selected\chittagong_PNEUMONIA_1525.jpg,data/processed/images/chittagong_PNEUMONIA_1525.png
chittagong_PNEUMONIA_1526,chittagong,PNEUMONIA,chittagong-pneumonia-67,train,0ffebfec77e3c894df79f0b64e4d74ab94584e00852a372d7bad2687588211f6,chittagong\nested_0\Training\pneumonia\pneumonia-67.jpg,data\interim\selected\chittagong_PNEUMONIA_1526.jpg,data/processed/images/chittagong_PNEUMONIA_1526.png
chittagong_PNEUMONIA_1527,chittagong,PNEUMONIA,chittagong-pneumonia-4137,train,1092097895a22768c2996ca81dcf59b47420aea56cbe84563a8c1aaced5b04e1,chittagong\nested_0\Training\pneumonia\pneumonia-4137.jpg,data\interim\selected\chittagong_PNEUMONIA_1527.jpg,data/processed/images/chittagong_PNEUMONIA_1527.png
chittagong_PNEUMONIA_1528,chittagong,PNEUMONIA,chittagong-pneumonia-432,train,111a339655e9b8c630cc0070f82685841b44a92cec65813093c78f7a34b5e541,chittagong\nested_0\Training\pneumonia\pneumonia-432.jpg,data\interim\selected\chittagong_PNEUMONIA_1528.jpg,data/processed/images/chittagong_PNEUMONIA_1528.png
chittagong_PNEUMONIA_1529,chittagong,PNEUMONIA,chittagong-pneumonia-4045,train,117a860b6a31c269eeee5d778268c3652bdf755153b696a7307b25e060ba054f,chittagong\nested_0\Training\pneumonia\pneumonia-4045.jpg,data\interim\selected\chittagong_PNEUMONIA_1529.jpg,data/processed/images/chittagong_PNEUMONIA_1529.png
chittagong_PNEUMONIA_1530,chittagong,PNEUMONIA,chittagong-pneumonia-479,train,129124d675a1afbf48c645289f47743e4e5ed25898344eb73f83dd0fdc311ad5,chittagong\nested_0\Training\pneumonia\pneumonia-479.jpg,data\interim\selected\chittagong_PNEUMONIA_1530.jpg,data/processed/images/chittagong_PNEUMONIA_1530.png
chittagong_PNEUMONIA_1531,chittagong,PNEUMONIA,chittagong-pneumonia-72,train,12f117daaf15ab475ffd18f6f0f6846abcc049c82e06ddaabacfd9550824cf03,chittagong\nested_0\Training\pneumonia\pneumonia-72.jpg,data\interim\selected\chittagong_PNEUMONIA_1531.jpg,data/processed/images/chittagong_PNEUMONIA_1531.png
chittagong_PNEUMONIA_1532,chittagong,PNEUMONIA,chittagong-pneumonia-204,train,131451a02687f90a7638d34bee769bc50f7efdf9742b624ff534c934ad97d363,chittagong\nested_0\Training\pneumonia\pneumonia-204.jpg,data\interim\selected\chittagong_PNEUMONIA_1532.jpg,data/processed/images/chittagong_PNEUMONIA_1532.png
chittagong_PNEUMONIA_1533,chittagong,PNEUMONIA,chittagong-pneumonia-420,train,135a2854fdcca719cb51acea1fb2e1f680602044bcf27b292fdba55629ac4909,chittagong\nested_0\Training\pneumonia\pneumonia-420.jpg,data\interim\selected\chittagong_PNEUMONIA_1533.jpg,data/processed/images/chittagong_PNEUMONIA_1533.png
chittagong_PNEUMONIA_1534,chittagong,PNEUMONIA,chittagong-pneumonia-5200,train,138cb4a803f1c0968e0cbfa8e9cd4ac0fcffd0303e0b585c4b4e87cb02dfaf86,chittagong\nested_0\Testing\pneumonia\pneumonia-5200.jpg,data\interim\selected\chittagong_PNEUMONIA_1534.jpg,data/processed/images/chittagong_PNEUMONIA_1534.png
chittagong_PNEUMONIA_1535,chittagong,PNEUMONIA,chittagong-pneumonia-3948,train,140c6ad6ceec63adf1eeb078f4bc84532b0d1a58a0cb533a6971eaad97a20fce,chittagong\nested_0\Training\pneumonia\pneumonia-3948.jpg,data\interim\selected\chittagong_PNEUMONIA_1535.jpg,data/processed/images/chittagong_PNEUMONIA_1535.png
chittagong_PNEUMONIA_1536,chittagong,PNEUMONIA,chittagong-pneumonia-80,train,1588d49588e43edd5ed533705e2ee204b7c8bbd21efee459493d92f6cab0bc22,chittagong\nested_0\Training\pneumonia\pneumonia-80.jpg,data\interim\selected\chittagong_PNEUMONIA_1536.jpg,data/processed/images/chittagong_PNEUMONIA_1536.png
chittagong_PNEUMONIA_1537,chittagong,PNEUMONIA,chittagong-pneumonia-5135,train,15ef9aba9366a9c5b2a689ae5e60b92869f46ff5fcd744ce72bab0c782583aad,chittagong\nested_0\Testing\pneumonia\pneumonia-5135.jpg,data\interim\selected\chittagong_PNEUMONIA_1537.jpg,data/processed/images/chittagong_PNEUMONIA_1537.png
chittagong_PNEUMONIA_1538,chittagong,PNEUMONIA,chittagong-pneumonia-367,train,17b6b6b7b9759529b7ad65b72f73d19bf5186546612f39e7f7577b7a2d8db829,chittagong\nested_0\Training\pneumonia\pneumonia-367.jpg,data\interim\selected\chittagong_PNEUMONIA_1538.jpg,data/processed/images/chittagong_PNEUMONIA_1538.png
chittagong_PNEUMONIA_1539,chittagong,PNEUMONIA,chittagong-pneumonia-4012,train,17d9beff213f80102176ff61b7ef2d0da3a719dbd6ba53727b8afd54fd45ed45,chittagong\nested_0\Training\pneumonia\pneumonia-4012.jpg,data\interim\selected\chittagong_PNEUMONIA_1539.jpg,data/processed/images/chittagong_PNEUMONIA_1539.png
chittagong_PNEUMONIA_1540,chittagong,PNEUMONIA,chittagong-pneumonia-496,train,17e6a2ea0100de6c9c7ca1b6494ff977c2b5c1104b05deb79e5f185e4965af63,chittagong\nested_0\Training\pneumonia\pneumonia-496.jpg,data\interim\selected\chittagong_PNEUMONIA_1540.jpg,data/processed/images/chittagong_PNEUMONIA_1540.png
chittagong_PNEUMONIA_1541,chittagong,PNEUMONIA,chittagong-pneumonia-207,train,181268adc516b7e8c8d944a98bcb82c745dbfd8ead759b02cd11485bc543353b,chittagong\nested_0\Training\pneumonia\pneumonia-207.jpg,data\interim\selected\chittagong_PNEUMONIA_1541.jpg,data/processed/images/chittagong_PNEUMONIA_1541.png
chittagong_PNEUMONIA_1542,chittagong,PNEUMONIA,chittagong-pneumonia-3895,train,1890434105996aa7f3321cec377c9e113e45cf8c6f2fe5b1ee04feba8efba696,chittagong\nested_0\Training\pneumonia\pneumonia-3895.jpg,data\interim\selected\chittagong_PNEUMONIA_1542.jpg,data/processed/images/chittagong_PNEUMONIA_1542.png
chittagong_PNEUMONIA_1543,chittagong,PNEUMONIA,chittagong-pneumonia-3970,train,18bd97b9513689d2f5d6fd7717e8cf4bba18ae8a9ebfcb85235488e5bd73599d,chittagong\nested_0\Training\pneumonia\pneumonia-3970.jpg,data\interim\selected\chittagong_PNEUMONIA_1543.jpg,data/processed/images/chittagong_PNEUMONIA_1543.png
chittagong_PNEUMONIA_1544,chittagong,PNEUMONIA,chittagong-pneumonia-4036,train,18c50a3f96b2818df5b7eee79f696a1dd3008f7cb445dbffb71cf6096eb81921,chittagong\nested_0\Training\pneumonia\pneumonia-4036.jpg,data\interim\selected\chittagong_PNEUMONIA_1544.jpg,data/processed/images/chittagong_PNEUMONIA_1544.png
chittagong_PNEUMONIA_1545,chittagong,PNEUMONIA,chittagong-pneumonia-187,train,1900768b486fcb0de2721231633a133ed35e2d18463317a6c249b0754e417032,chittagong\nested_0\Training\pneumonia\pneumonia-187.jpg,data\interim\selected\chittagong_PNEUMONIA_1545.jpg,data/processed/images/chittagong_PNEUMONIA_1545.png
chittagong_PNEUMONIA_1546,chittagong,PNEUMONIA,chittagong-pneumonia-4139,train,19248f9a60150b63bcc4c748de383aa5ba47967277ac301512a94ed21e654844,chittagong\nested_0\Training\pneumonia\pneumonia-4139.jpg,data\interim\selected\chittagong_PNEUMONIA_1546.jpg,data/processed/images/chittagong_PNEUMONIA_1546.png
chittagong_PNEUMONIA_1547,chittagong,PNEUMONIA,chittagong-pneumonia-363,train,1987d6e75056ba90edb5eadb18c49226a0500b8d31d7d64bfad3f86a095b0bcc,chittagong\nested_0\Training\pneumonia\pneumonia-363.jpg,data\interim\selected\chittagong_PNEUMONIA_1547.jpg,data/processed/images/chittagong_PNEUMONIA_1547.png
chittagong_PNEUMONIA_1548,chittagong,PNEUMONIA,chittagong-pneumonia-4223,train,1998e6b05e79708a78904d8e7a08c3f0ad75bac51e67ea4fcf61d9d16241ae28,chittagong\nested_0\Training\pneumonia\pneumonia-4223.jpg,data\interim\selected\chittagong_PNEUMONIA_1548.jpg,data/processed/images/chittagong_PNEUMONIA_1548.png
chittagong_PNEUMONIA_1549,chittagong,PNEUMONIA,chittagong-pneumonia-404,train,19d88ce46acbddea38ef1c1b790f20dee628eb0e552413a38ac66afcff7fd055,chittagong\nested_0\Training\pneumonia\pneumonia-404.jpg,data\interim\selected\chittagong_PNEUMONIA_1549.jpg,data/processed/images/chittagong_PNEUMONIA_1549.png
chittagong_PNEUMONIA_1550,chittagong,PNEUMONIA,chittagong-pneumonia-478,train,19de23eca1fcb19a1c53bf964ab6d0e6515b29bfd487bcd3207f4880eb8d88a1,chittagong\nested_0\Training\pneumonia\pneumonia-478.jpg,data\interim\selected\chittagong_PNEUMONIA_1550.jpg,data/processed/images/chittagong_PNEUMONIA_1550.png
chittagong_PNEUMONIA_1551,chittagong,PNEUMONIA,chittagong-pneumonia-5208,train,19f3c79349c7ace8c061fc2ffe890c2de9c9750e347c6e1124f0cf81b3334634,chittagong\nested_0\Testing\pneumonia\pneumonia-5208.jpg,data\interim\selected\chittagong_PNEUMONIA_1551.jpg,data/processed/images/chittagong_PNEUMONIA_1551.png
chittagong_PNEUMONIA_1552,chittagong,PNEUMONIA,chittagong-pneumonia-93,train,1a2dcfdfd080715057663faa18fffe24d8ef1d8b8812658ed7c9a67411be383c,chittagong\nested_0\Training\pneumonia\pneumonia-93.jpg,data\interim\selected\chittagong_PNEUMONIA_1552.jpg,data/processed/images/chittagong_PNEUMONIA_1552.png
chittagong_PNEUMONIA_1553,chittagong,PNEUMONIA,chittagong-pneumonia-131,train,1b355a7cae105956caf5564bea76663bf6d60c7e081dc4de803f500ec63866a9,chittagong\nested_0\Training\pneumonia\pneumonia-131.jpg,data\interim\selected\chittagong_PNEUMONIA_1553.jpg,data/processed/images/chittagong_PNEUMONIA_1553.png
chittagong_PNEUMONIA_1554,chittagong,PNEUMONIA,chittagong-pneumonia-634,train,1b9aaa5c2f3e1a4e2c9119d041526f22e35b1d848e3804e5b092ecc7929bcee8,chittagong\nested_0\Testing\pneumonia\pneumonia-634.jpg,data\interim\selected\chittagong_PNEUMONIA_1554.jpg,data/processed/images/chittagong_PNEUMONIA_1554.png
chittagong_PNEUMONIA_1555,chittagong,PNEUMONIA,chittagong-pneumonia-4067,train,1c7b7d6220e50a20c04832a31ee887b3530dac434c6af13e087a76bff18df602,chittagong\nested_0\Training\pneumonia\pneumonia-4067.jpg,data\interim\selected\chittagong_PNEUMONIA_1555.jpg,data/processed/images/chittagong_PNEUMONIA_1555.png
chittagong_PNEUMONIA_1556,chittagong,PNEUMONIA,chittagong-pneumonia-693,train,1d008c66322e5a08d7c512f04f5c8f195ee3fa6fcf11e38e25d2e631875d933e,chittagong\nested_0\Testing\pneumonia\pneumonia-693.jpg,data\interim\selected\chittagong_PNEUMONIA_1556.jpg,data/processed/images/chittagong_PNEUMONIA_1556.png
chittagong_PNEUMONIA_1557,chittagong,PNEUMONIA,chittagong-pneumonia-5215,train,1d61c72f16c78ddce3f5f6c71b21640e1815c47bf934eb3ba310516d1c429c45,chittagong\nested_0\Testing\pneumonia\pneumonia-5215.jpg,data\interim\selected\chittagong_PNEUMONIA_1557.jpg,data/processed/images/chittagong_PNEUMONIA_1557.png
chittagong_PNEUMONIA_1558,chittagong,PNEUMONIA,chittagong-pneumonia-4292,train,1e3aec2fe8b793ac39cf3dfe96645c73cf444a83b95174aef5cb36bcfb3e94fa,chittagong\nested_0\Training\pneumonia\pneumonia-4292.jpg,data\interim\selected\chittagong_PNEUMONIA_1558.jpg,data/processed/images/chittagong_PNEUMONIA_1558.png
chittagong_PNEUMONIA_1559,chittagong,PNEUMONIA,chittagong-pneumonia-737,train,1ed77299a74197e44b351be3886600555eedc15e819e96f339576ed32cfe9f28,chittagong\nested_0\Testing\pneumonia\pneumonia-737.jpg,data\interim\selected\chittagong_PNEUMONIA_1559.jpg,data/processed/images/chittagong_PNEUMONIA_1559.png
chittagong_PNEUMONIA_1560,chittagong,PNEUMONIA,chittagong-pneumonia-5193,train,1f3e21c3f8d42b2a5a263cfc8f517510a756ac56d57771544a002737cafe593c,chittagong\nested_0\Testing\pneumonia\pneumonia-5193.jpg,data\interim\selected\chittagong_PNEUMONIA_1560.jpg,data/processed/images/chittagong_PNEUMONIA_1560.png
chittagong_PNEUMONIA_1561,chittagong,PNEUMONIA,chittagong-pneumonia-4078,train,20cc31215e06808e226405d7f2e59e45a4f56445440347e5767429b82434229f,chittagong\nested_0\Training\pneumonia\pneumonia-4078.jpg,data\interim\selected\chittagong_PNEUMONIA_1561.jpg,data/processed/images/chittagong_PNEUMONIA_1561.png
chittagong_PNEUMONIA_1562,chittagong,PNEUMONIA,chittagong-pneumonia-4519,train,20d6b0aa0bc3dfc1f5e902b30a8d6a9baab8d4400ac0eb23c6171576b7831f47,chittagong\nested_0\Training\pneumonia\pneumonia-4519.jpg,data\interim\selected\chittagong_PNEUMONIA_1562.jpg,data/processed/images/chittagong_PNEUMONIA_1562.png
chittagong_PNEUMONIA_1563,chittagong,PNEUMONIA,chittagong-pneumonia-3971,train,223702cf9261f5b68212c6c0ab2e5db53be32d3c2228f4fc8c82ed276d712cb7,chittagong\nested_0\Training\pneumonia\pneumonia-3971.jpg,data\interim\selected\chittagong_PNEUMONIA_1563.jpg,data/processed/images/chittagong_PNEUMONIA_1563.png
chittagong_PNEUMONIA_1564,chittagong,PNEUMONIA,chittagong-pneumonia-375,train,22551c3ca40167d84d60bb34062935131d3db5b38cb1213437e4870f7ae9ba42,chittagong\nested_0\Training\pneumonia\pneumonia-375.jpg,data\interim\selected\chittagong_PNEUMONIA_1564.jpg,data/processed/images/chittagong_PNEUMONIA_1564.png
chittagong_PNEUMONIA_1565,chittagong,PNEUMONIA,chittagong-pneumonia-317,train,22830f9527bf39257458381677a9b5c494abd0e4c5bc3ee09838e81757e4a961,chittagong\nested_0\Training\pneumonia\pneumonia-317.jpg,data\interim\selected\chittagong_PNEUMONIA_1565.jpg,data/processed/images/chittagong_PNEUMONIA_1565.png
chittagong_PNEUMONIA_1566,chittagong,PNEUMONIA,chittagong-pneumonia-606,train,22f69d5b2bac1d86b940f6ea6fa6afbb755665d2110eba1fac27e20d0c1ab8f1,chittagong\nested_0\Testing\pneumonia\pneumonia-606.jpg,data\interim\selected\chittagong_PNEUMONIA_1566.jpg,data/processed/images/chittagong_PNEUMONIA_1566.png
chittagong_PNEUMONIA_1567,chittagong,PNEUMONIA,chittagong-pneumonia-4211,train,24164914e0189b989b515a916d981982d704b1a5a8844818c63d7b399d929bcd,chittagong\nested_0\Training\pneumonia\pneumonia-4211.jpg,data\interim\selected\chittagong_PNEUMONIA_1567.jpg,data/processed/images/chittagong_PNEUMONIA_1567.png
chittagong_PNEUMONIA_1568,chittagong,PNEUMONIA,chittagong-pneumonia-5152,train,2536fb57976009fb1a73c5d9bfd98b99bdac24e5e1310160d1d5c0484d1726b9,chittagong\nested_0\Testing\pneumonia\pneumonia-5152.jpg,data\interim\selected\chittagong_PNEUMONIA_1568.jpg,data/processed/images/chittagong_PNEUMONIA_1568.png
chittagong_PNEUMONIA_1569,chittagong,PNEUMONIA,chittagong-pneumonia-5178,train,2567202b17be1fd0b137470fe7a133aec3a24f487dc91aaa0038f2d8facd1dfb,chittagong\nested_0\Testing\pneumonia\pneumonia-5178.jpg,data\interim\selected\chittagong_PNEUMONIA_1569.jpg,data/processed/images/chittagong_PNEUMONIA_1569.png
chittagong_PNEUMONIA_1570,chittagong,PNEUMONIA,chittagong-pneumonia-710,train,25f125090bcc422a61951ad8e522b6e81e2207f1a8450a1d9945d1897bc8fb63,chittagong\nested_0\Testing\pneumonia\pneumonia-710.jpg,data\interim\selected\chittagong_PNEUMONIA_1570.jpg,data/processed/images/chittagong_PNEUMONIA_1570.png
chittagong_PNEUMONIA_1571,chittagong,PNEUMONIA,chittagong-pneumonia-4562,train,2698924f38c215b424213cade014c40de50d59820858d22ff255f6a48167f317,chittagong\nested_0\Training\pneumonia\pneumonia-4562.jpg,data\interim\selected\chittagong_PNEUMONIA_1571.jpg,data/processed/images/chittagong_PNEUMONIA_1571.png
chittagong_PNEUMONIA_1572,chittagong,PNEUMONIA,chittagong-pneumonia-4026,train,26aee5e7dbd25e486f178c7d4cd2921bd53c784e2ddf1629c57e7fb1224dec0f,chittagong\nested_0\Training\pneumonia\pneumonia-4026.jpg,data\interim\selected\chittagong_PNEUMONIA_1572.jpg,data/processed/images/chittagong_PNEUMONIA_1572.png
chittagong_PNEUMONIA_1573,chittagong,PNEUMONIA,chittagong-pneumonia-707,train,26f926643a19a5ac67ef33ed5b28d0a97790dde68420adc8aed50f7e75586fdf,chittagong\nested_0\Testing\pneumonia\pneumonia-707.jpg,data\interim\selected\chittagong_PNEUMONIA_1573.jpg,data/processed/images/chittagong_PNEUMONIA_1573.png
chittagong_PNEUMONIA_1574,chittagong,PNEUMONIA,chittagong-pneumonia-68,train,26fbff44dd9da894f8c12938d7be6a3709c46bb5054b92a34f2128fab1c21dfa,chittagong\nested_0\Training\pneumonia\pneumonia-68.jpg,data\interim\selected\chittagong_PNEUMONIA_1574.jpg,data/processed/images/chittagong_PNEUMONIA_1574.png
chittagong_PNEUMONIA_1575,chittagong,PNEUMONIA,chittagong-pneumonia-4581,train,27c866e864f68528173c79670e873a9370321d56c11283fadc59a770a132d58f,chittagong\nested_0\Training\pneumonia\pneumonia-4581.jpg,data\interim\selected\chittagong_PNEUMONIA_1575.jpg,data/processed/images/chittagong_PNEUMONIA_1575.png
chittagong_PNEUMONIA_1576,chittagong,PNEUMONIA,chittagong-pneumonia-94,train,287f53e7723dee49ea7418e63faae357e3da57fbb81c9c9cd1ec80f0131aa568,chittagong\nested_0\Training\pneumonia\pneumonia-94.jpg,data\interim\selected\chittagong_PNEUMONIA_1576.jpg,data/processed/images/chittagong_PNEUMONIA_1576.png
chittagong_PNEUMONIA_1577,chittagong,PNEUMONIA,chittagong-pneumonia-406,train,28c91e4229553b852b6f1cd3d5b6d2beb777f24a2f1a7ebab60fa386488368e9,chittagong\nested_0\Training\pneumonia\pneumonia-406.jpg,data\interim\selected\chittagong_PNEUMONIA_1577.jpg,data/processed/images/chittagong_PNEUMONIA_1577.png
chittagong_PNEUMONIA_1578,chittagong,PNEUMONIA,chittagong-pneumonia-610,train,29fcc3779436cf94d5ed077db4d877275be3a59b69cc158a287697ef498c6b6c,chittagong\nested_0\Testing\pneumonia\pneumonia-610.jpg,data\interim\selected\chittagong_PNEUMONIA_1578.jpg,data/processed/images/chittagong_PNEUMONIA_1578.png
chittagong_PNEUMONIA_1579,chittagong,PNEUMONIA,chittagong-pneumonia-147,train,2a03e610f19c509817863acafdaffdb7d906574ca7900d93669d63b6fb40393f,chittagong\nested_0\Training\pneumonia\pneumonia-147.jpg,data\interim\selected\chittagong_PNEUMONIA_1579.jpg,data/processed/images/chittagong_PNEUMONIA_1579.png
chittagong_PNEUMONIA_1580,chittagong,PNEUMONIA,chittagong-pneumonia-482,train,2be80e70ccc2362887c916f5dfb6412ca4f36a878400aaf8a47cfaccd278fb15,chittagong\nested_0\Training\pneumonia\pneumonia-482.jpg,data\interim\selected\chittagong_PNEUMONIA_1580.jpg,data/processed/images/chittagong_PNEUMONIA_1580.png
chittagong_PNEUMONIA_1581,chittagong,PNEUMONIA,chittagong-pneumonia-366,train,2c5ae1e317167b7d9f9a3f45c28dca5bd5fb1ac162fd9c6266409cea3b4eb91d,chittagong\nested_0\Training\pneumonia\pneumonia-366.jpg,data\interim\selected\chittagong_PNEUMONIA_1581.jpg,data/processed/images/chittagong_PNEUMONIA_1581.png
chittagong_PNEUMONIA_1582,chittagong,PNEUMONIA,chittagong-pneumonia-25,train,2d1ee7083eff05408b5db7cbc633a0e3bf564dacbe108b4d0d015d2d5b505327,chittagong\nested_0\Training\pneumonia\pneumonia-25.jpg,data\interim\selected\chittagong_PNEUMONIA_1582.jpg,data/processed/images/chittagong_PNEUMONIA_1582.png
chittagong_PNEUMONIA_1583,chittagong,PNEUMONIA,chittagong-pneumonia-4567,train,2d8423f66a29b5bf5c4d4a6fef15cfb320a1c1f5f849742cf20fca80f310e928,chittagong\nested_0\Training\pneumonia\pneumonia-4567.jpg,data\interim\selected\chittagong_PNEUMONIA_1583.jpg,data/processed/images/chittagong_PNEUMONIA_1583.png
chittagong_PNEUMONIA_1584,chittagong,PNEUMONIA,chittagong-pneumonia-5155,train,2da0fbf5732d97fb26f816e6e3e91faed2c543800ed50affd1b5fbe0ebcf92ab,chittagong\nested_0\Testing\pneumonia\pneumonia-5155.jpg,data\interim\selected\chittagong_PNEUMONIA_1584.jpg,data/processed/images/chittagong_PNEUMONIA_1584.png
chittagong_PNEUMONIA_1585,chittagong,PNEUMONIA,chittagong-pneumonia-5194,train,2dad7c8d20e275c015306431e4207dc41e429f8ea1856448572cb0ef87f3561a,chittagong\nested_0\Testing\pneumonia\pneumonia-5194.jpg,data\interim\selected\chittagong_PNEUMONIA_1585.jpg,data/processed/images/chittagong_PNEUMONIA_1585.png
chittagong_PNEUMONIA_1586,chittagong,PNEUMONIA,chittagong-pneumonia-218,train,2ebb3064ad0dc1892db758c22d416aea5f290ee4b736f625d09c9cfca72d1c52,chittagong\nested_0\Training\pneumonia\pneumonia-218.jpg,data\interim\selected\chittagong_PNEUMONIA_1586.jpg,data/processed/images/chittagong_PNEUMONIA_1586.png
chittagong_PNEUMONIA_1587,chittagong,PNEUMONIA,chittagong-pneumonia-4090,train,2f205ed0a5eefd9c2720a49afa52ec6fc0cb7e681a7037498617976346633ba6,chittagong\nested_0\Training\pneumonia\pneumonia-4090.jpg,data\interim\selected\chittagong_PNEUMONIA_1587.jpg,data/processed/images/chittagong_PNEUMONIA_1587.png
chittagong_PNEUMONIA_1588,chittagong,PNEUMONIA,chittagong-pneumonia-536,train,2f3074a4ee8476beb51fa391daf63f6816cb8890597cd7e113366396ed27a0f4,chittagong\nested_0\Training\pneumonia\pneumonia-536.jpg,data\interim\selected\chittagong_PNEUMONIA_1588.jpg,data/processed/images/chittagong_PNEUMONIA_1588.png
chittagong_PNEUMONIA_1589,chittagong,PNEUMONIA,chittagong-pneumonia-4576,train,2f3e02ad9d054471557ed6384537c0a6ac103c5f503dc9fcf18e6d31041d1739,chittagong\nested_0\Training\pneumonia\pneumonia-4576.jpg,data\interim\selected\chittagong_PNEUMONIA_1589.jpg,data/processed/images/chittagong_PNEUMONIA_1589.png
chittagong_PNEUMONIA_1590,chittagong,PNEUMONIA,chittagong-pneumonia-5191,train,2f4be5d073d1a9df7da279e0ac87129dcc9a5e861216d9c1cbb187f5c9d4ab30,chittagong\nested_0\Testing\pneumonia\pneumonia-5191.jpg,data\interim\selected\chittagong_PNEUMONIA_1590.jpg,data/processed/images/chittagong_PNEUMONIA_1590.png
chittagong_PNEUMONIA_1591,chittagong,PNEUMONIA,chittagong-pneumonia-4068,train,2f8e1c1c20e85213743f03ee562ea658d465215b56cbcc3c2597b842a972ab3b,chittagong\nested_0\Training\pneumonia\pneumonia-4068.jpg,data\interim\selected\chittagong_PNEUMONIA_1591.jpg,data/processed/images/chittagong_PNEUMONIA_1591.png
chittagong_PNEUMONIA_1592,chittagong,PNEUMONIA,chittagong-pneumonia-4225,train,2f9067520e9b9dea0faa27a101cc429c559d81badb80b8f7fafe9b870f6d0387,chittagong\nested_0\Training\pneumonia\pneumonia-4225.jpg,data\interim\selected\chittagong_PNEUMONIA_1592.jpg,data/processed/images/chittagong_PNEUMONIA_1592.png
chittagong_PNEUMONIA_1593,chittagong,PNEUMONIA,chittagong-pneumonia-431,train,2fa25b0b92a0bc76a0f8af773abf54599e4e71185a4682130d6b58e75d09e577,chittagong\nested_0\Training\pneumonia\pneumonia-431.jpg,data\interim\selected\chittagong_PNEUMONIA_1593.jpg,data/processed/images/chittagong_PNEUMONIA_1593.png
chittagong_PNEUMONIA_1594,chittagong,PNEUMONIA,chittagong-pneumonia-4106,train,3043e37e9352a41b4f93f167f936e6654c03f4b95f3d40bb0bc6046e841078f9,chittagong\nested_0\Training\pneumonia\pneumonia-4106.jpg,data\interim\selected\chittagong_PNEUMONIA_1594.jpg,data/processed/images/chittagong_PNEUMONIA_1594.png
chittagong_PNEUMONIA_1595,chittagong,PNEUMONIA,chittagong-pneumonia-5213,train,314779d567a7ccc702a2684718245737a5138c2638292a731bfa6cf92c74fc5a,chittagong\nested_0\Testing\pneumonia\pneumonia-5213.jpg,data\interim\selected\chittagong_PNEUMONIA_1595.jpg,data/processed/images/chittagong_PNEUMONIA_1595.png
chittagong_PNEUMONIA_1596,chittagong,PNEUMONIA,chittagong-pneumonia-3959,train,318f023f05a8e2be06a0b4c57224e6cf88275505f2e58b7aa13eb773dc1ee090,chittagong\nested_0\Training\pneumonia\pneumonia-3959.jpg,data\interim\selected\chittagong_PNEUMONIA_1596.jpg,data/processed/images/chittagong_PNEUMONIA_1596.png
chittagong_PNEUMONIA_1597,chittagong,PNEUMONIA,chittagong-pneumonia-554,train,31f8c614d7e0eab8520582b288aa36a5f489ac4f5e50caa1e15e2c8e32893efb,chittagong\nested_0\Training\pneumonia\pneumonia-554.jpg,data\interim\selected\chittagong_PNEUMONIA_1597.jpg,data/processed/images/chittagong_PNEUMONIA_1597.png
chittagong_PNEUMONIA_1598,chittagong,PNEUMONIA,chittagong-pneumonia-4074,train,33257889112fca847587045064ec12aacd793f172462bc54bd6b7df591603a03,chittagong\nested_0\Training\pneumonia\pneumonia-4074.jpg,data\interim\selected\chittagong_PNEUMONIA_1598.jpg,data/processed/images/chittagong_PNEUMONIA_1598.png
chittagong_PNEUMONIA_1599,chittagong,PNEUMONIA,chittagong-pneumonia-4556,train,3358d902a5250a6f593b0460037c601a893739edebc2b4d72f3e47442ea8531d,chittagong\nested_0\Training\pneumonia\pneumonia-4556.jpg,data\interim\selected\chittagong_PNEUMONIA_1599.jpg,data/processed/images/chittagong_PNEUMONIA_1599.png
chittagong_PNEUMONIA_1600,chittagong,PNEUMONIA,chittagong-pneumonia-608,train,33ebf21210da8d3d02dd72a8d8e3ac959d6909317d2445798caabdaad322c3e0,chittagong\nested_0\Testing\pneumonia\pneumonia-608.jpg,data\interim\selected\chittagong_PNEUMONIA_1600.jpg,data/processed/images/chittagong_PNEUMONIA_1600.png
chittagong_PNEUMONIA_1601,chittagong,PNEUMONIA,chittagong-pneumonia-4121,train,343109948b194e517c9a8c29573b421cac77fbdc83ab55607b34771ebdee4652,chittagong\nested_0\Training\pneumonia\pneumonia-4121.jpg,data\interim\selected\chittagong_PNEUMONIA_1601.jpg,data/processed/images/chittagong_PNEUMONIA_1601.png
chittagong_PNEUMONIA_1602,chittagong,PNEUMONIA,chittagong-pneumonia-52,train,34d4a249eaf7e9de1b09070c02c4b21b6aa5bb19a0db5f803d1042c1c295675e,chittagong\nested_0\Training\pneumonia\pneumonia-52.jpg,data\interim\selected\chittagong_PNEUMONIA_1602.jpg,data/processed/images/chittagong_PNEUMONIA_1602.png
chittagong_PNEUMONIA_1603,chittagong,PNEUMONIA,chittagong-pneumonia-4287,train,350f99ae4714de8144ae854c72e89579c67085c2184583bfde12e6f1a25f2f9f,chittagong\nested_0\Training\pneumonia\pneumonia-4287.jpg,data\interim\selected\chittagong_PNEUMONIA_1603.jpg,data/processed/images/chittagong_PNEUMONIA_1603.png
chittagong_PNEUMONIA_1604,chittagong,PNEUMONIA,chittagong-pneumonia-833,train,35ebcfebda191ff69a7938b8239dd0dd05c048c2090ae7275f15d2eacf5f5cba,chittagong\nested_0\Testing\pneumonia\pneumonia-833.jpg,data\interim\selected\chittagong_PNEUMONIA_1604.jpg,data/processed/images/chittagong_PNEUMONIA_1604.png
chittagong_PNEUMONIA_1605,chittagong,PNEUMONIA,chittagong-pneumonia-4267,train,35f1c4e55989f43dd97e30948adebac296e4ed4f4fc609beef27df99086213c6,chittagong\nested_0\Training\pneumonia\pneumonia-4267.jpg,data\interim\selected\chittagong_PNEUMONIA_1605.jpg,data/processed/images/chittagong_PNEUMONIA_1605.png
chittagong_PNEUMONIA_1606,chittagong,PNEUMONIA,chittagong-pneumonia-641,train,35fdaa3a62574add9b0f0b8dc127ac407ea0d764b848244bea613c07e769adf2,chittagong\nested_0\Testing\pneumonia\pneumonia-641.jpg,data\interim\selected\chittagong_PNEUMONIA_1606.jpg,data/processed/images/chittagong_PNEUMONIA_1606.png
chittagong_PNEUMONIA_1607,chittagong,PNEUMONIA,chittagong-pneumonia-4083,train,361d7c060ee2b0648644ca880e53b2cc1edd53ca57f65d7e8d20ac77f83fc75a,chittagong\nested_0\Training\pneumonia\pneumonia-4083.jpg,data\interim\selected\chittagong_PNEUMONIA_1607.jpg,data/processed/images/chittagong_PNEUMONIA_1607.png
chittagong_PNEUMONIA_1608,chittagong,PNEUMONIA,chittagong-pneumonia-4150,train,362b3870e89df7d9cd375ea5b758c57ff4fae6e3055a51f14292e33b658c41d2,chittagong\nested_0\Training\pneumonia\pneumonia-4150.jpg,data\interim\selected\chittagong_PNEUMONIA_1608.jpg,data/processed/images/chittagong_PNEUMONIA_1608.png
chittagong_PNEUMONIA_1609,chittagong,PNEUMONIA,chittagong-pneumonia-3875,train,378701aa09fb0e5267f7f67ef1c61b45cc6e25cb158c9c93d6627eed2754b682,chittagong\nested_0\Training\pneumonia\pneumonia-3875.jpg,data\interim\selected\chittagong_PNEUMONIA_1609.jpg,data/processed/images/chittagong_PNEUMONIA_1609.png
chittagong_PNEUMONIA_1610,chittagong,PNEUMONIA,chittagong-pneumonia-368,train,37d3231d50fc94f5f335aa7edf85f0bb7466011cce2c7b4010d941ddd3c98b75,chittagong\nested_0\Training\pneumonia\pneumonia-368.jpg,data\interim\selected\chittagong_PNEUMONIA_1610.jpg,data/processed/images/chittagong_PNEUMONIA_1610.png
chittagong_PNEUMONIA_1611,chittagong,PNEUMONIA,chittagong-pneumonia-521,train,3843ecd32af00d247958a336a9d01c1e82cd1310f2b6fb43df55c7bcd742cd8c,chittagong\nested_0\Training\pneumonia\pneumonia-521.jpg,data\interim\selected\chittagong_PNEUMONIA_1611.jpg,data/processed/images/chittagong_PNEUMONIA_1611.png
chittagong_PNEUMONIA_1612,chittagong,PNEUMONIA,chittagong-pneumonia-4540,train,38450dc9244a94cdda902a3e021ce88d82e8ced7d1917a3602b3db178419a54e,chittagong\nested_0\Training\pneumonia\pneumonia-4540.jpg,data\interim\selected\chittagong_PNEUMONIA_1612.jpg,data/processed/images/chittagong_PNEUMONIA_1612.png
chittagong_PNEUMONIA_1613,chittagong,PNEUMONIA,chittagong-pneumonia-789,train,387330b95c84ab368d1a294dcba0096622707fc0884be380a8e8dc1b0450df3b,chittagong\nested_0\Testing\pneumonia\pneumonia-789.jpg,data\interim\selected\chittagong_PNEUMONIA_1613.jpg,data/processed/images/chittagong_PNEUMONIA_1613.png
chittagong_PNEUMONIA_1614,chittagong,PNEUMONIA,chittagong-pneumonia-4525,train,38b826cfe4888005e8aacd14b67d455135a54fb8af24623cd094ccc2e94e9094,chittagong\nested_0\Training\pneumonia\pneumonia-4525.jpg,data\interim\selected\chittagong_PNEUMONIA_1614.jpg,data/processed/images/chittagong_PNEUMONIA_1614.png
chittagong_PNEUMONIA_1615,chittagong,PNEUMONIA,chittagong-pneumonia-3920,train,393243e21d595b88b2e36671ea6e212a7f394b6ec502fc7ff0e072be8390ef4a,chittagong\nested_0\Training\pneumonia\pneumonia-3920.jpg,data\interim\selected\chittagong_PNEUMONIA_1615.jpg,data/processed/images/chittagong_PNEUMONIA_1615.png
chittagong_PNEUMONIA_1616,chittagong,PNEUMONIA,chittagong-pneumonia-4189,train,3ac31b7d20cd1186ec21006c9f58c89bfe81fd8ea597fc9ffe283b924579bccb,chittagong\nested_0\Training\pneumonia\pneumonia-4189.jpg,data\interim\selected\chittagong_PNEUMONIA_1616.jpg,data/processed/images/chittagong_PNEUMONIA_1616.png
chittagong_PNEUMONIA_1617,chittagong,PNEUMONIA,chittagong-pneumonia-3980,train,3b1e62ff8e9cccbcc6db4b64edf6305b61040c59c1e5e47a1c611bc41aeefa53,chittagong\nested_0\Training\pneumonia\pneumonia-3980.jpg,data\interim\selected\chittagong_PNEUMONIA_1617.jpg,data/processed/images/chittagong_PNEUMONIA_1617.png
chittagong_PNEUMONIA_1618,chittagong,PNEUMONIA,chittagong-pneumonia-3892,train,3b7644295572a00e8fa652262689796dd7a1f860a62abfaf529ddbefdc5e29b5,chittagong\nested_0\Training\pneumonia\pneumonia-3892.jpg,data\interim\selected\chittagong_PNEUMONIA_1618.jpg,data/processed/images/chittagong_PNEUMONIA_1618.png
chittagong_PNEUMONIA_1619,chittagong,PNEUMONIA,chittagong-pneumonia-3886,train,3bbc0adec9af13e3eeadfd7625606571b7026c014483d9cd0999c55cdbd1b4b8,chittagong\nested_0\Training\pneumonia\pneumonia-3886.jpg,data\interim\selected\chittagong_PNEUMONIA_1619.jpg,data/processed/images/chittagong_PNEUMONIA_1619.png
chittagong_PNEUMONIA_1620,chittagong,PNEUMONIA,chittagong-pneumonia-4492,train,3bbc346649b7258ab015ccc5bed05f9c816344e1a3020ca09ca4db21d2900482,chittagong\nested_0\Training\pneumonia\pneumonia-4492.jpg,data\interim\selected\chittagong_PNEUMONIA_1620.jpg,data/processed/images/chittagong_PNEUMONIA_1620.png
chittagong_PNEUMONIA_1621,chittagong,PNEUMONIA,chittagong-pneumonia-4079,train,3bc099030899fe698167f130373a934577e4dadcefc0c0f9c009298e396e66f1,chittagong\nested_0\Training\pneumonia\pneumonia-4079.jpg,data\interim\selected\chittagong_PNEUMONIA_1621.jpg,data/processed/images/chittagong_PNEUMONIA_1621.png
chittagong_PNEUMONIA_1622,chittagong,PNEUMONIA,chittagong-pneumonia-629,train,3bca8f8784b0b6293eb742109ef6034753f863195a56b54386faf561ec5871fe,chittagong\nested_0\Testing\pneumonia\pneumonia-629.jpg,data\interim\selected\chittagong_PNEUMONIA_1622.jpg,data/processed/images/chittagong_PNEUMONIA_1622.png
chittagong_PNEUMONIA_1623,chittagong,PNEUMONIA,chittagong-pneumonia-60,train,3bd35e59c1252988a963e7e8e8519cf1f7b15767723169877a405beedfc0331a,chittagong\nested_0\Training\pneumonia\pneumonia-60.jpg,data\interim\selected\chittagong_PNEUMONIA_1623.jpg,data/processed/images/chittagong_PNEUMONIA_1623.png
chittagong_PNEUMONIA_1624,chittagong,PNEUMONIA,chittagong-pneumonia-5231,train,3c069b85fcc98e05b5d449b24f409bd3b778030f5de47c5fd6edda22d6bf167b,chittagong\nested_0\Testing\pneumonia\pneumonia-5231.jpg,data\interim\selected\chittagong_PNEUMONIA_1624.jpg,data/processed/images/chittagong_PNEUMONIA_1624.png
chittagong_PNEUMONIA_1625,chittagong,PNEUMONIA,chittagong-pneumonia-5156,train,3e303463306224781f870261c135236f0a3e0f8cfd7c1a112b6e4b6ce15df831,chittagong\nested_0\Testing\pneumonia\pneumonia-5156.jpg,data\interim\selected\chittagong_PNEUMONIA_1625.jpg,data/processed/images/chittagong_PNEUMONIA_1625.png
chittagong_PNEUMONIA_1626,chittagong,PNEUMONIA,chittagong-pneumonia-5232,train,4114cb9c1d37f3ed64c1fda3ae7511d520d499067227ed88719cb0f3cabc00a5,chittagong\nested_0\Testing\pneumonia\pneumonia-5232.jpg,data\interim\selected\chittagong_PNEUMONIA_1626.jpg,data/processed/images/chittagong_PNEUMONIA_1626.png
chittagong_PNEUMONIA_1627,chittagong,PNEUMONIA,chittagong-pneumonia-562,train,412e1bac982592c75964c84f4b34658c4b1b790d7ee8c133096019e3d4de9c6b,chittagong\nested_0\Training\pneumonia\pneumonia-562.jpg,data\interim\selected\chittagong_PNEUMONIA_1627.jpg,data/processed/images/chittagong_PNEUMONIA_1627.png
chittagong_PNEUMONIA_1628,chittagong,PNEUMONIA,chittagong-pneumonia-4281,train,414e963fb16b70ba99061537ff41e1275064c766a7b37f613d0e8a6d66671c58,chittagong\nested_0\Training\pneumonia\pneumonia-4281.jpg,data\interim\selected\chittagong_PNEUMONIA_1628.jpg,data/processed/images/chittagong_PNEUMONIA_1628.png
chittagong_PNEUMONIA_1629,chittagong,PNEUMONIA,chittagong-pneumonia-3990,train,4153ce5c00350ea77438d92d3bd11df1993c3aabf65d6a43f98c6d4c7d7fa462,chittagong\nested_0\Training\pneumonia\pneumonia-3990.jpg,data\interim\selected\chittagong_PNEUMONIA_1629.jpg,data/processed/images/chittagong_PNEUMONIA_1629.png
chittagong_PNEUMONIA_1630,chittagong,PNEUMONIA,chittagong-pneumonia-4018,train,42c2820b8a246ec60b66da52ba16f8dd7335a2ee67eeb79df856cb2e75c57616,chittagong\nested_0\Training\pneumonia\pneumonia-4018.jpg,data\interim\selected\chittagong_PNEUMONIA_1630.jpg,data/processed/images/chittagong_PNEUMONIA_1630.png
chittagong_PNEUMONIA_1631,chittagong,PNEUMONIA,chittagong-pneumonia-725,train,43fa1d6c4acca360ad58c98f322c09cd548ec65328c0fcb4512552e66ae20479,chittagong\nested_0\Testing\pneumonia\pneumonia-725.jpg,data\interim\selected\chittagong_PNEUMONIA_1631.jpg,data/processed/images/chittagong_PNEUMONIA_1631.png
chittagong_PNEUMONIA_1632,chittagong,PNEUMONIA,chittagong-pneumonia-4138,train,44ae79beda7158345c8ce1c7ad933909430546d5dc348b48fa39e75afb2c11c8,chittagong\nested_0\Training\pneumonia\pneumonia-4138.jpg,data\interim\selected\chittagong_PNEUMONIA_1632.jpg,data/processed/images/chittagong_PNEUMONIA_1632.png
chittagong_PNEUMONIA_1633,chittagong,PNEUMONIA,chittagong-pneumonia-3958,train,4516e3455f62cec7c86e0cf33a05b05224807b26752c90f77684dcf9dcb9940f,chittagong\nested_0\Training\pneumonia\pneumonia-3958.jpg,data\interim\selected\chittagong_PNEUMONIA_1633.jpg,data/processed/images/chittagong_PNEUMONIA_1633.png
chittagong_PNEUMONIA_1634,chittagong,PNEUMONIA,chittagong-pneumonia-631,train,45c960df3562e3ac8c81852cf4327983ca43807cb5c785536593087e34b5a59d,chittagong\nested_0\Testing\pneumonia\pneumonia-631.jpg,data\interim\selected\chittagong_PNEUMONIA_1634.jpg,data/processed/images/chittagong_PNEUMONIA_1634.png
chittagong_PNEUMONIA_1635,chittagong,PNEUMONIA,chittagong-pneumonia-677,train,464e64a06e0602c0523dea7f98518b383d1259d1803ed9f3a2691e0e84929bff,chittagong\nested_0\Testing\pneumonia\pneumonia-677.jpg,data\interim\selected\chittagong_PNEUMONIA_1635.jpg,data/processed/images/chittagong_PNEUMONIA_1635.png
chittagong_PNEUMONIA_1636,chittagong,PNEUMONIA,chittagong-pneumonia-3899,train,4681d34d8728862acf46b6a39e15cf888e327a1f4625f44f0db465ba46d61a86,chittagong\nested_0\Training\pneumonia\pneumonia-3899.jpg,data\interim\selected\chittagong_PNEUMONIA_1636.jpg,data/processed/images/chittagong_PNEUMONIA_1636.png
chittagong_PNEUMONIA_1637,chittagong,PNEUMONIA,chittagong-pneumonia-5183,train,46ccb6b6ce7ba4a303e6ce5f2bc3d522857c0d3f3f948231bb8a024473611565,chittagong\nested_0\Testing\pneumonia\pneumonia-5183.jpg,data\interim\selected\chittagong_PNEUMONIA_1637.jpg,data/processed/images/chittagong_PNEUMONIA_1637.png
chittagong_PNEUMONIA_1638,chittagong,PNEUMONIA,chittagong-pneumonia-4176,train,46efea1acc9b5cdaa8a171e7d3330bf7293d1f9ae1e3a8d6c7d5e495f627314e,chittagong\nested_0\Training\pneumonia\pneumonia-4176.jpg,data\interim\selected\chittagong_PNEUMONIA_1638.jpg,data/processed/images/chittagong_PNEUMONIA_1638.png
chittagong_PNEUMONIA_1639,chittagong,PNEUMONIA,chittagong-pneumonia-480,train,48085988933e54024611575b9d6d8f1d8ec8e1b46a0eb7b93549804476b04575,chittagong\nested_0\Training\pneumonia\pneumonia-480.jpg,data\interim\selected\chittagong_PNEUMONIA_1639.jpg,data/processed/images/chittagong_PNEUMONIA_1639.png
chittagong_PNEUMONIA_1640,chittagong,PNEUMONIA,chittagong-pneumonia-35,train,484be3eede3894fa2b0981b2bbd366a235b4f07bbe7fe676cdf15c43cee010c2,chittagong\nested_0\Training\pneumonia\pneumonia-35.jpg,data\interim\selected\chittagong_PNEUMONIA_1640.jpg,data/processed/images/chittagong_PNEUMONIA_1640.png
chittagong_PNEUMONIA_1641,chittagong,PNEUMONIA,chittagong-pneumonia-4570,train,489c2e7a4ef18fb1a45fcebaebab804e12034912c3d1869003cfe1dcf300f63c,chittagong\nested_0\Training\pneumonia\pneumonia-4570.jpg,data\interim\selected\chittagong_PNEUMONIA_1641.jpg,data/processed/images/chittagong_PNEUMONIA_1641.png
chittagong_PNEUMONIA_1642,chittagong,PNEUMONIA,chittagong-pneumonia-5205,train,48d6a5c515dc3ceef983f6e3c469eaedda705832d7e6ba02e0479bd913cbdb1d,chittagong\nested_0\Testing\pneumonia\pneumonia-5205.jpg,data\interim\selected\chittagong_PNEUMONIA_1642.jpg,data/processed/images/chittagong_PNEUMONIA_1642.png
chittagong_PNEUMONIA_1643,chittagong,PNEUMONIA,chittagong-pneumonia-224,train,490c3a2492b6fdf3c4fcaea60817ca9de250280aba149e9f094d3ccda3dee8b0,chittagong\nested_0\Training\pneumonia\pneumonia-224.jpg,data\interim\selected\chittagong_PNEUMONIA_1643.jpg,data/processed/images/chittagong_PNEUMONIA_1643.png
chittagong_PNEUMONIA_1644,chittagong,PNEUMONIA,chittagong-pneumonia-408,train,490f41af452821b7f25208bd5a9328006147f3d3703e7a9bd164d1d04e43b653,chittagong\nested_0\Training\pneumonia\pneumonia-408.jpg,data\interim\selected\chittagong_PNEUMONIA_1644.jpg,data/processed/images/chittagong_PNEUMONIA_1644.png
chittagong_PNEUMONIA_1645,chittagong,PNEUMONIA,chittagong-pneumonia-79,train,4944d7f1676bd989a0f833117d05c4de67db8071405fe86b388f4c2af146d97c,chittagong\nested_0\Training\pneumonia\pneumonia-79.jpg,data\interim\selected\chittagong_PNEUMONIA_1645.jpg,data/processed/images/chittagong_PNEUMONIA_1645.png
chittagong_PNEUMONIA_1646,chittagong,PNEUMONIA,chittagong-pneumonia-33,train,497d187881d4d8a5f825b727b75d98b0133c80a3e167897b3e2da42229fc9705,chittagong\nested_0\Training\pneumonia\pneumonia-33.jpg,data\interim\selected\chittagong_PNEUMONIA_1646.jpg,data/processed/images/chittagong_PNEUMONIA_1646.png
chittagong_PNEUMONIA_1647,chittagong,PNEUMONIA,chittagong-pneumonia-4529,train,49a1deca70b618167c820076518d4ebe878859812956bf9f098b7bb91a65b5fd,chittagong\nested_0\Training\pneumonia\pneumonia-4529.jpg,data\interim\selected\chittagong_PNEUMONIA_1647.jpg,data/processed/images/chittagong_PNEUMONIA_1647.png
chittagong_PNEUMONIA_1648,chittagong,PNEUMONIA,chittagong-pneumonia-4545,train,49d2aa12199b40721a7892616b55c2f36ab267e56a60c2f2c4989f5430f67127,chittagong\nested_0\Training\pneumonia\pneumonia-4545.jpg,data\interim\selected\chittagong_PNEUMONIA_1648.jpg,data/processed/images/chittagong_PNEUMONIA_1648.png
chittagong_PNEUMONIA_1649,chittagong,PNEUMONIA,chittagong-pneumonia-378,train,4a8044f4832082dfe3c1e9ae6ea974a172ffd8c2a308100b7c08eb2fa4f83b55,chittagong\nested_0\Training\pneumonia\pneumonia-378.jpg,data\interim\selected\chittagong_PNEUMONIA_1649.jpg,data/processed/images/chittagong_PNEUMONIA_1649.png
chittagong_PNEUMONIA_1650,chittagong,PNEUMONIA,chittagong-pneumonia-4250,train,4af6b52c03250a1072e05c60a04447b7eb0c2cc116ff5b7c38a5fb93b0488958,chittagong\nested_0\Training\pneumonia\pneumonia-4250.jpg,data\interim\selected\chittagong_PNEUMONIA_1650.jpg,data/processed/images/chittagong_PNEUMONIA_1650.png
chittagong_PNEUMONIA_1651,chittagong,PNEUMONIA,chittagong-pneumonia-3884,train,4c386d840e088c003e2f3607e035b6ff7e14ec36405852e86feacdcebecfcb4f,chittagong\nested_0\Training\pneumonia\pneumonia-3884.jpg,data\interim\selected\chittagong_PNEUMONIA_1651.jpg,data/processed/images/chittagong_PNEUMONIA_1651.png
chittagong_PNEUMONIA_1652,chittagong,PNEUMONIA,chittagong-pneumonia-84,train,4ce5d11a90ad733dc0f9c52b1d68adde15fff7781b8a5e099ee13dc0845803f0,chittagong\nested_0\Training\pneumonia\pneumonia-84.jpg,data\interim\selected\chittagong_PNEUMONIA_1652.jpg,data/processed/images/chittagong_PNEUMONIA_1652.png
chittagong_PNEUMONIA_1653,chittagong,PNEUMONIA,chittagong-pneumonia-4506,train,4de8cd046114a1fb282e5c191f7c8b0766e6cebe9adc65c35ad35671cbecc86e,chittagong\nested_0\Training\pneumonia\pneumonia-4506.jpg,data\interim\selected\chittagong_PNEUMONIA_1653.jpg,data/processed/images/chittagong_PNEUMONIA_1653.png
chittagong_PNEUMONIA_1654,chittagong,PNEUMONIA,chittagong-pneumonia-4548,train,4f11461bd33fc7a70edce12f16be39e17a86ce07659508dc102a4d8f97195f33,chittagong\nested_0\Training\pneumonia\pneumonia-4548.jpg,data\interim\selected\chittagong_PNEUMONIA_1654.jpg,data/processed/images/chittagong_PNEUMONIA_1654.png
chittagong_PNEUMONIA_1655,chittagong,PNEUMONIA,chittagong-pneumonia-239,train,5062ded869172315f6bf8ad701418ea8b88613460d01d01665f29433f61b377f,chittagong\nested_0\Training\pneumonia\pneumonia-239.jpg,data\interim\selected\chittagong_PNEUMONIA_1655.jpg,data/processed/images/chittagong_PNEUMONIA_1655.png
chittagong_PNEUMONIA_1656,chittagong,PNEUMONIA,chittagong-pneumonia-4014,train,507ed7f04f3751bb88cae22456739445db6f85f62f9e182b46fc188dc2658633,chittagong\nested_0\Training\pneumonia\pneumonia-4014.jpg,data\interim\selected\chittagong_PNEUMONIA_1656.jpg,data/processed/images/chittagong_PNEUMONIA_1656.png
chittagong_PNEUMONIA_1657,chittagong,PNEUMONIA,chittagong-pneumonia-4098,train,50b32272b1fe9f4840150ce2db5ee796a4d549e893ab7bbae8d8d931ce080e2f,chittagong\nested_0\Training\pneumonia\pneumonia-4098.jpg,data\interim\selected\chittagong_PNEUMONIA_1657.jpg,data/processed/images/chittagong_PNEUMONIA_1657.png
chittagong_PNEUMONIA_1658,chittagong,PNEUMONIA,chittagong-pneumonia-370,train,514205a34baae0aa26abd3711138c108842421d1e319f03947634c9bf711329e,chittagong\nested_0\Training\pneumonia\pneumonia-370.jpg,data\interim\selected\chittagong_PNEUMONIA_1658.jpg,data/processed/images/chittagong_PNEUMONIA_1658.png
chittagong_PNEUMONIA_1659,chittagong,PNEUMONIA,chittagong-pneumonia-630,train,519e95fd5210735d5a39e51481d41c7060d74feec2013277e18955d560142fcd,chittagong\nested_0\Testing\pneumonia\pneumonia-630.jpg,data\interim\selected\chittagong_PNEUMONIA_1659.jpg,data/processed/images/chittagong_PNEUMONIA_1659.png
chittagong_PNEUMONIA_1660,chittagong,PNEUMONIA,chittagong-pneumonia-657,train,52fcb5760f2f501ade794d87d3ab8123435058cd795d62c675e44ee5b650f394,chittagong\nested_0\Testing\pneumonia\pneumonia-657.jpg,data\interim\selected\chittagong_PNEUMONIA_1660.jpg,data/processed/images/chittagong_PNEUMONIA_1660.png
chittagong_PNEUMONIA_1661,chittagong,PNEUMONIA,chittagong-pneumonia-82,train,5345ad548002f7a2cda01848e5d4ceb1c04d04255a8a9195e22e0fef133d9c9b,chittagong\nested_0\Training\pneumonia\pneumonia-82.jpg,data\interim\selected\chittagong_PNEUMONIA_1661.jpg,data/processed/images/chittagong_PNEUMONIA_1661.png
chittagong_PNEUMONIA_1662,chittagong,PNEUMONIA,chittagong-pneumonia-650,train,535fe07c2ac22e8e2b2637e17169c0cbb897cbce42e2890d68c81509b4de43ee,chittagong\nested_0\Testing\pneumonia\pneumonia-650.jpg,data\interim\selected\chittagong_PNEUMONIA_1662.jpg,data/processed/images/chittagong_PNEUMONIA_1662.png
chittagong_PNEUMONIA_1663,chittagong,PNEUMONIA,chittagong-pneumonia-5132,train,53cffde7158d7919bf96df2a913781a46cc1bc9424aeabd23f1fe51f40c368e5,chittagong\nested_0\Testing\pneumonia\pneumonia-5132.jpg,data\interim\selected\chittagong_PNEUMONIA_1663.jpg,data/processed/images/chittagong_PNEUMONIA_1663.png
chittagong_PNEUMONIA_1664,chittagong,PNEUMONIA,chittagong-pneumonia-4230,train,540602ea5b558dead85f984e93aa009aaaba819312a1d363554da9bd47048977,chittagong\nested_0\Training\pneumonia\pneumonia-4230.jpg,data\interim\selected\chittagong_PNEUMONIA_1664.jpg,data/processed/images/chittagong_PNEUMONIA_1664.png
chittagong_PNEUMONIA_1665,chittagong,PNEUMONIA,chittagong-pneumonia-4504,train,546ae05524834f3a8e379ca358e881a6da6ca0f78e9cadcdb4af4be8775a09e4,chittagong\nested_0\Training\pneumonia\pneumonia-4504.jpg,data\interim\selected\chittagong_PNEUMONIA_1665.jpg,data/processed/images/chittagong_PNEUMONIA_1665.png
chittagong_PNEUMONIA_1666,chittagong,PNEUMONIA,chittagong-pneumonia-313,train,557eb84060c06c3b51014bd34accb00066b0525b0c6a7e97d690ae494ba3a061,chittagong\nested_0\Training\pneumonia\pneumonia-313.jpg,data\interim\selected\chittagong_PNEUMONIA_1666.jpg,data/processed/images/chittagong_PNEUMONIA_1666.png
chittagong_PNEUMONIA_1667,chittagong,PNEUMONIA,chittagong-pneumonia-4203,train,567230412cd6fbe1887113f8f76c7987f827abcfe0098a80ef9bddcb09102bbf,chittagong\nested_0\Training\pneumonia\pneumonia-4203.jpg,data\interim\selected\chittagong_PNEUMONIA_1667.jpg,data/processed/images/chittagong_PNEUMONIA_1667.png
chittagong_PNEUMONIA_1668,chittagong,PNEUMONIA,chittagong-pneumonia-4132,train,56e8cbef367496453e85e183cfbe81f2c92093d7cad4769feff7d50a5c97e703,chittagong\nested_0\Training\pneumonia\pneumonia-4132.jpg,data\interim\selected\chittagong_PNEUMONIA_1668.jpg,data/processed/images/chittagong_PNEUMONIA_1668.png
chittagong_PNEUMONIA_1669,chittagong,PNEUMONIA,chittagong-pneumonia-607,train,57e34deb8b2b81883424bac91c1ecc712f82231361668b3fa73e618e18211bdc,chittagong\nested_0\Testing\pneumonia\pneumonia-607.jpg,data\interim\selected\chittagong_PNEUMONIA_1669.jpg,data/processed/images/chittagong_PNEUMONIA_1669.png
chittagong_PNEUMONIA_1670,chittagong,PNEUMONIA,chittagong-pneumonia-4524,train,587244a74f239b3d74f46958f9e8dec6ec50beb5d00ab354f6a17f1d10c26672,chittagong\nested_0\Training\pneumonia\pneumonia-4524.jpg,data\interim\selected\chittagong_PNEUMONIA_1670.jpg,data/processed/images/chittagong_PNEUMONIA_1670.png
chittagong_PNEUMONIA_1671,chittagong,PNEUMONIA,chittagong-pneumonia-3951,train,58d4f52e02cd51dc8da4fe42374e519ae8d0d1049aaa718272d7f75743af01c3,chittagong\nested_0\Training\pneumonia\pneumonia-3951.jpg,data\interim\selected\chittagong_PNEUMONIA_1671.jpg,data/processed/images/chittagong_PNEUMONIA_1671.png
chittagong_PNEUMONIA_1672,chittagong,PNEUMONIA,chittagong-pneumonia-3934,train,5970299821cecc8564f69d3733df5573f567c81fd7f1ccc2fde1a44dd5a11d1c,chittagong\nested_0\Training\pneumonia\pneumonia-3934.jpg,data\interim\selected\chittagong_PNEUMONIA_1672.jpg,data/processed/images/chittagong_PNEUMONIA_1672.png
chittagong_PNEUMONIA_1673,chittagong,PNEUMONIA,chittagong-pneumonia-90,train,5990f79a4434a5d0643c2438ffdd61a3590675978fdad62ff8ac08f8e7f4cb27,chittagong\nested_0\Training\pneumonia\pneumonia-90.jpg,data\interim\selected\chittagong_PNEUMONIA_1673.jpg,data/processed/images/chittagong_PNEUMONIA_1673.png
chittagong_PNEUMONIA_1674,chittagong,PNEUMONIA,chittagong-pneumonia-3897,train,5a4dc1d155dcd53eceec0ecf3c242bc183cce5a5d2bedeab32927a309d0c07cb,chittagong\nested_0\Training\pneumonia\pneumonia-3897.jpg,data\interim\selected\chittagong_PNEUMONIA_1674.jpg,data/processed/images/chittagong_PNEUMONIA_1674.png
chittagong_PNEUMONIA_1675,chittagong,PNEUMONIA,chittagong-pneumonia-865,train,5ace1f2dd67cd110e9386fe3e736def2a2c3f8fb3ab5d9f0a72f9f9a9b947a49,chittagong\nested_0\Testing\pneumonia\pneumonia-865.jpg,data\interim\selected\chittagong_PNEUMONIA_1675.jpg,data/processed/images/chittagong_PNEUMONIA_1675.png
chittagong_PNEUMONIA_1676,chittagong,PNEUMONIA,chittagong-pneumonia-5221,train,5b9d229ecfe10ac449377ba1f52f1df017a0ad1ded032a64e3e115cc55ad091c,chittagong\nested_0\Testing\pneumonia\pneumonia-5221.jpg,data\interim\selected\chittagong_PNEUMONIA_1676.jpg,data/processed/images/chittagong_PNEUMONIA_1676.png
chittagong_PNEUMONIA_1677,chittagong,PNEUMONIA,chittagong-pneumonia-215,train,5be6529892fd5062f1a92a329352b8014fba63106f3a33a63b0c6c43de707347,chittagong\nested_0\Training\pneumonia\pneumonia-215.jpg,data\interim\selected\chittagong_PNEUMONIA_1677.jpg,data/processed/images/chittagong_PNEUMONIA_1677.png
chittagong_PNEUMONIA_1678,chittagong,PNEUMONIA,chittagong-pneumonia-364,train,5beaffd7dbc4dcfd07fd71978f43463674b6e4fcb7879cba8773728c646be35b,chittagong\nested_0\Training\pneumonia\pneumonia-364.jpg,data\interim\selected\chittagong_PNEUMONIA_1678.jpg,data/processed/images/chittagong_PNEUMONIA_1678.png
chittagong_PNEUMONIA_1679,chittagong,PNEUMONIA,chittagong-pneumonia-314,train,5bf32809427c25797fec54caa4186b0ea7c51a82fe649c098abda8ee7becfa80,chittagong\nested_0\Training\pneumonia\pneumonia-314.jpg,data\interim\selected\chittagong_PNEUMONIA_1679.jpg,data/processed/images/chittagong_PNEUMONIA_1679.png
chittagong_PNEUMONIA_1680,chittagong,PNEUMONIA,chittagong-pneumonia-5182,train,5bf714402a5844b14b86e15f10494ce0316b31186e9a7791dcf06ae01eee9056,chittagong\nested_0\Testing\pneumonia\pneumonia-5182.jpg,data\interim\selected\chittagong_PNEUMONIA_1680.jpg,data/processed/images/chittagong_PNEUMONIA_1680.png
chittagong_PNEUMONIA_1681,chittagong,PNEUMONIA,chittagong-pneumonia-467,train,5c7b5f9a532e93b182c0adb8d505877d13cc5cc47eb213daa37ea462c93615f6,chittagong\nested_0\Training\pneumonia\pneumonia-467.jpg,data\interim\selected\chittagong_PNEUMONIA_1681.jpg,data/processed/images/chittagong_PNEUMONIA_1681.png
chittagong_PNEUMONIA_1682,chittagong,PNEUMONIA,chittagong-pneumonia-54,train,5c7d57123f0236ed703ec0067acfbfc061d91015c261704267386e6883849815,chittagong\nested_0\Training\pneumonia\pneumonia-54.jpg,data\interim\selected\chittagong_PNEUMONIA_1682.jpg,data/processed/images/chittagong_PNEUMONIA_1682.png
chittagong_PNEUMONIA_1683,chittagong,PNEUMONIA,chittagong-pneumonia-4112,train,5d1e855d88735c2604398c1500f7f30d16fc343f9720876ee014c5a69fb1f962,chittagong\nested_0\Training\pneumonia\pneumonia-4112.jpg,data\interim\selected\chittagong_PNEUMONIA_1683.jpg,data/processed/images/chittagong_PNEUMONIA_1683.png
chittagong_PNEUMONIA_1684,chittagong,PNEUMONIA,chittagong-pneumonia-4022,train,5d97e60d32e9416a014b71c714677c2a84ff7a859aecff2211df5abb29808927,chittagong\nested_0\Training\pneumonia\pneumonia-4022.jpg,data\interim\selected\chittagong_PNEUMONIA_1684.jpg,data/processed/images/chittagong_PNEUMONIA_1684.png
chittagong_PNEUMONIA_1685,chittagong,PNEUMONIA,chittagong-pneumonia-139,train,5dbf3221e0e9d9e83149d383472fbfce8a40fad19d619ae35eca362071e2fe56,chittagong\nested_0\Training\pneumonia\pneumonia-139.jpg,data\interim\selected\chittagong_PNEUMONIA_1685.jpg,data/processed/images/chittagong_PNEUMONIA_1685.png
chittagong_PNEUMONIA_1686,chittagong,PNEUMONIA,chittagong-pneumonia-4168,train,5ecc03ffd20ada8046da3649ea4c9df4de406d2467dbfb860472b6e2b90e3038,chittagong\nested_0\Training\pneumonia\pneumonia-4168.jpg,data\interim\selected\chittagong_PNEUMONIA_1686.jpg,data/processed/images/chittagong_PNEUMONIA_1686.png
chittagong_PNEUMONIA_1687,chittagong,PNEUMONIA,chittagong-pneumonia-4198,train,5f22fdb52261743c13c65af4b45a89c31185d9c8a7a2115acc03f2e7c706a51c,chittagong\nested_0\Training\pneumonia\pneumonia-4198.jpg,data\interim\selected\chittagong_PNEUMONIA_1687.jpg,data/processed/images/chittagong_PNEUMONIA_1687.png
chittagong_PNEUMONIA_1688,chittagong,PNEUMONIA,chittagong-pneumonia-4108,train,60ac89d4b480017a4b94ec8ad8ad7e28b8e967ff944c7169709ec508aaf64f07,chittagong\nested_0\Training\pneumonia\pneumonia-4108.jpg,data\interim\selected\chittagong_PNEUMONIA_1688.jpg,data/processed/images/chittagong_PNEUMONIA_1688.png
chittagong_PNEUMONIA_1689,chittagong,PNEUMONIA,chittagong-pneumonia-74,train,6148e21401e18544ea5582aa795013d624be04c1aa1a9abf5b47bb0b035b87da,chittagong\nested_0\Training\pneumonia\pneumonia-74.jpg,data\interim\selected\chittagong_PNEUMONIA_1689.jpg,data/processed/images/chittagong_PNEUMONIA_1689.png
chittagong_PNEUMONIA_1690,chittagong,PNEUMONIA,chittagong-pneumonia-240,train,618d28228ce65793976216e6d31cef79a1af2a3111b6a5a2e454e2e034f08522,chittagong\nested_0\Training\pneumonia\pneumonia-240.jpg,data\interim\selected\chittagong_PNEUMONIA_1690.jpg,data/processed/images/chittagong_PNEUMONIA_1690.png
chittagong_PNEUMONIA_1691,chittagong,PNEUMONIA,chittagong-pneumonia-3986,train,618d7448c375e676c1bca8ee01fd870c4d7f00c8c4e5c167b581b6b52ba40e1a,chittagong\nested_0\Training\pneumonia\pneumonia-3986.jpg,data\interim\selected\chittagong_PNEUMONIA_1691.jpg,data/processed/images/chittagong_PNEUMONIA_1691.png
chittagong_PNEUMONIA_1692,chittagong,PNEUMONIA,chittagong-pneumonia-132,train,61988f84013ab1445ed60d0fddcad97aa2eafa482ce6853501f46771178244ab,chittagong\nested_0\Training\pneumonia\pneumonia-132.jpg,data\interim\selected\chittagong_PNEUMONIA_1692.jpg,data/processed/images/chittagong_PNEUMONIA_1692.png
chittagong_PNEUMONIA_1693,chittagong,PNEUMONIA,chittagong-pneumonia-3995,train,61e5c0f45fd18e405e3f1d49181733bac0f2fa69801d02d8c3e5d849fe556b34,chittagong\nested_0\Training\pneumonia\pneumonia-3995.jpg,data\interim\selected\chittagong_PNEUMONIA_1693.jpg,data/processed/images/chittagong_PNEUMONIA_1693.png
chittagong_PNEUMONIA_1694,chittagong,PNEUMONIA,chittagong-pneumonia-177,train,625cf83db7d3be738326a4b79b351f7ae846a8e810268b386f9a32a7c4ccfc58,chittagong\nested_0\Training\pneumonia\pneumonia-177.jpg,data\interim\selected\chittagong_PNEUMONIA_1694.jpg,data/processed/images/chittagong_PNEUMONIA_1694.png
chittagong_PNEUMONIA_1695,chittagong,PNEUMONIA,chittagong-pneumonia-395,train,62bd6c85b994cf2d9cb3e1d3f8597d3c36e9f3ef2e97fc33c08972f0746ad875,chittagong\nested_0\Training\pneumonia\pneumonia-395.jpg,data\interim\selected\chittagong_PNEUMONIA_1695.jpg,data/processed/images/chittagong_PNEUMONIA_1695.png
chittagong_PNEUMONIA_1696,chittagong,PNEUMONIA,chittagong-pneumonia-519,train,6314c1a4484f0fd4d993d6af4a29a8685b258dd800dfd708b8f694c1876b1b33,chittagong\nested_0\Training\pneumonia\pneumonia-519.jpg,data\interim\selected\chittagong_PNEUMONIA_1696.jpg,data/processed/images/chittagong_PNEUMONIA_1696.png
chittagong_PNEUMONIA_1697,chittagong,PNEUMONIA,chittagong-pneumonia-5246,train,631ef6a25da13d5e77cd4e58fa648c0c0a5e189bf1394572119a9cad6d2f5036,chittagong\nested_0\Testing\pneumonia\pneumonia-5246.jpg,data\interim\selected\chittagong_PNEUMONIA_1697.jpg,data/processed/images/chittagong_PNEUMONIA_1697.png
chittagong_PNEUMONIA_1698,chittagong,PNEUMONIA,chittagong-pneumonia-213,train,648b407883921d425ef64ee97e4dec357578a457fe65fd25bb9a1e79128cc687,chittagong\nested_0\Training\pneumonia\pneumonia-213.jpg,data\interim\selected\chittagong_PNEUMONIA_1698.jpg,data/processed/images/chittagong_PNEUMONIA_1698.png
chittagong_PNEUMONIA_1699,chittagong,PNEUMONIA,chittagong-pneumonia-4030,train,64e4b7bfbf7f69e378bbb200ca23563dbefb6cc158396ddbfb8745b6758490bb,chittagong\nested_0\Training\pneumonia\pneumonia-4030.jpg,data\interim\selected\chittagong_PNEUMONIA_1699.jpg,data/processed/images/chittagong_PNEUMONIA_1699.png
chittagong_PNEUMONIA_1700,chittagong,PNEUMONIA,chittagong-pneumonia-486,train,651f220d5beba4b8e54d9785a3bf4a25ac23e9f2eca73f3ba68e3a6f330b2115,chittagong\nested_0\Training\pneumonia\pneumonia-486.jpg,data\interim\selected\chittagong_PNEUMONIA_1700.jpg,data/processed/images/chittagong_PNEUMONIA_1700.png
chittagong_PNEUMONIA_1701,chittagong,PNEUMONIA,chittagong-pneumonia-96,train,653675cced358ae2d9f3d7a7a479864622f38628b739765f784cac4ea51c1f19,chittagong\nested_0\Training\pneumonia\pneumonia-96.jpg,data\interim\selected\chittagong_PNEUMONIA_1701.jpg,data/processed/images/chittagong_PNEUMONIA_1701.png
chittagong_PNEUMONIA_1702,chittagong,PNEUMONIA,chittagong-pneumonia-5128,train,653b7abe466ee12eb7b086165fa28021c63a29646ceda7c307c13d787f89a65d,chittagong\nested_0\Testing\pneumonia\pneumonia-5128.jpg,data\interim\selected\chittagong_PNEUMONIA_1702.jpg,data/processed/images/chittagong_PNEUMONIA_1702.png
chittagong_PNEUMONIA_1703,chittagong,PNEUMONIA,chittagong-pneumonia-695,train,653f884fd637d6a197437bc0220f73a76bcb020ba32aec379966ec1ea60a37aa,chittagong\nested_0\Testing\pneumonia\pneumonia-695.jpg,data\interim\selected\chittagong_PNEUMONIA_1703.jpg,data/processed/images/chittagong_PNEUMONIA_1703.png
chittagong_PNEUMONIA_1704,chittagong,PNEUMONIA,chittagong-pneumonia-3932,train,6576f4055aef1ecb725b6b33198b8a684444f085b14bbcbe60db933b721f6821,chittagong\nested_0\Training\pneumonia\pneumonia-3932.jpg,data\interim\selected\chittagong_PNEUMONIA_1704.jpg,data/processed/images/chittagong_PNEUMONIA_1704.png
chittagong_PNEUMONIA_1705,chittagong,PNEUMONIA,chittagong-pneumonia-5166,train,658b9fbcbfc403d7b7f5227a933dd9d652f07fbd2a23095b5ede81b38b4ddcd1,chittagong\nested_0\Testing\pneumonia\pneumonia-5166.jpg,data\interim\selected\chittagong_PNEUMONIA_1705.jpg,data/processed/images/chittagong_PNEUMONIA_1705.png
chittagong_PNEUMONIA_1706,chittagong,PNEUMONIA,chittagong-pneumonia-4119,train,658fcaceeff83b70a4965893d5d63fc04b33e830d156c7c8562ba349e5bebf76,chittagong\nested_0\Training\pneumonia\pneumonia-4119.jpg,data\interim\selected\chittagong_PNEUMONIA_1706.jpg,data/processed/images/chittagong_PNEUMONIA_1706.png
chittagong_PNEUMONIA_1707,chittagong,PNEUMONIA,chittagong-pneumonia-694,train,664e1a7f02d6f639cd3a0ed3fe04181ce7bafe9f62aa809039e296f4045a8aa7,chittagong\nested_0\Testing\pneumonia\pneumonia-694.jpg,data\interim\selected\chittagong_PNEUMONIA_1707.jpg,data/processed/images/chittagong_PNEUMONIA_1707.png
chittagong_PNEUMONIA_1708,chittagong,PNEUMONIA,chittagong-pneumonia-4032,train,66945edafd0f00eca6607dcf5b4df855799ff7ad18c1ed07406ca33fb3cd6b19,chittagong\nested_0\Training\pneumonia\pneumonia-4032.jpg,data\interim\selected\chittagong_PNEUMONIA_1708.jpg,data/processed/images/chittagong_PNEUMONIA_1708.png
chittagong_PNEUMONIA_1709,chittagong,PNEUMONIA,chittagong-pneumonia-3994,train,672f910132164a0712901096a9c97d7b21e080fd83b0eb4f9aacc8b9edc85451,chittagong\nested_0\Training\pneumonia\pneumonia-3994.jpg,data\interim\selected\chittagong_PNEUMONIA_1709.jpg,data/processed/images/chittagong_PNEUMONIA_1709.png
chittagong_PNEUMONIA_1710,chittagong,PNEUMONIA,chittagong-pneumonia-4577,train,67b2c2b269cb7256fcee982ac41a49f168f014ccf6917a4a60dc01aa216fe838,chittagong\nested_0\Training\pneumonia\pneumonia-4577.jpg,data\interim\selected\chittagong_PNEUMONIA_1710.jpg,data/processed/images/chittagong_PNEUMONIA_1710.png
chittagong_PNEUMONIA_1711,chittagong,PNEUMONIA,chittagong-pneumonia-3979,train,6892d56bcf4a6babc758f9e81b33d28d5a249ebeaf16ee7d447fe3926aa5d6a4,chittagong\nested_0\Training\pneumonia\pneumonia-3979.jpg,data\interim\selected\chittagong_PNEUMONIA_1711.jpg,data/processed/images/chittagong_PNEUMONIA_1711.png
chittagong_PNEUMONIA_1712,chittagong,PNEUMONIA,chittagong-pneumonia-3919,train,689901042abc6e9de5cd256bb96c5b7f6d1ae56c10ab3548d77743fed78ebcc7,chittagong\nested_0\Training\pneumonia\pneumonia-3919.jpg,data\interim\selected\chittagong_PNEUMONIA_1712.jpg,data/processed/images/chittagong_PNEUMONIA_1712.png
chittagong_PNEUMONIA_1713,chittagong,PNEUMONIA,chittagong-pneumonia-5162,train,6b5b9b9d1e0acbad21a9da0c88a333f114cd22e446e2bd9ba1d7beb7819cd9b1,chittagong\nested_0\Testing\pneumonia\pneumonia-5162.jpg,data\interim\selected\chittagong_PNEUMONIA_1713.jpg,data/processed/images/chittagong_PNEUMONIA_1713.png
chittagong_PNEUMONIA_1714,chittagong,PNEUMONIA,chittagong-pneumonia-3940,train,6b6a24e01642abebf5ff901269b4962c24ac28cf4ac185a1124af922617bbdd8,chittagong\nested_0\Training\pneumonia\pneumonia-3940.jpg,data\interim\selected\chittagong_PNEUMONIA_1714.jpg,data/processed/images/chittagong_PNEUMONIA_1714.png
chittagong_PNEUMONIA_1715,chittagong,PNEUMONIA,chittagong-pneumonia-4129,train,6b89bb19479a10d59d2e42ac1bc2b93ee8a2d8bbb90f166edc8e874f00e1d3c7,chittagong\nested_0\Training\pneumonia\pneumonia-4129.jpg,data\interim\selected\chittagong_PNEUMONIA_1715.jpg,data/processed/images/chittagong_PNEUMONIA_1715.png
chittagong_PNEUMONIA_1716,chittagong,PNEUMONIA,chittagong-pneumonia-4251,train,6b9655828d38a10ae3dd0b3c09db1e8e5179cceb92bb092e89682cc7e420a908,chittagong\nested_0\Training\pneumonia\pneumonia-4251.jpg,data\interim\selected\chittagong_PNEUMONIA_1716.jpg,data/processed/images/chittagong_PNEUMONIA_1716.png
chittagong_PNEUMONIA_1717,chittagong,PNEUMONIA,chittagong-pneumonia-21,train,6be03c48a1662593b2f5511423f5586944a74f3ba8ae08c6f626db825fb73196,chittagong\nested_0\Training\pneumonia\pneumonia-21.jpg,data\interim\selected\chittagong_PNEUMONIA_1717.jpg,data/processed/images/chittagong_PNEUMONIA_1717.png
chittagong_PNEUMONIA_1718,chittagong,PNEUMONIA,chittagong-pneumonia-5165,train,6ce4f0af4bb3b4aea4c51ed8b0b1ce83c6d96a8c8ffd9a03a7ba214c28e84ad6,chittagong\nested_0\Testing\pneumonia\pneumonia-5165.jpg,data\interim\selected\chittagong_PNEUMONIA_1718.jpg,data/processed/images/chittagong_PNEUMONIA_1718.png
chittagong_PNEUMONIA_1719,chittagong,PNEUMONIA,chittagong-pneumonia-804,train,6e1abc894125873acda08ace04ed577401606a2c69d0f5cf9f7970166bc4dbf9,chittagong\nested_0\Testing\pneumonia\pneumonia-804.jpg,data\interim\selected\chittagong_PNEUMONIA_1719.jpg,data/processed/images/chittagong_PNEUMONIA_1719.png
chittagong_PNEUMONIA_1720,chittagong,PNEUMONIA,chittagong-pneumonia-5147,train,6e7d70779725b2628664b5748023c5f0bab752aa4dfed31a8159f348fa5b8509,chittagong\nested_0\Testing\pneumonia\pneumonia-5147.jpg,data\interim\selected\chittagong_PNEUMONIA_1720.jpg,data/processed/images/chittagong_PNEUMONIA_1720.png
chittagong_PNEUMONIA_1721,chittagong,PNEUMONIA,chittagong-pneumonia-3987,train,6f4ec836dcaa15ecf8a8bb13987269851a16403776d91826b0ff8b5b49378725,chittagong\nested_0\Training\pneumonia\pneumonia-3987.jpg,data\interim\selected\chittagong_PNEUMONIA_1721.jpg,data/processed/images/chittagong_PNEUMONIA_1721.png
chittagong_PNEUMONIA_1722,chittagong,PNEUMONIA,chittagong-pneumonia-4565,train,6fd6a1bfc942e64b3f45f3c3b7ad70daea32cc8c2191b4c8ccaaed612f92aea4,chittagong\nested_0\Training\pneumonia\pneumonia-4565.jpg,data\interim\selected\chittagong_PNEUMONIA_1722.jpg,data/processed/images/chittagong_PNEUMONIA_1722.png
chittagong_PNEUMONIA_1723,chittagong,PNEUMONIA,chittagong-pneumonia-4182,train,6fd7adec73ab3a51f62fbe2962226429c0e7c8e283b4c329e4a4e4d527e8d1f6,chittagong\nested_0\Training\pneumonia\pneumonia-4182.jpg,data\interim\selected\chittagong_PNEUMONIA_1723.jpg,data/processed/images/chittagong_PNEUMONIA_1723.png
chittagong_PNEUMONIA_1724,chittagong,PNEUMONIA,chittagong-pneumonia-4019,train,700891585abf5135aa004ac04b22b7ded985eee7811d3fb40edd3be09e3b2538,chittagong\nested_0\Training\pneumonia\pneumonia-4019.jpg,data\interim\selected\chittagong_PNEUMONIA_1724.jpg,data/processed/images/chittagong_PNEUMONIA_1724.png
chittagong_PNEUMONIA_1725,chittagong,PNEUMONIA,chittagong-pneumonia-4152,train,7074441c0032eae123793266baef4f60c6c217b5184732e881d6741c9e8bcee5,chittagong\nested_0\Training\pneumonia\pneumonia-4152.jpg,data\interim\selected\chittagong_PNEUMONIA_1725.jpg,data/processed/images/chittagong_PNEUMONIA_1725.png
chittagong_PNEUMONIA_1726,chittagong,PNEUMONIA,chittagong-pneumonia-445,train,708887194c074f76464dba945960e5a267f6d3a805166791823f53c4588c8144,chittagong\nested_0\Training\pneumonia\pneumonia-445.jpg,data\interim\selected\chittagong_PNEUMONIA_1726.jpg,data/processed/images/chittagong_PNEUMONIA_1726.png
chittagong_PNEUMONIA_1727,chittagong,PNEUMONIA,chittagong-pneumonia-4088,train,70b64979de42f1f99ba0c27f305f37f5be18fceb27c0fdb638107f6dbb104a58,chittagong\nested_0\Training\pneumonia\pneumonia-4088.jpg,data\interim\selected\chittagong_PNEUMONIA_1727.jpg,data/processed/images/chittagong_PNEUMONIA_1727.png
chittagong_PNEUMONIA_1728,chittagong,PNEUMONIA,chittagong-pneumonia-346,train,72403c66d754cb4b44a676d1d8a5f8a632dae84a02e5dacdcb13a8438213758c,chittagong\nested_0\Training\pneumonia\pneumonia-346.jpg,data\interim\selected\chittagong_PNEUMONIA_1728.jpg,data/processed/images/chittagong_PNEUMONIA_1728.png
chittagong_PNEUMONIA_1729,chittagong,PNEUMONIA,chittagong-pneumonia-110,train,72e1ca8003cbbf2acd2c9c248d6c9681baa72a8c8ac0a703961808d0bb44e2b8,chittagong\nested_0\Training\pneumonia\pneumonia-110.jpg,data\interim\selected\chittagong_PNEUMONIA_1729.jpg,data/processed/images/chittagong_PNEUMONIA_1729.png
chittagong_PNEUMONIA_1730,chittagong,PNEUMONIA,chittagong-pneumonia-4522,train,72e6a12429864323294d2c9c442e3e2b2d665b3b189265bfb1daecf0460641b9,chittagong\nested_0\Training\pneumonia\pneumonia-4522.jpg,data\interim\selected\chittagong_PNEUMONIA_1730.jpg,data/processed/images/chittagong_PNEUMONIA_1730.png
chittagong_PNEUMONIA_1731,chittagong,PNEUMONIA,chittagong-pneumonia-257,train,7399fd7ec8a95de699750630840c9c222cba2519f4a123ba8a6bf3f4133c506e,chittagong\nested_0\Training\pneumonia\pneumonia-257.jpg,data\interim\selected\chittagong_PNEUMONIA_1731.jpg,data/processed/images/chittagong_PNEUMONIA_1731.png
chittagong_PNEUMONIA_1732,chittagong,PNEUMONIA,chittagong-pneumonia-115,train,74c7f9c84d2e59f6f75af1c088389421ad02016eb72bddccc0885b899a7cca49,chittagong\nested_0\Training\pneumonia\pneumonia-115.jpg,data\interim\selected\chittagong_PNEUMONIA_1732.jpg,data/processed/images/chittagong_PNEUMONIA_1732.png
chittagong_PNEUMONIA_1733,chittagong,PNEUMONIA,chittagong-pneumonia-233,train,75696aeb2d422af500a316eb9dec3c19bb0b57a40de4ba53b213267681005979,chittagong\nested_0\Training\pneumonia\pneumonia-233.jpg,data\interim\selected\chittagong_PNEUMONIA_1733.jpg,data/processed/images/chittagong_PNEUMONIA_1733.png
chittagong_PNEUMONIA_1734,chittagong,PNEUMONIA,chittagong-pneumonia-4038,train,75d8d7bcde7bdf1a4a05f3b73c7a7d09abbd7fceb263a948dcba915553569b1b,chittagong\nested_0\Training\pneumonia\pneumonia-4038.jpg,data\interim\selected\chittagong_PNEUMONIA_1734.jpg,data/processed/images/chittagong_PNEUMONIA_1734.png
chittagong_PNEUMONIA_1735,chittagong,PNEUMONIA,chittagong-pneumonia-3936,train,76460006974990cda6adcee4d6ca044b80d9eb272dbcc0205b7e0b24f1c072fb,chittagong\nested_0\Training\pneumonia\pneumonia-3936.jpg,data\interim\selected\chittagong_PNEUMONIA_1735.jpg,data/processed/images/chittagong_PNEUMONIA_1735.png
chittagong_PNEUMONIA_1736,chittagong,PNEUMONIA,chittagong-pneumonia-569,train,76e483b30f693de3b427f82ce7659fb4a4e742c01bda8896e76255cf3dd78189,chittagong\nested_0\Training\pneumonia\pneumonia-569.jpg,data\interim\selected\chittagong_PNEUMONIA_1736.jpg,data/processed/images/chittagong_PNEUMONIA_1736.png
chittagong_PNEUMONIA_1737,chittagong,PNEUMONIA,chittagong-pneumonia-4025,train,771fa22ff05d6d33e835ad1a6848abb936c6cc86169ac475c96af0c8e233afb1,chittagong\nested_0\Training\pneumonia\pneumonia-4025.jpg,data\interim\selected\chittagong_PNEUMONIA_1737.jpg,data/processed/images/chittagong_PNEUMONIA_1737.png
chittagong_PNEUMONIA_1738,chittagong,PNEUMONIA,chittagong-pneumonia-56,train,777351d9b790c80aa8e0f822c723363138452a527f18540a5542149c21983395,chittagong\nested_0\Training\pneumonia\pneumonia-56.jpg,data\interim\selected\chittagong_PNEUMONIA_1738.jpg,data/processed/images/chittagong_PNEUMONIA_1738.png
chittagong_PNEUMONIA_1739,chittagong,PNEUMONIA,chittagong-pneumonia-89,train,77b232c12e8bf81f0526d6fc925092b6de150ced4737ffc4ede2e4a85a30280b,chittagong\nested_0\Training\pneumonia\pneumonia-89.jpg,data\interim\selected\chittagong_PNEUMONIA_1739.jpg,data/processed/images/chittagong_PNEUMONIA_1739.png
chittagong_PNEUMONIA_1740,chittagong,PNEUMONIA,chittagong-pneumonia-4283,train,77df18b440e508f82a009324ba7e47afd665de004b83438ba5a1ad95938c3f30,chittagong\nested_0\Training\pneumonia\pneumonia-4283.jpg,data\interim\selected\chittagong_PNEUMONIA_1740.jpg,data/processed/images/chittagong_PNEUMONIA_1740.png
chittagong_PNEUMONIA_1741,chittagong,PNEUMONIA,chittagong-pneumonia-329,train,77e348646985b2eaf2de8014e05cd37cca8298dfcaf762cf46a26e9cefe2e690,chittagong\nested_0\Training\pneumonia\pneumonia-329.jpg,data\interim\selected\chittagong_PNEUMONIA_1741.jpg,data/processed/images/chittagong_PNEUMONIA_1741.png
chittagong_PNEUMONIA_1742,chittagong,PNEUMONIA,chittagong-pneumonia-4222,train,7823d4365ba6568efe5682498186ffb72aa64dc733108ad263b07c3e150d182b,chittagong\nested_0\Training\pneumonia\pneumonia-4222.jpg,data\interim\selected\chittagong_PNEUMONIA_1742.jpg,data/processed/images/chittagong_PNEUMONIA_1742.png
chittagong_PNEUMONIA_1743,chittagong,PNEUMONIA,chittagong-pneumonia-127,train,783238c53babdb3c2bf3381a4c0e75116d5f18576b479d9e919765af9c01d653,chittagong\nested_0\Training\pneumonia\pneumonia-127.jpg,data\interim\selected\chittagong_PNEUMONIA_1743.jpg,data/processed/images/chittagong_PNEUMONIA_1743.png
chittagong_PNEUMONIA_1744,chittagong,PNEUMONIA,chittagong-pneumonia-75,train,7842fd95b9bc28719b57df0e24246210bcbe0c71bbae53c07192a5d1bd57862a,chittagong\nested_0\Training\pneumonia\pneumonia-75.jpg,data\interim\selected\chittagong_PNEUMONIA_1744.jpg,data/processed/images/chittagong_PNEUMONIA_1744.png
chittagong_PNEUMONIA_1745,chittagong,PNEUMONIA,chittagong-pneumonia-4141,train,7aa26100c3446fc0eca7425d89946c783a6bc294e6a7fb71e70ea854a9fb272a,chittagong\nested_0\Training\pneumonia\pneumonia-4141.jpg,data\interim\selected\chittagong_PNEUMONIA_1745.jpg,data/processed/images/chittagong_PNEUMONIA_1745.png
chittagong_PNEUMONIA_1746,chittagong,PNEUMONIA,chittagong-pneumonia-5243,train,7b40ba43922da3c70530720672467b312188963019910fdc97e93e31999aa410,chittagong\nested_0\Testing\pneumonia\pneumonia-5243.jpg,data\interim\selected\chittagong_PNEUMONIA_1746.jpg,data/processed/images/chittagong_PNEUMONIA_1746.png
chittagong_PNEUMONIA_1747,chittagong,PNEUMONIA,chittagong-pneumonia-342,train,7b7aac606c3a688b348efe8d130c45e02937914d05027c41c7d1839943b636c0,chittagong\nested_0\Training\pneumonia\pneumonia-342.jpg,data\interim\selected\chittagong_PNEUMONIA_1747.jpg,data/processed/images/chittagong_PNEUMONIA_1747.png
chittagong_PNEUMONIA_1748,chittagong,PNEUMONIA,chittagong-pneumonia-3923,train,7b7f27fdfa9e0bd18fa61de3009aedf6a0509801b84aaf00d047b74dbc8581d5,chittagong\nested_0\Training\pneumonia\pneumonia-3923.jpg,data\interim\selected\chittagong_PNEUMONIA_1748.jpg,data/processed/images/chittagong_PNEUMONIA_1748.png
chittagong_PNEUMONIA_1749,chittagong,PNEUMONIA,chittagong-pneumonia-4526,train,7b921d6cf02254e5ad280bcb1c8a9e3144679535c7032d79a896c005243f1dfb,chittagong\nested_0\Training\pneumonia\pneumonia-4526.jpg,data\interim\selected\chittagong_PNEUMONIA_1749.jpg,data/processed/images/chittagong_PNEUMONIA_1749.png
chittagong_PNEUMONIA_1750,chittagong,PNEUMONIA,chittagong-pneumonia-501,train,7baa6fac1592202673351ece1e510c840c918c08b4863595c99c3dc44abbf250,chittagong\nested_0\Training\pneumonia\pneumonia-501.jpg,data\interim\selected\chittagong_PNEUMONIA_1750.jpg,data/processed/images/chittagong_PNEUMONIA_1750.png
chittagong_PNEUMONIA_1751,chittagong,PNEUMONIA,chittagong-pneumonia-455,train,7c067b20d3b90981cfb9076ab8ded1bd6ab34bf6878ea01fa5f21a3a10864212,chittagong\nested_0\Training\pneumonia\pneumonia-455.jpg,data\interim\selected\chittagong_PNEUMONIA_1751.jpg,data/processed/images/chittagong_PNEUMONIA_1751.png
chittagong_PNEUMONIA_1752,chittagong,PNEUMONIA,chittagong-pneumonia-42,train,7c4a40f05341de4be5c2cb063f928533bae5496ae713f0e3eafb02af7168d3bb,chittagong\nested_0\Training\pneumonia\pneumonia-42.jpg,data\interim\selected\chittagong_PNEUMONIA_1752.jpg,data/processed/images/chittagong_PNEUMONIA_1752.png
chittagong_PNEUMONIA_1753,chittagong,PNEUMONIA,chittagong-pneumonia-5168,train,7c8dafd8167e7e561e63d2aa6cdd23e80d80abdc1dd32e194fddfcdbed7f7ec0,chittagong\nested_0\Testing\pneumonia\pneumonia-5168.jpg,data\interim\selected\chittagong_PNEUMONIA_1753.jpg,data/processed/images/chittagong_PNEUMONIA_1753.png
chittagong_PNEUMONIA_1754,chittagong,PNEUMONIA,chittagong-pneumonia-5143,train,7d77ed0fcf8e516832e178b4ef1a9802a25bc2cfc1348e3a93ea2fe2152a059d,chittagong\nested_0\Testing\pneumonia\pneumonia-5143.jpg,data\interim\selected\chittagong_PNEUMONIA_1754.jpg,data/processed/images/chittagong_PNEUMONIA_1754.png
chittagong_PNEUMONIA_1755,chittagong,PNEUMONIA,chittagong-pneumonia-3876,train,7d7a250026cabaee376ccf6486bb1217c9012e1d7ec671ea2d172c9d8290eb55,chittagong\nested_0\Training\pneumonia\pneumonia-3876.jpg,data\interim\selected\chittagong_PNEUMONIA_1755.jpg,data/processed/images/chittagong_PNEUMONIA_1755.png
chittagong_PNEUMONIA_1756,chittagong,PNEUMONIA,chittagong-pneumonia-4518,train,7df3e273cdd757218787bebefcf0c3658c8f36eb708a6b07ba2a634da8b9fcdd,chittagong\nested_0\Training\pneumonia\pneumonia-4518.jpg,data\interim\selected\chittagong_PNEUMONIA_1756.jpg,data/processed/images/chittagong_PNEUMONIA_1756.png
chittagong_PNEUMONIA_1757,chittagong,PNEUMONIA,chittagong-pneumonia-4584,train,7e027a76eeeb2f042bf592dd941b3c3874472fff7009d661c5c82404fe508f51,chittagong\nested_0\Training\pneumonia\pneumonia-4584.jpg,data\interim\selected\chittagong_PNEUMONIA_1757.jpg,data/processed/images/chittagong_PNEUMONIA_1757.png
chittagong_PNEUMONIA_1758,chittagong,PNEUMONIA,chittagong-pneumonia-3963,train,7e02a4a0d3096e16a4369739eb747ca692005005799a0eb143a9b694a8628303,chittagong\nested_0\Training\pneumonia\pneumonia-3963.jpg,data\interim\selected\chittagong_PNEUMONIA_1758.jpg,data/processed/images/chittagong_PNEUMONIA_1758.png
chittagong_PNEUMONIA_1759,chittagong,PNEUMONIA,chittagong-pneumonia-4269,train,7e22f849b9d8f2aa8ce2152146040ef04487282715016e944dbe13114a952d43,chittagong\nested_0\Training\pneumonia\pneumonia-4269.jpg,data\interim\selected\chittagong_PNEUMONIA_1759.jpg,data/processed/images/chittagong_PNEUMONIA_1759.png
chittagong_PNEUMONIA_1760,chittagong,PNEUMONIA,chittagong-pneumonia-3964,train,7f730b8cc20a860223a8e6831bd927d7bb71e17e7102a715da86c4d42cfdc988,chittagong\nested_0\Training\pneumonia\pneumonia-3964.jpg,data\interim\selected\chittagong_PNEUMONIA_1760.jpg,data/processed/images/chittagong_PNEUMONIA_1760.png
chittagong_PNEUMONIA_1761,chittagong,PNEUMONIA,chittagong-pneumonia-426,train,806681bd6b8965e37fa67389217852704e7323cf6ec627af41d9bd4d5d44f593,chittagong\nested_0\Training\pneumonia\pneumonia-426.jpg,data\interim\selected\chittagong_PNEUMONIA_1761.jpg,data/processed/images/chittagong_PNEUMONIA_1761.png
chittagong_PNEUMONIA_1762,chittagong,PNEUMONIA,chittagong-pneumonia-578,train,80b910e0d251d1dff3b1f4295127864df185beb1213da551bac7e27b356dc275,chittagong\nested_0\Training\pneumonia\pneumonia-578.jpg,data\interim\selected\chittagong_PNEUMONIA_1762.jpg,data/processed/images/chittagong_PNEUMONIA_1762.png
chittagong_PNEUMONIA_1763,chittagong,PNEUMONIA,chittagong-pneumonia-4495,train,8180967abd0af6873ac834911ad560cc439866e632478b1c961597a6e2d27244,chittagong\nested_0\Training\pneumonia\pneumonia-4495.jpg,data\interim\selected\chittagong_PNEUMONIA_1763.jpg,data/processed/images/chittagong_PNEUMONIA_1763.png
chittagong_PNEUMONIA_1764,chittagong,PNEUMONIA,chittagong-pneumonia-81,train,822a9d6b13c5e0ebb4c6f4d3f1545c79b6d10a3974054157a53541cd62742dc9,chittagong\nested_0\Training\pneumonia\pneumonia-81.jpg,data\interim\selected\chittagong_PNEUMONIA_1764.jpg,data/processed/images/chittagong_PNEUMONIA_1764.png
chittagong_PNEUMONIA_1765,chittagong,PNEUMONIA,chittagong-pneumonia-4135,train,82670d71065e2623e3967610a07d2254c77dff8b06470a844b9bd0970317fb68,chittagong\nested_0\Training\pneumonia\pneumonia-4135.jpg,data\interim\selected\chittagong_PNEUMONIA_1765.jpg,data/processed/images/chittagong_PNEUMONIA_1765.png
chittagong_PNEUMONIA_1766,chittagong,PNEUMONIA,chittagong-pneumonia-4578,train,829e339bbd0f7532d9d56759353aabb839d120b602522302325b9810bcea8fb3,chittagong\nested_0\Training\pneumonia\pneumonia-4578.jpg,data\interim\selected\chittagong_PNEUMONIA_1766.jpg,data/processed/images/chittagong_PNEUMONIA_1766.png
chittagong_PNEUMONIA_1767,chittagong,PNEUMONIA,chittagong-pneumonia-258,train,82b9a9e15097e7e0d17edcc94e8b824c9019eb11a36dabaa0348b3dc577b5c75,chittagong\nested_0\Training\pneumonia\pneumonia-258.jpg,data\interim\selected\chittagong_PNEUMONIA_1767.jpg,data/processed/images/chittagong_PNEUMONIA_1767.png
chittagong_PNEUMONIA_1768,chittagong,PNEUMONIA,chittagong-pneumonia-4568,train,8330bf358a17561ae453b017ea24c930bc78e3d3713613df9633712be96b4576,chittagong\nested_0\Training\pneumonia\pneumonia-4568.jpg,data\interim\selected\chittagong_PNEUMONIA_1768.jpg,data/processed/images/chittagong_PNEUMONIA_1768.png
chittagong_PNEUMONIA_1769,chittagong,PNEUMONIA,chittagong-pneumonia-4037,train,83b695aa88e4e6434a8cf011f91754f999652b7d38551c310884aa4db984c7fb,chittagong\nested_0\Training\pneumonia\pneumonia-4037.jpg,data\interim\selected\chittagong_PNEUMONIA_1769.jpg,data/processed/images/chittagong_PNEUMONIA_1769.png
chittagong_PNEUMONIA_1770,chittagong,PNEUMONIA,chittagong-pneumonia-453,train,83f929ffdf30616fbe08446fdc9b8ab0f3311a01d6bbbb2938f5fba5f9e21064,chittagong\nested_0\Training\pneumonia\pneumonia-453.jpg,data\interim\selected\chittagong_PNEUMONIA_1770.jpg,data/processed/images/chittagong_PNEUMONIA_1770.png
chittagong_PNEUMONIA_1771,chittagong,PNEUMONIA,chittagong-pneumonia-3894,train,8462e78abdb49ce7271c60ef588f8c1e1afaa8dfcde37715922e6dd2ba366feb,chittagong\nested_0\Training\pneumonia\pneumonia-3894.jpg,data\interim\selected\chittagong_PNEUMONIA_1771.jpg,data/processed/images/chittagong_PNEUMONIA_1771.png
chittagong_PNEUMONIA_1772,chittagong,PNEUMONIA,chittagong-pneumonia-234,train,84f04ed9809ec7ec66e7b92611142db9a69e3e338f84e6760b28db436cc9f299,chittagong\nested_0\Training\pneumonia\pneumonia-234.jpg,data\interim\selected\chittagong_PNEUMONIA_1772.jpg,data/processed/images/chittagong_PNEUMONIA_1772.png
chittagong_PNEUMONIA_1773,chittagong,PNEUMONIA,chittagong-pneumonia-4277,train,852212f6b703b0f08f30a951a8926be1e150b85c4ac9c09e325aba8ac4c12567,chittagong\nested_0\Training\pneumonia\pneumonia-4277.jpg,data\interim\selected\chittagong_PNEUMONIA_1773.jpg,data/processed/images/chittagong_PNEUMONIA_1773.png
chittagong_PNEUMONIA_1774,chittagong,PNEUMONIA,chittagong-pneumonia-5220,train,85e1369af9c253868b670ff9981c66fe18d72f127ab6051d5b67497fd1fedc10,chittagong\nested_0\Testing\pneumonia\pneumonia-5220.jpg,data\interim\selected\chittagong_PNEUMONIA_1774.jpg,data/processed/images/chittagong_PNEUMONIA_1774.png
chittagong_PNEUMONIA_1775,chittagong,PNEUMONIA,chittagong-pneumonia-3912,train,85e20f55f2930bc880b95a6deef83153e63232840c0db384c2a7a315f35bd4e6,chittagong\nested_0\Training\pneumonia\pneumonia-3912.jpg,data\interim\selected\chittagong_PNEUMONIA_1775.jpg,data/processed/images/chittagong_PNEUMONIA_1775.png
chittagong_PNEUMONIA_1776,chittagong,PNEUMONIA,chittagong-pneumonia-4263,train,85edf736576081aa130e972a78681ce1b83952bf28d6a4052e56e0e087f195c0,chittagong\nested_0\Training\pneumonia\pneumonia-4263.jpg,data\interim\selected\chittagong_PNEUMONIA_1776.jpg,data/processed/images/chittagong_PNEUMONIA_1776.png
chittagong_PNEUMONIA_1777,chittagong,PNEUMONIA,chittagong-pneumonia-471,train,860e4870d1b5773c3e5993c0a5c8c10dddb45db0e9a6261e51ac078f0f627340,chittagong\nested_0\Training\pneumonia\pneumonia-471.jpg,data\interim\selected\chittagong_PNEUMONIA_1777.jpg,data/processed/images/chittagong_PNEUMONIA_1777.png
chittagong_PNEUMONIA_1778,chittagong,PNEUMONIA,chittagong-pneumonia-3939,train,879a35b8d5697def4383560a1edd1c0413b14ee5faf9508bfb5ae4b42160c8a4,chittagong\nested_0\Training\pneumonia\pneumonia-3939.jpg,data\interim\selected\chittagong_PNEUMONIA_1778.jpg,data/processed/images/chittagong_PNEUMONIA_1778.png
chittagong_PNEUMONIA_1779,chittagong,PNEUMONIA,chittagong-pneumonia-573,train,884998ed3fcb4a0da7273ac9257db80f543efa87da8747957c08eaa3e5afa3c1,chittagong\nested_0\Training\pneumonia\pneumonia-573.jpg,data\interim\selected\chittagong_PNEUMONIA_1779.jpg,data/processed/images/chittagong_PNEUMONIA_1779.png
chittagong_PNEUMONIA_1780,chittagong,PNEUMONIA,chittagong-pneumonia-4024,train,89d9b550b9b48e55fdff05f804d412458f5e00e60508d27523b3c8603086af03,chittagong\nested_0\Training\pneumonia\pneumonia-4024.jpg,data\interim\selected\chittagong_PNEUMONIA_1780.jpg,data/processed/images/chittagong_PNEUMONIA_1780.png
chittagong_PNEUMONIA_1781,chittagong,PNEUMONIA,chittagong-pneumonia-138,train,8a607b2bfa07402eae203bbb06a37dbc0d81e9af1a6b0c59ee22a37ee033f967,chittagong\nested_0\Training\pneumonia\pneumonia-138.jpg,data\interim\selected\chittagong_PNEUMONIA_1781.jpg,data/processed/images/chittagong_PNEUMONIA_1781.png
chittagong_PNEUMONIA_1782,chittagong,PNEUMONIA,chittagong-pneumonia-3869,train,8b4aa21109b2c5fcec6ac95c49df93c934c7481c490227c1abf0c7b6a0209950,chittagong\nested_0\Training\pneumonia\pneumonia-3869.jpg,data\interim\selected\chittagong_PNEUMONIA_1782.jpg,data/processed/images/chittagong_PNEUMONIA_1782.png
chittagong_PNEUMONIA_1783,chittagong,PNEUMONIA,chittagong-pneumonia-327,train,8bcb1a626f086f2cb8fb7e967bcd13d544a7b359e62c2a27cb73802e26a77340,chittagong\nested_0\Training\pneumonia\pneumonia-327.jpg,data\interim\selected\chittagong_PNEUMONIA_1783.jpg,data/processed/images/chittagong_PNEUMONIA_1783.png
chittagong_PNEUMONIA_1784,chittagong,PNEUMONIA,chittagong-pneumonia-3955,train,8dd1fb4ec00c047f696fdce2b6624c12c25ab9d6b0910d0ebe16b75b9cbff466,chittagong\nested_0\Training\pneumonia\pneumonia-3955.jpg,data\interim\selected\chittagong_PNEUMONIA_1784.jpg,data/processed/images/chittagong_PNEUMONIA_1784.png
chittagong_PNEUMONIA_1785,chittagong,PNEUMONIA,chittagong-pneumonia-158,train,8dfeccfc1fafb8dda523d90f710308ecd225a1ba450dbd34eb4f54f0db8cae0e,chittagong\nested_0\Training\pneumonia\pneumonia-158.jpg,data\interim\selected\chittagong_PNEUMONIA_1785.jpg,data/processed/images/chittagong_PNEUMONIA_1785.png
chittagong_PNEUMONIA_1786,chittagong,PNEUMONIA,chittagong-pneumonia-137,train,8f555c6f2989434009793f8dfb66ecdf11f296eb44b8a05c2d08f5b7f7e3d8e7,chittagong\nested_0\Training\pneumonia\pneumonia-137.jpg,data\interim\selected\chittagong_PNEUMONIA_1786.jpg,data/processed/images/chittagong_PNEUMONIA_1786.png
chittagong_PNEUMONIA_1787,chittagong,PNEUMONIA,chittagong-pneumonia-198,train,919f05b7c1a7139583bb443d43aaa692c25024ae9cbb669bf9bc5a88afa53af1,chittagong\nested_0\Training\pneumonia\pneumonia-198.jpg,data\interim\selected\chittagong_PNEUMONIA_1787.jpg,data/processed/images/chittagong_PNEUMONIA_1787.png
chittagong_PNEUMONIA_1788,chittagong,PNEUMONIA,chittagong-pneumonia-877,train,91fdbd47a57f80a00476d4005e64eb4d857e26c3f2d4f81d00f1382f5c4104f1,chittagong\nested_0\Testing\pneumonia\pneumonia-877.jpg,data\interim\selected\chittagong_PNEUMONIA_1788.jpg,data/processed/images/chittagong_PNEUMONIA_1788.png
chittagong_PNEUMONIA_1789,chittagong,PNEUMONIA,chittagong-pneumonia-4498,train,92199a3dcd3b301dc6f0ccca63f5193fb6da5cf8fbad36687990f922a51aa62e,chittagong\nested_0\Training\pneumonia\pneumonia-4498.jpg,data\interim\selected\chittagong_PNEUMONIA_1789.jpg,data/processed/images/chittagong_PNEUMONIA_1789.png
chittagong_PNEUMONIA_1790,chittagong,PNEUMONIA,chittagong-pneumonia-4041,train,92706c94a235e6d2dada69e7e02d57b0ef8adcb2fad1d1cc36b73468a43cb0d9,chittagong\nested_0\Training\pneumonia\pneumonia-4041.jpg,data\interim\selected\chittagong_PNEUMONIA_1790.jpg,data/processed/images/chittagong_PNEUMONIA_1790.png
chittagong_PNEUMONIA_1791,chittagong,PNEUMONIA,chittagong-pneumonia-4048,train,929de08052e53279baf641495934fb5e857ca4c3f7a53c3b582ca95fe6749407,chittagong\nested_0\Training\pneumonia\pneumonia-4048.jpg,data\interim\selected\chittagong_PNEUMONIA_1791.jpg,data/processed/images/chittagong_PNEUMONIA_1791.png
chittagong_PNEUMONIA_1792,chittagong,PNEUMONIA,chittagong-pneumonia-4116,train,92ba737e0924648600a33812b638236de3e14839dd770de4ff7cf84706285ca4,chittagong\nested_0\Training\pneumonia\pneumonia-4116.jpg,data\interim\selected\chittagong_PNEUMONIA_1792.jpg,data/processed/images/chittagong_PNEUMONIA_1792.png
chittagong_PNEUMONIA_1793,chittagong,PNEUMONIA,chittagong-pneumonia-112,train,9321c830b5070c160d82a4f6550f79c59b61761da0e62be72d9663956a671801,chittagong\nested_0\Training\pneumonia\pneumonia-112.jpg,data\interim\selected\chittagong_PNEUMONIA_1793.jpg,data/processed/images/chittagong_PNEUMONIA_1793.png
chittagong_PNEUMONIA_1794,chittagong,PNEUMONIA,chittagong-pneumonia-549,train,93fe15c3ed024b863d0961c6f6dd7bb5cbd138b1255748bda47829c22a193cbb,chittagong\nested_0\Training\pneumonia\pneumonia-549.jpg,data\interim\selected\chittagong_PNEUMONIA_1794.jpg,data/processed/images/chittagong_PNEUMONIA_1794.png
chittagong_PNEUMONIA_1795,chittagong,PNEUMONIA,chittagong-pneumonia-661,train,94a1e77e2a354b18b6df5797a12d641ee42833417c754327f1214c99d6b8738b,chittagong\nested_0\Testing\pneumonia\pneumonia-661.jpg,data\interim\selected\chittagong_PNEUMONIA_1795.jpg,data/processed/images/chittagong_PNEUMONIA_1795.png
chittagong_PNEUMONIA_1796,chittagong,PNEUMONIA,chittagong-pneumonia-4125,train,953bb248cea139d3a17dea8e5dee34ebf3b5f888cc676c9e3208eb36449c7205,chittagong\nested_0\Training\pneumonia\pneumonia-4125.jpg,data\interim\selected\chittagong_PNEUMONIA_1796.jpg,data/processed/images/chittagong_PNEUMONIA_1796.png
chittagong_PNEUMONIA_1797,chittagong,PNEUMONIA,chittagong-pneumonia-3933,train,9558b3fda8bfbcc78768b00a40bf467200c488cc8e435be851a8ad1c70ada7c6,chittagong\nested_0\Training\pneumonia\pneumonia-3933.jpg,data\interim\selected\chittagong_PNEUMONIA_1797.jpg,data/processed/images/chittagong_PNEUMONIA_1797.png
chittagong_PNEUMONIA_1798,chittagong,PNEUMONIA,chittagong-pneumonia-552,train,95bd93b98ea98ad49bcebe66beddabd067eca0c7f52af96cfa030e674419acc0,chittagong\nested_0\Training\pneumonia\pneumonia-552.jpg,data\interim\selected\chittagong_PNEUMONIA_1798.jpg,data/processed/images/chittagong_PNEUMONIA_1798.png
chittagong_PNEUMONIA_1799,chittagong,PNEUMONIA,chittagong-pneumonia-473,train,96b2f9f05bf1a433f4042daa0d6df8145e3347d6330182bce0698aa52491a263,chittagong\nested_0\Training\pneumonia\pneumonia-473.jpg,data\interim\selected\chittagong_PNEUMONIA_1799.jpg,data/processed/images/chittagong_PNEUMONIA_1799.png
chittagong_PNEUMONIA_1800,chittagong,PNEUMONIA,chittagong-pneumonia-4227,train,9798e0af85b53255703e56d96b8df8c99ae89f5ebd90cfe40e3d897e6ccda083,chittagong\nested_0\Training\pneumonia\pneumonia-4227.jpg,data\interim\selected\chittagong_PNEUMONIA_1800.jpg,data/processed/images/chittagong_PNEUMONIA_1800.png
chittagong_PNEUMONIA_1801,chittagong,PNEUMONIA,chittagong-pneumonia-4162,train,982c14c9d68c810417f1f2f5c8213250e50c7f35822f61fa0860300a717d4509,chittagong\nested_0\Training\pneumonia\pneumonia-4162.jpg,data\interim\selected\chittagong_PNEUMONIA_1801.jpg,data/processed/images/chittagong_PNEUMONIA_1801.png
chittagong_PNEUMONIA_1802,chittagong,PNEUMONIA,chittagong-pneumonia-3929,train,98ae7253e3d0acb3a866dfd4fb538f1f3a2e553cded4c81c4be1334cbd6a0f2d,chittagong\nested_0\Training\pneumonia\pneumonia-3929.jpg,data\interim\selected\chittagong_PNEUMONIA_1802.jpg,data/processed/images/chittagong_PNEUMONIA_1802.png
chittagong_PNEUMONIA_1803,chittagong,PNEUMONIA,chittagong-pneumonia-66,train,99551f0ef19fdd83c4220d47768f671170682dd226439064aa5f072277b897f1,chittagong\nested_0\Training\pneumonia\pneumonia-66.jpg,data\interim\selected\chittagong_PNEUMONIA_1803.jpg,data/processed/images/chittagong_PNEUMONIA_1803.png
chittagong_PNEUMONIA_1804,chittagong,PNEUMONIA,chittagong-pneumonia-4094,train,9980c6b32d5b8383b87fb9d1cd96348e25ef34b165162369d0b6cdd495eaf95d,chittagong\nested_0\Training\pneumonia\pneumonia-4094.jpg,data\interim\selected\chittagong_PNEUMONIA_1804.jpg,data/processed/images/chittagong_PNEUMONIA_1804.png
chittagong_PNEUMONIA_1805,chittagong,PNEUMONIA,chittagong-pneumonia-4065,train,99ec3863a4df1549a98ebba0b574f2bf28eb7ae1cc417a49a8f2e0d16f6f3c60,chittagong\nested_0\Training\pneumonia\pneumonia-4065.jpg,data\interim\selected\chittagong_PNEUMONIA_1805.jpg,data/processed/images/chittagong_PNEUMONIA_1805.png
chittagong_PNEUMONIA_1806,chittagong,PNEUMONIA,chittagong-pneumonia-5202,train,9ab59e717186b6b364d6d3f74da67ecec07a2521b867abfbd553ec330629c260,chittagong\nested_0\Testing\pneumonia\pneumonia-5202.jpg,data\interim\selected\chittagong_PNEUMONIA_1806.jpg,data/processed/images/chittagong_PNEUMONIA_1806.png
chittagong_PNEUMONIA_1807,chittagong,PNEUMONIA,chittagong-pneumonia-4143,train,9b12c05b8b61b7ce76fc2cf5371215c6686d64940116ccd3fde1d36f17e6ea73,chittagong\nested_0\Training\pneumonia\pneumonia-4143.jpg,data\interim\selected\chittagong_PNEUMONIA_1807.jpg,data/processed/images/chittagong_PNEUMONIA_1807.png
chittagong_PNEUMONIA_1808,chittagong,PNEUMONIA,chittagong-pneumonia-415,train,9c033baddc6034ddbb95a0e54b50f72fdd9320c27b7f29442426c05aa475b66f,chittagong\nested_0\Training\pneumonia\pneumonia-415.jpg,data\interim\selected\chittagong_PNEUMONIA_1808.jpg,data/processed/images/chittagong_PNEUMONIA_1808.png
chittagong_PNEUMONIA_1809,chittagong,PNEUMONIA,chittagong-pneumonia-4059,train,9c2f45ef036c12ae85a7ed8da6aaa9311cec1f6d9e6385d942043e2b69242581,chittagong\nested_0\Training\pneumonia\pneumonia-4059.jpg,data\interim\selected\chittagong_PNEUMONIA_1809.jpg,data/processed/images/chittagong_PNEUMONIA_1809.png
chittagong_PNEUMONIA_1810,chittagong,PNEUMONIA,chittagong-pneumonia-4284,train,9c3c7a33bdfb9dfe74e36942b728cea573ad7987ca0fe399d9b8666d915cd006,chittagong\nested_0\Training\pneumonia\pneumonia-4284.jpg,data\interim\selected\chittagong_PNEUMONIA_1810.jpg,data/processed/images/chittagong_PNEUMONIA_1810.png
chittagong_PNEUMONIA_1811,chittagong,PNEUMONIA,chittagong-pneumonia-217,train,9d4bbd089e6b8ec29ab7ec46535c4436ab54c2fd75d3c7999fb865bd29d9cf85,chittagong\nested_0\Training\pneumonia\pneumonia-217.jpg,data\interim\selected\chittagong_PNEUMONIA_1811.jpg,data/processed/images/chittagong_PNEUMONIA_1811.png
chittagong_PNEUMONIA_1812,chittagong,PNEUMONIA,chittagong-pneumonia-4589,train,9d623f91a6551e441be92d92145c9f77b92a362f809f5e83d466e96e8477873c,chittagong\nested_0\Training\pneumonia\pneumonia-4589.jpg,data\interim\selected\chittagong_PNEUMONIA_1812.jpg,data/processed/images/chittagong_PNEUMONIA_1812.png
chittagong_PNEUMONIA_1813,chittagong,PNEUMONIA,chittagong-pneumonia-315,train,9d8b189bfec69b1dcedb130c477f3cbb02b90084babcca13270f65f95895aa4d,chittagong\nested_0\Training\pneumonia\pneumonia-315.jpg,data\interim\selected\chittagong_PNEUMONIA_1813.jpg,data/processed/images/chittagong_PNEUMONIA_1813.png
chittagong_PNEUMONIA_1814,chittagong,PNEUMONIA,chittagong-pneumonia-4215,train,9e863978ae8a9034ae37ebbe3d1a4e5bbba20413ab7a58865404c1411a6692dd,chittagong\nested_0\Training\pneumonia\pneumonia-4215.jpg,data\interim\selected\chittagong_PNEUMONIA_1814.jpg,data/processed/images/chittagong_PNEUMONIA_1814.png
chittagong_PNEUMONIA_1815,chittagong,PNEUMONIA,chittagong-pneumonia-4021,train,9e8e95dd84bfa89baa1b8f58727aafe6d061f334c99fe1149d817d928a15cc01,chittagong\nested_0\Training\pneumonia\pneumonia-4021.jpg,data\interim\selected\chittagong_PNEUMONIA_1815.jpg,data/processed/images/chittagong_PNEUMONIA_1815.png
chittagong_PNEUMONIA_1816,chittagong,PNEUMONIA,chittagong-pneumonia-5146,train,9ec6b1d6bc424de9855d535dcf7be3368016cf0e77b167f27b050346d92bb59b,chittagong\nested_0\Testing\pneumonia\pneumonia-5146.jpg,data\interim\selected\chittagong_PNEUMONIA_1816.jpg,data/processed/images/chittagong_PNEUMONIA_1816.png
chittagong_PNEUMONIA_1817,chittagong,PNEUMONIA,chittagong-pneumonia-4044,train,9fb46084fa3c1734e266d293fc744f9d15ef1a19694baae150058962e3ba3f7c,chittagong\nested_0\Training\pneumonia\pneumonia-4044.jpg,data\interim\selected\chittagong_PNEUMONIA_1817.jpg,data/processed/images/chittagong_PNEUMONIA_1817.png
chittagong_PNEUMONIA_1818,chittagong,PNEUMONIA,chittagong-pneumonia-3916,train,a18640c6bdad4422c72e0a738e21f693db3eb0c7a8e853c6abf446e4db5c1192,chittagong\nested_0\Training\pneumonia\pneumonia-3916.jpg,data\interim\selected\chittagong_PNEUMONIA_1818.jpg,data/processed/images/chittagong_PNEUMONIA_1818.png
chittagong_PNEUMONIA_1819,chittagong,PNEUMONIA,chittagong-pneumonia-4163,train,a279bc72b54f3c91bf2d679f5205e1f743aadebadd4a6510ba7e21df079b9de2,chittagong\nested_0\Training\pneumonia\pneumonia-4163.jpg,data\interim\selected\chittagong_PNEUMONIA_1819.jpg,data/processed/images/chittagong_PNEUMONIA_1819.png
chittagong_PNEUMONIA_1820,chittagong,PNEUMONIA,chittagong-pneumonia-3900,train,a2e7375ed70c9c433edd93a9ba5693816a8135ec296ab0de4570dc6ef9fb596c,chittagong\nested_0\Training\pneumonia\pneumonia-3900.jpg,data\interim\selected\chittagong_PNEUMONIA_1820.jpg,data/processed/images/chittagong_PNEUMONIA_1820.png
chittagong_PNEUMONIA_1821,chittagong,PNEUMONIA,chittagong-pneumonia-624,train,a37c6f1185e797f636c041953ecb575aaa9eae6ec709e5dcd4841504102f51d6,chittagong\nested_0\Testing\pneumonia\pneumonia-624.jpg,data\interim\selected\chittagong_PNEUMONIA_1821.jpg,data/processed/images/chittagong_PNEUMONIA_1821.png
chittagong_PNEUMONIA_1822,chittagong,PNEUMONIA,chittagong-pneumonia-4216,train,a3bbb434f93b9c62e647814417f44c87f35f131bf9f0dac974ac93d32602ed4a,chittagong\nested_0\Training\pneumonia\pneumonia-4216.jpg,data\interim\selected\chittagong_PNEUMONIA_1822.jpg,data/processed/images/chittagong_PNEUMONIA_1822.png
chittagong_PNEUMONIA_1823,chittagong,PNEUMONIA,chittagong-pneumonia-4258,train,a40e8ffb508a18f39705ba5902afdc9b4677fdaf9b680b61de5c644a0dd8f2df,chittagong\nested_0\Training\pneumonia\pneumonia-4258.jpg,data\interim\selected\chittagong_PNEUMONIA_1823.jpg,data/processed/images/chittagong_PNEUMONIA_1823.png
chittagong_PNEUMONIA_1824,chittagong,PNEUMONIA,chittagong-pneumonia-3941,train,a44c55bdb65c0e045c66396c2129cec9aab7e68a001d2a11c0bdf333c1c76076,chittagong\nested_0\Training\pneumonia\pneumonia-3941.jpg,data\interim\selected\chittagong_PNEUMONIA_1824.jpg,data/processed/images/chittagong_PNEUMONIA_1824.png
chittagong_PNEUMONIA_1825,chittagong,PNEUMONIA,chittagong-pneumonia-203,train,a456e90992b22c0430354b4a1122411d77ab6bf59a883ccd75c5880cb3fc5146,chittagong\nested_0\Training\pneumonia\pneumonia-203.jpg,data\interim\selected\chittagong_PNEUMONIA_1825.jpg,data/processed/images/chittagong_PNEUMONIA_1825.png
chittagong_PNEUMONIA_1826,chittagong,PNEUMONIA,chittagong-pneumonia-561,train,a59c25d9515b477e815060a641b17732038fcc200099e50a3679d73eb896ce3d,chittagong\nested_0\Training\pneumonia\pneumonia-561.jpg,data\interim\selected\chittagong_PNEUMONIA_1826.jpg,data/processed/images/chittagong_PNEUMONIA_1826.png
chittagong_PNEUMONIA_1827,chittagong,PNEUMONIA,chittagong-pneumonia-4523,train,a60303fec1e891ded604b319de9aebd6ee372ddb51602a1a1930b489e9e2f6b1,chittagong\nested_0\Training\pneumonia\pneumonia-4523.jpg,data\interim\selected\chittagong_PNEUMONIA_1827.jpg,data/processed/images/chittagong_PNEUMONIA_1827.png
chittagong_PNEUMONIA_1828,chittagong,PNEUMONIA,chittagong-pneumonia-202,train,a6a95748c27aede4a6a39c9f0a433dbf750d07d646d2e62d6e2eaddf9628543c,chittagong\nested_0\Training\pneumonia\pneumonia-202.jpg,data\interim\selected\chittagong_PNEUMONIA_1828.jpg,data/processed/images/chittagong_PNEUMONIA_1828.png
chittagong_PNEUMONIA_1829,chittagong,PNEUMONIA,chittagong-pneumonia-4185,train,a7192ef3e6d7c6acc02a93d30bb26741754077f8598efd2d02620e554b7a6fa9,chittagong\nested_0\Training\pneumonia\pneumonia-4185.jpg,data\interim\selected\chittagong_PNEUMONIA_1829.jpg,data/processed/images/chittagong_PNEUMONIA_1829.png
chittagong_PNEUMONIA_1830,chittagong,PNEUMONIA,chittagong-pneumonia-4210,train,a71fd73dfe1e3dcf6ee2cb0bb72dc0a320077262171b267cef8ce012e83cbac0,chittagong\nested_0\Training\pneumonia\pneumonia-4210.jpg,data\interim\selected\chittagong_PNEUMONIA_1830.jpg,data/processed/images/chittagong_PNEUMONIA_1830.png
chittagong_PNEUMONIA_1831,chittagong,PNEUMONIA,chittagong-pneumonia-3950,train,a76d5698fd796b348d1cc3205c4cb26cc676ae5f081ada6261f20934267695d1,chittagong\nested_0\Training\pneumonia\pneumonia-3950.jpg,data\interim\selected\chittagong_PNEUMONIA_1831.jpg,data/processed/images/chittagong_PNEUMONIA_1831.png
chittagong_PNEUMONIA_1832,chittagong,PNEUMONIA,chittagong-pneumonia-4060,train,a79c82d041f835d9b9560fc32f4b4ddde3dd0ff04c1fcfb4475304aff66f623e,chittagong\nested_0\Training\pneumonia\pneumonia-4060.jpg,data\interim\selected\chittagong_PNEUMONIA_1832.jpg,data/processed/images/chittagong_PNEUMONIA_1832.png
chittagong_PNEUMONIA_1833,chittagong,PNEUMONIA,chittagong-pneumonia-514,train,a7d47a5413a9d625145418f0a87c472b83d9864ed7bd2db1fdb0a670ad35ab2f,chittagong\nested_0\Training\pneumonia\pneumonia-514.jpg,data\interim\selected\chittagong_PNEUMONIA_1833.jpg,data/processed/images/chittagong_PNEUMONIA_1833.png
chittagong_PNEUMONIA_1834,chittagong,PNEUMONIA,chittagong-pneumonia-539,train,a83e2c88abc586d30519d4056853370021c624c46cc52af3feeced9fd6028a6c,chittagong\nested_0\Training\pneumonia\pneumonia-539.jpg,data\interim\selected\chittagong_PNEUMONIA_1834.jpg,data/processed/images/chittagong_PNEUMONIA_1834.png
chittagong_PNEUMONIA_1835,chittagong,PNEUMONIA,chittagong-pneumonia-5114,train,aaa08137e1d07c36af5f409846ef6c9e116af92d831ec59466d9383618729c9f,chittagong\nested_0\Testing\pneumonia\pneumonia-5114.jpg,data\interim\selected\chittagong_PNEUMONIA_1835.jpg,data/processed/images/chittagong_PNEUMONIA_1835.png
chittagong_PNEUMONIA_1836,chittagong,PNEUMONIA,chittagong-pneumonia-4571,train,aaa5e400d61204b6aa05325240b1d13d0a30ba69e61fb04821452ebe1878f868,chittagong\nested_0\Training\pneumonia\pneumonia-4571.jpg,data\interim\selected\chittagong_PNEUMONIA_1836.jpg,data/processed/images/chittagong_PNEUMONIA_1836.png
chittagong_PNEUMONIA_1837,chittagong,PNEUMONIA,chittagong-pneumonia-253,train,abe2da37045639ec584e514a514826461765301949e95cabb3edbbfbed33365a,chittagong\nested_0\Training\pneumonia\pneumonia-253.jpg,data\interim\selected\chittagong_PNEUMONIA_1837.jpg,data/processed/images/chittagong_PNEUMONIA_1837.png
chittagong_PNEUMONIA_1838,chittagong,PNEUMONIA,chittagong-pneumonia-4499,train,ac121a6d7fa8b8efec545c7adf908c237cf12659aebeb74420c588e5e91a352b,chittagong\nested_0\Training\pneumonia\pneumonia-4499.jpg,data\interim\selected\chittagong_PNEUMONIA_1838.jpg,data/processed/images/chittagong_PNEUMONIA_1838.png
chittagong_PNEUMONIA_1839,chittagong,PNEUMONIA,chittagong-pneumonia-5169,train,accaa48d74c418e59ae9ed8701939ec9318afa178d1a0cb04da5e5ad1a0d83af,chittagong\nested_0\Testing\pneumonia\pneumonia-5169.jpg,data\interim\selected\chittagong_PNEUMONIA_1839.jpg,data/processed/images/chittagong_PNEUMONIA_1839.png
chittagong_PNEUMONIA_1840,chittagong,PNEUMONIA,chittagong-pneumonia-4102,train,ad3e688fcffbe02fc690218ec6d697601634338fee34b272939a3670bce00822,chittagong\nested_0\Training\pneumonia\pneumonia-4102.jpg,data\interim\selected\chittagong_PNEUMONIA_1840.jpg,data/processed/images/chittagong_PNEUMONIA_1840.png
chittagong_PNEUMONIA_1841,chittagong,PNEUMONIA,chittagong-pneumonia-5151,train,adc9c28bf66040c3415fc73abed58a4bcec5f1d6619075073546c0da62b40699,chittagong\nested_0\Testing\pneumonia\pneumonia-5151.jpg,data\interim\selected\chittagong_PNEUMONIA_1841.jpg,data/processed/images/chittagong_PNEUMONIA_1841.png
chittagong_PNEUMONIA_1842,chittagong,PNEUMONIA,chittagong-pneumonia-4515,train,ae304a10ba670bb940a805561185941eeb5c0a73b6aa1831f851aeb65513ccbc,chittagong\nested_0\Training\pneumonia\pneumonia-4515.jpg,data\interim\selected\chittagong_PNEUMONIA_1842.jpg,data/processed/images/chittagong_PNEUMONIA_1842.png
chittagong_PNEUMONIA_1843,chittagong,PNEUMONIA,chittagong-pneumonia-4209,train,ae69a7865898de6f2218cbd411abb281aebe59eeebd5d539503adeb8e9975261,chittagong\nested_0\Training\pneumonia\pneumonia-4209.jpg,data\interim\selected\chittagong_PNEUMONIA_1843.jpg,data/processed/images/chittagong_PNEUMONIA_1843.png
chittagong_PNEUMONIA_1844,chittagong,PNEUMONIA,chittagong-pneumonia-3988,train,ae9f671250d53fe2840eeb69bff5eab55e37ce37687b96b59f150141fa5230cc,chittagong\nested_0\Training\pneumonia\pneumonia-3988.jpg,data\interim\selected\chittagong_PNEUMONIA_1844.jpg,data/processed/images/chittagong_PNEUMONIA_1844.png
chittagong_PNEUMONIA_1845,chittagong,PNEUMONIA,chittagong-pneumonia-522,train,af93535e9631fbd079ab7398d83e6706c6b80a39372f2dff3d4ccf177756eb44,chittagong\nested_0\Training\pneumonia\pneumonia-522.jpg,data\interim\selected\chittagong_PNEUMONIA_1845.jpg,data/processed/images/chittagong_PNEUMONIA_1845.png
chittagong_PNEUMONIA_1846,chittagong,PNEUMONIA,chittagong-pneumonia-461,train,afabe6d47640fe21f79ac393d9c27d9af9fb9c7280e94d6cf3307036a062d42f,chittagong\nested_0\Training\pneumonia\pneumonia-461.jpg,data\interim\selected\chittagong_PNEUMONIA_1846.jpg,data/processed/images/chittagong_PNEUMONIA_1846.png
chittagong_PNEUMONIA_1847,chittagong,PNEUMONIA,chittagong-pneumonia-545,train,afb2396138d9ac36da6e03e6bdd05e2ec133586ad7e81b0de2cbbde1867a5404,chittagong\nested_0\Training\pneumonia\pneumonia-545.jpg,data\interim\selected\chittagong_PNEUMONIA_1847.jpg,data/processed/images/chittagong_PNEUMONIA_1847.png
chittagong_PNEUMONIA_1848,chittagong,PNEUMONIA,chittagong-pneumonia-4159,train,b01718a4ace12eeb173033079963abcc48fcde78b24147d81380c8d72091481f,chittagong\nested_0\Training\pneumonia\pneumonia-4159.jpg,data\interim\selected\chittagong_PNEUMONIA_1848.jpg,data/processed/images/chittagong_PNEUMONIA_1848.png
chittagong_PNEUMONIA_1849,chittagong,PNEUMONIA,chittagong-pneumonia-434,train,b07b5e774070b8529306e663dd88bb68e471a7b3bc5f64425ef4bd821b38f9e9,chittagong\nested_0\Training\pneumonia\pneumonia-434.jpg,data\interim\selected\chittagong_PNEUMONIA_1849.jpg,data/processed/images/chittagong_PNEUMONIA_1849.png
chittagong_PNEUMONIA_1850,chittagong,PNEUMONIA,chittagong-pneumonia-642,train,b0840239a0b56bbbcebfe492431f5498ecdfc3ff80b5bb19a9061c28c364a26a,chittagong\nested_0\Testing\pneumonia\pneumonia-642.jpg,data\interim\selected\chittagong_PNEUMONIA_1850.jpg,data/processed/images/chittagong_PNEUMONIA_1850.png
chittagong_PNEUMONIA_1851,chittagong,PNEUMONIA,chittagong-pneumonia-627,train,b0c48cb564cea05d36f32531e14383b56593eb060d64c153856da8ab7485ec38,chittagong\nested_0\Testing\pneumonia\pneumonia-627.jpg,data\interim\selected\chittagong_PNEUMONIA_1851.jpg,data/processed/images/chittagong_PNEUMONIA_1851.png
chittagong_PNEUMONIA_1852,chittagong,PNEUMONIA,chittagong-pneumonia-5137,train,b2b9d44983ec8f1b18e4405f9ea97df3763f91eedb40450d1785c45014cc856d,chittagong\nested_0\Testing\pneumonia\pneumonia-5137.jpg,data\interim\selected\chittagong_PNEUMONIA_1852.jpg,data/processed/images/chittagong_PNEUMONIA_1852.png
chittagong_PNEUMONIA_1853,chittagong,PNEUMONIA,chittagong-pneumonia-4560,train,b2cba88eaa28007dfea2e92cd767684fbc52b591e061b165eaabbc0143e63efd,chittagong\nested_0\Training\pneumonia\pneumonia-4560.jpg,data\interim\selected\chittagong_PNEUMONIA_1853.jpg,data/processed/images/chittagong_PNEUMONIA_1853.png
chittagong_PNEUMONIA_1854,chittagong,PNEUMONIA,chittagong-pneumonia-182,train,b2e444655a13ceefef73811a50311708fabea7326564d91a30b9bc6a79069cd7,chittagong\nested_0\Training\pneumonia\pneumonia-182.jpg,data\interim\selected\chittagong_PNEUMONIA_1854.jpg,data/processed/images/chittagong_PNEUMONIA_1854.png
chittagong_PNEUMONIA_1855,chittagong,PNEUMONIA,chittagong-pneumonia-546,train,b38f3f31b896259d4c930b29a5a57d14865f9fa14b10b46086b7276bb23970e5,chittagong\nested_0\Training\pneumonia\pneumonia-546.jpg,data\interim\selected\chittagong_PNEUMONIA_1855.jpg,data/processed/images/chittagong_PNEUMONIA_1855.png
chittagong_PNEUMONIA_1856,chittagong,PNEUMONIA,chittagong-pneumonia-4286,train,b4314175116104966a13a43fb39664065c4988bc341cd6f73d5f916ec71cc4fe,chittagong\nested_0\Training\pneumonia\pneumonia-4286.jpg,data\interim\selected\chittagong_PNEUMONIA_1856.jpg,data/processed/images/chittagong_PNEUMONIA_1856.png
chittagong_PNEUMONIA_1857,chittagong,PNEUMONIA,chittagong-pneumonia-4256,train,b577c99a4ec50474573b1b33b367d63b61f0a5a7a317c69bc7e25bcceeeafb83,chittagong\nested_0\Training\pneumonia\pneumonia-4256.jpg,data\interim\selected\chittagong_PNEUMONIA_1857.jpg,data/processed/images/chittagong_PNEUMONIA_1857.png
chittagong_PNEUMONIA_1858,chittagong,PNEUMONIA,chittagong-pneumonia-714,train,b59b41b5b434946f7f5731e0943d942cec5c7fb4eb1596f959d3eeca3c466e45,chittagong\nested_0\Testing\pneumonia\pneumonia-714.jpg,data\interim\selected\chittagong_PNEUMONIA_1858.jpg,data/processed/images/chittagong_PNEUMONIA_1858.png
chittagong_PNEUMONIA_1859,chittagong,PNEUMONIA,chittagong-pneumonia-5123,train,b5b46e3c1e3419c6ae6295a2ae5791aaf07e952e0021875ce31b9392faf4aca5,chittagong\nested_0\Testing\pneumonia\pneumonia-5123.jpg,data\interim\selected\chittagong_PNEUMONIA_1859.jpg,data/processed/images/chittagong_PNEUMONIA_1859.png
chittagong_PNEUMONIA_1860,chittagong,PNEUMONIA,chittagong-pneumonia-632,train,b5faf114bf74c6cafcdfde8b2d163163b386924d090bdb2712f5f10cf4bb453c,chittagong\nested_0\Testing\pneumonia\pneumonia-632.jpg,data\interim\selected\chittagong_PNEUMONIA_1860.jpg,data/processed/images/chittagong_PNEUMONIA_1860.png
chittagong_PNEUMONIA_1861,chittagong,PNEUMONIA,chittagong-pneumonia-245,train,b6785452332c8735ce5c7021c2b53c8f5888728cd64c450cef8c758a003d65bd,chittagong\nested_0\Training\pneumonia\pneumonia-245.jpg,data\interim\selected\chittagong_PNEUMONIA_1861.jpg,data/processed/images/chittagong_PNEUMONIA_1861.png
chittagong_PNEUMONIA_1862,chittagong,PNEUMONIA,chittagong-pneumonia-99,train,b68773968e130ca12132087f24bd73008d6c3e294dd5960209f83a5f2686a714,chittagong\nested_0\Training\pneumonia\pneumonia-99.jpg,data\interim\selected\chittagong_PNEUMONIA_1862.jpg,data/processed/images/chittagong_PNEUMONIA_1862.png
chittagong_PNEUMONIA_1863,chittagong,PNEUMONIA,chittagong-pneumonia-4031,train,b6af6cd43cbc2170fceb162f908d161b5a87df9f2a32f618264c41cac993e9e8,chittagong\nested_0\Training\pneumonia\pneumonia-4031.jpg,data\interim\selected\chittagong_PNEUMONIA_1863.jpg,data/processed/images/chittagong_PNEUMONIA_1863.png
chittagong_PNEUMONIA_1864,chittagong,PNEUMONIA,chittagong-pneumonia-5149,train,b6ecd54d11179f5d835fd7e47a71813bcff8ae037fe9065a3cdf71d4bd8ae4f0,chittagong\nested_0\Testing\pneumonia\pneumonia-5149.jpg,data\interim\selected\chittagong_PNEUMONIA_1864.jpg,data/processed/images/chittagong_PNEUMONIA_1864.png
chittagong_PNEUMONIA_1865,chittagong,PNEUMONIA,chittagong-pneumonia-4236,train,b72e11895bf9e7abc34bc1c979651c080716d0f97078f482f32b0d7b04030966,chittagong\nested_0\Training\pneumonia\pneumonia-4236.jpg,data\interim\selected\chittagong_PNEUMONIA_1865.jpg,data/processed/images/chittagong_PNEUMONIA_1865.png
chittagong_PNEUMONIA_1866,chittagong,PNEUMONIA,chittagong-pneumonia-4505,train,b8115b1309e5aa4b53f75d3900fe5d4e3200c99affc9f9dd0ef679927b4a6810,chittagong\nested_0\Training\pneumonia\pneumonia-4505.jpg,data\interim\selected\chittagong_PNEUMONIA_1866.jpg,data/processed/images/chittagong_PNEUMONIA_1866.png
chittagong_PNEUMONIA_1867,chittagong,PNEUMONIA,chittagong-pneumonia-4122,train,b82b328c021feb18cc5934b391ff0a4599453f8574b4cccaa10e163a7a245600,chittagong\nested_0\Training\pneumonia\pneumonia-4122.jpg,data\interim\selected\chittagong_PNEUMONIA_1867.jpg,data/processed/images/chittagong_PNEUMONIA_1867.png
chittagong_PNEUMONIA_1868,chittagong,PNEUMONIA,chittagong-pneumonia-3953,train,b88dd1222943e572dddd8f50e3dcb48b671da828e81667820d42dd3670102dc4,chittagong\nested_0\Training\pneumonia\pneumonia-3953.jpg,data\interim\selected\chittagong_PNEUMONIA_1868.jpg,data/processed/images/chittagong_PNEUMONIA_1868.png
chittagong_PNEUMONIA_1869,chittagong,PNEUMONIA,chittagong-pneumonia-5218,train,b8a5f8cb623f65105ec5f748336d889c71447d68e5ff58ab4bab9f8c666a9b62,chittagong\nested_0\Testing\pneumonia\pneumonia-5218.jpg,data\interim\selected\chittagong_PNEUMONIA_1869.jpg,data/processed/images/chittagong_PNEUMONIA_1869.png
chittagong_PNEUMONIA_1870,chittagong,PNEUMONIA,chittagong-pneumonia-3961,train,b91e75ed15ba1810fe3596e25bae7909b47335224923e8c0d8b163f681009f5a,chittagong\nested_0\Training\pneumonia\pneumonia-3961.jpg,data\interim\selected\chittagong_PNEUMONIA_1870.jpg,data/processed/images/chittagong_PNEUMONIA_1870.png
chittagong_PNEUMONIA_1871,chittagong,PNEUMONIA,chittagong-pneumonia-466,train,b9b9eea06e651232384142b446ff1c00b4d2f8ef747ec7ee24c95b0a84ff7f52,chittagong\nested_0\Training\pneumonia\pneumonia-466.jpg,data\interim\selected\chittagong_PNEUMONIA_1871.jpg,data/processed/images/chittagong_PNEUMONIA_1871.png
chittagong_PNEUMONIA_1872,chittagong,PNEUMONIA,chittagong-pneumonia-4183,train,ba1e5b89b282ced0be0b5648d18c69e064ed7cab50f070c2c21932161000c4ec,chittagong\nested_0\Training\pneumonia\pneumonia-4183.jpg,data\interim\selected\chittagong_PNEUMONIA_1872.jpg,data/processed/images/chittagong_PNEUMONIA_1872.png
chittagong_PNEUMONIA_1873,chittagong,PNEUMONIA,chittagong-pneumonia-4103,train,ba935eaba28849f81c9b842c291ec0d29cb3551d9312b957081bb896aa04bd1d,chittagong\nested_0\Training\pneumonia\pneumonia-4103.jpg,data\interim\selected\chittagong_PNEUMONIA_1873.jpg,data/processed/images/chittagong_PNEUMONIA_1873.png
chittagong_PNEUMONIA_1874,chittagong,PNEUMONIA,chittagong-pneumonia-4040,train,bb1349331827e7a5d96d8634872f744e9f98e3bb2070b495f26844fb8ee31d22,chittagong\nested_0\Training\pneumonia\pneumonia-4040.jpg,data\interim\selected\chittagong_PNEUMONIA_1874.jpg,data/processed/images/chittagong_PNEUMONIA_1874.png
chittagong_PNEUMONIA_1875,chittagong,PNEUMONIA,chittagong-pneumonia-185,train,bbedf5648cc83be5e1fcee6d9b5d787caa7e0e4f8d64b6a226c8e3c9cef620ca,chittagong\nested_0\Training\pneumonia\pneumonia-185.jpg,data\interim\selected\chittagong_PNEUMONIA_1875.jpg,data/processed/images/chittagong_PNEUMONIA_1875.png
chittagong_PNEUMONIA_1876,chittagong,PNEUMONIA,chittagong-pneumonia-194,train,bd201fde49c3bd01284f9e890f654aeb522c703c46e5c95923589a4cda3f9523,chittagong\nested_0\Training\pneumonia\pneumonia-194.jpg,data\interim\selected\chittagong_PNEUMONIA_1876.jpg,data/processed/images/chittagong_PNEUMONIA_1876.png
chittagong_PNEUMONIA_1877,chittagong,PNEUMONIA,chittagong-pneumonia-4127,train,bd9444029344be91edb86503f040e9272a1de4534812c5d04dcedd35de1b3e02,chittagong\nested_0\Training\pneumonia\pneumonia-4127.jpg,data\interim\selected\chittagong_PNEUMONIA_1877.jpg,data/processed/images/chittagong_PNEUMONIA_1877.png
chittagong_PNEUMONIA_1878,chittagong,PNEUMONIA,chittagong-pneumonia-3996,train,bd95e206cebad3d803b8721c92553d203561ab07cdbb40b37b54073fae4e0c0a,chittagong\nested_0\Training\pneumonia\pneumonia-3996.jpg,data\interim\selected\chittagong_PNEUMONIA_1878.jpg,data/processed/images/chittagong_PNEUMONIA_1878.png
chittagong_PNEUMONIA_1879,chittagong,PNEUMONIA,chittagong-pneumonia-4268,train,bdd5470a121a439db9d07f34b82b1ab1d88eb4ab7f41378814b94c1baa5ffd2b,chittagong\nested_0\Training\pneumonia\pneumonia-4268.jpg,data\interim\selected\chittagong_PNEUMONIA_1879.jpg,data/processed/images/chittagong_PNEUMONIA_1879.png
chittagong_PNEUMONIA_1880,chittagong,PNEUMONIA,chittagong-pneumonia-4254,train,be73e9fd873712999234907c4ef70ca587fe86782e87a6c546ad2bf8260c2e98,chittagong\nested_0\Training\pneumonia\pneumonia-4254.jpg,data\interim\selected\chittagong_PNEUMONIA_1880.jpg,data/processed/images/chittagong_PNEUMONIA_1880.png
chittagong_PNEUMONIA_1881,chittagong,PNEUMONIA,chittagong-pneumonia-347,train,be8ea7088d566e69a02edf8089cedb12946eb346cb8e7820b25ee45ef08856af,chittagong\nested_0\Training\pneumonia\pneumonia-347.jpg,data\interim\selected\chittagong_PNEUMONIA_1881.jpg,data/processed/images/chittagong_PNEUMONIA_1881.png
chittagong_PNEUMONIA_1882,chittagong,PNEUMONIA,chittagong-pneumonia-357,train,bebd83848f0b5ec09f32e70e30a3acbc1f27063062d785ceffb9ab466309137c,chittagong\nested_0\Training\pneumonia\pneumonia-357.jpg,data\interim\selected\chittagong_PNEUMONIA_1882.jpg,data/processed/images/chittagong_PNEUMONIA_1882.png
chittagong_PNEUMONIA_1883,chittagong,PNEUMONIA,chittagong-pneumonia-3967,train,bf80bbea6996eb08a1f757fe5334b160892972a2c9ffb0cbf41d1e9be75fa816,chittagong\nested_0\Training\pneumonia\pneumonia-3967.jpg,data\interim\selected\chittagong_PNEUMONIA_1883.jpg,data/processed/images/chittagong_PNEUMONIA_1883.png
chittagong_PNEUMONIA_1884,chittagong,PNEUMONIA,chittagong-pneumonia-4257,train,c283e295bf1332c7ceb95370b3642e185e8235fb3ce6c89cb7ec2bd18a1016ac,chittagong\nested_0\Training\pneumonia\pneumonia-4257.jpg,data\interim\selected\chittagong_PNEUMONIA_1884.jpg,data/processed/images/chittagong_PNEUMONIA_1884.png
chittagong_PNEUMONIA_1885,chittagong,PNEUMONIA,chittagong-pneumonia-5201,train,c301a7007217792bed90ccbb24243d78cb82fcb0998541e96580419e6bf737f4,chittagong\nested_0\Testing\pneumonia\pneumonia-5201.jpg,data\interim\selected\chittagong_PNEUMONIA_1885.jpg,data/processed/images/chittagong_PNEUMONIA_1885.png
chittagong_PNEUMONIA_1886,chittagong,PNEUMONIA,chittagong-pneumonia-719,train,c33337fd31344b8f98169e7ac24b528b085b3cfd9fce0548ebaf524bee3a6f98,chittagong\nested_0\Testing\pneumonia\pneumonia-719.jpg,data\interim\selected\chittagong_PNEUMONIA_1886.jpg,data/processed/images/chittagong_PNEUMONIA_1886.png
chittagong_PNEUMONIA_1887,chittagong,PNEUMONIA,chittagong-pneumonia-5198,train,c383737bcdf3c8bb939a3dad4f46ab97d3245822d52c83b4c87681e3ba159aa1,chittagong\nested_0\Testing\pneumonia\pneumonia-5198.jpg,data\interim\selected\chittagong_PNEUMONIA_1887.jpg,data/processed/images/chittagong_PNEUMONIA_1887.png
chittagong_PNEUMONIA_1888,chittagong,PNEUMONIA,chittagong-pneumonia-4097,train,c389dd28044058cd89069121c6e727aa5d52f69fbd1cf51a6726086f8a33df54,chittagong\nested_0\Training\pneumonia\pneumonia-4097.jpg,data\interim\selected\chittagong_PNEUMONIA_1888.jpg,data/processed/images/chittagong_PNEUMONIA_1888.png
chittagong_PNEUMONIA_1889,chittagong,PNEUMONIA,chittagong-pneumonia-5206,train,c38c8ce431778876101c91fe78b7f7dd3ae0b6acbf4752e9c701b789b9f5541a,chittagong\nested_0\Testing\pneumonia\pneumonia-5206.jpg,data\interim\selected\chittagong_PNEUMONIA_1889.jpg,data/processed/images/chittagong_PNEUMONIA_1889.png
chittagong_PNEUMONIA_1890,chittagong,PNEUMONIA,chittagong-pneumonia-3896,train,c450ace138867b691350251960644e6b5788a4a41fa1d4fc03fdd6073bfd6117,chittagong\nested_0\Training\pneumonia\pneumonia-3896.jpg,data\interim\selected\chittagong_PNEUMONIA_1890.jpg,data/processed/images/chittagong_PNEUMONIA_1890.png
chittagong_PNEUMONIA_1891,chittagong,PNEUMONIA,chittagong-pneumonia-5207,train,c46101dd7ecd0fd6be69493ea01531c76e8a98af97bfe53eecdb0cbf78f47241,chittagong\nested_0\Testing\pneumonia\pneumonia-5207.jpg,data\interim\selected\chittagong_PNEUMONIA_1891.jpg,data/processed/images/chittagong_PNEUMONIA_1891.png
chittagong_PNEUMONIA_1892,chittagong,PNEUMONIA,chittagong-pneumonia-65,train,c509694218183c1007e3167004be9e16f30e22484f633abfb9800e8ed825b2b8,chittagong\nested_0\Training\pneumonia\pneumonia-65.jpg,data\interim\selected\chittagong_PNEUMONIA_1892.jpg,data/processed/images/chittagong_PNEUMONIA_1892.png
chittagong_PNEUMONIA_1893,chittagong,PNEUMONIA,chittagong-pneumonia-4264,train,c52f7fd6a7e5d77609d5479e757db8c75602be6d8e455323923ac181c7902862,chittagong\nested_0\Training\pneumonia\pneumonia-4264.jpg,data\interim\selected\chittagong_PNEUMONIA_1893.jpg,data/processed/images/chittagong_PNEUMONIA_1893.png
chittagong_PNEUMONIA_1894,chittagong,PNEUMONIA,chittagong-pneumonia-22,train,c56cbb6e3173e1a848a0940d187b425c0591b31469c09d110c0ae00f496447fa,chittagong\nested_0\Training\pneumonia\pneumonia-22.jpg,data\interim\selected\chittagong_PNEUMONIA_1894.jpg,data/processed/images/chittagong_PNEUMONIA_1894.png
chittagong_PNEUMONIA_1895,chittagong,PNEUMONIA,chittagong-pneumonia-212,train,c57e9c43fe652f61eae601e4ee8a99380e8568dc92e862c76e70932c8d579ee9,chittagong\nested_0\Training\pneumonia\pneumonia-212.jpg,data\interim\selected\chittagong_PNEUMONIA_1895.jpg,data/processed/images/chittagong_PNEUMONIA_1895.png
chittagong_PNEUMONIA_1896,chittagong,PNEUMONIA,chittagong-pneumonia-4007,train,c5aebe48e9e09f91a2ca3eecb6e70c0a0339da62ee5e2a9bc9380254729eaf94,chittagong\nested_0\Training\pneumonia\pneumonia-4007.jpg,data\interim\selected\chittagong_PNEUMONIA_1896.jpg,data/processed/images/chittagong_PNEUMONIA_1896.png
chittagong_PNEUMONIA_1897,chittagong,PNEUMONIA,chittagong-pneumonia-3935,train,c6024e15baa39d45443bea07ed6ca8e9c15f0a93ac09347b0d79ddf0ccd117fa,chittagong\nested_0\Training\pneumonia\pneumonia-3935.jpg,data\interim\selected\chittagong_PNEUMONIA_1897.jpg,data/processed/images/chittagong_PNEUMONIA_1897.png
chittagong_PNEUMONIA_1898,chittagong,PNEUMONIA,chittagong-pneumonia-3966,train,c6696fe44a533a2a1edc1d89f621ab3f1dacca024ec9007210a6a1eea4be4325,chittagong\nested_0\Training\pneumonia\pneumonia-3966.jpg,data\interim\selected\chittagong_PNEUMONIA_1898.jpg,data/processed/images/chittagong_PNEUMONIA_1898.png
chittagong_PNEUMONIA_1899,chittagong,PNEUMONIA,chittagong-pneumonia-325,train,c6c68c4f06e235e917f82c2f0e177a4eef6481c0cc7652d299fc97168aa9b6af,chittagong\nested_0\Training\pneumonia\pneumonia-325.jpg,data\interim\selected\chittagong_PNEUMONIA_1899.jpg,data/processed/images/chittagong_PNEUMONIA_1899.png
chittagong_PNEUMONIA_1900,chittagong,PNEUMONIA,chittagong-pneumonia-4249,train,c7143f147a8bda13e1f72e0859735b04be5ca9db6af534592d47a016654806b6,chittagong\nested_0\Training\pneumonia\pneumonia-4249.jpg,data\interim\selected\chittagong_PNEUMONIA_1900.jpg,data/processed/images/chittagong_PNEUMONIA_1900.png
chittagong_PNEUMONIA_1901,chittagong,PNEUMONIA,chittagong-pneumonia-645,train,c7d3adf6326f9efbb1d29709a56680e456d9740dada0daa3346969d022692c47,chittagong\nested_0\Testing\pneumonia\pneumonia-645.jpg,data\interim\selected\chittagong_PNEUMONIA_1901.jpg,data/processed/images/chittagong_PNEUMONIA_1901.png
chittagong_PNEUMONIA_1902,chittagong,PNEUMONIA,chittagong-pneumonia-4208,train,c7ea0950d09d6b856a815675c69d8b26c72d53069cc562c17badee8f02a68587,chittagong\nested_0\Training\pneumonia\pneumonia-4208.jpg,data\interim\selected\chittagong_PNEUMONIA_1902.jpg,data/processed/images/chittagong_PNEUMONIA_1902.png
chittagong_PNEUMONIA_1903,chittagong,PNEUMONIA,chittagong-pneumonia-439,train,c80091b506a81139d01b932e8b67b87b5e726fe1f6f59d885d57e5876216fe5c,chittagong\nested_0\Training\pneumonia\pneumonia-439.jpg,data\interim\selected\chittagong_PNEUMONIA_1903.jpg,data/processed/images/chittagong_PNEUMONIA_1903.png
chittagong_PNEUMONIA_1904,chittagong,PNEUMONIA,chittagong-pneumonia-5163,train,c81bfee3881cb285e854b71d3b2db00ade04f871aa26c9357aa3c6877b7df5e6,chittagong\nested_0\Testing\pneumonia\pneumonia-5163.jpg,data\interim\selected\chittagong_PNEUMONIA_1904.jpg,data/processed/images/chittagong_PNEUMONIA_1904.png
chittagong_PNEUMONIA_1905,chittagong,PNEUMONIA,chittagong-pneumonia-256,train,c88c82ad720a826d50d3408b2d6a875fc93bfa9dc93a38f47ced45c0cfcf8f39,chittagong\nested_0\Training\pneumonia\pneumonia-256.jpg,data\interim\selected\chittagong_PNEUMONIA_1905.jpg,data/processed/images/chittagong_PNEUMONIA_1905.png
chittagong_PNEUMONIA_1906,chittagong,PNEUMONIA,chittagong-pneumonia-487,train,ca0b93d093e29914f67444d07d9c0519961fed193e5c50d2a80f22a25edb0c63,chittagong\nested_0\Training\pneumonia\pneumonia-487.jpg,data\interim\selected\chittagong_PNEUMONIA_1906.jpg,data/processed/images/chittagong_PNEUMONIA_1906.png
chittagong_PNEUMONIA_1907,chittagong,PNEUMONIA,chittagong-pneumonia-525,train,ca1a789ac7f57e1df3189d6bcc0dddcf0561e7d2b17be13edb09c0ccc9003219,chittagong\nested_0\Training\pneumonia\pneumonia-525.jpg,data\interim\selected\chittagong_PNEUMONIA_1907.jpg,data/processed/images/chittagong_PNEUMONIA_1907.png
chittagong_PNEUMONIA_1908,chittagong,PNEUMONIA,chittagong-pneumonia-5157,train,ca74d9767ddc6e01c5d8fbf27029860d8024ac4b42970f62c7e61acf136e56da,chittagong\nested_0\Testing\pneumonia\pneumonia-5157.jpg,data\interim\selected\chittagong_PNEUMONIA_1908.jpg,data/processed/images/chittagong_PNEUMONIA_1908.png
chittagong_PNEUMONIA_1909,chittagong,PNEUMONIA,chittagong-pneumonia-111,train,caa1c0926e5d4a73211fdc7cb85d481c892e89e4bf2984831d07fea94be156e3,chittagong\nested_0\Training\pneumonia\pneumonia-111.jpg,data\interim\selected\chittagong_PNEUMONIA_1909.jpg,data/processed/images/chittagong_PNEUMONIA_1909.png
chittagong_PNEUMONIA_1910,chittagong,PNEUMONIA,chittagong-pneumonia-4566,train,cabce06763ee0c4555a3f2268c78125d4aa14f9832ac886fa604760809273110,chittagong\nested_0\Training\pneumonia\pneumonia-4566.jpg,data\interim\selected\chittagong_PNEUMONIA_1910.jpg,data/processed/images/chittagong_PNEUMONIA_1910.png
chittagong_PNEUMONIA_1911,chittagong,PNEUMONIA,chittagong-pneumonia-4087,train,cb891f4418558a2b915c578cefc2391260f126b4665303485ff42dc801ad74d9,chittagong\nested_0\Training\pneumonia\pneumonia-4087.jpg,data\interim\selected\chittagong_PNEUMONIA_1911.jpg,data/processed/images/chittagong_PNEUMONIA_1911.png
chittagong_PNEUMONIA_1912,chittagong,PNEUMONIA,chittagong-pneumonia-4192,train,cc40a37633b489bfcf28597807103b539117343f9dae0c2a9cc6b3fc6d0aa6d1,chittagong\nested_0\Training\pneumonia\pneumonia-4192.jpg,data\interim\selected\chittagong_PNEUMONIA_1912.jpg,data/processed/images/chittagong_PNEUMONIA_1912.png
chittagong_PNEUMONIA_1913,chittagong,PNEUMONIA,chittagong-pneumonia-543,train,cc7801fd9903faf5689997131ccf8b242125518078f1227b3113b30b940360b0,chittagong\nested_0\Training\pneumonia\pneumonia-543.jpg,data\interim\selected\chittagong_PNEUMONIA_1913.jpg,data/processed/images/chittagong_PNEUMONIA_1913.png
chittagong_PNEUMONIA_1914,chittagong,PNEUMONIA,chittagong-pneumonia-46,train,cc961b2c064f9567f44d943d024f559c9ab55df3a378bb6e554df774d8e12e01,chittagong\nested_0\Training\pneumonia\pneumonia-46.jpg,data\interim\selected\chittagong_PNEUMONIA_1914.jpg,data/processed/images/chittagong_PNEUMONIA_1914.png
chittagong_PNEUMONIA_1915,chittagong,PNEUMONIA,chittagong-pneumonia-553,train,cd5d85c6229b3a1864076ae02563554633857c51fc60c8daac1c99a8f09c5bb8,chittagong\nested_0\Training\pneumonia\pneumonia-553.jpg,data\interim\selected\chittagong_PNEUMONIA_1915.jpg,data/processed/images/chittagong_PNEUMONIA_1915.png
chittagong_PNEUMONIA_1916,chittagong,PNEUMONIA,chittagong-pneumonia-91,train,ce38d3f06ca43f92d27f156ec64fb90e3290d60a6a8fb52d0815138c04fe1635,chittagong\nested_0\Training\pneumonia\pneumonia-91.jpg,data\interim\selected\chittagong_PNEUMONIA_1916.jpg,data/processed/images/chittagong_PNEUMONIA_1916.png
chittagong_PNEUMONIA_1917,chittagong,PNEUMONIA,chittagong-pneumonia-5245,train,ce74c11654af0c682df228bb7566ab70d7b9244c00cce7801b0188c55170d262,chittagong\nested_0\Testing\pneumonia\pneumonia-5245.jpg,data\interim\selected\chittagong_PNEUMONIA_1917.jpg,data/processed/images/chittagong_PNEUMONIA_1917.png
chittagong_PNEUMONIA_1918,chittagong,PNEUMONIA,chittagong-pneumonia-697,train,cec57d0ad61b23ce5633c3ac0b099ae8646abe08c6f82bc9f46f4a354fb7c40f,chittagong\nested_0\Testing\pneumonia\pneumonia-697.jpg,data\interim\selected\chittagong_PNEUMONIA_1918.jpg,data/processed/images/chittagong_PNEUMONIA_1918.png
chittagong_PNEUMONIA_1919,chittagong,PNEUMONIA,chittagong-pneumonia-5134,train,cecd682b908898a3d26da3dcc76f0e9b4a6f8edd22e2ba210d1d9be797088c21,chittagong\nested_0\Testing\pneumonia\pneumonia-5134.jpg,data\interim\selected\chittagong_PNEUMONIA_1919.jpg,data/processed/images/chittagong_PNEUMONIA_1919.png
chittagong_PNEUMONIA_1920,chittagong,PNEUMONIA,chittagong-pneumonia-4232,train,cee332d3e752cbd57983e51b09ee53d38e3e931b5467037c7398be792c6c8d36,chittagong\nested_0\Training\pneumonia\pneumonia-4232.jpg,data\interim\selected\chittagong_PNEUMONIA_1920.jpg,data/processed/images/chittagong_PNEUMONIA_1920.png
chittagong_PNEUMONIA_1921,chittagong,PNEUMONIA,chittagong-pneumonia-5197,train,cef614d7f73e005ea59bd8b5fa8698aac204ed635eca95dc8dea36ef9614c397,chittagong\nested_0\Testing\pneumonia\pneumonia-5197.jpg,data\interim\selected\chittagong_PNEUMONIA_1921.jpg,data/processed/images/chittagong_PNEUMONIA_1921.png
chittagong_PNEUMONIA_1922,chittagong,PNEUMONIA,chittagong-pneumonia-244,train,cf32dba62684bc8df16cec16d5414d58302bedbed27d18b95160d632722f4d6b,chittagong\nested_0\Training\pneumonia\pneumonia-244.jpg,data\interim\selected\chittagong_PNEUMONIA_1922.jpg,data/processed/images/chittagong_PNEUMONIA_1922.png
chittagong_PNEUMONIA_1923,chittagong,PNEUMONIA,chittagong-pneumonia-386,train,d05329c5392595332d2ed9d1afa7c7b2f643863536613edf866258f07b3d537c,chittagong\nested_0\Training\pneumonia\pneumonia-386.jpg,data\interim\selected\chittagong_PNEUMONIA_1923.jpg,data/processed/images/chittagong_PNEUMONIA_1923.png
chittagong_PNEUMONIA_1924,chittagong,PNEUMONIA,chittagong-pneumonia-4085,train,d09fd24a859038d46ed205a7f83b17554d5eb56e9203f2c0797d102add0f0c4e,chittagong\nested_0\Training\pneumonia\pneumonia-4085.jpg,data\interim\selected\chittagong_PNEUMONIA_1924.jpg,data/processed/images/chittagong_PNEUMONIA_1924.png
chittagong_PNEUMONIA_1925,chittagong,PNEUMONIA,chittagong-pneumonia-3998,train,d0d70c68e3b227ecde3beeee29324136b83d9285f41a829fe59acb07ab989b97,chittagong\nested_0\Training\pneumonia\pneumonia-3998.jpg,data\interim\selected\chittagong_PNEUMONIA_1925.jpg,data/processed/images/chittagong_PNEUMONIA_1925.png
chittagong_PNEUMONIA_1926,chittagong,PNEUMONIA,chittagong-pneumonia-4100,train,d2186f0190c2aac2d058bb502c15fa6ff89ff578f9f722528ded7494182f007c,chittagong\nested_0\Training\pneumonia\pneumonia-4100.jpg,data\interim\selected\chittagong_PNEUMONIA_1926.jpg,data/processed/images/chittagong_PNEUMONIA_1926.png
chittagong_PNEUMONIA_1927,chittagong,PNEUMONIA,chittagong-pneumonia-5228,train,d222fc7bd322e7a5d8b8bb1c3528bef07e00797f5dee9998012d5697cfb11562,chittagong\nested_0\Testing\pneumonia\pneumonia-5228.jpg,data\interim\selected\chittagong_PNEUMONIA_1927.jpg,data/processed/images/chittagong_PNEUMONIA_1927.png
chittagong_PNEUMONIA_1928,chittagong,PNEUMONIA,chittagong-pneumonia-4001,train,d25b2c04587e250b4a80c0de74c4cfc94f6f1bc6dbb30b4b0145044bc7175d1c,chittagong\nested_0\Training\pneumonia\pneumonia-4001.jpg,data\interim\selected\chittagong_PNEUMONIA_1928.jpg,data/processed/images/chittagong_PNEUMONIA_1928.png
chittagong_PNEUMONIA_1929,chittagong,PNEUMONIA,chittagong-pneumonia-219,train,d2ee398b807be84de2e14ce58f6219e7fb4c9d53f74354e7c2d282e8d18b91a4,chittagong\nested_0\Training\pneumonia\pneumonia-219.jpg,data\interim\selected\chittagong_PNEUMONIA_1929.jpg,data/processed/images/chittagong_PNEUMONIA_1929.png
chittagong_PNEUMONIA_1930,chittagong,PNEUMONIA,chittagong-pneumonia-619,train,d32783407c6c8d12131332be1bf55cfe14d59f12a3fdf1d6d1322882ec7539d0,chittagong\nested_0\Testing\pneumonia\pneumonia-619.jpg,data\interim\selected\chittagong_PNEUMONIA_1930.jpg,data/processed/images/chittagong_PNEUMONIA_1930.png
chittagong_PNEUMONIA_1931,chittagong,PNEUMONIA,chittagong-pneumonia-230,train,d3f32ccd4ef910130bda5d65370dec67b10d8df1da9cca888ae94382ae45ad62,chittagong\nested_0\Training\pneumonia\pneumonia-230.jpg,data\interim\selected\chittagong_PNEUMONIA_1931.jpg,data/processed/images/chittagong_PNEUMONIA_1931.png
chittagong_PNEUMONIA_1932,chittagong,PNEUMONIA,chittagong-pneumonia-4013,train,d44b079dffac60a370c1f7922ef01ed9b0b11855237d33b675740f1cbfb27ff2,chittagong\nested_0\Training\pneumonia\pneumonia-4013.jpg,data\interim\selected\chittagong_PNEUMONIA_1932.jpg,data/processed/images/chittagong_PNEUMONIA_1932.png
chittagong_PNEUMONIA_1933,chittagong,PNEUMONIA,chittagong-pneumonia-172,train,d509e4a6a19c22ce72ddcc85b7f8a0b865143407cd26666ca1bc806c11c79c93,chittagong\nested_0\Training\pneumonia\pneumonia-172.jpg,data\interim\selected\chittagong_PNEUMONIA_1933.jpg,data/processed/images/chittagong_PNEUMONIA_1933.png
chittagong_PNEUMONIA_1934,chittagong,PNEUMONIA,chittagong-pneumonia-518,train,d50bbc30e550fb56bee3481e8affb85b3620a7bed05fc36780fb48aa6e048614,chittagong\nested_0\Training\pneumonia\pneumonia-518.jpg,data\interim\selected\chittagong_PNEUMONIA_1934.jpg,data/processed/images/chittagong_PNEUMONIA_1934.png
chittagong_PNEUMONIA_1935,chittagong,PNEUMONIA,chittagong-pneumonia-394,train,d51db00fa6a10922806cbe6f3e5d6f354a94bf687d987bc35358776e5c981389,chittagong\nested_0\Training\pneumonia\pneumonia-394.jpg,data\interim\selected\chittagong_PNEUMONIA_1935.jpg,data/processed/images/chittagong_PNEUMONIA_1935.png
chittagong_PNEUMONIA_1936,chittagong,PNEUMONIA,chittagong-pneumonia-4217,train,d58b1d6e9ec1d8b51c71b48ef805b20f6aeb099c533e4d50fd09ae88e6a9c05f,chittagong\nested_0\Training\pneumonia\pneumonia-4217.jpg,data\interim\selected\chittagong_PNEUMONIA_1936.jpg,data/processed/images/chittagong_PNEUMONIA_1936.png
chittagong_PNEUMONIA_1937,chittagong,PNEUMONIA,chittagong-pneumonia-4539,train,d63eaaa83776b17bcc10d3a5a230774c4061f12aa4d1f59eeb175d6b9e6f5cc7,chittagong\nested_0\Training\pneumonia\pneumonia-4539.jpg,data\interim\selected\chittagong_PNEUMONIA_1937.jpg,data/processed/images/chittagong_PNEUMONIA_1937.png
chittagong_PNEUMONIA_1938,chittagong,PNEUMONIA,chittagong-pneumonia-806,train,d69ab36bd5e39886b95ee8e78701131e37be3dd8c5e4cf35607af66f72573ffb,chittagong\nested_0\Testing\pneumonia\pneumonia-806.jpg,data\interim\selected\chittagong_PNEUMONIA_1938.jpg,data/processed/images/chittagong_PNEUMONIA_1938.png
chittagong_PNEUMONIA_1939,chittagong,PNEUMONIA,chittagong-pneumonia-4207,train,d69c6e33e1e96fef58acd64430549693d80874be33a4a30ec875123ccda9d149,chittagong\nested_0\Training\pneumonia\pneumonia-4207.jpg,data\interim\selected\chittagong_PNEUMONIA_1939.jpg,data/processed/images/chittagong_PNEUMONIA_1939.png
chittagong_PNEUMONIA_1940,chittagong,PNEUMONIA,chittagong-pneumonia-4507,train,d6e1e7aeb6430b0b1b824ed3deeac5082feee163e85ee193f89f1487a499ef3b,chittagong\nested_0\Training\pneumonia\pneumonia-4507.jpg,data\interim\selected\chittagong_PNEUMONIA_1940.jpg,data/processed/images/chittagong_PNEUMONIA_1940.png
chittagong_PNEUMONIA_1941,chittagong,PNEUMONIA,chittagong-pneumonia-4147,train,d79a42e7bc3dab2e130b1bf1405b2d6aa173ac5575a250150d55e72d3dc993f8,chittagong\nested_0\Training\pneumonia\pneumonia-4147.jpg,data\interim\selected\chittagong_PNEUMONIA_1941.jpg,data/processed/images/chittagong_PNEUMONIA_1941.png
chittagong_PNEUMONIA_1942,chittagong,PNEUMONIA,chittagong-pneumonia-359,train,d7e9bc7b3d8533fd1af910de20cf2d808a9a9d28e38cec38c620762331cb85ef,chittagong\nested_0\Training\pneumonia\pneumonia-359.jpg,data\interim\selected\chittagong_PNEUMONIA_1942.jpg,data/processed/images/chittagong_PNEUMONIA_1942.png
chittagong_PNEUMONIA_1943,chittagong,PNEUMONIA,chittagong-pneumonia-4174,train,d8337ac7f83def8bbf354c578ea7cbdc190b621d63fa134ebcb7dd64c71c0b65,chittagong\nested_0\Training\pneumonia\pneumonia-4174.jpg,data\interim\selected\chittagong_PNEUMONIA_1943.jpg,data/processed/images/chittagong_PNEUMONIA_1943.png
chittagong_PNEUMONIA_1944,chittagong,PNEUMONIA,chittagong-pneumonia-407,train,d87460e6df9baf35848c0078a96eb922466e89562543bbbaa3afa1fd7a7e43f0,chittagong\nested_0\Training\pneumonia\pneumonia-407.jpg,data\interim\selected\chittagong_PNEUMONIA_1944.jpg,data/processed/images/chittagong_PNEUMONIA_1944.png
chittagong_PNEUMONIA_1945,chittagong,PNEUMONIA,chittagong-pneumonia-5139,train,d88b37da82addd73dd8259a9d1defb1dc7283849a2d9bf95175a3e349cda9f1e,chittagong\nested_0\Testing\pneumonia\pneumonia-5139.jpg,data\interim\selected\chittagong_PNEUMONIA_1945.jpg,data/processed/images/chittagong_PNEUMONIA_1945.png
chittagong_PNEUMONIA_1946,chittagong,PNEUMONIA,chittagong-pneumonia-4028,train,d8b42a78d1153e284997f1747f76d8f8eb4b2cb4dbbff34c67e865baf86ddf11,chittagong\nested_0\Training\pneumonia\pneumonia-4028.jpg,data\interim\selected\chittagong_PNEUMONIA_1946.jpg,data/processed/images/chittagong_PNEUMONIA_1946.png
chittagong_PNEUMONIA_1947,chittagong,PNEUMONIA,chittagong-pneumonia-4273,train,d8eb09d3d9c89df17f4ed3d75e02b568aa29db54d0137082e46208723e35c9ac,chittagong\nested_0\Training\pneumonia\pneumonia-4273.jpg,data\interim\selected\chittagong_PNEUMONIA_1947.jpg,data/processed/images/chittagong_PNEUMONIA_1947.png
chittagong_PNEUMONIA_1948,chittagong,PNEUMONIA,chittagong-pneumonia-5170,train,d901522f4f8ac43cc6f64d2be9907f1959b1c15490f102787e836a5f24131700,chittagong\nested_0\Testing\pneumonia\pneumonia-5170.jpg,data\interim\selected\chittagong_PNEUMONIA_1948.jpg,data/processed/images/chittagong_PNEUMONIA_1948.png
chittagong_PNEUMONIA_1949,chittagong,PNEUMONIA,chittagong-pneumonia-37,train,d97faf0bae5ba5f280914d1a301bf8a7194aeaf052af27c6316e8237f2d6a778,chittagong\nested_0\Training\pneumonia\pneumonia-37.jpg,data\interim\selected\chittagong_PNEUMONIA_1949.jpg,data/processed/images/chittagong_PNEUMONIA_1949.png
chittagong_PNEUMONIA_1950,chittagong,PNEUMONIA,chittagong-pneumonia-4585,train,da1d9c49abb16f3c6a28863fc7cd7a3a794660e2a7dde6be14534f812e82d1d8,chittagong\nested_0\Training\pneumonia\pneumonia-4585.jpg,data\interim\selected\chittagong_PNEUMONIA_1950.jpg,data/processed/images/chittagong_PNEUMONIA_1950.png
chittagong_PNEUMONIA_1951,chittagong,PNEUMONIA,chittagong-pneumonia-45,train,dae6d1cb7d2a318d7e93bcb6dff39c9c9d6516d5067af0349b6d4367c16e3076,chittagong\nested_0\Training\pneumonia\pneumonia-45.jpg,data\interim\selected\chittagong_PNEUMONIA_1951.jpg,data/processed/images/chittagong_PNEUMONIA_1951.png
chittagong_PNEUMONIA_1952,chittagong,PNEUMONIA,chittagong-pneumonia-4246,train,db9ff3a9d687f66806990fb7d0f255f91971f9e2ad3d7a7ebf01d1032c04da20,chittagong\nested_0\Training\pneumonia\pneumonia-4246.jpg,data\interim\selected\chittagong_PNEUMONIA_1952.jpg,data/processed/images/chittagong_PNEUMONIA_1952.png
chittagong_PNEUMONIA_1953,chittagong,PNEUMONIA,chittagong-pneumonia-312,train,dbab5b4341e9138f5f1fdfb36c6d6ee54269387e97b1fde3f5569f8ff38aa036,chittagong\nested_0\Training\pneumonia\pneumonia-312.jpg,data\interim\selected\chittagong_PNEUMONIA_1953.jpg,data/processed/images/chittagong_PNEUMONIA_1953.png
chittagong_PNEUMONIA_1954,chittagong,PNEUMONIA,chittagong-pneumonia-3931,train,dc17c36d42114caa5be49ee68f0cb0404885b43278bc691952209e2635947937,chittagong\nested_0\Training\pneumonia\pneumonia-3931.jpg,data\interim\selected\chittagong_PNEUMONIA_1954.jpg,data/processed/images/chittagong_PNEUMONIA_1954.png
chittagong_PNEUMONIA_1955,chittagong,PNEUMONIA,chittagong-pneumonia-5141,train,dcb04f3284eddccd3908b5a9db4817de362fc6325ff1a810ecc61fe5d76a79b6,chittagong\nested_0\Testing\pneumonia\pneumonia-5141.jpg,data\interim\selected\chittagong_PNEUMONIA_1955.jpg,data/processed/images/chittagong_PNEUMONIA_1955.png
chittagong_PNEUMONIA_1956,chittagong,PNEUMONIA,chittagong-pneumonia-4017,train,dcd2314ffdec8d0c20565c040b34aa15d86b3b910bc720c14113307129d99e59,chittagong\nested_0\Training\pneumonia\pneumonia-4017.jpg,data\interim\selected\chittagong_PNEUMONIA_1956.jpg,data/processed/images/chittagong_PNEUMONIA_1956.png
chittagong_PNEUMONIA_1957,chittagong,PNEUMONIA,chittagong-pneumonia-159,train,dcd66e65ab5d6fe45275516b8842ca556db228e20d3c4705a2ea5695938eb7f8,chittagong\nested_0\Training\pneumonia\pneumonia-159.jpg,data\interim\selected\chittagong_PNEUMONIA_1957.jpg,data/processed/images/chittagong_PNEUMONIA_1957.png
chittagong_PNEUMONIA_1958,chittagong,PNEUMONIA,chittagong-pneumonia-4058,train,dd77a675b4f60885578c77ce83ecb1ccbe376767abbdd962b6d098a394f6edcf,chittagong\nested_0\Training\pneumonia\pneumonia-4058.jpg,data\interim\selected\chittagong_PNEUMONIA_1958.jpg,data/processed/images/chittagong_PNEUMONIA_1958.png
chittagong_PNEUMONIA_1959,chittagong,PNEUMONIA,chittagong-pneumonia-20,train,ddcd385d8fa3224826c55a91e402333c0007928a72705fdfcecb2b2e2a2d8c09,chittagong\nested_0\Training\pneumonia\pneumonia-20.jpg,data\interim\selected\chittagong_PNEUMONIA_1959.jpg,data/processed/images/chittagong_PNEUMONIA_1959.png
chittagong_PNEUMONIA_1960,chittagong,PNEUMONIA,chittagong-pneumonia-4029,train,ddd7a4c0a179aa1667692d12feb9f7dfed82fb7c2e4ae16b56a62bb12cd9620f,chittagong\nested_0\Training\pneumonia\pneumonia-4029.jpg,data\interim\selected\chittagong_PNEUMONIA_1960.jpg,data/processed/images/chittagong_PNEUMONIA_1960.png
chittagong_PNEUMONIA_1961,chittagong,PNEUMONIA,chittagong-pneumonia-4050,train,dea9e95b81148219bb9c2384c822cbe36e194b118c63c5f5f41d4c12aab32e47,chittagong\nested_0\Training\pneumonia\pneumonia-4050.jpg,data\interim\selected\chittagong_PNEUMONIA_1961.jpg,data/processed/images/chittagong_PNEUMONIA_1961.png
chittagong_PNEUMONIA_1962,chittagong,PNEUMONIA,chittagong-pneumonia-3974,train,defc5a44a0e3878245cdc84519296a647538532c5af8aed93ea560f48ae009c0,chittagong\nested_0\Training\pneumonia\pneumonia-3974.jpg,data\interim\selected\chittagong_PNEUMONIA_1962.jpg,data/processed/images/chittagong_PNEUMONIA_1962.png
chittagong_PNEUMONIA_1963,chittagong,PNEUMONIA,chittagong-pneumonia-4165,train,dfb17d967c6188649ae8818ee937165e80b8cb6fa6a5ed36dc74234c8ebc04ee,chittagong\nested_0\Training\pneumonia\pneumonia-4165.jpg,data\interim\selected\chittagong_PNEUMONIA_1963.jpg,data/processed/images/chittagong_PNEUMONIA_1963.png
chittagong_PNEUMONIA_1964,chittagong,PNEUMONIA,chittagong-pneumonia-38,train,e006a0bc85a9c65b477f7f338a5274be23ed20707abd7363aa45a5d0df11f7c4,chittagong\nested_0\Training\pneumonia\pneumonia-38.jpg,data\interim\selected\chittagong_PNEUMONIA_1964.jpg,data/processed/images/chittagong_PNEUMONIA_1964.png
chittagong_PNEUMONIA_1965,chittagong,PNEUMONIA,chittagong-pneumonia-457,train,e0c67865bc25e6c70d70f6d77e1b03582f7c15f3b22bc05f63884cff7fafd068,chittagong\nested_0\Training\pneumonia\pneumonia-457.jpg,data\interim\selected\chittagong_PNEUMONIA_1965.jpg,data/processed/images/chittagong_PNEUMONIA_1965.png
chittagong_PNEUMONIA_1966,chittagong,PNEUMONIA,chittagong-pneumonia-500,train,e1222406cf3bdea0ec22b06c67e2dd51aa1b560ba5b1bcde1847d616e0c502b0,chittagong\nested_0\Training\pneumonia\pneumonia-500.jpg,data\interim\selected\chittagong_PNEUMONIA_1966.jpg,data/processed/images/chittagong_PNEUMONIA_1966.png
chittagong_PNEUMONIA_1967,chittagong,PNEUMONIA,chittagong-pneumonia-4063,train,e1d12258e6501fa0dc4b396b2194808a438c358caa742fd418c42f63d2ee3129,chittagong\nested_0\Training\pneumonia\pneumonia-4063.jpg,data\interim\selected\chittagong_PNEUMONIA_1967.jpg,data/processed/images/chittagong_PNEUMONIA_1967.png
chittagong_PNEUMONIA_1968,chittagong,PNEUMONIA,chittagong-pneumonia-5119,train,e231d10b42732825b3fadbe03c1e633c754a96a222ddd8fe13ff1222ab2c876d,chittagong\nested_0\Testing\pneumonia\pneumonia-5119.jpg,data\interim\selected\chittagong_PNEUMONIA_1968.jpg,data/processed/images/chittagong_PNEUMONIA_1968.png
chittagong_PNEUMONIA_1969,chittagong,PNEUMONIA,chittagong-pneumonia-446,train,e29baba556fccf25f4d3d8c371d4c9efa6aa0d45a64036bdd2333fe0b425942a,chittagong\nested_0\Training\pneumonia\pneumonia-446.jpg,data\interim\selected\chittagong_PNEUMONIA_1969.jpg,data/processed/images/chittagong_PNEUMONIA_1969.png
chittagong_PNEUMONIA_1970,chittagong,PNEUMONIA,chittagong-pneumonia-5196,train,e3234c86ed33f56bf1bb0770b55411b1077dd5c5f063fcce2f7425ac5b467f81,chittagong\nested_0\Testing\pneumonia\pneumonia-5196.jpg,data\interim\selected\chittagong_PNEUMONIA_1970.jpg,data/processed/images/chittagong_PNEUMONIA_1970.png
chittagong_PNEUMONIA_1971,chittagong,PNEUMONIA,chittagong-pneumonia-5176,train,e36605f596966c9d9de01fba84c9fcad1c7a6ef3de5d7048c7fe2cc7b7e39d5d,chittagong\nested_0\Testing\pneumonia\pneumonia-5176.jpg,data\interim\selected\chittagong_PNEUMONIA_1971.jpg,data/processed/images/chittagong_PNEUMONIA_1971.png
chittagong_PNEUMONIA_1972,chittagong,PNEUMONIA,chittagong-pneumonia-4004,train,e38b65267c9322f7b02fa4177e2035576942cae995220007d7806ed36a67d9e8,chittagong\nested_0\Training\pneumonia\pneumonia-4004.jpg,data\interim\selected\chittagong_PNEUMONIA_1972.jpg,data/processed/images/chittagong_PNEUMONIA_1972.png
chittagong_PNEUMONIA_1973,chittagong,PNEUMONIA,chittagong-pneumonia-3903,train,e3eb79d95fcbc02d7e9f96bfa9bc66dfeaba27b98afcbcd3044284afb1318cda,chittagong\nested_0\Training\pneumonia\pneumonia-3903.jpg,data\interim\selected\chittagong_PNEUMONIA_1973.jpg,data/processed/images/chittagong_PNEUMONIA_1973.png
chittagong_PNEUMONIA_1974,chittagong,PNEUMONIA,chittagong-pneumonia-4118,train,e5649a4258abfcf9bed04cb21da4e819e945e2ae543b42c7d4907b51b0a0447d,chittagong\nested_0\Training\pneumonia\pneumonia-4118.jpg,data\interim\selected\chittagong_PNEUMONIA_1974.jpg,data/processed/images/chittagong_PNEUMONIA_1974.png
chittagong_PNEUMONIA_1975,chittagong,PNEUMONIA,chittagong-pneumonia-4072,train,e5c5fc12e15759c8b09e21aed8ce1482ac8d9cd07a35d42991558152e6916e8c,chittagong\nested_0\Training\pneumonia\pneumonia-4072.jpg,data\interim\selected\chittagong_PNEUMONIA_1975.jpg,data/processed/images/chittagong_PNEUMONIA_1975.png
chittagong_PNEUMONIA_1976,chittagong,PNEUMONIA,chittagong-pneumonia-4555,train,e5d7f237142caddbdb2c03dc8b8093749b012d8ee5a61ebe76bf225115d13bd0,chittagong\nested_0\Training\pneumonia\pneumonia-4555.jpg,data\interim\selected\chittagong_PNEUMONIA_1976.jpg,data/processed/images/chittagong_PNEUMONIA_1976.png
chittagong_PNEUMONIA_1977,chittagong,PNEUMONIA,chittagong-pneumonia-643,train,e60e711c0dd8f01d48bb9b47a2b45321373ec186e980d1880afdcbab73b69542,chittagong\nested_0\Testing\pneumonia\pneumonia-643.jpg,data\interim\selected\chittagong_PNEUMONIA_1977.jpg,data/processed/images/chittagong_PNEUMONIA_1977.png
chittagong_PNEUMONIA_1978,chittagong,PNEUMONIA,chittagong-pneumonia-188,train,ea009cef71a20e16a4c8feb2102247dc681ec77b7fc6a6426d9dd69c4b413115,chittagong\nested_0\Training\pneumonia\pneumonia-188.jpg,data\interim\selected\chittagong_PNEUMONIA_1978.jpg,data/processed/images/chittagong_PNEUMONIA_1978.png
chittagong_PNEUMONIA_1979,chittagong,PNEUMONIA,chittagong-pneumonia-3915,train,ea88e9373916b0832e0cdd2db99709611d0481014085493f15ea8fa34cfc17d0,chittagong\nested_0\Training\pneumonia\pneumonia-3915.jpg,data\interim\selected\chittagong_PNEUMONIA_1979.jpg,data/processed/images/chittagong_PNEUMONIA_1979.png
chittagong_PNEUMONIA_1980,chittagong,PNEUMONIA,chittagong-pneumonia-659,train,eaaa1c22b7dc0939ba9bace7b488b369682da40d8a4fdeae07448439c24363c0,chittagong\nested_0\Testing\pneumonia\pneumonia-659.jpg,data\interim\selected\chittagong_PNEUMONIA_1980.jpg,data/processed/images/chittagong_PNEUMONIA_1980.png
chittagong_PNEUMONIA_1981,chittagong,PNEUMONIA,chittagong-pneumonia-5174,train,eb48a38b4017d6a6384ead498fd485be8d9abb9f1d34f24e8cf6b971861be28b,chittagong\nested_0\Testing\pneumonia\pneumonia-5174.jpg,data\interim\selected\chittagong_PNEUMONIA_1981.jpg,data/processed/images/chittagong_PNEUMONIA_1981.png
chittagong_PNEUMONIA_1982,chittagong,PNEUMONIA,chittagong-pneumonia-4497,train,eb844afd0faa523e64571c8d87b6b0c813f4ed12313cfd641b64b82bb7f95047,chittagong\nested_0\Training\pneumonia\pneumonia-4497.jpg,data\interim\selected\chittagong_PNEUMONIA_1982.jpg,data/processed/images/chittagong_PNEUMONIA_1982.png
chittagong_PNEUMONIA_1983,chittagong,PNEUMONIA,chittagong-pneumonia-333,train,ebe108155ee90fb775da83a11222c4b9f9e20326b44845c9db7cea7a12f0541e,chittagong\nested_0\Training\pneumonia\pneumonia-333.jpg,data\interim\selected\chittagong_PNEUMONIA_1983.jpg,data/processed/images/chittagong_PNEUMONIA_1983.png
chittagong_PNEUMONIA_1984,chittagong,PNEUMONIA,chittagong-pneumonia-371,train,ec165ed02fe4d494d0a1e5daef8eea0017a01a013c29c7769186ca40f97c1868,chittagong\nested_0\Training\pneumonia\pneumonia-371.jpg,data\interim\selected\chittagong_PNEUMONIA_1984.jpg,data/processed/images/chittagong_PNEUMONIA_1984.png
chittagong_PNEUMONIA_1985,chittagong,PNEUMONIA,chittagong-pneumonia-92,train,eca84bc396edbac45d8a01a8736ae0385938128655ea299d8bda4d09a9fd53ec,chittagong\nested_0\Training\pneumonia\pneumonia-92.jpg,data\interim\selected\chittagong_PNEUMONIA_1985.jpg,data/processed/images/chittagong_PNEUMONIA_1985.png
chittagong_PNEUMONIA_1986,chittagong,PNEUMONIA,chittagong-pneumonia-4224,train,eceddca18a60a86febf69e1973890dbbb70c513ec7c0eda0b852cff6d3a6824d,chittagong\nested_0\Training\pneumonia\pneumonia-4224.jpg,data\interim\selected\chittagong_PNEUMONIA_1986.jpg,data/processed/images/chittagong_PNEUMONIA_1986.png
chittagong_PNEUMONIA_1987,chittagong,PNEUMONIA,chittagong-pneumonia-678,train,edd1e7009eed2456cddef5d6a6a0ee806588d7f6824c0cb5f26bd50378663eec,chittagong\nested_0\Testing\pneumonia\pneumonia-678.jpg,data\interim\selected\chittagong_PNEUMONIA_1987.jpg,data/processed/images/chittagong_PNEUMONIA_1987.png
chittagong_PNEUMONIA_1988,chittagong,PNEUMONIA,chittagong-pneumonia-635,train,ee4f94da1b5fab525813c960965853ab3cc2038c32780dda53d0b4d921033157,chittagong\nested_0\Testing\pneumonia\pneumonia-635.jpg,data\interim\selected\chittagong_PNEUMONIA_1988.jpg,data/processed/images/chittagong_PNEUMONIA_1988.png
chittagong_PNEUMONIA_1989,chittagong,PNEUMONIA,chittagong-pneumonia-527,train,eeb9a206854ae8d691637ad9faf761d0688c03c60249ba89ced36909d5190f49,chittagong\nested_0\Training\pneumonia\pneumonia-527.jpg,data\interim\selected\chittagong_PNEUMONIA_1989.jpg,data/processed/images/chittagong_PNEUMONIA_1989.png
chittagong_PNEUMONIA_1990,chittagong,PNEUMONIA,chittagong-pneumonia-464,train,f00bc2a81d47d9c6b0ffcf362f8edb0dacfc80b2aac0c0a895eb521622a210d6,chittagong\nested_0\Training\pneumonia\pneumonia-464.jpg,data\interim\selected\chittagong_PNEUMONIA_1990.jpg,data/processed/images/chittagong_PNEUMONIA_1990.png
chittagong_PNEUMONIA_1991,chittagong,PNEUMONIA,chittagong-pneumonia-3957,train,f1ce8c2c0229d5ac41041ac33a9092e245aae25c6ce30486d4c376497d63505f,chittagong\nested_0\Training\pneumonia\pneumonia-3957.jpg,data\interim\selected\chittagong_PNEUMONIA_1991.jpg,data/processed/images/chittagong_PNEUMONIA_1991.png
chittagong_PNEUMONIA_1992,chittagong,PNEUMONIA,chittagong-pneumonia-617,train,f2d11fe2ab12ff237637297b6375cb5cba1f50ac9b8079d687c5548564e9e02b,chittagong\nested_0\Testing\pneumonia\pneumonia-617.jpg,data\interim\selected\chittagong_PNEUMONIA_1992.jpg,data/processed/images/chittagong_PNEUMONIA_1992.png
chittagong_PNEUMONIA_1993,chittagong,PNEUMONIA,chittagong-pneumonia-250,train,f47affaf7e2a725724291a2d36acc6f49f06142cc70a2349afba439462d9fe0b,chittagong\nested_0\Training\pneumonia\pneumonia-250.jpg,data\interim\selected\chittagong_PNEUMONIA_1993.jpg,data/processed/images/chittagong_PNEUMONIA_1993.png
chittagong_PNEUMONIA_1994,chittagong,PNEUMONIA,chittagong-pneumonia-3901,train,f48b09377b55a20e59cecbb2ba22904494a6daafff89e484f5f5e321fedd3383,chittagong\nested_0\Training\pneumonia\pneumonia-3901.jpg,data\interim\selected\chittagong_PNEUMONIA_1994.jpg,data/processed/images/chittagong_PNEUMONIA_1994.png
chittagong_PNEUMONIA_1995,chittagong,PNEUMONIA,chittagong-pneumonia-78,train,f5d40eb59756140d708421918bd49b1c91d67160f51ce9f4c556003dbff44800,chittagong\nested_0\Training\pneumonia\pneumonia-78.jpg,data\interim\selected\chittagong_PNEUMONIA_1995.jpg,data/processed/images/chittagong_PNEUMONIA_1995.png
chittagong_PNEUMONIA_1996,chittagong,PNEUMONIA,chittagong-pneumonia-181,train,f67b4689d844fd06d41a290d4a888d85aa479dad501126fea3713af0d9dacdc4,chittagong\nested_0\Training\pneumonia\pneumonia-181.jpg,data\interim\selected\chittagong_PNEUMONIA_1996.jpg,data/processed/images/chittagong_PNEUMONIA_1996.png
chittagong_PNEUMONIA_1997,chittagong,PNEUMONIA,chittagong-pneumonia-4206,train,f68d12fb0c52a871ea561e17706ecac6c81380cf7e4fa6b3c31cac13c65f6454,chittagong\nested_0\Training\pneumonia\pneumonia-4206.jpg,data\interim\selected\chittagong_PNEUMONIA_1997.jpg,data/processed/images/chittagong_PNEUMONIA_1997.png
chittagong_PNEUMONIA_1998,chittagong,PNEUMONIA,chittagong-pneumonia-191,train,f69e2421fcb0bbac1757628c977b821d036e4431e561954fdd308afafa14442c,chittagong\nested_0\Training\pneumonia\pneumonia-191.jpg,data\interim\selected\chittagong_PNEUMONIA_1998.jpg,data/processed/images/chittagong_PNEUMONIA_1998.png
chittagong_PNEUMONIA_1999,chittagong,PNEUMONIA,chittagong-pneumonia-4276,train,f6fd1ad6f11ef9b0c97536832500b67d078c1de630e33871e7798b89999c19ec,chittagong\nested_0\Training\pneumonia\pneumonia-4276.jpg,data\interim\selected\chittagong_PNEUMONIA_1999.jpg,data/processed/images/chittagong_PNEUMONIA_1999.png
chittagong_PNEUMONIA_2000,chittagong,PNEUMONIA,chittagong-pneumonia-3989,train,f749d72f346ffff70b6c6daf077840b1d9ea2768545b8db48ead50bf9df26929,chittagong\nested_0\Training\pneumonia\pneumonia-3989.jpg,data\interim\selected\chittagong_PNEUMONIA_2000.jpg,data/processed/images/chittagong_PNEUMONIA_2000.png
chittagong_PNEUMONIA_2001,chittagong,PNEUMONIA,chittagong-pneumonia-4069,train,f790311d528f6180f165ef71539b0ddea02810442cec1d3ed10592e1ae97b0b3,chittagong\nested_0\Training\pneumonia\pneumonia-4069.jpg,data\interim\selected\chittagong_PNEUMONIA_2001.jpg,data/processed/images/chittagong_PNEUMONIA_2001.png
chittagong_PNEUMONIA_2002,chittagong,PNEUMONIA,chittagong-pneumonia-4009,train,f7b344f858bdbb390461d9fd2b2cf7514285e3595dbec90b03b296a7718df837,chittagong\nested_0\Training\pneumonia\pneumonia-4009.jpg,data\interim\selected\chittagong_PNEUMONIA_2002.jpg,data/processed/images/chittagong_PNEUMONIA_2002.png
chittagong_PNEUMONIA_2003,chittagong,PNEUMONIA,chittagong-pneumonia-4156,train,f7c2323df3722408bb2d415e64744848d3d9751d02b25e6651c9ba454cd71abf,chittagong\nested_0\Training\pneumonia\pneumonia-4156.jpg,data\interim\selected\chittagong_PNEUMONIA_2003.jpg,data/processed/images/chittagong_PNEUMONIA_2003.png
chittagong_PNEUMONIA_2004,chittagong,PNEUMONIA,chittagong-pneumonia-5242,train,f858a23b055977126915d65ddbc906b075655e3bf0ba6e89b942ef20158a5da8,chittagong\nested_0\Testing\pneumonia\pneumonia-5242.jpg,data\interim\selected\chittagong_PNEUMONIA_2004.jpg,data/processed/images/chittagong_PNEUMONIA_2004.png
chittagong_PNEUMONIA_2005,chittagong,PNEUMONIA,chittagong-pneumonia-206,train,f8c171951425c6983c16cdab97c15a26ece44de06a96fc0fae976675ad86ec7a,chittagong\nested_0\Training\pneumonia\pneumonia-206.jpg,data\interim\selected\chittagong_PNEUMONIA_2005.jpg,data/processed/images/chittagong_PNEUMONIA_2005.png
chittagong_PNEUMONIA_2006,chittagong,PNEUMONIA,chittagong-pneumonia-3891,train,f92bc14258fee0bbe9560580deba97a0c84dccada1873e8fd4e031511dd2f46c,chittagong\nested_0\Training\pneumonia\pneumonia-3891.jpg,data\interim\selected\chittagong_PNEUMONIA_2006.jpg,data/processed/images/chittagong_PNEUMONIA_2006.png
chittagong_PNEUMONIA_2007,chittagong,PNEUMONIA,chittagong-pneumonia-4086,train,f9486064138b01c95b4c3f51337e564b2fb76d580e08af6772abff184b5634e3,chittagong\nested_0\Training\pneumonia\pneumonia-4086.jpg,data\interim\selected\chittagong_PNEUMONIA_2007.jpg,data/processed/images/chittagong_PNEUMONIA_2007.png
chittagong_PNEUMONIA_2008,chittagong,PNEUMONIA,chittagong-pneumonia-4184,train,f9a62d24cdee157f39d6efb05663b1d9ff4d7192c4ac391cb006939ea3aa2636,chittagong\nested_0\Training\pneumonia\pneumonia-4184.jpg,data\interim\selected\chittagong_PNEUMONIA_2008.jpg,data/processed/images/chittagong_PNEUMONIA_2008.png
chittagong_PNEUMONIA_2009,chittagong,PNEUMONIA,chittagong-pneumonia-4514,train,f9c2df09cf12e5629c04730b2be09d30c91dc7ca2777add8bcea187c7aa3de40,chittagong\nested_0\Training\pneumonia\pneumonia-4514.jpg,data\interim\selected\chittagong_PNEUMONIA_2009.jpg,data/processed/images/chittagong_PNEUMONIA_2009.png
chittagong_PNEUMONIA_2010,chittagong,PNEUMONIA,chittagong-pneumonia-538,train,f9da264ff9231cbf3f960ca99f79bd0127d781d76a970d1c75d39d8fb491c14d,chittagong\nested_0\Training\pneumonia\pneumonia-538.jpg,data\interim\selected\chittagong_PNEUMONIA_2010.jpg,data/processed/images/chittagong_PNEUMONIA_2010.png
chittagong_PNEUMONIA_2011,chittagong,PNEUMONIA,chittagong-pneumonia-4260,train,fa39efe20901b9f1a6cc841068aeeb58326c8c49194bc2e9c72d4864042cc797,chittagong\nested_0\Training\pneumonia\pneumonia-4260.jpg,data\interim\selected\chittagong_PNEUMONIA_2011.jpg,data/processed/images/chittagong_PNEUMONIA_2011.png
chittagong_PNEUMONIA_2012,chittagong,PNEUMONIA,chittagong-pneumonia-570,train,fb59eacbe6f8335dcab2344581af55147c94eb48d785de497e34acb2b426ca37,chittagong\nested_0\Training\pneumonia\pneumonia-570.jpg,data\interim\selected\chittagong_PNEUMONIA_2012.jpg,data/processed/images/chittagong_PNEUMONIA_2012.png
chittagong_PNEUMONIA_2013,chittagong,PNEUMONIA,chittagong-pneumonia-77,train,fb5dfc34ca6b15b07552ed77bbfd512e94e195d5a671c1c64cc56072f5efe0de,chittagong\nested_0\Training\pneumonia\pneumonia-77.jpg,data\interim\selected\chittagong_PNEUMONIA_2013.jpg,data/processed/images/chittagong_PNEUMONIA_2013.png
chittagong_PNEUMONIA_2014,chittagong,PNEUMONIA,chittagong-pneumonia-651,train,fba42b43bd2b9500bd59ce2953a5995df8e651d32f2a8da624abf262248f14e2,chittagong\nested_0\Testing\pneumonia\pneumonia-651.jpg,data\interim\selected\chittagong_PNEUMONIA_2014.jpg,data/processed/images/chittagong_PNEUMONIA_2014.png
chittagong_PNEUMONIA_2015,chittagong,PNEUMONIA,chittagong-pneumonia-658,train,fbb4a95ffb3dba347f7ddd01a5f114d50e3c1d41eab545e6c20d4f3c59dde3d0,chittagong\nested_0\Testing\pneumonia\pneumonia-658.jpg,data\interim\selected\chittagong_PNEUMONIA_2015.jpg,data/processed/images/chittagong_PNEUMONIA_2015.png
chittagong_PNEUMONIA_2016,chittagong,PNEUMONIA,chittagong-pneumonia-504,train,fce4a1a4f7e8f7241e49c0e54318c8a44144221d81d235c45905bb64281b4645,chittagong\nested_0\Training\pneumonia\pneumonia-504.jpg,data\interim\selected\chittagong_PNEUMONIA_2016.jpg,data/processed/images/chittagong_PNEUMONIA_2016.png
chittagong_PNEUMONIA_2017,chittagong,PNEUMONIA,chittagong-pneumonia-200,train,fd0bdea7b432402daa35338a84cc0df4a3427534c143ab2cdc7dda19adb3ef80,chittagong\nested_0\Training\pneumonia\pneumonia-200.jpg,data\interim\selected\chittagong_PNEUMONIA_2017.jpg,data/processed/images/chittagong_PNEUMONIA_2017.png
chittagong_PNEUMONIA_2018,chittagong,PNEUMONIA,chittagong-pneumonia-4546,train,fd50da0a590a99eb8cf01efb7c4346334b11a92e999d802c3059458c4efd7405,chittagong\nested_0\Training\pneumonia\pneumonia-4546.jpg,data\interim\selected\chittagong_PNEUMONIA_2018.jpg,data/processed/images/chittagong_PNEUMONIA_2018.png
chittagong_PNEUMONIA_2019,chittagong,PNEUMONIA,chittagong-pneumonia-228,train,fd5acdaee154bde1384ace16c69b8294c177d8ef87b5b45bd8a74691665c841a,chittagong\nested_0\Training\pneumonia\pneumonia-228.jpg,data\interim\selected\chittagong_PNEUMONIA_2019.jpg,data/processed/images/chittagong_PNEUMONIA_2019.png
chittagong_PNEUMONIA_2020,chittagong,PNEUMONIA,chittagong-pneumonia-398,train,fe784e5e0bf31f93e72c0ffd426fba849aa304ab4cd1c971cfe3bac757d06365,chittagong\nested_0\Training\pneumonia\pneumonia-398.jpg,data\interim\selected\chittagong_PNEUMONIA_2020.jpg,data/processed/images/chittagong_PNEUMONIA_2020.png
chittagong_PNEUMONIA_2021,chittagong,PNEUMONIA,chittagong-pneumonia-36,train,fec856281582ce8ccc3e5d7a8bd01e2c37da5f49d51aa97e1d4011557bf28352,chittagong\nested_0\Training\pneumonia\pneumonia-36.jpg,data\interim\selected\chittagong_PNEUMONIA_2021.jpg,data/processed/images/chittagong_PNEUMONIA_2021.png
chittagong_PNEUMONIA_2022,chittagong,PNEUMONIA,chittagong-pneumonia-4120,train,fefb4ca56943da815d9beb39f1943fec4d4dfea7d1ccf55800196f8119742343,chittagong\nested_0\Training\pneumonia\pneumonia-4120.jpg,data\interim\selected\chittagong_PNEUMONIA_2022.jpg,data/processed/images/chittagong_PNEUMONIA_2022.png
chittagong_PNEUMONIA_2023,chittagong,PNEUMONIA,chittagong-pneumonia-5204,train,ff089581d0ae4b261dffe5a38c692cd5e14b31378d0d778245c5efb1bc988cab,chittagong\nested_0\Testing\pneumonia\pneumonia-5204.jpg,data\interim\selected\chittagong_PNEUMONIA_2023.jpg,data/processed/images/chittagong_PNEUMONIA_2023.png
kermany_PNEUMONIA_2024,kermany,PNEUMONIA,kermany-person-126,train,0011f2ca9802c97b1f1b83f5aa8458a3a3a39239809aefdbd251f3a026058e13,kermany\test\PNEUMONIA\person126_bacteria_600.jpeg,data\interim\selected\kermany_PNEUMONIA_2024.jpeg,data/processed/images/kermany_PNEUMONIA_2024.png
kermany_PNEUMONIA_2025,kermany,PNEUMONIA,kermany-person-554,train,013b0e7fbe2f76cda3e13aeb4af69a2c0e1be19a200394292c41793b582f7412,kermany\train\PNEUMONIA\person554_bacteria_2320.jpeg,data\interim\selected\kermany_PNEUMONIA_2025.jpeg,data/processed/images/kermany_PNEUMONIA_2025.png
kermany_PNEUMONIA_2026,kermany,PNEUMONIA,kermany-person-671,train,0223a34b1e25adb71ef87d761fdd5062f4cc2709350c7a3670c13a3d8ad88c2d,kermany\train\PNEUMONIA\person671_bacteria_2564.jpeg,data\interim\selected\kermany_PNEUMONIA_2026.jpeg,data/processed/images/kermany_PNEUMONIA_2026.png
kermany_PNEUMONIA_2027,kermany,PNEUMONIA,kermany-person-1184,train,023a3857d4b31d6ced2f4cf88dd0887dc91191f75f9f2f8b022e97a7f5f1fee6,kermany\train\PNEUMONIA\person1184_virus_2019.jpeg,data\interim\selected\kermany_PNEUMONIA_2027.jpeg,data/processed/images/kermany_PNEUMONIA_2027.png
kermany_PNEUMONIA_2028,kermany,PNEUMONIA,kermany-person-124,train,029868c1f29b8203a23e36cccc7e9924998ca9726c0c1755c13afb580227b0d4,kermany\test\PNEUMONIA\person124_bacteria_592.jpeg,data\interim\selected\kermany_PNEUMONIA_2028.jpeg,data/processed/images/kermany_PNEUMONIA_2028.png
kermany_PNEUMONIA_2029,kermany,PNEUMONIA,kermany-person-996,train,02f3baa3902c986f327ec7447561cfcf2191f3d7b3d80c567a3837e36048dbdd,kermany\train\PNEUMONIA\person996_virus_1677.jpeg,data\interim\selected\kermany_PNEUMONIA_2029.jpeg,data/processed/images/kermany_PNEUMONIA_2029.png
kermany_PNEUMONIA_2030,kermany,PNEUMONIA,kermany-person-874,train,03647ae9507ad22d0f91cd4a5a3259dfc0378809e2d5ee82fcd989bd9fd559fa,kermany\train\PNEUMONIA\person874_bacteria_2797.jpeg,data\interim\selected\kermany_PNEUMONIA_2030.jpeg,data/processed/images/kermany_PNEUMONIA_2030.png
kermany_PNEUMONIA_2031,kermany,PNEUMONIA,kermany-person-481,train,03edbf649b3da0254e07bc1a7d012129d7c51ffd865a0c1dd1a6024c8c9b063a,kermany\train\PNEUMONIA\person481_virus_983.jpeg,data\interim\selected\kermany_PNEUMONIA_2031.jpeg,data/processed/images/kermany_PNEUMONIA_2031.png
kermany_PNEUMONIA_2032,kermany,PNEUMONIA,kermany-person-801,train,03ef5acdc868570667367ba2f3c22fa7b903fee6f9a886c56b896951b07caa66,kermany\train\PNEUMONIA\person801_virus_1434.jpeg,data\interim\selected\kermany_PNEUMONIA_2032.jpeg,data/processed/images/kermany_PNEUMONIA_2032.png
kermany_PNEUMONIA_2033,kermany,PNEUMONIA,kermany-person-1276,train,042378ae878708ab08fa22334fbaa8bb0ee5ac8b17a8976f0d2a6e55f2fa177c,kermany\train\PNEUMONIA\person1276_virus_2198.jpeg,data\interim\selected\kermany_PNEUMONIA_2033.jpeg,data/processed/images/kermany_PNEUMONIA_2033.png
kermany_PNEUMONIA_2034,kermany,PNEUMONIA,kermany-person-1418,train,054e08e4dcb841554020480da49e924c663696603726728359d33be7ebde370a,kermany\train\PNEUMONIA\person1418_bacteria_3637.jpeg,data\interim\selected\kermany_PNEUMONIA_2034.jpeg,data/processed/images/kermany_PNEUMONIA_2034.png
kermany_PNEUMONIA_2035,kermany,PNEUMONIA,kermany-person-437,train,05f9f40f53d5d6ab0ff86ebaa0e5ce50092b53469fb956c9f5fa77ea7cf10246,kermany\train\PNEUMONIA\person437_bacteria_1884.jpeg,data\interim\selected\kermany_PNEUMONIA_2035.jpeg,data/processed/images/kermany_PNEUMONIA_2035.png
kermany_PNEUMONIA_2036,kermany,PNEUMONIA,kermany-person-1170,train,06275311729083599349dc701d971cc98bfab73ae9fab54fff1e5be6e0ff8c0e,kermany\train\PNEUMONIA\person1170_virus_1969.jpeg,data\interim\selected\kermany_PNEUMONIA_2036.jpeg,data/processed/images/kermany_PNEUMONIA_2036.png
kermany_PNEUMONIA_2037,kermany,PNEUMONIA,kermany-person-563,train,0655317e42226739a4e9740dd257f9557460373f1bb7cec3204f91c85b1a3740,kermany\train\PNEUMONIA\person563_bacteria_2337.jpeg,data\interim\selected\kermany_PNEUMONIA_2037.jpeg,data/processed/images/kermany_PNEUMONIA_2037.png
kermany_PNEUMONIA_2038,kermany,PNEUMONIA,kermany-person-325,train,067bb1559de798405107657d22bf7bb13089131fe28405f20a239d0a4de2eb46,kermany\train\PNEUMONIA\person325_bacteria_1501.jpeg,data\interim\selected\kermany_PNEUMONIA_2038.jpeg,data/processed/images/kermany_PNEUMONIA_2038.png
kermany_PNEUMONIA_2039,kermany,PNEUMONIA,kermany-person-1315,train,06bb95c484c0cac726bacfff293f1a5c3a78b7e653a76b31d1be28f3b502be2c,kermany\train\PNEUMONIA\person1315_virus_2270.jpeg,data\interim\selected\kermany_PNEUMONIA_2039.jpeg,data/processed/images/kermany_PNEUMONIA_2039.png
kermany_PNEUMONIA_2040,kermany,PNEUMONIA,kermany-person-337,train,06c97ec27d87e35412eeade02130bbaac91432e4fc8ad108aebebd26fbd5d9b5,kermany\train\PNEUMONIA\person337_bacteria_1554.jpeg,data\interim\selected\kermany_PNEUMONIA_2040.jpeg,data/processed/images/kermany_PNEUMONIA_2040.png
kermany_PNEUMONIA_2041,kermany,PNEUMONIA,kermany-person-1007,train,07fde5f8c9b2f7443750f1b50814468482cb037cc4af4d0ba810cf7ecad23273,kermany\train\PNEUMONIA\person1007_virus_1690.jpeg,data\interim\selected\kermany_PNEUMONIA_2041.jpeg,data/processed/images/kermany_PNEUMONIA_2041.png
kermany_PNEUMONIA_2042,kermany,PNEUMONIA,kermany-person-482,train,08a5112557553c56174b987ab33e52c398180045dab5e315cf018cd60cc190bc,kermany\train\PNEUMONIA\person482_bacteria_2044.jpeg,data\interim\selected\kermany_PNEUMONIA_2042.jpeg,data/processed/images/kermany_PNEUMONIA_2042.png
kermany_PNEUMONIA_2043,kermany,PNEUMONIA,kermany-person-22,train,09156e5fd095c2e36569fd6eb17f075afc5474736f5ab346d977976f49f2f56a,kermany\test\PNEUMONIA\person22_virus_55.jpeg,data\interim\selected\kermany_PNEUMONIA_2043.jpeg,data/processed/images/kermany_PNEUMONIA_2043.png
kermany_PNEUMONIA_2044,kermany,PNEUMONIA,kermany-person-1610,train,09512ed238a25201211219a31271d0591075194d6c74e3f4f529624397b8a67e,kermany\train\PNEUMONIA\person1610_bacteria_4240.jpeg,data\interim\selected\kermany_PNEUMONIA_2044.jpeg,data/processed/images/kermany_PNEUMONIA_2044.png
kermany_PNEUMONIA_2045,kermany,PNEUMONIA,kermany-person-1441,train,096cd320e73e0193ae2c2157291c67928f4fbb7b11eb9c34209f45d6538642fb,kermany\train\PNEUMONIA\person1441_virus_2454.jpeg,data\interim\selected\kermany_PNEUMONIA_2045.jpeg,data/processed/images/kermany_PNEUMONIA_2045.png
kermany_PNEUMONIA_2046,kermany,PNEUMONIA,kermany-person-313,train,0974d23eb6a66b4c8579f8f0dad7d8d61227ab4957e468d23686d22bfde4d000,kermany\train\PNEUMONIA\person313_bacteria_1457.jpeg,data\interim\selected\kermany_PNEUMONIA_2046.jpeg,data/processed/images/kermany_PNEUMONIA_2046.png
kermany_PNEUMONIA_2047,kermany,PNEUMONIA,kermany-person-1415,train,0a4fdb78d30bf8a624eec2807dd445897bec7bd5890fe18281c73d002f8023d7,kermany\train\PNEUMONIA\person1415_virus_2425.jpeg,data\interim\selected\kermany_PNEUMONIA_2047.jpeg,data/processed/images/kermany_PNEUMONIA_2047.png
kermany_PNEUMONIA_2048,kermany,PNEUMONIA,kermany-person-976,train,0a8942e03dfec3d486d3000b7d563ed03623d7284e0217f0cdbbd04431d2eb07,kermany\train\PNEUMONIA\person976_bacteria_2901.jpeg,data\interim\selected\kermany_PNEUMONIA_2048.jpeg,data/processed/images/kermany_PNEUMONIA_2048.png
kermany_PNEUMONIA_2049,kermany,PNEUMONIA,kermany-person-892,train,0b26d63549dc431c7f989688d269c2f279f0b35d61afdc6bebb4999606b8b0eb,kermany\train\PNEUMONIA\person892_bacteria_2817.jpeg,data\interim\selected\kermany_PNEUMONIA_2049.jpeg,data/processed/images/kermany_PNEUMONIA_2049.png
kermany_PNEUMONIA_2050,kermany,PNEUMONIA,kermany-person-1482,train,0b44bd50e70ffa692d95f38023e74d27b031d4e50bc9459534795ae7beb981af,kermany\train\PNEUMONIA\person1482_virus_2572.jpeg,data\interim\selected\kermany_PNEUMONIA_2050.jpeg,data/processed/images/kermany_PNEUMONIA_2050.png
kermany_PNEUMONIA_2051,kermany,PNEUMONIA,kermany-person-544,train,0bd17ade783d77e040da9fdf99005a874cf91b4c436c88035a40f7162aca92cf,kermany\train\PNEUMONIA\person544_virus_1076.jpeg,data\interim\selected\kermany_PNEUMONIA_2051.jpeg,data/processed/images/kermany_PNEUMONIA_2051.png
kermany_PNEUMONIA_2052,kermany,PNEUMONIA,kermany-person-1907,train,0d7f5f8c68ac9ed2e649ae6bae3072a42bf1ebeb2956d2d1c08d7a2ff8c6ffae,kermany\train\PNEUMONIA\person1907_bacteria_4806.jpeg,data\interim\selected\kermany_PNEUMONIA_2052.jpeg,data/processed/images/kermany_PNEUMONIA_2052.png
kermany_PNEUMONIA_2053,kermany,PNEUMONIA,kermany-person-413,train,0dd05c9cb00dcf6d2fe03daca1c2f05732247210df72101350601e75df48499f,kermany\train\PNEUMONIA\person413_bacteria_1834.jpeg,data\interim\selected\kermany_PNEUMONIA_2053.jpeg,data/processed/images/kermany_PNEUMONIA_2053.png
kermany_PNEUMONIA_2054,kermany,PNEUMONIA,kermany-person-502,train,0e9ef7d35755e293fd0de38ec4ba800e2d5389d40cc4216c4ac4cec23ece141b,kermany\train\PNEUMONIA\person502_bacteria_2118.jpeg,data\interim\selected\kermany_PNEUMONIA_2054.jpeg,data/processed/images/kermany_PNEUMONIA_2054.png
kermany_PNEUMONIA_2055,kermany,PNEUMONIA,kermany-person-409,train,0f5da664cb8aaf783fdba06242799d2da296a2cb6c745a178c206d5214a8e600,kermany\train\PNEUMONIA\person409_virus_820.jpeg,data\interim\selected\kermany_PNEUMONIA_2055.jpeg,data/processed/images/kermany_PNEUMONIA_2055.png
kermany_PNEUMONIA_2056,kermany,PNEUMONIA,kermany-person-1361,train,0f97600aaa43eb3e8c570b4f0898d693a59101de7f7d7da855966ba24b50dedf,kermany\train\PNEUMONIA\person1361_virus_2342.jpeg,data\interim\selected\kermany_PNEUMONIA_2056.jpeg,data/processed/images/kermany_PNEUMONIA_2056.png
kermany_PNEUMONIA_2057,kermany,PNEUMONIA,kermany-person-153,train,10084b44e05ab36f44de63a4dbe896234f3c384b11d16408472cd1441a584f7b,kermany\test\PNEUMONIA\person153_bacteria_726.jpeg,data\interim\selected\kermany_PNEUMONIA_2057.jpeg,data/processed/images/kermany_PNEUMONIA_2057.png
kermany_PNEUMONIA_2058,kermany,PNEUMONIA,kermany-person-1069,train,10349fe5b210d1a6395a6f05b1c51d0d5ae189218c219bc21699d9e3f66d17d4,kermany\train\PNEUMONIA\person1069_virus_1772.jpeg,data\interim\selected\kermany_PNEUMONIA_2058.jpeg,data/processed/images/kermany_PNEUMONIA_2058.png
kermany_PNEUMONIA_2059,kermany,PNEUMONIA,kermany-person-1082,train,104271eab6010d476a90e4c80615e336ce4e9f44ac23863184f16b01341aee61,kermany\train\PNEUMONIA\person1082_bacteria_3022.jpeg,data\interim\selected\kermany_PNEUMONIA_2059.jpeg,data/processed/images/kermany_PNEUMONIA_2059.png
kermany_PNEUMONIA_2060,kermany,PNEUMONIA,kermany-person-1044,train,10a73181396f0634fdc9ecad78ed71e66e562373720305f495f9aa27ad9e569f,kermany\train\PNEUMONIA\person1044_bacteria_2978.jpeg,data\interim\selected\kermany_PNEUMONIA_2060.jpeg,data/processed/images/kermany_PNEUMONIA_2060.png
kermany_PNEUMONIA_2061,kermany,PNEUMONIA,kermany-person-1599,train,126b84e018c65a669c3c0cdccacb3540f42b4c397d7c9de91158f2ca4e8031c6,kermany\train\PNEUMONIA\person1599_bacteria_4201.jpeg,data\interim\selected\kermany_PNEUMONIA_2061.jpeg,data/processed/images/kermany_PNEUMONIA_2061.png
kermany_PNEUMONIA_2062,kermany,PNEUMONIA,kermany-person-810,train,134aca0116133db4c844dc21c9bbb2f310d6396769f95e7d24706ef2e982cfc2,kermany\train\PNEUMONIA\person810_virus_1446.jpeg,data\interim\selected\kermany_PNEUMONIA_2062.jpeg,data/processed/images/kermany_PNEUMONIA_2062.png
kermany_PNEUMONIA_2063,kermany,PNEUMONIA,kermany-person-537,train,136a5850001e68799f4e644491c9483925ea6e777cad1f80a7854489d5667e5d,kermany\train\PNEUMONIA\person537_bacteria_2264.jpeg,data\interim\selected\kermany_PNEUMONIA_2063.jpeg,data/processed/images/kermany_PNEUMONIA_2063.png
kermany_PNEUMONIA_2064,kermany,PNEUMONIA,kermany-person-23,train,16c22c1e1b6271287036dfa4767ad688a30e1fa42e12ffdd64281f4bed71e6dc,kermany\train\PNEUMONIA\person23_bacteria_94.jpeg,data\interim\selected\kermany_PNEUMONIA_2064.jpeg,data/processed/images/kermany_PNEUMONIA_2064.png
kermany_PNEUMONIA_2065,kermany,PNEUMONIA,kermany-person-770,train,1a05c8c84d85254ad0e4970bcd080be7049f028abb3d90fdf6745ca0d844be87,kermany\train\PNEUMONIA\person770_bacteria_2674.jpeg,data\interim\selected\kermany_PNEUMONIA_2065.jpeg,data/processed/images/kermany_PNEUMONIA_2065.png
kermany_PNEUMONIA_2066,kermany,PNEUMONIA,kermany-person-1482,train,1a22d297116ae72abb12822ed0e002e912c0e000bc82e90213b1d9021dc6f91f,kermany\train\PNEUMONIA\person1482_virus_2569.jpeg,data\interim\selected\kermany_PNEUMONIA_2066.jpeg,data/processed/images/kermany_PNEUMONIA_2066.png
kermany_PNEUMONIA_2067,kermany,PNEUMONIA,kermany-person-351,train,1a33c2e25eba579d92488e1beede16ff8e8ef93bd3ed62d57ef5e09ad8d514a9,kermany\train\PNEUMONIA\person351_bacteria_1619.jpeg,data\interim\selected\kermany_PNEUMONIA_2067.jpeg,data/processed/images/kermany_PNEUMONIA_2067.png
kermany_PNEUMONIA_2068,kermany,PNEUMONIA,kermany-person-1764,train,1a60b3d85c5dcaff17632b5d2dfba2405d3a433901bd3476807ab52078b4ea67,kermany\train\PNEUMONIA\person1764_bacteria_4607.jpeg,data\interim\selected\kermany_PNEUMONIA_2068.jpeg,data/processed/images/kermany_PNEUMONIA_2068.png
kermany_PNEUMONIA_2069,kermany,PNEUMONIA,kermany-person-1490,train,1aef9e2cfba33ef3a2bbf07cc90e0c6d0277943ed1d920d9691ed0f53c43f95c,kermany\train\PNEUMONIA\person1490_virus_2596.jpeg,data\interim\selected\kermany_PNEUMONIA_2069.jpeg,data/processed/images/kermany_PNEUMONIA_2069.png
kermany_PNEUMONIA_2070,kermany,PNEUMONIA,kermany-person-1345,train,1b19ce92417b3fd34429408080576b2632b762fa400dbd011b15e74a8a92ff1d,kermany\train\PNEUMONIA\person1345_bacteria_3422.jpeg,data\interim\selected\kermany_PNEUMONIA_2070.jpeg,data/processed/images/kermany_PNEUMONIA_2070.png
kermany_PNEUMONIA_2071,kermany,PNEUMONIA,kermany-person-1374,train,1b2d1bcd0c9d3535c4789a02f0d4f0191211a04ad93dd1a836499df12d295424,kermany\train\PNEUMONIA\person1374_bacteria_3506.jpeg,data\interim\selected\kermany_PNEUMONIA_2071.jpeg,data/processed/images/kermany_PNEUMONIA_2071.png
kermany_PNEUMONIA_2072,kermany,PNEUMONIA,kermany-person-576,train,1b421bc41e5988e1250f560013f7a01d973301238869d36a389c425bf3686e46,kermany\train\PNEUMONIA\person576_bacteria_2375.jpeg,data\interim\selected\kermany_PNEUMONIA_2072.jpeg,data/processed/images/kermany_PNEUMONIA_2072.png
kermany_PNEUMONIA_2073,kermany,PNEUMONIA,kermany-person-515,train,1b56315a5194c0c6a96654f003565bf55ae0ed5f92be2b3471a5e0875984e83c,kermany\train\PNEUMONIA\person515_bacteria_2186.jpeg,data\interim\selected\kermany_PNEUMONIA_2073.jpeg,data/processed/images/kermany_PNEUMONIA_2073.png
kermany_PNEUMONIA_2074,kermany,PNEUMONIA,kermany-person-1405,train,1b58ec1bae583d6abb0b3cf6b60d3dfed0a3ec2b82de613c9a6ba5d8be1ce0d1,kermany\train\PNEUMONIA\person1405_bacteria_3567.jpeg,data\interim\selected\kermany_PNEUMONIA_2074.jpeg,data/processed/images/kermany_PNEUMONIA_2074.png
kermany_PNEUMONIA_2075,kermany,PNEUMONIA,kermany-person-1005,train,1c2fffd100629ed7713fa51f16151503a215b73ff6908bdbe3737cb459427ce0,kermany\train\PNEUMONIA\person1005_bacteria_2936.jpeg,data\interim\selected\kermany_PNEUMONIA_2075.jpeg,data/processed/images/kermany_PNEUMONIA_2075.png
kermany_PNEUMONIA_2076,kermany,PNEUMONIA,kermany-person-591,train,1c6ff93f7baa90b2412e9958fc26ac8107196c84d247e287cefb4d950d091547,kermany\train\PNEUMONIA\person591_bacteria_2429.jpeg,data\interim\selected\kermany_PNEUMONIA_2076.jpeg,data/processed/images/kermany_PNEUMONIA_2076.png
kermany_PNEUMONIA_2077,kermany,PNEUMONIA,kermany-person-581,train,1c730df03c55b8a38b3c5691ec476857342a6e7f362819618cb0f1a59b0b95d8,kermany\train\PNEUMONIA\person581_bacteria_2400.jpeg,data\interim\selected\kermany_PNEUMONIA_2077.jpeg,data/processed/images/kermany_PNEUMONIA_2077.png
kermany_PNEUMONIA_2078,kermany,PNEUMONIA,kermany-person-996,train,1cddf36b975a95addffdcefce8efbf57a3201bfa88ebc173181bc2ba0a4848e2,kermany\train\PNEUMONIA\person996_bacteria_2924.jpeg,data\interim\selected\kermany_PNEUMONIA_2078.jpeg,data/processed/images/kermany_PNEUMONIA_2078.png
kermany_PNEUMONIA_2079,kermany,PNEUMONIA,kermany-person-1042,train,1e30e71a9a36cebf7c10f5766c6322498484960d669bc96ec8d6eed7f1a552ef,kermany\train\PNEUMONIA\person1042_virus_1737.jpeg,data\interim\selected\kermany_PNEUMONIA_2079.jpeg,data/processed/images/kermany_PNEUMONIA_2079.png
kermany_PNEUMONIA_2080,kermany,PNEUMONIA,kermany-person-1613,train,1e6797aaa64326c91d358472046d42b04ac9768289e21357612fef6107ddd847,kermany\train\PNEUMONIA\person1613_bacteria_4247.jpeg,data\interim\selected\kermany_PNEUMONIA_2080.jpeg,data/processed/images/kermany_PNEUMONIA_2080.png
kermany_PNEUMONIA_2081,kermany,PNEUMONIA,kermany-person-1460,train,1e7fd0ef7963489e9d958922d643c46d6ad3bb9f9ca2cf5ff2233188ff5523df,kermany\train\PNEUMONIA\person1460_virus_2507.jpeg,data\interim\selected\kermany_PNEUMONIA_2081.jpeg,data/processed/images/kermany_PNEUMONIA_2081.png
kermany_PNEUMONIA_2082,kermany,PNEUMONIA,kermany-person-1540,train,1e8ec73fe7ca8fc3b9a6b069b04f8df3fa92a9faaa91649aa68879b74fbaf252,kermany\train\PNEUMONIA\person1540_virus_2680.jpeg,data\interim\selected\kermany_PNEUMONIA_2082.jpeg,data/processed/images/kermany_PNEUMONIA_2082.png
kermany_PNEUMONIA_2083,kermany,PNEUMONIA,kermany-person-515,train,1ece9b7cedb17296739be0d31eca053e6532bac0dffc2da6377a92894f8ceed2,kermany\train\PNEUMONIA\person515_bacteria_2190.jpeg,data\interim\selected\kermany_PNEUMONIA_2083.jpeg,data/processed/images/kermany_PNEUMONIA_2083.png
kermany_PNEUMONIA_2084,kermany,PNEUMONIA,kermany-person-1496,train,1f7bbea85204d971e250e0a27dbffc819310eb0f5b100f3f86b3747e321be4d1,kermany\train\PNEUMONIA\person1496_virus_2606.jpeg,data\interim\selected\kermany_PNEUMONIA_2084.jpeg,data/processed/images/kermany_PNEUMONIA_2084.png
kermany_PNEUMONIA_2085,kermany,PNEUMONIA,kermany-person-981,train,1f9e041ab56cff8ce69ba6ecac2fdd5724b01f4270996edd2cd03889a6a12116,kermany\train\PNEUMONIA\person981_bacteria_2907.jpeg,data\interim\selected\kermany_PNEUMONIA_2085.jpeg,data/processed/images/kermany_PNEUMONIA_2085.png
kermany_PNEUMONIA_2086,kermany,PNEUMONIA,kermany-person-1575,train,1febfb8b326d6ac07e7eec9766ee21dacd4488a032c23c9f74238a721ef30804,kermany\train\PNEUMONIA\person1575_bacteria_4119.jpeg,data\interim\selected\kermany_PNEUMONIA_2086.jpeg,data/processed/images/kermany_PNEUMONIA_2086.png
kermany_PNEUMONIA_2087,kermany,PNEUMONIA,kermany-person-409,train,1ff0a1bb09fc39172aa15fe608fa0f19bd48cfca82e6b61a9c5dbc27c030698d,kermany\train\PNEUMONIA\person409_bacteria_1824.jpeg,data\interim\selected\kermany_PNEUMONIA_2087.jpeg,data/processed/images/kermany_PNEUMONIA_2087.png
kermany_PNEUMONIA_2088,kermany,PNEUMONIA,kermany-person-67,train,2089ee89faf0dee73091d4aebc992fb54cfe7ef16335861fd0162e67223d64ff,kermany\train\PNEUMONIA\person67_bacteria_328.jpeg,data\interim\selected\kermany_PNEUMONIA_2088.jpeg,data/processed/images/kermany_PNEUMONIA_2088.png
kermany_PNEUMONIA_2089,kermany,PNEUMONIA,kermany-person-58,train,20939f8a5f2b63823d15297cefb2633072cb7d968cfbcaf91109af96050c1042,kermany\train\PNEUMONIA\person58_bacteria_275.jpeg,data\interim\selected\kermany_PNEUMONIA_2089.jpeg,data/processed/images/kermany_PNEUMONIA_2089.png
kermany_PNEUMONIA_2090,kermany,PNEUMONIA,kermany-person-1306,train,219290941ed09f8f8e81983d0fa91a39d724f0946fb75b18cecd2bd9806b007a,kermany\train\PNEUMONIA\person1306_bacteria_3277.jpeg,data\interim\selected\kermany_PNEUMONIA_2090.jpeg,data/processed/images/kermany_PNEUMONIA_2090.png
kermany_PNEUMONIA_2091,kermany,PNEUMONIA,kermany-person-313,train,23625aa3ec17ea9e2f2b54a958003fcb85dbb32d9b5a2038add23c929626819a,kermany\train\PNEUMONIA\person313_bacteria_1458.jpeg,data\interim\selected\kermany_PNEUMONIA_2091.jpeg,data/processed/images/kermany_PNEUMONIA_2091.png
kermany_PNEUMONIA_2092,kermany,PNEUMONIA,kermany-person-1922,train,236797e8f03e3cc08e5fc6336a90cf97178f028c0a09e904faac8b735c60967b,kermany\train\PNEUMONIA\person1922_bacteria_4830.jpeg,data\interim\selected\kermany_PNEUMONIA_2092.jpeg,data/processed/images/kermany_PNEUMONIA_2092.png
kermany_PNEUMONIA_2093,kermany,PNEUMONIA,kermany-person-1935,train,23834d05d3190a25e8231781e39435e7fd19ab3ba69f4c64909920b980092e98,kermany\train\PNEUMONIA\person1935_bacteria_4847.jpeg,data\interim\selected\kermany_PNEUMONIA_2093.jpeg,data/processed/images/kermany_PNEUMONIA_2093.png
kermany_PNEUMONIA_2094,kermany,PNEUMONIA,kermany-person-470,train,23e9508886509d002578c9b7ba758ec27918f8f98dba2f56818fa2975b00c920,kermany\train\PNEUMONIA\person470_bacteria_2003.jpeg,data\interim\selected\kermany_PNEUMONIA_2094.jpeg,data/processed/images/kermany_PNEUMONIA_2094.png
kermany_PNEUMONIA_2095,kermany,PNEUMONIA,kermany-person-445,train,247185061f157d8e66cf84c1f3b8d77e8cd73ef77a1a855aba55b9a513af990e,kermany\train\PNEUMONIA\person445_virus_914.jpeg,data\interim\selected\kermany_PNEUMONIA_2095.jpeg,data/processed/images/kermany_PNEUMONIA_2095.png
kermany_PNEUMONIA_2096,kermany,PNEUMONIA,kermany-person-277,train,24bb3f85574c22b5f4f2f976595fc12cfff027d383f6abc8fffe1f40bb9da9c2,kermany\train\PNEUMONIA\person277_bacteria_1300.jpeg,data\interim\selected\kermany_PNEUMONIA_2096.jpeg,data/processed/images/kermany_PNEUMONIA_2096.png
kermany_PNEUMONIA_2097,kermany,PNEUMONIA,kermany-person-1851,train,24fdd3981ed6bc29c1c4aa1f52b819f3acb9e8e4cef9222c6dccb05d7d53f43e,kermany\train\PNEUMONIA\person1851_bacteria_4722.jpeg,data\interim\selected\kermany_PNEUMONIA_2097.jpeg,data/processed/images/kermany_PNEUMONIA_2097.png
kermany_PNEUMONIA_2098,kermany,PNEUMONIA,kermany-person-1691,train,250b628161b5ecca99018bfe7da7d80854749715b7dcf1309debe875f7b0393c,kermany\train\PNEUMONIA\person1691_bacteria_4481.jpeg,data\interim\selected\kermany_PNEUMONIA_2098.jpeg,data/processed/images/kermany_PNEUMONIA_2098.png
kermany_PNEUMONIA_2099,kermany,PNEUMONIA,kermany-person-108,train,250f7244fabf48c6b580775b7496e9c3b8e0feccbe64b0a0d4cbdaebe789da23,kermany\test\PNEUMONIA\person108_bacteria_507.jpeg,data\interim\selected\kermany_PNEUMONIA_2099.jpeg,data/processed/images/kermany_PNEUMONIA_2099.png
kermany_PNEUMONIA_2100,kermany,PNEUMONIA,kermany-person-579,train,25c43c900b280a9fc9bbce49b95f35220affa83d2ab794d8563d899f68b14d33,kermany\train\PNEUMONIA\person579_bacteria_2382.jpeg,data\interim\selected\kermany_PNEUMONIA_2100.jpeg,data/processed/images/kermany_PNEUMONIA_2100.png
kermany_PNEUMONIA_2101,kermany,PNEUMONIA,kermany-person-710,train,262946af36b4b061b43a205bee89e18bb08a62850fee00df286e23c043f60434,kermany\train\PNEUMONIA\person710_virus_1308.jpeg,data\interim\selected\kermany_PNEUMONIA_2101.jpeg,data/processed/images/kermany_PNEUMONIA_2101.png
kermany_PNEUMONIA_2102,kermany,PNEUMONIA,kermany-person-1176,train,276f39976ea645fc2dd53029e203ac734bd3deb64a7f4a81af19ce9ef5f84fa6,kermany\train\PNEUMONIA\person1176_virus_1998.jpeg,data\interim\selected\kermany_PNEUMONIA_2102.jpeg,data/processed/images/kermany_PNEUMONIA_2102.png
kermany_PNEUMONIA_2103,kermany,PNEUMONIA,kermany-person-1284,train,2890310930e241b05e9ab276835c629f2ca5cc0d2fd129488f3f92a783ea398c,kermany\train\PNEUMONIA\person1284_bacteria_3247.jpeg,data\interim\selected\kermany_PNEUMONIA_2103.jpeg,data/processed/images/kermany_PNEUMONIA_2103.png
kermany_PNEUMONIA_2104,kermany,PNEUMONIA,kermany-person-97,train,290fe6ffe98e97de01fb8648015cd3d0fd215114e1b99765502b70ca07c895b8,kermany\train\PNEUMONIA\person97_virus_181.jpeg,data\interim\selected\kermany_PNEUMONIA_2104.jpeg,data/processed/images/kermany_PNEUMONIA_2104.png
kermany_PNEUMONIA_2105,kermany,PNEUMONIA,kermany-person-964,train,29710462699df4a0732251e4da3253da696dc6edd64b6d635baefaac5e5d0024,kermany\train\PNEUMONIA\person964_virus_1637.jpeg,data\interim\selected\kermany_PNEUMONIA_2105.jpeg,data/processed/images/kermany_PNEUMONIA_2105.png
kermany_PNEUMONIA_2106,kermany,PNEUMONIA,kermany-person-79,train,2afc2f379e583e0fb31c5c716aae17eeb4474bce6877b3a5520ccf686379a94a,kermany\test\PNEUMONIA\person79_virus_148.jpeg,data\interim\selected\kermany_PNEUMONIA_2106.jpeg,data/processed/images/kermany_PNEUMONIA_2106.png
kermany_PNEUMONIA_2107,kermany,PNEUMONIA,kermany-person-1155,train,2be6dc0ac35b4fb41fc04cc72350352ebdea295027f1d476a77c6472b303ef82,kermany\train\PNEUMONIA\person1155_virus_1934.jpeg,data\interim\selected\kermany_PNEUMONIA_2107.jpeg,data/processed/images/kermany_PNEUMONIA_2107.png
kermany_PNEUMONIA_2108,kermany,PNEUMONIA,kermany-person-80,train,2c252653a8710c3d75e8ef1fb9de46d86080a25c37b821c4d5fe53fea6297d19,kermany\train\PNEUMONIA\person80_virus_150.jpeg,data\interim\selected\kermany_PNEUMONIA_2108.jpeg,data/processed/images/kermany_PNEUMONIA_2108.png
kermany_PNEUMONIA_2109,kermany,PNEUMONIA,kermany-person-59,train,2d6b5da0569114ab8bf79d5ad67382244be6f9188440cccaeefb849acd415186,kermany\train\PNEUMONIA\person59_bacteria_282.jpeg,data\interim\selected\kermany_PNEUMONIA_2109.jpeg,data/processed/images/kermany_PNEUMONIA_2109.png
kermany_PNEUMONIA_2110,kermany,PNEUMONIA,kermany-person-1413,train,2da44fec80e12d229c74ccd5ed8ee362effbf6d33c212750fded46e57ff1f49d,kermany\train\PNEUMONIA\person1413_bacteria_3615.jpeg,data\interim\selected\kermany_PNEUMONIA_2110.jpeg,data/processed/images/kermany_PNEUMONIA_2110.png
kermany_PNEUMONIA_2111,kermany,PNEUMONIA,kermany-person-1037,train,2e369011f1bf11cb14c91dd841fec948cf07a326e1556267ba4fbfd5ada78bc7,kermany\train\PNEUMONIA\person1037_bacteria_2971.jpeg,data\interim\selected\kermany_PNEUMONIA_2111.jpeg,data/processed/images/kermany_PNEUMONIA_2111.png
kermany_PNEUMONIA_2112,kermany,PNEUMONIA,kermany-person-1658,train,2e783667edc7b3da6968a0c1dba6e0b7eca51785c92edd378ad6d9115ce7ab94,kermany\train\PNEUMONIA\person1658_bacteria_4402.jpeg,data\interim\selected\kermany_PNEUMONIA_2112.jpeg,data/processed/images/kermany_PNEUMONIA_2112.png
kermany_PNEUMONIA_2113,kermany,PNEUMONIA,kermany-person-499,train,2f08ce4787af29b4369586166bf0cabc1be3a8a7157f2279fdc126a9d2c3c60f,kermany\train\PNEUMONIA\person499_virus_1008.jpeg,data\interim\selected\kermany_PNEUMONIA_2113.jpeg,data/processed/images/kermany_PNEUMONIA_2113.png
kermany_PNEUMONIA_2114,kermany,PNEUMONIA,kermany-person-1430,train,2fab578cd78fac6d675fc9b4864b2c73640401f0d2e3ca11e0a7707d9b9cca3d,kermany\train\PNEUMONIA\person1430_bacteria_3697.jpeg,data\interim\selected\kermany_PNEUMONIA_2114.jpeg,data/processed/images/kermany_PNEUMONIA_2114.png
kermany_PNEUMONIA_2115,kermany,PNEUMONIA,kermany-person-1770,train,3089e39e734b1fb492747ca5fb05685233f15a6dcc1b39c7b85ba755e06bb68a,kermany\train\PNEUMONIA\person1770_bacteria_4614.jpeg,data\interim\selected\kermany_PNEUMONIA_2115.jpeg,data/processed/images/kermany_PNEUMONIA_2115.png
kermany_PNEUMONIA_2116,kermany,PNEUMONIA,kermany-person-504,train,31618f3a0264eb062016ba82237bb15f9e43053d6664fb8974b1fa69fb09792a,kermany\train\PNEUMONIA\person504_bacteria_2133.jpeg,data\interim\selected\kermany_PNEUMONIA_2116.jpeg,data/processed/images/kermany_PNEUMONIA_2116.png
kermany_PNEUMONIA_2117,kermany,PNEUMONIA,kermany-person-23,train,316abbe9e6977c1c4785aa5126bb8097646777df2273af57e5835f3dc4ded239,kermany\train\PNEUMONIA\person23_bacteria_82.jpeg,data\interim\selected\kermany_PNEUMONIA_2117.jpeg,data/processed/images/kermany_PNEUMONIA_2117.png
kermany_PNEUMONIA_2118,kermany,PNEUMONIA,kermany-person-83,train,31e48cd59fdede4fe435fcc54beae49ff64d327d9972446d5c37da8a152dcd9e,kermany\test\PNEUMONIA\person83_bacteria_411.jpeg,data\interim\selected\kermany_PNEUMONIA_2118.jpeg,data/processed/images/kermany_PNEUMONIA_2118.png
kermany_PNEUMONIA_2119,kermany,PNEUMONIA,kermany-person-88,train,31ee3a01f2d839b74992a893722c82ada8f9f49d919219b8ebbcbcd256b4495b,kermany\train\PNEUMONIA\person88_virus_164.jpeg,data\interim\selected\kermany_PNEUMONIA_2119.jpeg,data/processed/images/kermany_PNEUMONIA_2119.png
kermany_PNEUMONIA_2120,kermany,PNEUMONIA,kermany-person-35,train,32a56392643f89998dd7b039f898e495fe7fd6aa7bbe21c079d229bebc0b4097,kermany\train\PNEUMONIA\person35_bacteria_178.jpeg,data\interim\selected\kermany_PNEUMONIA_2120.jpeg,data/processed/images/kermany_PNEUMONIA_2120.png
kermany_PNEUMONIA_2121,kermany,PNEUMONIA,kermany-person-392,train,32e3c3cdeb0f8cb163ee955ad34aba33763af1d40983dcd8c8e3a6bf8fc6fd26,kermany\train\PNEUMONIA\person392_bacteria_1783.jpeg,data\interim\selected\kermany_PNEUMONIA_2121.jpeg,data/processed/images/kermany_PNEUMONIA_2121.png
kermany_PNEUMONIA_2122,kermany,PNEUMONIA,kermany-person-890,train,3322b46813fec1ec366d02ef010598b9889dc315cd67dbb603faf403546f129e,kermany\train\PNEUMONIA\person890_bacteria_2814.jpeg,data\interim\selected\kermany_PNEUMONIA_2122.jpeg,data/processed/images/kermany_PNEUMONIA_2122.png
kermany_PNEUMONIA_2123,kermany,PNEUMONIA,kermany-person-54,train,33776c7742e62fdfa374a80b5051a1840ff340d1f31897f374709e33e1f08f98,kermany\test\PNEUMONIA\person54_virus_109.jpeg,data\interim\selected\kermany_PNEUMONIA_2123.jpeg,data/processed/images/kermany_PNEUMONIA_2123.png
kermany_PNEUMONIA_2124,kermany,PNEUMONIA,kermany-person-82,train,33c890471bde89ee5a6b3d1c952a88a9779b9b378d2bd6014743d6250e4b7569,kermany\test\PNEUMONIA\person82_bacteria_404.jpeg,data\interim\selected\kermany_PNEUMONIA_2124.jpeg,data/processed/images/kermany_PNEUMONIA_2124.png
kermany_PNEUMONIA_2125,kermany,PNEUMONIA,kermany-person-107,train,3455d62c379957852d8fe49440a9bacb38d41dc17bba2d512517880b7a2e08e2,kermany\train\PNEUMONIA\person107_virus_197.jpeg,data\interim\selected\kermany_PNEUMONIA_2125.jpeg,data/processed/images/kermany_PNEUMONIA_2125.png
kermany_PNEUMONIA_2126,kermany,PNEUMONIA,kermany-person-1139,train,34d79e0b0cd416c8f516b0d9af75e12b3084d49e074ed8272e351fd5e692125e,kermany\train\PNEUMONIA\person1139_bacteria_3081.jpeg,data\interim\selected\kermany_PNEUMONIA_2126.jpeg,data/processed/images/kermany_PNEUMONIA_2126.png
kermany_PNEUMONIA_2127,kermany,PNEUMONIA,kermany-person-1399,train,3559be10fe50caa03527ee4f017186710bf35bf2a82f8f74cd3dac05ba8dca06,kermany\train\PNEUMONIA\person1399_virus_2402.jpeg,data\interim\selected\kermany_PNEUMONIA_2127.jpeg,data/processed/images/kermany_PNEUMONIA_2127.png
kermany_PNEUMONIA_2128,kermany,PNEUMONIA,kermany-person-1073,train,35df5897e1b6fa11d1c6712618d3b9d5356f8c2429387d080f58187b7dd30742,kermany\train\PNEUMONIA\person1073_bacteria_3008.jpeg,data\interim\selected\kermany_PNEUMONIA_2128.jpeg,data/processed/images/kermany_PNEUMONIA_2128.png
kermany_PNEUMONIA_2129,kermany,PNEUMONIA,kermany-person-507,train,35fd8cc740239b0669b1315911696049dd85fee3de8afb8209147eb6c9485836,kermany\train\PNEUMONIA\person507_bacteria_2140.jpeg,data\interim\selected\kermany_PNEUMONIA_2129.jpeg,data/processed/images/kermany_PNEUMONIA_2129.png
kermany_PNEUMONIA_2130,kermany,PNEUMONIA,kermany-person-1005,train,3604aba8dae1f021bb620cbcf3942dd768a88cd54087b8666f005cc609d7309d,kermany\train\PNEUMONIA\person1005_virus_1688.jpeg,data\interim\selected\kermany_PNEUMONIA_2130.jpeg,data/processed/images/kermany_PNEUMONIA_2130.png
kermany_PNEUMONIA_2131,kermany,PNEUMONIA,kermany-person-1616,train,36ff1475e02b40a2e47ff11e9d480419c8baf3657bc018ba520514ba26cbeb70,kermany\test\PNEUMONIA\person1616_virus_2802.jpeg,data\interim\selected\kermany_PNEUMONIA_2131.jpeg,data/processed/images/kermany_PNEUMONIA_2131.png
kermany_PNEUMONIA_2132,kermany,PNEUMONIA,kermany-person-321,train,3731873b2505f72913a6d44e4d24aa7912cedeb1850465bb1955eee6ad7661db,kermany\train\PNEUMONIA\person321_bacteria_1485.jpeg,data\interim\selected\kermany_PNEUMONIA_2132.jpeg,data/processed/images/kermany_PNEUMONIA_2132.png
kermany_PNEUMONIA_2133,kermany,PNEUMONIA,kermany-person-797,train,37485bebc7a1610a6e9fa6f5aa7e64ba07352bdd0b410b94cd3c2d813520360e,kermany\train\PNEUMONIA\person797_virus_1429.jpeg,data\interim\selected\kermany_PNEUMONIA_2133.jpeg,data/processed/images/kermany_PNEUMONIA_2133.png
kermany_PNEUMONIA_2134,kermany,PNEUMONIA,kermany-person-1338,train,377b9133faf8ecfa010a1d8bbb167c1df76ff63533b8b375bad557c54390812b,kermany\train\PNEUMONIA\person1338_bacteria_3394.jpeg,data\interim\selected\kermany_PNEUMONIA_2134.jpeg,data/processed/images/kermany_PNEUMONIA_2134.png
kermany_PNEUMONIA_2135,kermany,PNEUMONIA,kermany-person-80,train,38c5ae677385d4534f9f9dddcf6d4777aa992e9fec87b56cb2d068375c0a7218,kermany\test\PNEUMONIA\person80_bacteria_393.jpeg,data\interim\selected\kermany_PNEUMONIA_2135.jpeg,data/processed/images/kermany_PNEUMONIA_2135.png
kermany_PNEUMONIA_2136,kermany,PNEUMONIA,kermany-person-1384,train,399305188ca46c00571808ecc033e35d79708b0182a6ecafec5c1fcd13e7ec95,kermany\train\PNEUMONIA\person1384_bacteria_3522.jpeg,data\interim\selected\kermany_PNEUMONIA_2136.jpeg,data/processed/images/kermany_PNEUMONIA_2136.png
kermany_PNEUMONIA_2137,kermany,PNEUMONIA,kermany-person-1290,train,3b4831ef1126ec4d3e032347133e5f809556203f8546e037bd0353d5069a4a57,kermany\train\PNEUMONIA\person1290_virus_2215.jpeg,data\interim\selected\kermany_PNEUMONIA_2137.jpeg,data/processed/images/kermany_PNEUMONIA_2137.png
kermany_PNEUMONIA_2138,kermany,PNEUMONIA,kermany-person-258,train,3c10ecad3575006b60fad2a1e59d90a4855e6bbc305a27235d817f1c1eab9afd,kermany\train\PNEUMONIA\person258_bacteria_1210.jpeg,data\interim\selected\kermany_PNEUMONIA_2138.jpeg,data/processed/images/kermany_PNEUMONIA_2138.png
kermany_PNEUMONIA_2139,kermany,PNEUMONIA,kermany-person-81,train,3c21447e4e7ca1f40ef7ab8dcdfa2ea3847c2134c240a68a6ef8139ffc6df71b,kermany\train\PNEUMONIA\person81_virus_153.jpeg,data\interim\selected\kermany_PNEUMONIA_2139.jpeg,data/processed/images/kermany_PNEUMONIA_2139.png
kermany_PNEUMONIA_2140,kermany,PNEUMONIA,kermany-person-1008,train,3c4fe84bd8014c6958deeb2cf80d2333d82e837778792c16bcbf126c10d223c5,kermany\train\PNEUMONIA\person1008_virus_1691.jpeg,data\interim\selected\kermany_PNEUMONIA_2140.jpeg,data/processed/images/kermany_PNEUMONIA_2140.png
kermany_PNEUMONIA_2141,kermany,PNEUMONIA,kermany-person-310,train,3d3e0c530c03bcbc257a7fa7d8359b6e3a982b82d0a26e026c910f9d820119c6,kermany\train\PNEUMONIA\person310_bacteria_1451.jpeg,data\interim\selected\kermany_PNEUMONIA_2141.jpeg,data/processed/images/kermany_PNEUMONIA_2141.png
kermany_PNEUMONIA_2142,kermany,PNEUMONIA,kermany-person-1226,train,3d40dff61fa839c6ab2a5ca4eb04e89186d43af6758b3b0e53d6362cc40b9088,kermany\train\PNEUMONIA\person1226_virus_2077.jpeg,data\interim\selected\kermany_PNEUMONIA_2142.jpeg,data/processed/images/kermany_PNEUMONIA_2142.png
kermany_PNEUMONIA_2143,kermany,PNEUMONIA,kermany-person-1,train,3db3281b62f9c40236758b2b1bc1d1c06b50699d3f7e79b10a30f6a17892827f,kermany\train\PNEUMONIA\person1_bacteria_1.jpeg,data\interim\selected\kermany_PNEUMONIA_2143.jpeg,data/processed/images/kermany_PNEUMONIA_2143.png
kermany_PNEUMONIA_2144,kermany,PNEUMONIA,kermany-person-945,train,3e24470d6426ab38269b3765c5519e43419dabd4aed1f8d80847bdcd5a8453b3,kermany\train\PNEUMONIA\person945_virus_1616.jpeg,data\interim\selected\kermany_PNEUMONIA_2144.jpeg,data/processed/images/kermany_PNEUMONIA_2144.png
kermany_PNEUMONIA_2145,kermany,PNEUMONIA,kermany-person-1938,train,3e37761ded7cbd7b8f14639f4661e421f035569628ba54c44ed83aa1250bd155,kermany\train\PNEUMONIA\person1938_bacteria_4854.jpeg,data\interim\selected\kermany_PNEUMONIA_2145.jpeg,data/processed/images/kermany_PNEUMONIA_2145.png
kermany_PNEUMONIA_2146,kermany,PNEUMONIA,kermany-person-321,train,3f67feaaf970fcc5977d618f4b4f717266e031962d01967898d6f0cd7b24dc88,kermany\train\PNEUMONIA\person321_bacteria_1483.jpeg,data\interim\selected\kermany_PNEUMONIA_2146.jpeg,data/processed/images/kermany_PNEUMONIA_2146.png
kermany_PNEUMONIA_2147,kermany,PNEUMONIA,kermany-person-563,train,3fec035eb2eccdceaceb1a120bb1c03efed0a29a22d31164200a82eece7b53e3,kermany\train\PNEUMONIA\person563_bacteria_2340.jpeg,data\interim\selected\kermany_PNEUMONIA_2147.jpeg,data/processed/images/kermany_PNEUMONIA_2147.png
kermany_PNEUMONIA_2148,kermany,PNEUMONIA,kermany-person-8,train,4062cf87aa3192572310625cc15c8dd49c9751d3a9fc88759490976aa1cdfbc1,kermany\test\PNEUMONIA\person8_virus_27.jpeg,data\interim\selected\kermany_PNEUMONIA_2148.jpeg,data/processed/images/kermany_PNEUMONIA_2148.png
kermany_PNEUMONIA_2149,kermany,PNEUMONIA,kermany-person-23,train,4422a2dc09accf034b5af6cafadf5b990f0858a3372b4cc2e4a29ec1efe542f5,kermany\train\PNEUMONIA\person23_bacteria_102.jpeg,data\interim\selected\kermany_PNEUMONIA_2149.jpeg,data/processed/images/kermany_PNEUMONIA_2149.png
kermany_PNEUMONIA_2150,kermany,PNEUMONIA,kermany-person-833,train,443f252128e8d189ccadf723fdfef31f152f576b8aebc787bb140b26eb4e983a,kermany\train\PNEUMONIA\person833_virus_1469.jpeg,data\interim\selected\kermany_PNEUMONIA_2150.jpeg,data/processed/images/kermany_PNEUMONIA_2150.png
kermany_PNEUMONIA_2151,kermany,PNEUMONIA,kermany-person-826,train,445a00334fa5069e8da250663cee5eece75c2ac8bb4ad54cce74c8548f17bbc8,kermany\train\PNEUMONIA\person826_bacteria_2737.jpeg,data\interim\selected\kermany_PNEUMONIA_2151.jpeg,data/processed/images/kermany_PNEUMONIA_2151.png
kermany_PNEUMONIA_2152,kermany,PNEUMONIA,kermany-person-602,train,4555ad571f2d94be6f2b981619356e1728d1ab7cd2f8e94bf219dc1774dad6c1,kermany\train\PNEUMONIA\person602_bacteria_2460.jpeg,data\interim\selected\kermany_PNEUMONIA_2152.jpeg,data/processed/images/kermany_PNEUMONIA_2152.png
kermany_PNEUMONIA_2153,kermany,PNEUMONIA,kermany-person-1484,train,45876966a6f269ae070b215741cde836ce2860149f48bfbfc08f59481dd76e90,kermany\train\PNEUMONIA\person1484_virus_2576.jpeg,data\interim\selected\kermany_PNEUMONIA_2153.jpeg,data/processed/images/kermany_PNEUMONIA_2153.png
kermany_PNEUMONIA_2154,kermany,PNEUMONIA,kermany-person-435,train,4600f34e79821a69ab2fe2f5d1969da9118736709b0d2eaa548e0a1e2123f2a6,kermany\train\PNEUMONIA\person435_virus_885.jpeg,data\interim\selected\kermany_PNEUMONIA_2154.jpeg,data/processed/images/kermany_PNEUMONIA_2154.png
kermany_PNEUMONIA_2155,kermany,PNEUMONIA,kermany-person-554,train,463de832903b2802c0b5d4baa4023cfec8c3ea0a7838a6d54cc40fa287e5cd24,kermany\train\PNEUMONIA\person554_bacteria_2323.jpeg,data\interim\selected\kermany_PNEUMONIA_2155.jpeg,data/processed/images/kermany_PNEUMONIA_2155.png
kermany_PNEUMONIA_2156,kermany,PNEUMONIA,kermany-person-23,train,466e1b0f894187e1b545e38adf3abad6b65e5f2b23e0011dcdec4f924c6dc37d,kermany\train\PNEUMONIA\person23_bacteria_90.jpeg,data\interim\selected\kermany_PNEUMONIA_2156.jpeg,data/processed/images/kermany_PNEUMONIA_2156.png
kermany_PNEUMONIA_2157,kermany,PNEUMONIA,kermany-person-969,train,477dc353ed21c1e33f607dd6bc6146d160b296a45907532a659b5a38e176ed52,kermany\train\PNEUMONIA\person969_virus_1643.jpeg,data\interim\selected\kermany_PNEUMONIA_2157.jpeg,data/processed/images/kermany_PNEUMONIA_2157.png
kermany_PNEUMONIA_2158,kermany,PNEUMONIA,kermany-person-77,train,47cacfeac82b05aabf20d230924bf4a215b7406febe3be1662dedd7220ec0a8c,kermany\test\PNEUMONIA\person77_virus_139.jpeg,data\interim\selected\kermany_PNEUMONIA_2158.jpeg,data/processed/images/kermany_PNEUMONIA_2158.png
kermany_PNEUMONIA_2159,kermany,PNEUMONIA,kermany-person-359,train,48576526519b7bd9b7a44f4fe7392af6f834120f5a4b3fbe7fc43b5d59f92573,kermany\train\PNEUMONIA\person359_bacteria_1645.jpeg,data\interim\selected\kermany_PNEUMONIA_2159.jpeg,data/processed/images/kermany_PNEUMONIA_2159.png
kermany_PNEUMONIA_2160,kermany,PNEUMONIA,kermany-person-368,train,48fb8355e14a977a0e6cde598345dd537b5f7f7c26b8efa0cd76024bc9dc08e1,kermany\train\PNEUMONIA\person368_bacteria_1672.jpeg,data\interim\selected\kermany_PNEUMONIA_2160.jpeg,data/processed/images/kermany_PNEUMONIA_2160.png
kermany_PNEUMONIA_2161,kermany,PNEUMONIA,kermany-person-109,train,49cd860731316213f4918762f6aee8e1d8c2e2865e75532746d8980cb4d5349c,kermany\test\PNEUMONIA\person109_bacteria_527.jpeg,data\interim\selected\kermany_PNEUMONIA_2161.jpeg,data/processed/images/kermany_PNEUMONIA_2161.png
kermany_PNEUMONIA_2162,kermany,PNEUMONIA,kermany-person-1139,train,4ae5e8e026569745d018103f64a2bbb072e1a308a44c8bc8c4b95272267d691f,kermany\train\PNEUMONIA\person1139_virus_1882.jpeg,data\interim\selected\kermany_PNEUMONIA_2162.jpeg,data/processed/images/kermany_PNEUMONIA_2162.png
kermany_PNEUMONIA_2163,kermany,PNEUMONIA,kermany-person-294,train,4bf14e4f37b9cff2d516a1452b911e4555de16aba3336a1772e32ae0f09f2bc3,kermany\train\PNEUMONIA\person294_bacteria_1384.jpeg,data\interim\selected\kermany_PNEUMONIA_2163.jpeg,data/processed/images/kermany_PNEUMONIA_2163.png
kermany_PNEUMONIA_2164,kermany,PNEUMONIA,kermany-person-348,train,4d3acd795551f47fa7e46e3a26b7284b73cc0075af77c383bdae2e0d6c6e1a40,kermany\train\PNEUMONIA\person348_bacteria_1601.jpeg,data\interim\selected\kermany_PNEUMONIA_2164.jpeg,data/processed/images/kermany_PNEUMONIA_2164.png
kermany_PNEUMONIA_2165,kermany,PNEUMONIA,kermany-person-1001,train,4dd191a2d1e60ac1cfefa607f10155d95cf4bda15b885d01d8fcb7886557c3c0,kermany\train\PNEUMONIA\person1001_bacteria_2932.jpeg,data\interim\selected\kermany_PNEUMONIA_2165.jpeg,data/processed/images/kermany_PNEUMONIA_2165.png
kermany_PNEUMONIA_2166,kermany,PNEUMONIA,kermany-person-485,train,4e11ed58ee8273162418fac831306983aef30bacb54f8d9b0cbbc73ec25d76d8,kermany\train\PNEUMONIA\person485_bacteria_2049.jpeg,data\interim\selected\kermany_PNEUMONIA_2166.jpeg,data/processed/images/kermany_PNEUMONIA_2166.png
kermany_PNEUMONIA_2167,kermany,PNEUMONIA,kermany-person-651,train,4eeda8d08314a3a439772353a39e575f792dd21fc77dc06375b8a8f4c5ef2906,kermany\train\PNEUMONIA\person651_bacteria_2543.jpeg,data\interim\selected\kermany_PNEUMONIA_2167.jpeg,data/processed/images/kermany_PNEUMONIA_2167.png
kermany_PNEUMONIA_2168,kermany,PNEUMONIA,kermany-person-332,train,4efe9dfdc8cefb6e2f71bbe39be428414d5ceaf0d9a7373c6e54f0ce01dad1d1,kermany\train\PNEUMONIA\person332_virus_685.jpeg,data\interim\selected\kermany_PNEUMONIA_2168.jpeg,data/processed/images/kermany_PNEUMONIA_2168.png
kermany_PNEUMONIA_2169,kermany,PNEUMONIA,kermany-person-644,train,4f4677ee57fddc6b6d9bf1d31b6fedcdb3a95a6cd13c49e2e2f5b51f9911fe8b,kermany\train\PNEUMONIA\person644_virus_1225.jpeg,data\interim\selected\kermany_PNEUMONIA_2169.jpeg,data/processed/images/kermany_PNEUMONIA_2169.png
kermany_PNEUMONIA_2170,kermany,PNEUMONIA,kermany-person-130,train,4fe38d5a63b1458b405c2f0a848d148975d3ce5f11ed73c09b90c88d36fe69b8,kermany\test\PNEUMONIA\person130_bacteria_626.jpeg,data\interim\selected\kermany_PNEUMONIA_2170.jpeg,data/processed/images/kermany_PNEUMONIA_2170.png
kermany_PNEUMONIA_2171,kermany,PNEUMONIA,kermany-person-1460,train,4fe48ca1c1aac758f51c841533f5f28356a2c5260ba760ce6362cdb34d6a986b,kermany\train\PNEUMONIA\person1460_bacteria_3805.jpeg,data\interim\selected\kermany_PNEUMONIA_2171.jpeg,data/processed/images/kermany_PNEUMONIA_2171.png
kermany_PNEUMONIA_2172,kermany,PNEUMONIA,kermany-person-54,train,504f73ad4a74ee3125391b7b0406263052c9baa40ea36c53dcd403e9bd09addb,kermany\train\PNEUMONIA\person54_bacteria_258.jpeg,data\interim\selected\kermany_PNEUMONIA_2172.jpeg,data/processed/images/kermany_PNEUMONIA_2172.png
kermany_PNEUMONIA_2173,kermany,PNEUMONIA,kermany-person-1509,train,510f2693a9b0afcb15ae2c6d3f821fdb550cb3812cc6bc129f26f9f4e0b9cdeb,kermany\train\PNEUMONIA\person1509_bacteria_3951.jpeg,data\interim\selected\kermany_PNEUMONIA_2173.jpeg,data/processed/images/kermany_PNEUMONIA_2173.png
kermany_PNEUMONIA_2174,kermany,PNEUMONIA,kermany-person-1661,train,514afd0fa610117fbfef0e6e5b81a4d73a24815827594119af684fb8d0b2f8e2,kermany\test\PNEUMONIA\person1661_virus_2872.jpeg,data\interim\selected\kermany_PNEUMONIA_2174.jpeg,data/processed/images/kermany_PNEUMONIA_2174.png
kermany_PNEUMONIA_2175,kermany,PNEUMONIA,kermany-person-1492,train,51a2a935295ce404efde2f1269191b4e2b916bc0dfbc2686a660ec64978a3804,kermany\train\PNEUMONIA\person1492_virus_2599.jpeg,data\interim\selected\kermany_PNEUMONIA_2175.jpeg,data/processed/images/kermany_PNEUMONIA_2175.png
kermany_PNEUMONIA_2176,kermany,PNEUMONIA,kermany-person-1112,train,5349f14ae067dda6e95b02e90832d04838b84b87dc644edff7fc1df4e43b13cb,kermany\train\PNEUMONIA\person1112_virus_1837.jpeg,data\interim\selected\kermany_PNEUMONIA_2176.jpeg,data/processed/images/kermany_PNEUMONIA_2176.png
kermany_PNEUMONIA_2177,kermany,PNEUMONIA,kermany-person-623,train,53ab4c0b89a280f05160c47f271f896cb318d2b1c12c9cc975668678523d991b,kermany\train\PNEUMONIA\person623_bacteria_2496.jpeg,data\interim\selected\kermany_PNEUMONIA_2177.jpeg,data/processed/images/kermany_PNEUMONIA_2177.png
kermany_PNEUMONIA_2178,kermany,PNEUMONIA,kermany-person-1643,train,53da48724274c306f73adbe66565ed9cbea3cf57e45465442a6ec2ea0e6fd311,kermany\test\PNEUMONIA\person1643_virus_2843.jpeg,data\interim\selected\kermany_PNEUMONIA_2178.jpeg,data/processed/images/kermany_PNEUMONIA_2178.png
kermany_PNEUMONIA_2179,kermany,PNEUMONIA,kermany-person-1290,train,55d5419f255c642411887c0d295b81fb0bf6ede46b60ee13f8957236334e6579,kermany\train\PNEUMONIA\person1290_virus_2216.jpeg,data\interim\selected\kermany_PNEUMONIA_2179.jpeg,data/processed/images/kermany_PNEUMONIA_2179.png
kermany_PNEUMONIA_2180,kermany,PNEUMONIA,kermany-person-326,train,55eeb8dda00f467f50390b315500a4becc8a3a1abf99dc0dc5549df9e918c8d8,kermany\train\PNEUMONIA\person326_bacteria_1507.jpeg,data\interim\selected\kermany_PNEUMONIA_2180.jpeg,data/processed/images/kermany_PNEUMONIA_2180.png
kermany_PNEUMONIA_2181,kermany,PNEUMONIA,kermany-person-1156,train,564e55d44734f7ba680e4d3a962f166f19dc14a0d9fb7056b4da092ea6b94cac,kermany\train\PNEUMONIA\person1156_virus_1936.jpeg,data\interim\selected\kermany_PNEUMONIA_2181.jpeg,data/processed/images/kermany_PNEUMONIA_2181.png
kermany_PNEUMONIA_2182,kermany,PNEUMONIA,kermany-person-302,train,5736a16c9344afd209546e6061c958357fd4d00f92cc6976ad378d195c3bb77b,kermany\train\PNEUMONIA\person302_virus_623.jpeg,data\interim\selected\kermany_PNEUMONIA_2182.jpeg,data/processed/images/kermany_PNEUMONIA_2182.png
kermany_PNEUMONIA_2183,kermany,PNEUMONIA,kermany-person-292,train,57783565830a65840ff2b8b2e3de59a2767319f9a1fd1ddfebf4f901780c3ee7,kermany\train\PNEUMONIA\person292_virus_600.jpeg,data\interim\selected\kermany_PNEUMONIA_2183.jpeg,data/processed/images/kermany_PNEUMONIA_2183.png
kermany_PNEUMONIA_2184,kermany,PNEUMONIA,kermany-person-336,train,57c65a6f73322165ad8b551e37c66475e013fc91eaa7d5f7b371d50930517d25,kermany\train\PNEUMONIA\person336_bacteria_1552.jpeg,data\interim\selected\kermany_PNEUMONIA_2184.jpeg,data/processed/images/kermany_PNEUMONIA_2184.png
kermany_PNEUMONIA_2185,kermany,PNEUMONIA,kermany-person-508,train,57ebcdb2e07343d87e4055293776627ebb4701123da7d7d56d842a16729499ea,kermany\train\PNEUMONIA\person508_virus_1021.jpeg,data\interim\selected\kermany_PNEUMONIA_2185.jpeg,data/processed/images/kermany_PNEUMONIA_2185.png
kermany_PNEUMONIA_2186,kermany,PNEUMONIA,kermany-person-1235,train,581f84a6944de864b40db76bf10e3110ddd6e88aa71ea8d6455402189f5690a5,kermany\train\PNEUMONIA\person1235_virus_2095.jpeg,data\interim\selected\kermany_PNEUMONIA_2186.jpeg,data/processed/images/kermany_PNEUMONIA_2186.png
kermany_PNEUMONIA_2187,kermany,PNEUMONIA,kermany-person-128,train,5824d55942d95216b7808fafa10db02aeaf63485a1a4f480faa951794a2d28b3,kermany\test\PNEUMONIA\person128_bacteria_606.jpeg,data\interim\selected\kermany_PNEUMONIA_2187.jpeg,data/processed/images/kermany_PNEUMONIA_2187.png
kermany_PNEUMONIA_2188,kermany,PNEUMONIA,kermany-person-742,train,5838281c11f1fdd9d6dea756767cc2e3f42b103ab60eddb18345be1bd30b970e,kermany\train\PNEUMONIA\person742_virus_1365.jpeg,data\interim\selected\kermany_PNEUMONIA_2188.jpeg,data/processed/images/kermany_PNEUMONIA_2188.png
kermany_PNEUMONIA_2189,kermany,PNEUMONIA,kermany-person-554,train,5876edb8fc122580fc3941693feeebdbfa4c88ea94865d38bac9e7eb10172f8d,kermany\train\PNEUMONIA\person554_virus_1094.jpeg,data\interim\selected\kermany_PNEUMONIA_2189.jpeg,data/processed/images/kermany_PNEUMONIA_2189.png
kermany_PNEUMONIA_2190,kermany,PNEUMONIA,kermany-person-1488,train,595b1a3b48d88f9ad2ba5a8a9f5411c9d9f6fd26c5c90a6db291c921318e4622,kermany\train\PNEUMONIA\person1488_virus_2585.jpeg,data\interim\selected\kermany_PNEUMONIA_2190.jpeg,data/processed/images/kermany_PNEUMONIA_2190.png
kermany_PNEUMONIA_2191,kermany,PNEUMONIA,kermany-person-1256,train,5aa97933c1e428999626a0c873ef73401e5205981c1f60092a5f7364624b4543,kermany\train\PNEUMONIA\person1256_bacteria_3214.jpeg,data\interim\selected\kermany_PNEUMONIA_2191.jpeg,data/processed/images/kermany_PNEUMONIA_2191.png
kermany_PNEUMONIA_2192,kermany,PNEUMONIA,kermany-person-408,train,5b33427b662562af34ce9bf07e1d192874efbcb4857109e49ab38bace38af339,kermany\train\PNEUMONIA\person408_virus_815.jpeg,data\interim\selected\kermany_PNEUMONIA_2192.jpeg,data/processed/images/kermany_PNEUMONIA_2192.png
kermany_PNEUMONIA_2193,kermany,PNEUMONIA,kermany-person-1338,train,5b83dbe5b9ac7c3ca284d07438410f9cae29e1c6a7b803624b0b6e98ec591fe2,kermany\train\PNEUMONIA\person1338_virus_2308.jpeg,data\interim\selected\kermany_PNEUMONIA_2193.jpeg,data/processed/images/kermany_PNEUMONIA_2193.png
kermany_PNEUMONIA_2194,kermany,PNEUMONIA,kermany-person-173,train,5c965aaffa88b7d37436a7d0c748bff9cb2eb06ef4ec03c5f2e96a2729384ce8,kermany\test\PNEUMONIA\person173_bacteria_829.jpeg,data\interim\selected\kermany_PNEUMONIA_2194.jpeg,data/processed/images/kermany_PNEUMONIA_2194.png
kermany_PNEUMONIA_2195,kermany,PNEUMONIA,kermany-person-1616,train,5d463afcfde5b3b2e91860939ae861138453fbc6c2c2b26a2a6f8f5442e9be57,kermany\train\PNEUMONIA\person1616_bacteria_4251.jpeg,data\interim\selected\kermany_PNEUMONIA_2195.jpeg,data/processed/images/kermany_PNEUMONIA_2195.png
kermany_PNEUMONIA_2196,kermany,PNEUMONIA,kermany-person-411,train,5d70a37acce4661ada0dbd43034bdd62d526b4a0fa6017ff988935dd3f30739a,kermany\train\PNEUMONIA\person411_bacteria_1826.jpeg,data\interim\selected\kermany_PNEUMONIA_2196.jpeg,data/processed/images/kermany_PNEUMONIA_2196.png
kermany_PNEUMONIA_2197,kermany,PNEUMONIA,kermany-person-585,train,5db69e4caa0349241fb8ef37b8fff103112f472f7efa3ef990b5c31f12abd891,kermany\train\PNEUMONIA\person585_bacteria_2414.jpeg,data\interim\selected\kermany_PNEUMONIA_2197.jpeg,data/processed/images/kermany_PNEUMONIA_2197.png
kermany_PNEUMONIA_2198,kermany,PNEUMONIA,kermany-person-1084,train,5ddcac2c0104f18459bd73f384b0ab1c0df6abe4ab73bebbb973eb5cc1029145,kermany\train\PNEUMONIA\person1084_bacteria_3024.jpeg,data\interim\selected\kermany_PNEUMONIA_2198.jpeg,data/processed/images/kermany_PNEUMONIA_2198.png
kermany_PNEUMONIA_2199,kermany,PNEUMONIA,kermany-person-1458,train,5e5396c822ee601f54daa94556a19fce787bebc691550afd1320077445e5bc2d,kermany\train\PNEUMONIA\person1458_virus_2502.jpeg,data\interim\selected\kermany_PNEUMONIA_2199.jpeg,data/processed/images/kermany_PNEUMONIA_2199.png
kermany_PNEUMONIA_2200,kermany,PNEUMONIA,kermany-person-295,train,5eb8669174a70415d598646d4858adf0849dfb33eeb3a3db470f62b91374888a,kermany\train\PNEUMONIA\person295_bacteria_1389.jpeg,data\interim\selected\kermany_PNEUMONIA_2200.jpeg,data/processed/images/kermany_PNEUMONIA_2200.png
kermany_PNEUMONIA_2201,kermany,PNEUMONIA,kermany-person-1684,train,5f3d334e6130d2e6fae667a1c62f005aae4d15f58f1c7a8690a71bc9c83b77ea,kermany\train\PNEUMONIA\person1684_bacteria_4463.jpeg,data\interim\selected\kermany_PNEUMONIA_2201.jpeg,data/processed/images/kermany_PNEUMONIA_2201.png
kermany_PNEUMONIA_2202,kermany,PNEUMONIA,kermany-person-1122,train,5fcc7ba2f35bdb3e3471f5aca35738e495200b2e5ee7a5fdee300f4f824a5398,kermany\train\PNEUMONIA\person1122_virus_1847.jpeg,data\interim\selected\kermany_PNEUMONIA_2202.jpeg,data/processed/images/kermany_PNEUMONIA_2202.png
kermany_PNEUMONIA_2203,kermany,PNEUMONIA,kermany-person-1493,train,600081c39530d10827cf6c51216e11e061b3d7fff9853eb38ccfb823a3d7a878,kermany\train\PNEUMONIA\person1493_bacteria_3899.jpeg,data\interim\selected\kermany_PNEUMONIA_2203.jpeg,data/processed/images/kermany_PNEUMONIA_2203.png
kermany_PNEUMONIA_2204,kermany,PNEUMONIA,kermany-person-326,train,6015f98b2ba754ae207d43c1e966c03f59969c91b973c5013f9b074f8267fe48,kermany\train\PNEUMONIA\person326_virus_677.jpeg,data\interim\selected\kermany_PNEUMONIA_2204.jpeg,data/processed/images/kermany_PNEUMONIA_2204.png
kermany_PNEUMONIA_2205,kermany,PNEUMONIA,kermany-person-441,train,60895a0353750d1e3b35f8673fbe857da50f0cf10f81f8e2f3f33379cf0c6c24,kermany\train\PNEUMONIA\person441_bacteria_1914.jpeg,data\interim\selected\kermany_PNEUMONIA_2205.jpeg,data/processed/images/kermany_PNEUMONIA_2205.png
kermany_PNEUMONIA_2206,kermany,PNEUMONIA,kermany-person-1777,train,60cc21cbdc4a4f817a7f1b0a68a6c93757a0d3b765955b5f42eec2d033b10f81,kermany\train\PNEUMONIA\person1777_bacteria_4622.jpeg,data\interim\selected\kermany_PNEUMONIA_2206.jpeg,data/processed/images/kermany_PNEUMONIA_2206.png
kermany_PNEUMONIA_2207,kermany,PNEUMONIA,kermany-person-637,train,60e7efe898da15f8a6591ff3ad4cbe7ee7619e6f1e4ada4a5445e9c59a912064,kermany\train\PNEUMONIA\person637_bacteria_2529.jpeg,data\interim\selected\kermany_PNEUMONIA_2207.jpeg,data/processed/images/kermany_PNEUMONIA_2207.png
kermany_PNEUMONIA_2208,kermany,PNEUMONIA,kermany-person-53,train,614c7ddf61ade8cd2fafb8890c0f56da582c2757d23a699014649fb440469a21,kermany\test\PNEUMONIA\person53_virus_108.jpeg,data\interim\selected\kermany_PNEUMONIA_2208.jpeg,data/processed/images/kermany_PNEUMONIA_2208.png
kermany_PNEUMONIA_2209,kermany,PNEUMONIA,kermany-person-1684,train,61cb106ca8f75cd3e4566d8b6e5049c2acd6e1bbbe69f61c737773f9ea01a9af,kermany\train\PNEUMONIA\person1684_bacteria_4461.jpeg,data\interim\selected\kermany_PNEUMONIA_2209.jpeg,data/processed/images/kermany_PNEUMONIA_2209.png
kermany_PNEUMONIA_2210,kermany,PNEUMONIA,kermany-person-689,train,61f788ef708aaecd75a3ac3398aa7575208e5b72f8bec293fbd6f327c39ae36c,kermany\train\PNEUMONIA\person689_bacteria_2586.jpeg,data\interim\selected\kermany_PNEUMONIA_2210.jpeg,data/processed/images/kermany_PNEUMONIA_2210.png
kermany_PNEUMONIA_2211,kermany,PNEUMONIA,kermany-person-49,train,62c4dcb8182328984e683e778a1b0fb969cfa77b5f7dff351544b19e11ebed14,kermany\train\PNEUMONIA\person49_bacteria_237.jpeg,data\interim\selected\kermany_PNEUMONIA_2211.jpeg,data/processed/images/kermany_PNEUMONIA_2211.png
kermany_PNEUMONIA_2212,kermany,PNEUMONIA,kermany-person-399,train,62e8f5c929266dbee98d213aaea3cad190a54a261e5ed62729abe811c8c5c20f,kermany\train\PNEUMONIA\person399_virus_793.jpeg,data\interim\selected\kermany_PNEUMONIA_2212.jpeg,data/processed/images/kermany_PNEUMONIA_2212.png
kermany_PNEUMONIA_2213,kermany,PNEUMONIA,kermany-person-950,train,62f474d619dd93c8f1add8a9499a173dc311e0a58c62e9a5057e41b7c54550fd,kermany\train\PNEUMONIA\person950_virus_1621.jpeg,data\interim\selected\kermany_PNEUMONIA_2213.jpeg,data/processed/images/kermany_PNEUMONIA_2213.png
kermany_PNEUMONIA_2214,kermany,PNEUMONIA,kermany-person-368,train,63a605fc2aff8e1a9ae14bc91665b7bb3d06a322d378f984a1e200169e03ed8c,kermany\train\PNEUMONIA\person368_bacteria_1666.jpeg,data\interim\selected\kermany_PNEUMONIA_2214.jpeg,data/processed/images/kermany_PNEUMONIA_2214.png
kermany_PNEUMONIA_2215,kermany,PNEUMONIA,kermany-person-1228,train,6428bc3a7dc452ca78a166d752729b9ece9bdd61987afe353898d1d60a8c77c7,kermany\train\PNEUMONIA\person1228_bacteria_3183.jpeg,data\interim\selected\kermany_PNEUMONIA_2215.jpeg,data/processed/images/kermany_PNEUMONIA_2215.png
kermany_PNEUMONIA_2216,kermany,PNEUMONIA,kermany-person-884,train,64663caeadf0cc05dfe6f610969a9f68e93e6c8812ff5a5fed1a9e08cc9f01c1,kermany\train\PNEUMONIA\person884_bacteria_2808.jpeg,data\interim\selected\kermany_PNEUMONIA_2216.jpeg,data/processed/images/kermany_PNEUMONIA_2216.png
kermany_PNEUMONIA_2217,kermany,PNEUMONIA,kermany-person-45,train,6489e481f7bb8af244900902772dd664de55659cea3e007be795673b7fcff65d,kermany\test\PNEUMONIA\person45_virus_95.jpeg,data\interim\selected\kermany_PNEUMONIA_2217.jpeg,data/processed/images/kermany_PNEUMONIA_2217.png
kermany_PNEUMONIA_2218,kermany,PNEUMONIA,kermany-person-843,train,64d9bcd68b8b3ad66efe0bf214e1dc8218663dac75f503591a538cfe565cba73,kermany\train\PNEUMONIA\person843_virus_1485.jpeg,data\interim\selected\kermany_PNEUMONIA_2218.jpeg,data/processed/images/kermany_PNEUMONIA_2218.png
kermany_PNEUMONIA_2219,kermany,PNEUMONIA,kermany-person-1702,train,65a17b28c6d46fad26e65ee43536e885a8f8b2b8ea40492e9400dbb636bcfe7f,kermany\train\PNEUMONIA\person1702_bacteria_4509.jpeg,data\interim\selected\kermany_PNEUMONIA_2219.jpeg,data/processed/images/kermany_PNEUMONIA_2219.png
kermany_PNEUMONIA_2220,kermany,PNEUMONIA,kermany-person-500,train,66411cd44e5b94d43e0813f906a8fa6081f41f50e73088dc5f79b83dafabac85,kermany\train\PNEUMONIA\person500_bacteria_2107.jpeg,data\interim\selected\kermany_PNEUMONIA_2220.jpeg,data/processed/images/kermany_PNEUMONIA_2220.png
kermany_PNEUMONIA_2221,kermany,PNEUMONIA,kermany-person-441,train,6641390ec2ceee89d493319dd000bdc7585c8583eb8b91e87ee18bdab7b641b3,kermany\train\PNEUMONIA\person441_virus_896.jpeg,data\interim\selected\kermany_PNEUMONIA_2221.jpeg,data/processed/images/kermany_PNEUMONIA_2221.png
kermany_PNEUMONIA_2222,kermany,PNEUMONIA,kermany-person-130,train,66cc7864b04b414f77eb85588785a60bf816a691036fc2a625a3d32c4fb4c593,kermany\test\PNEUMONIA\person130_bacteria_628.jpeg,data\interim\selected\kermany_PNEUMONIA_2222.jpeg,data/processed/images/kermany_PNEUMONIA_2222.png
kermany_PNEUMONIA_2223,kermany,PNEUMONIA,kermany-person-52,train,67a6da701fc76f6fa6705cd317e4c3a6dd0477aa9fb81f5a2009c950db56151a,kermany\train\PNEUMONIA\person52_bacteria_251.jpeg,data\interim\selected\kermany_PNEUMONIA_2223.jpeg,data/processed/images/kermany_PNEUMONIA_2223.png
kermany_PNEUMONIA_2224,kermany,PNEUMONIA,kermany-person-336,train,67be39ff3a59f4da6f9832445bcb5a3d94d32900122ac64209336554eb09967e,kermany\train\PNEUMONIA\person336_bacteria_1549.jpeg,data\interim\selected\kermany_PNEUMONIA_2224.jpeg,data/processed/images/kermany_PNEUMONIA_2224.png
kermany_PNEUMONIA_2225,kermany,PNEUMONIA,kermany-person-20,train,68ac31c4912224d65b2c8f9a9fac82a6037b30df2890c4917d01dfb5c9e95759,kermany\train\PNEUMONIA\person20_bacteria_70.jpeg,data\interim\selected\kermany_PNEUMONIA_2225.jpeg,data/processed/images/kermany_PNEUMONIA_2225.png
kermany_PNEUMONIA_2226,kermany,PNEUMONIA,kermany-person-1142,train,68e32475858bf91da2c1d7f20d076f430125eca49932e97e4cf7414c98377964,kermany\train\PNEUMONIA\person1142_bacteria_3086.jpeg,data\interim\selected\kermany_PNEUMONIA_2226.jpeg,data/processed/images/kermany_PNEUMONIA_2226.png
kermany_PNEUMONIA_2227,kermany,PNEUMONIA,kermany-person-1181,train,68f8e4909d36d60b63f779ed23504380a39159c3052bca50e2e65cecb43ea81f,kermany\train\PNEUMONIA\person1181_virus_2016.jpeg,data\interim\selected\kermany_PNEUMONIA_2227.jpeg,data/processed/images/kermany_PNEUMONIA_2227.png
kermany_PNEUMONIA_2228,kermany,PNEUMONIA,kermany-person-543,train,69640af82caee7925cc793a6b686cae5dc4fe3c9a87f34d20fbb8e6c532c81f8,kermany\train\PNEUMONIA\person543_bacteria_2284.jpeg,data\interim\selected\kermany_PNEUMONIA_2228.jpeg,data/processed/images/kermany_PNEUMONIA_2228.png
kermany_PNEUMONIA_2229,kermany,PNEUMONIA,kermany-person-344,train,69a3c207d1badd02ed313b275c3c43dd1a34dbf2829ead38edaf56d9d9fd07fc,kermany\train\PNEUMONIA\person344_bacteria_1585.jpeg,data\interim\selected\kermany_PNEUMONIA_2229.jpeg,data/processed/images/kermany_PNEUMONIA_2229.png
kermany_PNEUMONIA_2230,kermany,PNEUMONIA,kermany-person-18,train,69a4c05578a96b6ba75fbef746671bdd4039c73d743da8ec75b8746df09092a7,kermany\test\PNEUMONIA\person18_virus_49.jpeg,data\interim\selected\kermany_PNEUMONIA_2230.jpeg,data/processed/images/kermany_PNEUMONIA_2230.png
kermany_PNEUMONIA_2231,kermany,PNEUMONIA,kermany-person-1590,train,69b10ad496b286c5f411228598d63cdd425af693560ea4df13c6800869c37e6d,kermany\train\PNEUMONIA\person1590_bacteria_4175.jpeg,data\interim\selected\kermany_PNEUMONIA_2231.jpeg,data/processed/images/kermany_PNEUMONIA_2231.png
kermany_PNEUMONIA_2232,kermany,PNEUMONIA,kermany-person-612,train,6a2a7360f02ef57bb0dfb4507c2084ae3b55f57704b6bf9d970e82c05c47dc99,kermany\train\PNEUMONIA\person612_bacteria_2477.jpeg,data\interim\selected\kermany_PNEUMONIA_2232.jpeg,data/processed/images/kermany_PNEUMONIA_2232.png
kermany_PNEUMONIA_2233,kermany,PNEUMONIA,kermany-person-628,train,6a35da6f9d1db3cabb5ed1ed9dbf5abfcbcd000aaebc99e14b725bb5cb03e7e5,kermany\train\PNEUMONIA\person628_virus_1206.jpeg,data\interim\selected\kermany_PNEUMONIA_2233.jpeg,data/processed/images/kermany_PNEUMONIA_2233.png
kermany_PNEUMONIA_2234,kermany,PNEUMONIA,kermany-person-1679,train,6a945c12b3a61412eaefc2ace3f3608de45443c4dfb36045c4e5d7fca0103df4,kermany\train\PNEUMONIA\person1679_bacteria_4453.jpeg,data\interim\selected\kermany_PNEUMONIA_2234.jpeg,data/processed/images/kermany_PNEUMONIA_2234.png
kermany_PNEUMONIA_2235,kermany,PNEUMONIA,kermany-person-1309,train,6a9b3aa63bc05d25a9189c424d87703b769d4f1e1fe0b5796a875620df63a8e4,kermany\train\PNEUMONIA\person1309_bacteria_3294.jpeg,data\interim\selected\kermany_PNEUMONIA_2235.jpeg,data/processed/images/kermany_PNEUMONIA_2235.png
kermany_PNEUMONIA_2236,kermany,PNEUMONIA,kermany-person-1709,train,6b8941ddcd60851612f9b2a288b9cdea55b83b80cecb665dacf0c9c7ab4c76e4,kermany\train\PNEUMONIA\person1709_bacteria_4522.jpeg,data\interim\selected\kermany_PNEUMONIA_2236.jpeg,data/processed/images/kermany_PNEUMONIA_2236.png
kermany_PNEUMONIA_2237,kermany,PNEUMONIA,kermany-person-511,train,6b9bff5ab3c9ba22afdf0f12bd9b9403a618116d95d95681845a1472d267593c,kermany\train\PNEUMONIA\person511_bacteria_2152.jpeg,data\interim\selected\kermany_PNEUMONIA_2237.jpeg,data/processed/images/kermany_PNEUMONIA_2237.png
kermany_PNEUMONIA_2238,kermany,PNEUMONIA,kermany-person-481,train,6be1371c221d3f044c07581e502bfa8142acd31686e6a5daaebcdc996af8b6e2,kermany\train\PNEUMONIA\person481_bacteria_2042.jpeg,data\interim\selected\kermany_PNEUMONIA_2238.jpeg,data/processed/images/kermany_PNEUMONIA_2238.png
kermany_PNEUMONIA_2239,kermany,PNEUMONIA,kermany-person-292,train,6c43c5e51c2ec084b1cc4b1bf9922972c116b64d67fbe2ed6ad77e3f5b01de36,kermany\train\PNEUMONIA\person292_virus_597.jpeg,data\interim\selected\kermany_PNEUMONIA_2239.jpeg,data/processed/images/kermany_PNEUMONIA_2239.png
kermany_PNEUMONIA_2240,kermany,PNEUMONIA,kermany-person-1599,train,6c8f058fd48ac33cec9b6c7482788f8c0ea2ede5968f40e545f700d5a25125b5,kermany\train\PNEUMONIA\person1599_virus_2775.jpeg,data\interim\selected\kermany_PNEUMONIA_2240.jpeg,data/processed/images/kermany_PNEUMONIA_2240.png
kermany_PNEUMONIA_2241,kermany,PNEUMONIA,kermany-person-882,train,6cfbfa7a59988445c65fd91ad7b6108049b33125963f748b4468124d420dd514,kermany\train\PNEUMONIA\person882_bacteria_2806.jpeg,data\interim\selected\kermany_PNEUMONIA_2241.jpeg,data/processed/images/kermany_PNEUMONIA_2241.png
kermany_PNEUMONIA_2242,kermany,PNEUMONIA,kermany-person-94,train,6d19e1cdd53403fe4c845bc4ee07328e7bcb554925d76dbca2f2daad0d97b243,kermany\test\PNEUMONIA\person94_bacteria_456.jpeg,data\interim\selected\kermany_PNEUMONIA_2242.jpeg,data/processed/images/kermany_PNEUMONIA_2242.png
kermany_PNEUMONIA_2243,kermany,PNEUMONIA,kermany-person-64,train,6d71c2c353240119f340f88470ae1335a1cf0843d3fba621be7e8ca1dc05033b,kermany\train\PNEUMONIA\person64_bacteria_318.jpeg,data\interim\selected\kermany_PNEUMONIA_2243.jpeg,data/processed/images/kermany_PNEUMONIA_2243.png
kermany_PNEUMONIA_2244,kermany,PNEUMONIA,kermany-person-1459,train,6d96ec1d5ab07440bc593163ac1210dd42ec982ee60ba8eec758f1f682cb9201,kermany\train\PNEUMONIA\person1459_bacteria_3796.jpeg,data\interim\selected\kermany_PNEUMONIA_2244.jpeg,data/processed/images/kermany_PNEUMONIA_2244.png
kermany_PNEUMONIA_2245,kermany,PNEUMONIA,kermany-person-1638,train,6dc6448152d8ebae5b7dc8e71d58d0894071d645d58724dbbf587bd507daf4a2,kermany\train\PNEUMONIA\person1638_bacteria_4340.jpeg,data\interim\selected\kermany_PNEUMONIA_2245.jpeg,data/processed/images/kermany_PNEUMONIA_2245.png
kermany_PNEUMONIA_2246,kermany,PNEUMONIA,kermany-person-733,train,6f4a94f400768fd4776a15c4a6d19c956d4b3dc44236823dd907ff492f3eadb9,kermany\train\PNEUMONIA\person733_bacteria_2635.jpeg,data\interim\selected\kermany_PNEUMONIA_2246.jpeg,data/processed/images/kermany_PNEUMONIA_2246.png
kermany_PNEUMONIA_2247,kermany,PNEUMONIA,kermany-person-1667,train,7028f6fa6ffd5a44c98afaff406caf1833dcc9927988c7e65d11c8717281a01c,kermany\train\PNEUMONIA\person1667_bacteria_4417.jpeg,data\interim\selected\kermany_PNEUMONIA_2247.jpeg,data/processed/images/kermany_PNEUMONIA_2247.png
kermany_PNEUMONIA_2248,kermany,PNEUMONIA,kermany-person-1486,train,70cc298438f76579dba0601350c0c12888207249aa551789435952d5cc78158a,kermany\train\PNEUMONIA\person1486_bacteria_3881.jpeg,data\interim\selected\kermany_PNEUMONIA_2248.jpeg,data/processed/images/kermany_PNEUMONIA_2248.png
kermany_PNEUMONIA_2249,kermany,PNEUMONIA,kermany-person-371,train,71cd45051adfb80f232b904d2dcc6793b186a1e4525eea872e023b264da5995e,kermany\train\PNEUMONIA\person371_bacteria_1696.jpeg,data\interim\selected\kermany_PNEUMONIA_2249.jpeg,data/processed/images/kermany_PNEUMONIA_2249.png
kermany_PNEUMONIA_2250,kermany,PNEUMONIA,kermany-person-770,train,7270794347d816289f3071f75683efe6b64bf1fb3cc93ec8f3bc442972de29cd,kermany\train\PNEUMONIA\person770_virus_1398.jpeg,data\interim\selected\kermany_PNEUMONIA_2250.jpeg,data/processed/images/kermany_PNEUMONIA_2250.png
kermany_PNEUMONIA_2251,kermany,PNEUMONIA,kermany-person-1052,train,72e772117048b15f0341dda340d14daa61fc6e6c3f38fea004dd488acdb4bc18,kermany\train\PNEUMONIA\person1052_virus_1751.jpeg,data\interim\selected\kermany_PNEUMONIA_2251.jpeg,data/processed/images/kermany_PNEUMONIA_2251.png
kermany_PNEUMONIA_2252,kermany,PNEUMONIA,kermany-person-1409,train,73848191228d32adf7f54413094290cd5bcc2dd7a0677f28234fb6ac315da193,kermany\train\PNEUMONIA\person1409_bacteria_3585.jpeg,data\interim\selected\kermany_PNEUMONIA_2252.jpeg,data/processed/images/kermany_PNEUMONIA_2252.png
kermany_PNEUMONIA_2253,kermany,PNEUMONIA,kermany-person-1019,train,738f38c39ef7dfc9fec343f88d76c77dd7f278bb2acf9b00d770a9dc63be01dc,kermany\train\PNEUMONIA\person1019_virus_1707.jpeg,data\interim\selected\kermany_PNEUMONIA_2253.jpeg,data/processed/images/kermany_PNEUMONIA_2253.png
kermany_PNEUMONIA_2254,kermany,PNEUMONIA,kermany-person-73,train,73ad32c22de7e4d6ce724d2b9251190295fb6d06a178dfa93222ec93bc3b7943,kermany\train\PNEUMONIA\person73_bacteria_356.jpeg,data\interim\selected\kermany_PNEUMONIA_2254.jpeg,data/processed/images/kermany_PNEUMONIA_2254.png
kermany_PNEUMONIA_2255,kermany,PNEUMONIA,kermany-person-1816,train,741b1c2fba1e69c54e3a415a1f2dcbf81911c4d21b74cce8f58800793e6631b5,kermany\train\PNEUMONIA\person1816_bacteria_4673.jpeg,data\interim\selected\kermany_PNEUMONIA_2255.jpeg,data/processed/images/kermany_PNEUMONIA_2255.png
kermany_PNEUMONIA_2256,kermany,PNEUMONIA,kermany-person-1422,train,747575dbef02db085d65587045e50b48f560feac4d1aedd605774bdc91642508,kermany\train\PNEUMONIA\person1422_bacteria_3649.jpeg,data\interim\selected\kermany_PNEUMONIA_2256.jpeg,data/processed/images/kermany_PNEUMONIA_2256.png
kermany_PNEUMONIA_2257,kermany,PNEUMONIA,kermany-person-101,train,7598c6cb9617667da1fd97858c181d4e4379f4dec019d40c859fcefc3da3b4da,kermany\test\PNEUMONIA\person101_bacteria_486.jpeg,data\interim\selected\kermany_PNEUMONIA_2257.jpeg,data/processed/images/kermany_PNEUMONIA_2257.png
kermany_PNEUMONIA_2258,kermany,PNEUMONIA,kermany-person-558,train,768a241bffb5f9f24dd938ec2b45f79ffe81061d494de59a9b9fedb9cf9430ca,kermany\train\PNEUMONIA\person558_bacteria_2328.jpeg,data\interim\selected\kermany_PNEUMONIA_2258.jpeg,data/processed/images/kermany_PNEUMONIA_2258.png
kermany_PNEUMONIA_2259,kermany,PNEUMONIA,kermany-person-767,train,7698571239d8291a1666072196d2b6e38a5ff3fe439f8efeed420780ace97eb1,kermany\train\PNEUMONIA\person767_bacteria_2671.jpeg,data\interim\selected\kermany_PNEUMONIA_2259.jpeg,data/processed/images/kermany_PNEUMONIA_2259.png
kermany_PNEUMONIA_2260,kermany,PNEUMONIA,kermany-person-873,train,772bcc097bf266997aabcbe6d16fc0992d3772776c6a5d93e0d81d3c1577de49,kermany\train\PNEUMONIA\person873_bacteria_2796.jpeg,data\interim\selected\kermany_PNEUMONIA_2260.jpeg,data/processed/images/kermany_PNEUMONIA_2260.png
kermany_PNEUMONIA_2261,kermany,PNEUMONIA,kermany-person-1684,train,77346b1f7d0d44e2d0a703d4e8fa7c7d58b713405f9f663170f7bc95c6998f07,kermany\train\PNEUMONIA\person1684_bacteria_4462.jpeg,data\interim\selected\kermany_PNEUMONIA_2261.jpeg,data/processed/images/kermany_PNEUMONIA_2261.png
kermany_PNEUMONIA_2262,kermany,PNEUMONIA,kermany-person-1444,train,774abdd7851117c81391eb03aee181ad4ff1780ceafd8b7b3f4d6b3a8d7e0a69,kermany\train\PNEUMONIA\person1444_bacteria_3732.jpeg,data\interim\selected\kermany_PNEUMONIA_2262.jpeg,data/processed/images/kermany_PNEUMONIA_2262.png
kermany_PNEUMONIA_2263,kermany,PNEUMONIA,kermany-person-299,train,776e671cc24b887fb18ca990ff849d233eb5eae909f84f81cdf771326e8c9f11,kermany\train\PNEUMONIA\person299_bacteria_1416.jpeg,data\interim\selected\kermany_PNEUMONIA_2263.jpeg,data/processed/images/kermany_PNEUMONIA_2263.png
kermany_PNEUMONIA_2264,kermany,PNEUMONIA,kermany-person-940,train,789a052f73551a5e92793e360ed1a236816380f327322ffba2f0bba9e68bc162,kermany\train\PNEUMONIA\person940_virus_1605.jpeg,data\interim\selected\kermany_PNEUMONIA_2264.jpeg,data/processed/images/kermany_PNEUMONIA_2264.png
kermany_PNEUMONIA_2265,kermany,PNEUMONIA,kermany-person-502,train,78ddb9d386bcc35f146e7841b3f34e98eb6f8c90675815b2b4dbc7cbf2aefa56,kermany\train\PNEUMONIA\person502_bacteria_2121.jpeg,data\interim\selected\kermany_PNEUMONIA_2265.jpeg,data/processed/images/kermany_PNEUMONIA_2265.png
kermany_PNEUMONIA_2266,kermany,PNEUMONIA,kermany-person-1253,train,78e4f4b1ed10c860b0ad182d16f504d845f5d1d390ae31aa2ba3d7a43f40a5db,kermany\train\PNEUMONIA\person1253_virus_2129.jpeg,data\interim\selected\kermany_PNEUMONIA_2266.jpeg,data/processed/images/kermany_PNEUMONIA_2266.png
kermany_PNEUMONIA_2267,kermany,PNEUMONIA,kermany-person-1731,train,7946c75e259ba6ab7a1eba7fdeabf29666e30e594492856b488fe6ceb8c7053c,kermany\train\PNEUMONIA\person1731_bacteria_4563.jpeg,data\interim\selected\kermany_PNEUMONIA_2267.jpeg,data/processed/images/kermany_PNEUMONIA_2267.png
kermany_PNEUMONIA_2268,kermany,PNEUMONIA,kermany-person-586,train,7982514d65213600052fde8332a6ee839ac9143fc4dfe4954fe25ca4328e42ea,kermany\train\PNEUMONIA\person586_bacteria_2417.jpeg,data\interim\selected\kermany_PNEUMONIA_2268.jpeg,data/processed/images/kermany_PNEUMONIA_2268.png
kermany_PNEUMONIA_2269,kermany,PNEUMONIA,kermany-person-1365,train,79b765c795385329599a1d586e253da05475bbe900a2baf598d3d0cf8b1e4495,kermany\train\PNEUMONIA\person1365_virus_2348.jpeg,data\interim\selected\kermany_PNEUMONIA_2269.jpeg,data/processed/images/kermany_PNEUMONIA_2269.png
kermany_PNEUMONIA_2270,kermany,PNEUMONIA,kermany-person-997,train,79bb3dd215e684ff36d851d9958eab60d0455011a57eb97fd0183c8d24572955,kermany\train\PNEUMONIA\person997_bacteria_2926.jpeg,data\interim\selected\kermany_PNEUMONIA_2270.jpeg,data/processed/images/kermany_PNEUMONIA_2270.png
kermany_PNEUMONIA_2271,kermany,PNEUMONIA,kermany-person-278,train,79d4f5b046a22ab1aa50a3480fb417181425b688fa448e55be15a0396d155c68,kermany\train\PNEUMONIA\person278_bacteria_1311.jpeg,data\interim\selected\kermany_PNEUMONIA_2271.jpeg,data/processed/images/kermany_PNEUMONIA_2271.png
kermany_PNEUMONIA_2272,kermany,PNEUMONIA,kermany-person-489,train,7a5f60dfeab54695ea4799a4be37f07fab2a722a6829e856de6170f2e63dfed3,kermany\train\PNEUMONIA\person489_bacteria_2064.jpeg,data\interim\selected\kermany_PNEUMONIA_2272.jpeg,data/processed/images/kermany_PNEUMONIA_2272.png
kermany_PNEUMONIA_2273,kermany,PNEUMONIA,kermany-person-1231,train,7a69f96b4faf090a3c495a8b23855b6b7958ec97bc786c00ff945557165fa43a,kermany\train\PNEUMONIA\person1231_bacteria_3186.jpeg,data\interim\selected\kermany_PNEUMONIA_2273.jpeg,data/processed/images/kermany_PNEUMONIA_2273.png
kermany_PNEUMONIA_2274,kermany,PNEUMONIA,kermany-person-515,train,7aa4b68d34557e4646ef4611670d2bd07b183a291d7f8f2d9ad0428366377761,kermany\train\PNEUMONIA\person515_bacteria_2187.jpeg,data\interim\selected\kermany_PNEUMONIA_2274.jpeg,data/processed/images/kermany_PNEUMONIA_2274.png
kermany_PNEUMONIA_2275,kermany,PNEUMONIA,kermany-person-487,train,7b1b1208c952956ae5ecc96ea8c4fb4c3770dde4ec33807496dd1000e23f2122,kermany\train\PNEUMONIA\person487_bacteria_2057.jpeg,data\interim\selected\kermany_PNEUMONIA_2275.jpeg,data/processed/images/kermany_PNEUMONIA_2275.png
kermany_PNEUMONIA_2276,kermany,PNEUMONIA,kermany-person-1632,train,7b70798d512ca2b35863bb26d055dbeb54cc7072055ca2a685628fcf559dc876,kermany\test\PNEUMONIA\person1632_virus_2827.jpeg,data\interim\selected\kermany_PNEUMONIA_2276.jpeg,data/processed/images/kermany_PNEUMONIA_2276.png
kermany_PNEUMONIA_2277,kermany,PNEUMONIA,kermany-person-1308,train,7b84a2790f5b598ad656d1926921e661f22ee518523b2c8a0ada9bf88695d1bf,kermany\train\PNEUMONIA\person1308_bacteria_3288.jpeg,data\interim\selected\kermany_PNEUMONIA_2277.jpeg,data/processed/images/kermany_PNEUMONIA_2277.png
kermany_PNEUMONIA_2278,kermany,PNEUMONIA,kermany-person-1003,train,7ba95cac43a63191040b7cee8a407dbe2da1b3aaf8b1aa68092db69b8225dd3b,kermany\train\PNEUMONIA\person1003_bacteria_2934.jpeg,data\interim\selected\kermany_PNEUMONIA_2278.jpeg,data/processed/images/kermany_PNEUMONIA_2278.png
kermany_PNEUMONIA_2279,kermany,PNEUMONIA,kermany-person-998,train,7c113e01f26497c4cf3ebe46723dcd6b909bff8dccf2f3bd79db01b2065e8440,kermany\train\PNEUMONIA\person998_bacteria_2928.jpeg,data\interim\selected\kermany_PNEUMONIA_2279.jpeg,data/processed/images/kermany_PNEUMONIA_2279.png
kermany_PNEUMONIA_2280,kermany,PNEUMONIA,kermany-person-640,train,7c8dc715cb2b63a0d53c9111d67aa847c04853dcb2c6e2c16b2204f5474cdf90,kermany\train\PNEUMONIA\person640_bacteria_2532.jpeg,data\interim\selected\kermany_PNEUMONIA_2280.jpeg,data/processed/images/kermany_PNEUMONIA_2280.png
kermany_PNEUMONIA_2281,kermany,PNEUMONIA,kermany-person-127,train,7cb8e0b24bbbff1f5f956bd0139a0a8dc9c687706656a0f7597fd1d8ccb21654,kermany\test\PNEUMONIA\person127_bacteria_603.jpeg,data\interim\selected\kermany_PNEUMONIA_2281.jpeg,data/processed/images/kermany_PNEUMONIA_2281.png
kermany_PNEUMONIA_2282,kermany,PNEUMONIA,kermany-person-1122,train,7d4900bc4bdb32e962c932cf5511cf82f8719cb133f4f8c12db11459ff142b6c,kermany\train\PNEUMONIA\person1122_bacteria_3063.jpeg,data\interim\selected\kermany_PNEUMONIA_2282.jpeg,data/processed/images/kermany_PNEUMONIA_2282.png
kermany_PNEUMONIA_2283,kermany,PNEUMONIA,kermany-person-653,train,7db56a95bfd7c641b546954bb7b5d09607d3ae3b1de91a190389d41597edc4d3,kermany\train\PNEUMONIA\person653_virus_1235.jpeg,data\interim\selected\kermany_PNEUMONIA_2283.jpeg,data/processed/images/kermany_PNEUMONIA_2283.png
kermany_PNEUMONIA_2284,kermany,PNEUMONIA,kermany-person-132,train,7e4ae8516816db7f3e0362b42ebd98a3a0f244e462ffdffce74ec7beff17b44b,kermany\test\PNEUMONIA\person132_bacteria_632.jpeg,data\interim\selected\kermany_PNEUMONIA_2284.jpeg,data/processed/images/kermany_PNEUMONIA_2284.png
kermany_PNEUMONIA_2285,kermany,PNEUMONIA,kermany-person-1263,train,7e5ecc0f61825a61f3cff7477fd53210d7596a122da6451316405235da753037,kermany\train\PNEUMONIA\person1263_bacteria_3221.jpeg,data\interim\selected\kermany_PNEUMONIA_2285.jpeg,data/processed/images/kermany_PNEUMONIA_2285.png
kermany_PNEUMONIA_2286,kermany,PNEUMONIA,kermany-person-1562,train,7e958a13ee4968457564779fc579ba36a09ea08a35523d581e6e7c9864dab4bf,kermany\train\PNEUMONIA\person1562_bacteria_4089.jpeg,data\interim\selected\kermany_PNEUMONIA_2286.jpeg,data/processed/images/kermany_PNEUMONIA_2286.png
kermany_PNEUMONIA_2287,kermany,PNEUMONIA,kermany-person-326,train,7ef9a7792ab03bef239e467f439ea7f6a29fc9e765286312c5363b3fa87ae13e,kermany\train\PNEUMONIA\person326_bacteria_1503.jpeg,data\interim\selected\kermany_PNEUMONIA_2287.jpeg,data/processed/images/kermany_PNEUMONIA_2287.png
kermany_PNEUMONIA_2288,kermany,PNEUMONIA,kermany-person-1566,train,80e2a683c34525f542fc0ba45307b1c3d82036d5419173921e82582f9ddc2cb8,kermany\train\PNEUMONIA\person1566_bacteria_4099.jpeg,data\interim\selected\kermany_PNEUMONIA_2288.jpeg,data/processed/images/kermany_PNEUMONIA_2288.png
kermany_PNEUMONIA_2289,kermany,PNEUMONIA,kermany-person-259,train,812c04703610192375c4fea51af0ea14acdea424697145754e653a8516faf675,kermany\train\PNEUMONIA\person259_virus_540.jpeg,data\interim\selected\kermany_PNEUMONIA_2289.jpeg,data/processed/images/kermany_PNEUMONIA_2289.png
kermany_PNEUMONIA_2290,kermany,PNEUMONIA,kermany-person-361,train,813220cb9e5ff56ac7a626b3d2e25d20c9d19e8e041799ec711d66f7c6ba7a16,kermany\train\PNEUMONIA\person361_virus_740.jpeg,data\interim\selected\kermany_PNEUMONIA_2290.jpeg,data/processed/images/kermany_PNEUMONIA_2290.png
kermany_PNEUMONIA_2291,kermany,PNEUMONIA,kermany-person-140,train,81e368471a1e0bb23f937876176251cb1cb6d442955b8e189ee78f0872911a5b,kermany\test\PNEUMONIA\person140_bacteria_667.jpeg,data\interim\selected\kermany_PNEUMONIA_2291.jpeg,data/processed/images/kermany_PNEUMONIA_2291.png
kermany_PNEUMONIA_2292,kermany,PNEUMONIA,kermany-person-80,train,83461e88e3724156a393ad0eec6050d19f21b8bd8ee1f617b3a7e87bbe730252,kermany\test\PNEUMONIA\person80_bacteria_390.jpeg,data\interim\selected\kermany_PNEUMONIA_2292.jpeg,data/processed/images/kermany_PNEUMONIA_2292.png
kermany_PNEUMONIA_2293,kermany,PNEUMONIA,kermany-person-1474,train,83df7d5cb399f6474ed0e1eeb3eff02fc9af7ecf9128cbc9fe38bbc7d79b3e63,kermany\train\PNEUMONIA\person1474_virus_2557.jpeg,data\interim\selected\kermany_PNEUMONIA_2293.jpeg,data/processed/images/kermany_PNEUMONIA_2293.png
kermany_PNEUMONIA_2294,kermany,PNEUMONIA,kermany-person-1198,train,84850c567458b60c5b85a7edcf1892406fa4a14f158f836bc6c4c728dce9c856,kermany\train\PNEUMONIA\person1198_bacteria_3148.jpeg,data\interim\selected\kermany_PNEUMONIA_2294.jpeg,data/processed/images/kermany_PNEUMONIA_2294.png
kermany_PNEUMONIA_2295,kermany,PNEUMONIA,kermany-person-1320,train,8486891f00dab25a1a8572f5d2b1199bf5d9e398457267591f71e288c4ac20cd,kermany\train\PNEUMONIA\person1320_bacteria_3355.jpeg,data\interim\selected\kermany_PNEUMONIA_2295.jpeg,data/processed/images/kermany_PNEUMONIA_2295.png
kermany_PNEUMONIA_2296,kermany,PNEUMONIA,kermany-person-554,train,852e8ee4c5417a4833b5008445a8be2e0d30283cf7fb4ce63e5a8f1eff63ca0f,kermany\train\PNEUMONIA\person554_bacteria_2321.jpeg,data\interim\selected\kermany_PNEUMONIA_2296.jpeg,data/processed/images/kermany_PNEUMONIA_2296.png
kermany_PNEUMONIA_2297,kermany,PNEUMONIA,kermany-person-1365,train,8547ef41b724295954f0d79da8227c4b44930d22cff8d7ea56b080aea25e69d2,kermany\train\PNEUMONIA\person1365_bacteria_3489.jpeg,data\interim\selected\kermany_PNEUMONIA_2297.jpeg,data/processed/images/kermany_PNEUMONIA_2297.png
kermany_PNEUMONIA_2298,kermany,PNEUMONIA,kermany-person-140,train,854d541ecdc60b8c085ea3b7c76f322dfd612a9f893d6ec1c22a8b6d9c5c27fb,kermany\train\PNEUMONIA\person140_virus_285.jpeg,data\interim\selected\kermany_PNEUMONIA_2298.jpeg,data/processed/images/kermany_PNEUMONIA_2298.png
kermany_PNEUMONIA_2299,kermany,PNEUMONIA,kermany-person-1492,train,860e92ab852e2306be31a71ae4fa45aa32d28500ac9e2ebd32c1dd9a4981403d,kermany\train\PNEUMONIA\person1492_bacteria_3894.jpeg,data\interim\selected\kermany_PNEUMONIA_2299.jpeg,data/processed/images/kermany_PNEUMONIA_2299.png
kermany_PNEUMONIA_2300,kermany,PNEUMONIA,kermany-person-1441,train,870ee35d73e95a1af95e27a5b4f875a5ca03b76b0179a635b285f26eca55df84,kermany\train\PNEUMONIA\person1441_virus_2457.jpeg,data\interim\selected\kermany_PNEUMONIA_2300.jpeg,data/processed/images/kermany_PNEUMONIA_2300.png
kermany_PNEUMONIA_2301,kermany,PNEUMONIA,kermany-person-434,train,87a32177aef761b5d1e7b4fe43f5bf67b3f3417202a5946c6c733cd481888ad7,kermany\train\PNEUMONIA\person434_virus_883.jpeg,data\interim\selected\kermany_PNEUMONIA_2301.jpeg,data/processed/images/kermany_PNEUMONIA_2301.png
kermany_PNEUMONIA_2302,kermany,PNEUMONIA,kermany-person-515,train,87aaeaa8c40ae527ef6e1c2f0e9ae29a5552528b42a7c7742357ed1fee83bf33,kermany\train\PNEUMONIA\person515_bacteria_2185.jpeg,data\interim\selected\kermany_PNEUMONIA_2302.jpeg,data/processed/images/kermany_PNEUMONIA_2302.png
kermany_PNEUMONIA_2303,kermany,PNEUMONIA,kermany-person-540,train,87add532b388ec0b128ef3d90fa0121500cbade252aa1955304f861f36e9154a,kermany\train\PNEUMONIA\person540_bacteria_2272.jpeg,data\interim\selected\kermany_PNEUMONIA_2303.jpeg,data/processed/images/kermany_PNEUMONIA_2303.png
kermany_PNEUMONIA_2304,kermany,PNEUMONIA,kermany-person-445,train,88c259e252b7fbb3a6ad7f8b11f9ba1341b6064f4cfc2b052df31105445d9c58,kermany\train\PNEUMONIA\person445_virus_917.jpeg,data\interim\selected\kermany_PNEUMONIA_2304.jpeg,data/processed/images/kermany_PNEUMONIA_2304.png
kermany_PNEUMONIA_2305,kermany,PNEUMONIA,kermany-person-1936,train,88d203bb0cc5b5ece8a4afee9bf0a6ca42f7f7c0685351cb754c47aa34f1c408,kermany\train\PNEUMONIA\person1936_bacteria_4852.jpeg,data\interim\selected\kermany_PNEUMONIA_2305.jpeg,data/processed/images/kermany_PNEUMONIA_2305.png
kermany_PNEUMONIA_2306,kermany,PNEUMONIA,kermany-person-401,train,89727972ff7751c781364e6304ea410d4f8e3a196302331bb822e2a953fe8e1c,kermany\train\PNEUMONIA\person401_bacteria_1808.jpeg,data\interim\selected\kermany_PNEUMONIA_2306.jpeg,data/processed/images/kermany_PNEUMONIA_2306.png
kermany_PNEUMONIA_2307,kermany,PNEUMONIA,kermany-person-30,train,89b2e8f1d3f68eccb3a1de0e3f34b123d14e3efe4b767585480213f3d1cc3a92,kermany\test\PNEUMONIA\person30_virus_69.jpeg,data\interim\selected\kermany_PNEUMONIA_2307.jpeg,data/processed/images/kermany_PNEUMONIA_2307.png
kermany_PNEUMONIA_2308,kermany,PNEUMONIA,kermany-person-717,train,8af17a4998441aaeaad5b949bda14489f13602125fa4475a6f27e144569216b3,kermany\train\PNEUMONIA\person717_bacteria_2618.jpeg,data\interim\selected\kermany_PNEUMONIA_2308.jpeg,data/processed/images/kermany_PNEUMONIA_2308.png
kermany_PNEUMONIA_2309,kermany,PNEUMONIA,kermany-person-1607,train,8b070c0ba6dfe62ef483cc5b1f0f7be56d3d06e74fac9ae7e23956014c04a228,kermany\train\PNEUMONIA\person1607_virus_2785.jpeg,data\interim\selected\kermany_PNEUMONIA_2309.jpeg,data/processed/images/kermany_PNEUMONIA_2309.png
kermany_PNEUMONIA_2310,kermany,PNEUMONIA,kermany-person-62,train,8c65258d61edcdad560ad10882fdfaa3806b880e681f9f00c9672cc2dc90e1da,kermany\train\PNEUMONIA\person62_bacteria_303.jpeg,data\interim\selected\kermany_PNEUMONIA_2310.jpeg,data/processed/images/kermany_PNEUMONIA_2310.png
kermany_PNEUMONIA_2311,kermany,PNEUMONIA,kermany-person-301,train,8ce77e5d3fb80592dfde20cc75d981ffbcd695bc575ed50e35614349b53e0678,kermany\train\PNEUMONIA\person301_bacteria_1429.jpeg,data\interim\selected\kermany_PNEUMONIA_2311.jpeg,data/processed/images/kermany_PNEUMONIA_2311.png
kermany_PNEUMONIA_2312,kermany,PNEUMONIA,kermany-person-16,train,8cfd451363357bc8b69ee930e351dfa59cc3760d7062a2efb1a4336b722da05c,kermany\train\PNEUMONIA\person16_bacteria_53.jpeg,data\interim\selected\kermany_PNEUMONIA_2312.jpeg,data/processed/images/kermany_PNEUMONIA_2312.png
kermany_PNEUMONIA_2313,kermany,PNEUMONIA,kermany-person-144,train,8d308d97e4c91ae0b09ad353f315681711841a336e947bfeb0fea58ce13ef9cf,kermany\test\PNEUMONIA\person144_bacteria_690.jpeg,data\interim\selected\kermany_PNEUMONIA_2313.jpeg,data/processed/images/kermany_PNEUMONIA_2313.png
kermany_PNEUMONIA_2314,kermany,PNEUMONIA,kermany-person-1453,train,8d80fa74a814abb7b3bf09f2a3b25be1dcccfc5e3d470c32d71a1bc4c0bc5a25,kermany\train\PNEUMONIA\person1453_virus_2485.jpeg,data\interim\selected\kermany_PNEUMONIA_2314.jpeg,data/processed/images/kermany_PNEUMONIA_2314.png
kermany_PNEUMONIA_2315,kermany,PNEUMONIA,kermany-person-131,train,8e2ffcce81a4f659e639f67384b968fd6048ad5c0a3abe448a43c91d6cb8bd52,kermany\train\PNEUMONIA\person131_virus_265.jpeg,data\interim\selected\kermany_PNEUMONIA_2315.jpeg,data/processed/images/kermany_PNEUMONIA_2315.png
kermany_PNEUMONIA_2316,kermany,PNEUMONIA,kermany-person-1201,train,8e52ee8475c7b31c8376802318e3d92d0d26bdf2e41d078d3ceeb659e4098904,kermany\train\PNEUMONIA\person1201_bacteria_3151.jpeg,data\interim\selected\kermany_PNEUMONIA_2316.jpeg,data/processed/images/kermany_PNEUMONIA_2316.png
kermany_PNEUMONIA_2317,kermany,PNEUMONIA,kermany-person-1249,train,8e713ae12ebc592bc3b0841d9a92843061551e245076e114751fc43d7b7985c7,kermany\train\PNEUMONIA\person1249_virus_2118.jpeg,data\interim\selected\kermany_PNEUMONIA_2317.jpeg,data/processed/images/kermany_PNEUMONIA_2317.png
kermany_PNEUMONIA_2318,kermany,PNEUMONIA,kermany-person-1323,train,8ed503c7cfbf40e9276f9eab36002ca81fc9d0e7ebd721afc325eeb53d0b74e6,kermany\train\PNEUMONIA\person1323_bacteria_3361.jpeg,data\interim\selected\kermany_PNEUMONIA_2318.jpeg,data/processed/images/kermany_PNEUMONIA_2318.png
kermany_PNEUMONIA_2319,kermany,PNEUMONIA,kermany-person-110,train,8ede03368156117cf70bb73168654045abf28751c81f43536349a345749265b2,kermany\train\PNEUMONIA\person110_virus_206.jpeg,data\interim\selected\kermany_PNEUMONIA_2319.jpeg,data/processed/images/kermany_PNEUMONIA_2319.png
kermany_PNEUMONIA_2320,kermany,PNEUMONIA,kermany-person-30,train,8edeff0608499ec100441bf223eb543853476f929d91c173c6e27b740922e059,kermany\train\PNEUMONIA\person30_bacteria_156.jpeg,data\interim\selected\kermany_PNEUMONIA_2320.jpeg,data/processed/images/kermany_PNEUMONIA_2320.png
kermany_PNEUMONIA_2321,kermany,PNEUMONIA,kermany-person-1536,train,8eeb36befcf4381aa93120c4bb883ac55a475d430868a5bd6e9ce345bf93eaa8,kermany\train\PNEUMONIA\person1536_virus_2673.jpeg,data\interim\selected\kermany_PNEUMONIA_2321.jpeg,data/processed/images/kermany_PNEUMONIA_2321.png
kermany_PNEUMONIA_2322,kermany,PNEUMONIA,kermany-person-1482,train,8f1340324c7a5c75dd6d73cbe87c587380431468d446b7fdc529586c7f288675,kermany\train\PNEUMONIA\person1482_bacteria_3874.jpeg,data\interim\selected\kermany_PNEUMONIA_2322.jpeg,data/processed/images/kermany_PNEUMONIA_2322.png
kermany_PNEUMONIA_2323,kermany,PNEUMONIA,kermany-person-1343,train,8f4ada0f0e786cac261591bc4e2ca92c4631df22ca58f5d52f283e905a577806,kermany\train\PNEUMONIA\person1343_bacteria_3416.jpeg,data\interim\selected\kermany_PNEUMONIA_2323.jpeg,data/processed/images/kermany_PNEUMONIA_2323.png
kermany_PNEUMONIA_2324,kermany,PNEUMONIA,kermany-person-53,train,910dc0ee99762ab0b0dfe4d7043f985df3aba0db347c077c3f9a257fbb62142d,kermany\train\PNEUMONIA\person53_bacteria_252.jpeg,data\interim\selected\kermany_PNEUMONIA_2324.jpeg,data/processed/images/kermany_PNEUMONIA_2324.png
kermany_PNEUMONIA_2325,kermany,PNEUMONIA,kermany-person-1433,train,917e1097d512d5304e0c0fe9c7ab7a7f31ea1c18edde363ba5c78f048440fb10,kermany\train\PNEUMONIA\person1433_virus_2447.jpeg,data\interim\selected\kermany_PNEUMONIA_2325.jpeg,data/processed/images/kermany_PNEUMONIA_2325.png
kermany_PNEUMONIA_2326,kermany,PNEUMONIA,kermany-person-409,train,91c4c251d657fd8712fdb5daaccf1658e41794e346365f531f492d4ea74ee475,kermany\train\PNEUMONIA\person409_virus_816.jpeg,data\interim\selected\kermany_PNEUMONIA_2326.jpeg,data/processed/images/kermany_PNEUMONIA_2326.png
kermany_PNEUMONIA_2327,kermany,PNEUMONIA,kermany-person-1306,train,929127b76acda588b0b857ac8a1c8db083a67f8491d7adf1c1d73d9f70a3c7cc,kermany\train\PNEUMONIA\person1306_bacteria_3272.jpeg,data\interim\selected\kermany_PNEUMONIA_2327.jpeg,data/processed/images/kermany_PNEUMONIA_2327.png
kermany_PNEUMONIA_2328,kermany,PNEUMONIA,kermany-person-466,train,9298d8aabce8fd7dc8c2e214398beeaa27b2500406d0e2fc8f552a088594842f,kermany\train\PNEUMONIA\person466_bacteria_1984.jpeg,data\interim\selected\kermany_PNEUMONIA_2328.jpeg,data/processed/images/kermany_PNEUMONIA_2328.png
kermany_PNEUMONIA_2329,kermany,PNEUMONIA,kermany-person-1147,train,934d332ff8dbd2cb9fff22dbc69454216b2ea476429fa248e5b8aca04b487ece,kermany\train\PNEUMONIA\person1147_virus_1919.jpeg,data\interim\selected\kermany_PNEUMONIA_2329.jpeg,data/processed/images/kermany_PNEUMONIA_2329.png
kermany_PNEUMONIA_2330,kermany,PNEUMONIA,kermany-person-1294,train,939e8e06a5971d8c95e5a892e11650668f5a62e043388a0ae244e0305861d7aa,kermany\train\PNEUMONIA\person1294_virus_2222.jpeg,data\interim\selected\kermany_PNEUMONIA_2330.jpeg,data/processed/images/kermany_PNEUMONIA_2330.png
kermany_PNEUMONIA_2331,kermany,PNEUMONIA,kermany-person-502,train,93d7d58adc5cd6c467fbbf2dce7a41e118074618ffd7a3695d9aedaefed89f38,kermany\train\PNEUMONIA\person502_virus_1012.jpeg,data\interim\selected\kermany_PNEUMONIA_2331.jpeg,data/processed/images/kermany_PNEUMONIA_2331.png
kermany_PNEUMONIA_2332,kermany,PNEUMONIA,kermany-person-325,train,94857e766a51b39ab8d13420bdc584749b82b19de9e80fca16a44b8bfb5b6ac1,kermany\train\PNEUMONIA\person325_virus_661.jpeg,data\interim\selected\kermany_PNEUMONIA_2332.jpeg,data/processed/images/kermany_PNEUMONIA_2332.png
kermany_PNEUMONIA_2333,kermany,PNEUMONIA,kermany-person-1165,train,9548ecc2d3d6038d3aac7b55e5f6eb2474ac076ce2cdb04e3761e49ab0e32fcb,kermany\train\PNEUMONIA\person1165_bacteria_3111.jpeg,data\interim\selected\kermany_PNEUMONIA_2333.jpeg,data/processed/images/kermany_PNEUMONIA_2333.png
kermany_PNEUMONIA_2334,kermany,PNEUMONIA,kermany-person-58,train,95c64d77fa7e57d6d76613210bf6fa6c0d93bd95272d776ed9218c1d734d547f,kermany\train\PNEUMONIA\person58_bacteria_278.jpeg,data\interim\selected\kermany_PNEUMONIA_2334.jpeg,data/processed/images/kermany_PNEUMONIA_2334.png
kermany_PNEUMONIA_2335,kermany,PNEUMONIA,kermany-person-348,train,973409d653145e40db0c5a7d1f4ebd9ae809dde80683244a45338884c3172b50,kermany\train\PNEUMONIA\person348_virus_719.jpeg,data\interim\selected\kermany_PNEUMONIA_2335.jpeg,data/processed/images/kermany_PNEUMONIA_2335.png
kermany_PNEUMONIA_2336,kermany,PNEUMONIA,kermany-person-1536,train,988c2926369b4511bdc826ac09baba00296ff0b655a58e5d1578affe31b4ac2d,kermany\train\PNEUMONIA\person1536_bacteria_4018.jpeg,data\interim\selected\kermany_PNEUMONIA_2336.jpeg,data/processed/images/kermany_PNEUMONIA_2336.png
kermany_PNEUMONIA_2337,kermany,PNEUMONIA,kermany-person-359,train,9a65fca9f8134914ca924b356c8e8a7203500963ddb1e721fff0826f968e145a,kermany\train\PNEUMONIA\person359_virus_738.jpeg,data\interim\selected\kermany_PNEUMONIA_2337.jpeg,data/processed/images/kermany_PNEUMONIA_2337.png
kermany_PNEUMONIA_2338,kermany,PNEUMONIA,kermany-person-1482,train,9b1a565615369f4b946249ccd24e38f1b0d00e072e151da76d582e0071919f2e,kermany\train\PNEUMONIA\person1482_virus_2573.jpeg,data\interim\selected\kermany_PNEUMONIA_2338.jpeg,data/processed/images/kermany_PNEUMONIA_2338.png
kermany_PNEUMONIA_2339,kermany,PNEUMONIA,kermany-person-1400,train,9b520f45a1e31a4d6718192a36d8397b2854423072016b015713742fe1da9f53,kermany\train\PNEUMONIA\person1400_bacteria_3551.jpeg,data\interim\selected\kermany_PNEUMONIA_2339.jpeg,data/processed/images/kermany_PNEUMONIA_2339.png
kermany_PNEUMONIA_2340,kermany,PNEUMONIA,kermany-person-1474,train,9b9c41e0d3dd0fc7960709585626f299803ff31f9d7bb9c9436af2b83d36db46,kermany\train\PNEUMONIA\person1474_bacteria_3837.jpeg,data\interim\selected\kermany_PNEUMONIA_2340.jpeg,data/processed/images/kermany_PNEUMONIA_2340.png
kermany_PNEUMONIA_2341,kermany,PNEUMONIA,kermany-person-1320,train,9bdcfea1b7013105f2e09e463281077a2aea68954204431ba9914259df38078a,kermany\train\PNEUMONIA\person1320_bacteria_3339.jpeg,data\interim\selected\kermany_PNEUMONIA_2341.jpeg,data/processed/images/kermany_PNEUMONIA_2341.png
kermany_PNEUMONIA_2342,kermany,PNEUMONIA,kermany-person-555,train,9be65b5467838de09ccdad0002b4e6ad53db656d3f583d68ba66a612fa760988,kermany\train\PNEUMONIA\person555_bacteria_2325.jpeg,data\interim\selected\kermany_PNEUMONIA_2342.jpeg,data/processed/images/kermany_PNEUMONIA_2342.png
kermany_PNEUMONIA_2343,kermany,PNEUMONIA,kermany-person-1722,train,9d9026780b0de625b8862fbaf7169039c8f31cf49fedcf4b47a60119312e6818,kermany\train\PNEUMONIA\person1722_bacteria_4547.jpeg,data\interim\selected\kermany_PNEUMONIA_2343.jpeg,data/processed/images/kermany_PNEUMONIA_2343.png
kermany_PNEUMONIA_2344,kermany,PNEUMONIA,kermany-person-831,train,9e5c952bc8fc544a1a48027d1621796bea5e85c852b475b86de869e10dca6b74,kermany\train\PNEUMONIA\person831_bacteria_2742.jpeg,data\interim\selected\kermany_PNEUMONIA_2344.jpeg,data/processed/images/kermany_PNEUMONIA_2344.png
kermany_PNEUMONIA_2345,kermany,PNEUMONIA,kermany-person-137,train,9ea43c91e2da10770d37b4c9738a97279e0d10da5eef0db031611f552db01eb5,kermany\test\PNEUMONIA\person137_bacteria_655.jpeg,data\interim\selected\kermany_PNEUMONIA_2345.jpeg,data/processed/images/kermany_PNEUMONIA_2345.png
kermany_PNEUMONIA_2346,kermany,PNEUMONIA,kermany-person-1661,train,9f1fa19555441f414c598df0d3175db81c84f4d4516d8a692d0cdc5542cb808b,kermany\train\PNEUMONIA\person1661_bacteria_4406.jpeg,data\interim\selected\kermany_PNEUMONIA_2346.jpeg,data/processed/images/kermany_PNEUMONIA_2346.png
kermany_PNEUMONIA_2347,kermany,PNEUMONIA,kermany-person-1352,train,9f60ae5d9fd13d5bd0f0d7e4c6bbbfc2b255ffc1efbe072ff11f39c496246eff,kermany\train\PNEUMONIA\person1352_bacteria_3444.jpeg,data\interim\selected\kermany_PNEUMONIA_2347.jpeg,data/processed/images/kermany_PNEUMONIA_2347.png
kermany_PNEUMONIA_2348,kermany,PNEUMONIA,kermany-person-1518,train,9fca63142e5e2e41cccdf4679e4b8efe6e136798c79ea6eb8a63c9e4d0b260ee,kermany\train\PNEUMONIA\person1518_bacteria_3969.jpeg,data\interim\selected\kermany_PNEUMONIA_2348.jpeg,data/processed/images/kermany_PNEUMONIA_2348.png
kermany_PNEUMONIA_2349,kermany,PNEUMONIA,kermany-person-1583,train,a021ff3d1c77600ac33d6c6189505ac284d504406416c39618286b312eb9434f,kermany\train\PNEUMONIA\person1583_bacteria_4144.jpeg,data\interim\selected\kermany_PNEUMONIA_2349.jpeg,data/processed/images/kermany_PNEUMONIA_2349.png
kermany_PNEUMONIA_2350,kermany,PNEUMONIA,kermany-person-1349,train,a049308a675d3e3c8e95b7b1e73f29919d1ca72fa0acc363c5021f4b9ce13ec6,kermany\train\PNEUMONIA\person1349_bacteria_3434.jpeg,data\interim\selected\kermany_PNEUMONIA_2350.jpeg,data/processed/images/kermany_PNEUMONIA_2350.png
kermany_PNEUMONIA_2351,kermany,PNEUMONIA,kermany-person-40,train,a083d9cc5081148a7dbf0fe40d7d0e51aa63bee59e240b3577f098c14238841c,kermany\train\PNEUMONIA\person40_bacteria_204.jpeg,data\interim\selected\kermany_PNEUMONIA_2351.jpeg,data/processed/images/kermany_PNEUMONIA_2351.png
kermany_PNEUMONIA_2352,kermany,PNEUMONIA,kermany-person-1343,train,a0dd743eaf994368f614d1a7a21168061b7b07f4223121566c1341af6929b881,kermany\train\PNEUMONIA\person1343_bacteria_3418.jpeg,data\interim\selected\kermany_PNEUMONIA_2352.jpeg,data/processed/images/kermany_PNEUMONIA_2352.png
kermany_PNEUMONIA_2353,kermany,PNEUMONIA,kermany-person-387,train,a0f2906d333bd56cc6a12d4a760d96b70a89682c4ca27acc860d4a8bf7761de2,kermany\train\PNEUMONIA\person387_virus_772.jpeg,data\interim\selected\kermany_PNEUMONIA_2353.jpeg,data/processed/images/kermany_PNEUMONIA_2353.png
kermany_PNEUMONIA_2354,kermany,PNEUMONIA,kermany-person-71,train,a1b1b3adef12dd29e15407633ca7d72bf49121abd0d71f30e6f2b6978bd4855e,kermany\train\PNEUMONIA\person71_bacteria_349.jpeg,data\interim\selected\kermany_PNEUMONIA_2354.jpeg,data/processed/images/kermany_PNEUMONIA_2354.png
kermany_PNEUMONIA_2355,kermany,PNEUMONIA,kermany-person-372,train,a1c4ff5b186cbeb46b1e6549290bfe2f3071eb4360726d56637978f619f290fd,kermany\train\PNEUMONIA\person372_bacteria_1704.jpeg,data\interim\selected\kermany_PNEUMONIA_2355.jpeg,data/processed/images/kermany_PNEUMONIA_2355.png
kermany_PNEUMONIA_2356,kermany,PNEUMONIA,kermany-person-1904,train,a2b9f7df8431fb09f9145c2f621cd0091a796453319d150f18ad88d33ceeac4f,kermany\train\PNEUMONIA\person1904_bacteria_4798.jpeg,data\interim\selected\kermany_PNEUMONIA_2356.jpeg,data/processed/images/kermany_PNEUMONIA_2356.png
kermany_PNEUMONIA_2357,kermany,PNEUMONIA,kermany-person-37,train,a327ce37d22f01af4ae6ced90f6b35557a8b5f2746bdf447799ada0fb68294b9,kermany\test\PNEUMONIA\person37_virus_82.jpeg,data\interim\selected\kermany_PNEUMONIA_2357.jpeg,data/processed/images/kermany_PNEUMONIA_2357.png
kermany_PNEUMONIA_2358,kermany,PNEUMONIA,kermany-person-1507,train,a34c5df0f56c66f89787a0882084ba100dc8317b543a21855d5796b0956befbb,kermany\train\PNEUMONIA\person1507_bacteria_3935.jpeg,data\interim\selected\kermany_PNEUMONIA_2358.jpeg,data/processed/images/kermany_PNEUMONIA_2358.png
kermany_PNEUMONIA_2359,kermany,PNEUMONIA,kermany-person-475,train,a37b71823cf8a429396e127a80a964ba5d2e58e65eb2886c77b9b4a1c96e3d4b,kermany\train\PNEUMONIA\person475_bacteria_2025.jpeg,data\interim\selected\kermany_PNEUMONIA_2359.jpeg,data/processed/images/kermany_PNEUMONIA_2359.png
kermany_PNEUMONIA_2360,kermany,PNEUMONIA,kermany-person-1618,train,a42d70b3e44c9f108aeaf5518a5e396706412b5246d9d3c17a1429ffaacb4d94,kermany\train\PNEUMONIA\person1618_bacteria_4258.jpeg,data\interim\selected\kermany_PNEUMONIA_2360.jpeg,data/processed/images/kermany_PNEUMONIA_2360.png
kermany_PNEUMONIA_2361,kermany,PNEUMONIA,kermany-person-148,train,a448188c70eeee95d686c191691a16671c2872f6b93301b94110b739e9bf24bd,kermany\train\PNEUMONIA\person148_virus_298.jpeg,data\interim\selected\kermany_PNEUMONIA_2361.jpeg,data/processed/images/kermany_PNEUMONIA_2361.png
kermany_PNEUMONIA_2362,kermany,PNEUMONIA,kermany-person-998,train,a4988c52bacb2fb680351cbeee4dd15d83e997df64ee27da81a11807887f15f4,kermany\train\PNEUMONIA\person998_bacteria_2927.jpeg,data\interim\selected\kermany_PNEUMONIA_2362.jpeg,data/processed/images/kermany_PNEUMONIA_2362.png
kermany_PNEUMONIA_2363,kermany,PNEUMONIA,kermany-person-119,train,a4c08f59d1f5953d5597c25be10deb114af5cbdd01691917a9a35e91840397d5,kermany\test\PNEUMONIA\person119_bacteria_567.jpeg,data\interim\selected\kermany_PNEUMONIA_2363.jpeg,data/processed/images/kermany_PNEUMONIA_2363.png
kermany_PNEUMONIA_2364,kermany,PNEUMONIA,kermany-person-297,train,a50c331ee2b740d1cc53d0be57de3b7babd3206de55178c0f30202c97a7d881a,kermany\train\PNEUMONIA\person297_bacteria_1404.jpeg,data\interim\selected\kermany_PNEUMONIA_2364.jpeg,data/processed/images/kermany_PNEUMONIA_2364.png
kermany_PNEUMONIA_2365,kermany,PNEUMONIA,kermany-person-1629,train,a671802c99ad713be0664fa75c52fb7ccdcebc1d63b4ed77f68d6ed822d82b25,kermany\train\PNEUMONIA\person1629_bacteria_4299.jpeg,data\interim\selected\kermany_PNEUMONIA_2365.jpeg,data/processed/images/kermany_PNEUMONIA_2365.png
kermany_PNEUMONIA_2366,kermany,PNEUMONIA,kermany-person-470,train,a70166649c0729c004e3aa8839b6073d499c5c4ca8d938fb81648dc05f05b883,kermany\train\PNEUMONIA\person470_bacteria_2002.jpeg,data\interim\selected\kermany_PNEUMONIA_2366.jpeg,data/processed/images/kermany_PNEUMONIA_2366.png
kermany_PNEUMONIA_2367,kermany,PNEUMONIA,kermany-person-57,train,a7589b6a228cf970e0e6a53cb4c1fed5b0917fd13aa234cc9f62b2a3d09724af,kermany\train\PNEUMONIA\person57_bacteria_270.jpeg,data\interim\selected\kermany_PNEUMONIA_2367.jpeg,data/processed/images/kermany_PNEUMONIA_2367.png
kermany_PNEUMONIA_2368,kermany,PNEUMONIA,kermany-person-23,train,a76d0e0f0a8be40d94512274574c48f28e204bddef73f6ab8d91532776c876a4,kermany\train\PNEUMONIA\person23_bacteria_80.jpeg,data\interim\selected\kermany_PNEUMONIA_2368.jpeg,data/processed/images/kermany_PNEUMONIA_2368.png
kermany_PNEUMONIA_2369,kermany,PNEUMONIA,kermany-person-606,train,a7d12741ec30e9332da00c7a010a388c8efdadf67403f5f9ac0b42aa8b8bca41,kermany\train\PNEUMONIA\person606_bacteria_2469.jpeg,data\interim\selected\kermany_PNEUMONIA_2369.jpeg,data/processed/images/kermany_PNEUMONIA_2369.png
kermany_PNEUMONIA_2370,kermany,PNEUMONIA,kermany-person-881,train,a7e9b1251f4905a3a0c9358789cc1b98d19800c34472af33294c85bd458fb693,kermany\train\PNEUMONIA\person881_bacteria_2805.jpeg,data\interim\selected\kermany_PNEUMONIA_2370.jpeg,data/processed/images/kermany_PNEUMONIA_2370.png
kermany_PNEUMONIA_2371,kermany,PNEUMONIA,kermany-person-420,train,a7fd163d2ac8640a08712146f5cc204f75959e01513dbf4e168eb56b480a8077,kermany\train\PNEUMONIA\person420_bacteria_1851.jpeg,data\interim\selected\kermany_PNEUMONIA_2371.jpeg,data/processed/images/kermany_PNEUMONIA_2371.png
kermany_PNEUMONIA_2372,kermany,PNEUMONIA,kermany-person-1676,train,a8282d41b5b48f027c62a0e65a21a2574a0b6ad64d33311c4bd267b157970ad7,kermany\test\PNEUMONIA\person1676_virus_2892.jpeg,data\interim\selected\kermany_PNEUMONIA_2372.jpeg,data/processed/images/kermany_PNEUMONIA_2372.png
kermany_PNEUMONIA_2373,kermany,PNEUMONIA,kermany-person-836,train,a9406f4de8805522891d84b02f3c6861c1375342b3a37cd62808a6a4511f9577,kermany\train\PNEUMONIA\person836_virus_1473.jpeg,data\interim\selected\kermany_PNEUMONIA_2373.jpeg,data/processed/images/kermany_PNEUMONIA_2373.png
kermany_PNEUMONIA_2374,kermany,PNEUMONIA,kermany-person-1866,train,aa176deaae51a0229d375cdecae2c1d9ca15c1b415748aef097cbabd413125dd,kermany\train\PNEUMONIA\person1866_bacteria_4740.jpeg,data\interim\selected\kermany_PNEUMONIA_2374.jpeg,data/processed/images/kermany_PNEUMONIA_2374.png
kermany_PNEUMONIA_2375,kermany,PNEUMONIA,kermany-person-71,train,aaa9af4070e91e37166836aedefff9714baf2e4af32b54d7177657c1bbcb4ca9,kermany\test\PNEUMONIA\person71_virus_132.jpeg,data\interim\selected\kermany_PNEUMONIA_2375.jpeg,data/processed/images/kermany_PNEUMONIA_2375.png
kermany_PNEUMONIA_2376,kermany,PNEUMONIA,kermany-person-1539,train,abac73a37495004c4c5869b4c3b93cbeea5b851b09859d932251d0f6643f1cf3,kermany\train\PNEUMONIA\person1539_virus_2679.jpeg,data\interim\selected\kermany_PNEUMONIA_2376.jpeg,data/processed/images/kermany_PNEUMONIA_2376.png
kermany_PNEUMONIA_2377,kermany,PNEUMONIA,kermany-person-1642,train,abb79916ae2c94deed8acc17c70e3deee3d58f173a451f511992f3dcf1cf136b,kermany\train\PNEUMONIA\person1642_bacteria_4352.jpeg,data\interim\selected\kermany_PNEUMONIA_2377.jpeg,data/processed/images/kermany_PNEUMONIA_2377.png
kermany_PNEUMONIA_2378,kermany,PNEUMONIA,kermany-person-718,train,abb90112cb87abc8ee467151969528ff523dacbd117e053f9a04a731106fa292,kermany\train\PNEUMONIA\person718_virus_1316.jpeg,data\interim\selected\kermany_PNEUMONIA_2378.jpeg,data/processed/images/kermany_PNEUMONIA_2378.png
kermany_PNEUMONIA_2379,kermany,PNEUMONIA,kermany-person-24,train,abd54557f013aa00c6c83784c25af8a39fda525f964f1f2b3a1ac3b57ad824c4,kermany\train\PNEUMONIA\person24_bacteria_110.jpeg,data\interim\selected\kermany_PNEUMONIA_2379.jpeg,data/processed/images/kermany_PNEUMONIA_2379.png
kermany_PNEUMONIA_2380,kermany,PNEUMONIA,kermany-person-437,train,acda8d1cd379c70c2d297af787b68238cb818b0d7b20bcd2abba51f87d044111,kermany\train\PNEUMONIA\person437_bacteria_1885.jpeg,data\interim\selected\kermany_PNEUMONIA_2380.jpeg,data/processed/images/kermany_PNEUMONIA_2380.png
kermany_PNEUMONIA_2381,kermany,PNEUMONIA,kermany-person-109,train,adb515f47df3b73ec7fe2fcc8028cedfca37dfc5de003f6a0b69be36df34a67e,kermany\test\PNEUMONIA\person109_bacteria_517.jpeg,data\interim\selected\kermany_PNEUMONIA_2381.jpeg,data/processed/images/kermany_PNEUMONIA_2381.png
kermany_PNEUMONIA_2382,kermany,PNEUMONIA,kermany-person-548,train,af07f5e45f624ae755c13ced18e0787ee5a840a043958920e20a628d63083d3f,kermany\train\PNEUMONIA\person548_bacteria_2300.jpeg,data\interim\selected\kermany_PNEUMONIA_2382.jpeg,data/processed/images/kermany_PNEUMONIA_2382.png
kermany_PNEUMONIA_2383,kermany,PNEUMONIA,kermany-person-73,train,af428282db7b34ef0706f9bc8004c65bcc5a1c43556b06cab4a90eb4383f24d1,kermany\train\PNEUMONIA\person73_bacteria_359.jpeg,data\interim\selected\kermany_PNEUMONIA_2383.jpeg,data/processed/images/kermany_PNEUMONIA_2383.png
kermany_PNEUMONIA_2384,kermany,PNEUMONIA,kermany-person-484,train,af675fc3dd9780038510dbd443444d0b85d1d309f10e864f162870cbdef0f242,kermany\train\PNEUMONIA\person484_virus_986.jpeg,data\interim\selected\kermany_PNEUMONIA_2384.jpeg,data/processed/images/kermany_PNEUMONIA_2384.png
kermany_PNEUMONIA_2385,kermany,PNEUMONIA,kermany-person-1702,train,afedb1428ebba6fbd7fea0f5b8d7fb6a02bb1a856a8b7df0789cf4002ddffef0,kermany\train\PNEUMONIA\person1702_bacteria_4510.jpeg,data\interim\selected\kermany_PNEUMONIA_2385.jpeg,data/processed/images/kermany_PNEUMONIA_2385.png
kermany_PNEUMONIA_2386,kermany,PNEUMONIA,kermany-person-579,train,b00abbd67b4586a202c1b7e7d750cb73ba56e3218cf1ffa341c82b02efccc5ce,kermany\train\PNEUMONIA\person579_bacteria_2381.jpeg,data\interim\selected\kermany_PNEUMONIA_2386.jpeg,data/processed/images/kermany_PNEUMONIA_2386.png
kermany_PNEUMONIA_2387,kermany,PNEUMONIA,kermany-person-154,train,b025a5e3ec3cf704f0c9cb7145cf36730e8cfc45365e2b52aa2ed0f8f764027f,kermany\train\PNEUMONIA\person154_virus_306.jpeg,data\interim\selected\kermany_PNEUMONIA_2387.jpeg,data/processed/images/kermany_PNEUMONIA_2387.png
kermany_PNEUMONIA_2388,kermany,PNEUMONIA,kermany-person-110,train,b03a2dc58d3b3d516494dab78c8bd32d0409ef6b65d95cbaf997969123748713,kermany\test\PNEUMONIA\person110_bacteria_531.jpeg,data\interim\selected\kermany_PNEUMONIA_2388.jpeg,data/processed/images/kermany_PNEUMONIA_2388.png
kermany_PNEUMONIA_2389,kermany,PNEUMONIA,kermany-person-135,train,b0ed7b52547233f23dad66a3357c41808062d4f1da33057c7b90defae8c49f07,kermany\train\PNEUMONIA\person135_virus_270.jpeg,data\interim\selected\kermany_PNEUMONIA_2389.jpeg,data/processed/images/kermany_PNEUMONIA_2389.png
kermany_PNEUMONIA_2390,kermany,PNEUMONIA,kermany-person-1062,train,b0fa6ff033c478810631a0834d748c19d0c20f6bacff1a1e41ce817f230173d9,kermany\train\PNEUMONIA\person1062_bacteria_2996.jpeg,data\interim\selected\kermany_PNEUMONIA_2390.jpeg,data/processed/images/kermany_PNEUMONIA_2390.png
kermany_PNEUMONIA_2391,kermany,PNEUMONIA,kermany-person-1323,train,b107045a82aa3ead4ee033e8c728ba479c88064bc13917c16efbf8d7fca2dc45,kermany\train\PNEUMONIA\person1323_virus_2283.jpeg,data\interim\selected\kermany_PNEUMONIA_2391.jpeg,data/processed/images/kermany_PNEUMONIA_2391.png
kermany_PNEUMONIA_2392,kermany,PNEUMONIA,kermany-person-349,train,b11130874dc5bd16552a19168258d33beceae67865702e472a005455a677315b,kermany\train\PNEUMONIA\person349_bacteria_1607.jpeg,data\interim\selected\kermany_PNEUMONIA_2392.jpeg,data/processed/images/kermany_PNEUMONIA_2392.png
kermany_PNEUMONIA_2393,kermany,PNEUMONIA,kermany-person-1607,train,b1a12714587fffe328aa1513b626d0953c5e9b526bcaa0978af059ee4af7c9ea,kermany\train\PNEUMONIA\person1607_bacteria_4232.jpeg,data\interim\selected\kermany_PNEUMONIA_2393.jpeg,data/processed/images/kermany_PNEUMONIA_2393.png
kermany_PNEUMONIA_2394,kermany,PNEUMONIA,kermany-person-1543,train,b218ead410c698382ccb043d3985250e89ef666a8a3541222a727eb6cb8aa15d,kermany\train\PNEUMONIA\person1543_virus_2684.jpeg,data\interim\selected\kermany_PNEUMONIA_2394.jpeg,data/processed/images/kermany_PNEUMONIA_2394.png
kermany_PNEUMONIA_2395,kermany,PNEUMONIA,kermany-person-458,train,b22969cdec8561e120aa076fe466ae0dd86b528186d7f59b4730e91d9a77af03,kermany\train\PNEUMONIA\person458_bacteria_1954.jpeg,data\interim\selected\kermany_PNEUMONIA_2395.jpeg,data/processed/images/kermany_PNEUMONIA_2395.png
kermany_PNEUMONIA_2396,kermany,PNEUMONIA,kermany-person-1285,train,b234f81de1dbcab48ca543e69b68cac2e733dea4e5d4d45d431aa28911f21c84,kermany\train\PNEUMONIA\person1285_virus_2208.jpeg,data\interim\selected\kermany_PNEUMONIA_2396.jpeg,data/processed/images/kermany_PNEUMONIA_2396.png
kermany_PNEUMONIA_2397,kermany,PNEUMONIA,kermany-person-1300,train,b2c02a68eb673325a20aef112999ce282c3aae754baad6fd6a040ee5615b3e60,kermany\train\PNEUMONIA\person1300_bacteria_3264.jpeg,data\interim\selected\kermany_PNEUMONIA_2397.jpeg,data/processed/images/kermany_PNEUMONIA_2397.png
kermany_PNEUMONIA_2398,kermany,PNEUMONIA,kermany-person-130,train,b3738f2a02b544985c777dfcbdd2a4b9e30653fe141948d4b928f9dd2c387fe4,kermany\test\PNEUMONIA\person130_bacteria_625.jpeg,data\interim\selected\kermany_PNEUMONIA_2398.jpeg,data/processed/images/kermany_PNEUMONIA_2398.png
kermany_PNEUMONIA_2399,kermany,PNEUMONIA,kermany-person-101,train,b4dfd127dcb0306a38e10006b06066c49dbb7b8d90b36462dd3ca7d368463dc7,kermany\test\PNEUMONIA\person101_bacteria_484.jpeg,data\interim\selected\kermany_PNEUMONIA_2399.jpeg,data/processed/images/kermany_PNEUMONIA_2399.png
kermany_PNEUMONIA_2400,kermany,PNEUMONIA,kermany-person-423,train,b4f73c33a31c44a6b1344f955f6132bd1987fde18493c89f5560d194390b116d,kermany\train\PNEUMONIA\person423_bacteria_1855.jpeg,data\interim\selected\kermany_PNEUMONIA_2400.jpeg,data/processed/images/kermany_PNEUMONIA_2400.png
kermany_PNEUMONIA_2401,kermany,PNEUMONIA,kermany-person-348,train,b591132cff7b94d18630cdf0a76592145d4c599b81e7fb705065600bbd4ec2e3,kermany\train\PNEUMONIA\person348_bacteria_1604.jpeg,data\interim\selected\kermany_PNEUMONIA_2401.jpeg,data/processed/images/kermany_PNEUMONIA_2401.png
kermany_PNEUMONIA_2402,kermany,PNEUMONIA,kermany-person-445,train,b59335cacd713e9c15dc735f61a5c1eb1994abe067a61f1e377a3a628c4e2118,kermany\train\PNEUMONIA\person445_virus_915.jpeg,data\interim\selected\kermany_PNEUMONIA_2402.jpeg,data/processed/images/kermany_PNEUMONIA_2402.png
kermany_PNEUMONIA_2403,kermany,PNEUMONIA,kermany-person-605,train,b5cde6105848774f6eceda13791f0fbdf6e9f102e51cbef4f1c7854d621f320a,kermany\train\PNEUMONIA\person605_bacteria_2466.jpeg,data\interim\selected\kermany_PNEUMONIA_2403.jpeg,data/processed/images/kermany_PNEUMONIA_2403.png
kermany_PNEUMONIA_2404,kermany,PNEUMONIA,kermany-person-1393,train,b787fb9dddd142ff2cf8256415ae0ca1bc0e78bf001d80a1121f578aac9db427,kermany\train\PNEUMONIA\person1393_virus_2396.jpeg,data\interim\selected\kermany_PNEUMONIA_2404.jpeg,data/processed/images/kermany_PNEUMONIA_2404.png
kermany_PNEUMONIA_2405,kermany,PNEUMONIA,kermany-person-1071,train,b9ba41b2db5ac033ef67391557643d234b3f9ac816bcbb61304e094cc33775b1,kermany\train\PNEUMONIA\person1071_bacteria_3005.jpeg,data\interim\selected\kermany_PNEUMONIA_2405.jpeg,data/processed/images/kermany_PNEUMONIA_2405.png
kermany_PNEUMONIA_2406,kermany,PNEUMONIA,kermany-person-152,train,bb20b7298a8fd503536e5c686f5293ce4ba4b08d0715779b82d5540a4d543add,kermany\test\PNEUMONIA\person152_bacteria_724.jpeg,data\interim\selected\kermany_PNEUMONIA_2406.jpeg,data/processed/images/kermany_PNEUMONIA_2406.png
kermany_PNEUMONIA_2407,kermany,PNEUMONIA,kermany-person-1405,train,bb4b8906c42bfeb05e7c9dccdc549e1c722cb288734bc666db169d6861aa2e55,kermany\train\PNEUMONIA\person1405_virus_2408.jpeg,data\interim\selected\kermany_PNEUMONIA_2407.jpeg,data/processed/images/kermany_PNEUMONIA_2407.png
kermany_PNEUMONIA_2408,kermany,PNEUMONIA,kermany-person-592,train,bb9f24ef0ee1ddb177af879ede2683bdc4669e89f966d44c44d5d2b38dba212a,kermany\train\PNEUMONIA\person592_virus_1141.jpeg,data\interim\selected\kermany_PNEUMONIA_2408.jpeg,data/processed/images/kermany_PNEUMONIA_2408.png
kermany_PNEUMONIA_2409,kermany,PNEUMONIA,kermany-person-58,train,bc81e8f492fa38fa4e9a7235f8c001544218bd141a34184ed96e367cb2ebe9e9,kermany\train\PNEUMONIA\person58_bacteria_277.jpeg,data\interim\selected\kermany_PNEUMONIA_2409.jpeg,data/processed/images/kermany_PNEUMONIA_2409.png
kermany_PNEUMONIA_2410,kermany,PNEUMONIA,kermany-person-597,train,bca43ef2d515e3d32e4b1b92381f098c2dce183e40ddeac59f59da9fcd1b169f,kermany\train\PNEUMONIA\person597_bacteria_2450.jpeg,data\interim\selected\kermany_PNEUMONIA_2410.jpeg,data/processed/images/kermany_PNEUMONIA_2410.png
kermany_PNEUMONIA_2411,kermany,PNEUMONIA,kermany-person-927,train,bcaf38a5d68771a49d2ff97e9e22598a1a864c2f7a2432f4174e1ce62cdb4081,kermany\train\PNEUMONIA\person927_virus_1584.jpeg,data\interim\selected\kermany_PNEUMONIA_2411.jpeg,data/processed/images/kermany_PNEUMONIA_2411.png
kermany_PNEUMONIA_2412,kermany,PNEUMONIA,kermany-person-811,train,bd2ab6d3dce3f003c6cc7813599a8bd89f20e8304e700e697f63aa5d1884d19a,kermany\train\PNEUMONIA\person811_virus_1447.jpeg,data\interim\selected\kermany_PNEUMONIA_2412.jpeg,data/processed/images/kermany_PNEUMONIA_2412.png
kermany_PNEUMONIA_2413,kermany,PNEUMONIA,kermany-person-286,train,bd3a5b6b70c92db209086bc1a04377ee5eb0809232a42e5e4edd05f7818a85b8,kermany\train\PNEUMONIA\person286_virus_585.jpeg,data\interim\selected\kermany_PNEUMONIA_2413.jpeg,data/processed/images/kermany_PNEUMONIA_2413.png
kermany_PNEUMONIA_2414,kermany,PNEUMONIA,kermany-person-504,train,bd3d6c4a605a96830acc4f510a1bb6e0878f122da23e06d85f26c6fe2d5c31d8,kermany\train\PNEUMONIA\person504_bacteria_2129.jpeg,data\interim\selected\kermany_PNEUMONIA_2414.jpeg,data/processed/images/kermany_PNEUMONIA_2414.png
kermany_PNEUMONIA_2415,kermany,PNEUMONIA,kermany-person-1623,train,bd44c025ae3237da3023732c0b781b335ee4248b3b56daf97070a60829136585,kermany\test\PNEUMONIA\person1623_virus_2813.jpeg,data\interim\selected\kermany_PNEUMONIA_2415.jpeg,data/processed/images/kermany_PNEUMONIA_2415.png
kermany_PNEUMONIA_2416,kermany,PNEUMONIA,kermany-person-1395,train,bdad27c75c38df65d7d97ca5da397b84859801a0ef1d56b832b6aa520c3c699f,kermany\train\PNEUMONIA\person1395_virus_2398.jpeg,data\interim\selected\kermany_PNEUMONIA_2416.jpeg,data/processed/images/kermany_PNEUMONIA_2416.png
kermany_PNEUMONIA_2417,kermany,PNEUMONIA,kermany-person-294,train,be16fde7e54a69192ab78866981166f9695bd02c97fa6a0d67e7fdbbeec45481,kermany\train\PNEUMONIA\person294_bacteria_1383.jpeg,data\interim\selected\kermany_PNEUMONIA_2417.jpeg,data/processed/images/kermany_PNEUMONIA_2417.png
kermany_PNEUMONIA_2418,kermany,PNEUMONIA,kermany-person-1026,train,bfecd6e7d0b70b1959e2ae379d364fb525e33d6b63d2507f8cabc259367c2ade,kermany\train\PNEUMONIA\person1026_virus_1718.jpeg,data\interim\selected\kermany_PNEUMONIA_2418.jpeg,data/processed/images/kermany_PNEUMONIA_2418.png
kermany_PNEUMONIA_2419,kermany,PNEUMONIA,kermany-person-445,train,c008dc411dc7a244540f70ae80510ed50d3612eb009717778db714dd11b4f691,kermany\train\PNEUMONIA\person445_bacteria_1929.jpeg,data\interim\selected\kermany_PNEUMONIA_2419.jpeg,data/processed/images/kermany_PNEUMONIA_2419.png
kermany_PNEUMONIA_2420,kermany,PNEUMONIA,kermany-person-749,train,c10191a514305c0983c5f808c8534a0ea928063514c20b7c3c01d8ef84f7d82f,kermany\train\PNEUMONIA\person749_bacteria_2652.jpeg,data\interim\selected\kermany_PNEUMONIA_2420.jpeg,data/processed/images/kermany_PNEUMONIA_2420.png
kermany_PNEUMONIA_2421,kermany,PNEUMONIA,kermany-person-23,train,c28ad59abf57c73e3a6216169a5e7684cc0adc7964702c900018c423b924b941,kermany\train\PNEUMONIA\person23_bacteria_107.jpeg,data\interim\selected\kermany_PNEUMONIA_2421.jpeg,data/processed/images/kermany_PNEUMONIA_2421.png
kermany_PNEUMONIA_2422,kermany,PNEUMONIA,kermany-person-465,train,c2ffc5b60c0d72ca18f5dc080d6a80b9e6b17bc413dd96e4997a381ba2c4ce65,kermany\train\PNEUMONIA\person465_virus_957.jpeg,data\interim\selected\kermany_PNEUMONIA_2422.jpeg,data/processed/images/kermany_PNEUMONIA_2422.png
kermany_PNEUMONIA_2423,kermany,PNEUMONIA,kermany-person-1682,train,c3a071e504dcb98902547e0d90e3c93de485a9f7de91c2346e5ef61bcb451779,kermany\train\PNEUMONIA\person1682_bacteria_4459.jpeg,data\interim\selected\kermany_PNEUMONIA_2423.jpeg,data/processed/images/kermany_PNEUMONIA_2423.png
kermany_PNEUMONIA_2424,kermany,PNEUMONIA,kermany-person-346,train,c3b27537eba660dcb0d3999bce075e8228ff2232c381ccc1df7f6e055e290d82,kermany\train\PNEUMONIA\person346_bacteria_1590.jpeg,data\interim\selected\kermany_PNEUMONIA_2424.jpeg,data/processed/images/kermany_PNEUMONIA_2424.png
kermany_PNEUMONIA_2425,kermany,PNEUMONIA,kermany-person-16,train,c4397b807d78b35059ad444c62fd6c2676940c645b1ca0ef5872c83824c441cd,kermany\train\PNEUMONIA\person16_bacteria_54.jpeg,data\interim\selected\kermany_PNEUMONIA_2425.jpeg,data/processed/images/kermany_PNEUMONIA_2425.png
kermany_PNEUMONIA_2426,kermany,PNEUMONIA,kermany-person-140,train,c8341904ca52d2d7f26bb44611d228ba02e697b086cbf81f415b0c8e7190dc72,kermany\train\PNEUMONIA\person140_virus_284.jpeg,data\interim\selected\kermany_PNEUMONIA_2426.jpeg,data/processed/images/kermany_PNEUMONIA_2426.png
kermany_PNEUMONIA_2427,kermany,PNEUMONIA,kermany-person-81,train,ca4d0ee64f1e9db6cff3873532d8d201a0591897889cd2e4e183a46037d20a73,kermany\test\PNEUMONIA\person81_bacteria_398.jpeg,data\interim\selected\kermany_PNEUMONIA_2427.jpeg,data/processed/images/kermany_PNEUMONIA_2427.png
kermany_PNEUMONIA_2428,kermany,PNEUMONIA,kermany-person-1242,train,caf5723aef7c6c00400a3236fa6f1c262bd597136f0370151e845a6e79eb7b53,kermany\train\PNEUMONIA\person1242_bacteria_3198.jpeg,data\interim\selected\kermany_PNEUMONIA_2428.jpeg,data/processed/images/kermany_PNEUMONIA_2428.png
kermany_PNEUMONIA_2429,kermany,PNEUMONIA,kermany-person-467,train,caff29e78b2d5759f95d9066842a09c1aa9321b45177b0adfcfe4b5935036087,kermany\train\PNEUMONIA\person467_bacteria_1988.jpeg,data\interim\selected\kermany_PNEUMONIA_2429.jpeg,data/processed/images/kermany_PNEUMONIA_2429.png
kermany_PNEUMONIA_2430,kermany,PNEUMONIA,kermany-person-1303,train,cb1c59d67b7669564c01eba80e28db8e5c028669556c249ba4954ed18a4cc045,kermany\train\PNEUMONIA\person1303_bacteria_3267.jpeg,data\interim\selected\kermany_PNEUMONIA_2430.jpeg,data/processed/images/kermany_PNEUMONIA_2430.png
kermany_PNEUMONIA_2431,kermany,PNEUMONIA,kermany-person-647,train,cb667f357781619c2b898c64c40447cb337c7df3a7401b20f484fb5c5f0ce332,kermany\train\PNEUMONIA\person647_bacteria_2539.jpeg,data\interim\selected\kermany_PNEUMONIA_2431.jpeg,data/processed/images/kermany_PNEUMONIA_2431.png
kermany_PNEUMONIA_2432,kermany,PNEUMONIA,kermany-person-991,train,cc45bb8244cbfd68964ad5772556c209bdaa326f6ce0ae3e0e58e96f5c324c89,kermany\train\PNEUMONIA\person991_virus_1669.jpeg,data\interim\selected\kermany_PNEUMONIA_2432.jpeg,data/processed/images/kermany_PNEUMONIA_2432.png
kermany_PNEUMONIA_2433,kermany,PNEUMONIA,kermany-person-280,train,cc6af1afdce834e255008d317c6d48c6e9fdfdff729abd6cc4f0dadfb9557467,kermany\train\PNEUMONIA\person280_bacteria_1320.jpeg,data\interim\selected\kermany_PNEUMONIA_2433.jpeg,data/processed/images/kermany_PNEUMONIA_2433.png
kermany_PNEUMONIA_2434,kermany,PNEUMONIA,kermany-person-618,train,cc783408e380b342f5afae6cae4a54c42c5888039bb6c6dbc5d943cbd6dfd63c,kermany\train\PNEUMONIA\person618_bacteria_2489.jpeg,data\interim\selected\kermany_PNEUMONIA_2434.jpeg,data/processed/images/kermany_PNEUMONIA_2434.png
kermany_PNEUMONIA_2435,kermany,PNEUMONIA,kermany-person-441,train,ccaf4e465fe7ab2adfa75a1c2cda5afa7dec9504e886f8061e8f4a44c1076160,kermany\train\PNEUMONIA\person441_bacteria_1915.jpeg,data\interim\selected\kermany_PNEUMONIA_2435.jpeg,data/processed/images/kermany_PNEUMONIA_2435.png
kermany_PNEUMONIA_2436,kermany,PNEUMONIA,kermany-person-1083,train,ccd672c967d8d6186258e59159c4ff3431f8706107685800240256a4f35a686b,kermany\train\PNEUMONIA\person1083_bacteria_3023.jpeg,data\interim\selected\kermany_PNEUMONIA_2436.jpeg,data/processed/images/kermany_PNEUMONIA_2436.png
kermany_PNEUMONIA_2437,kermany,PNEUMONIA,kermany-person-278,train,ccf3c6cfcee13eaba416a2b1ce555d7ac311f122aed559d5b874fcf3d703d076,kermany\train\PNEUMONIA\person278_bacteria_1313.jpeg,data\interim\selected\kermany_PNEUMONIA_2437.jpeg,data/processed/images/kermany_PNEUMONIA_2437.png
kermany_PNEUMONIA_2438,kermany,PNEUMONIA,kermany-person-47,train,ce0ed0bf5f3961a3e14c8a7c9812c48bc96b4673ee619f43ab7fcdfdf921db9f,kermany\train\PNEUMONIA\person47_bacteria_229.jpeg,data\interim\selected\kermany_PNEUMONIA_2438.jpeg,data/processed/images/kermany_PNEUMONIA_2438.png
kermany_PNEUMONIA_2439,kermany,PNEUMONIA,kermany-person-58,train,ce94a862ac0dce0fea395d63ffd46ae67d379e13c17e8eb875c6c63db89269cf,kermany\train\PNEUMONIA\person58_bacteria_272.jpeg,data\interim\selected\kermany_PNEUMONIA_2439.jpeg,data/processed/images/kermany_PNEUMONIA_2439.png
kermany_PNEUMONIA_2440,kermany,PNEUMONIA,kermany-person-871,train,cef93cd2801540208482fff15bf53437aaa4ca3021892eef82cba9ed32a48961,kermany\train\PNEUMONIA\person871_virus_1517.jpeg,data\interim\selected\kermany_PNEUMONIA_2440.jpeg,data/processed/images/kermany_PNEUMONIA_2440.png
kermany_PNEUMONIA_2441,kermany,PNEUMONIA,kermany-person-23,train,cfd85e8d08d12921881c7baa9687c88c81107e4ab2f39023227467c47a9f61e8,kermany\train\PNEUMONIA\person23_bacteria_83.jpeg,data\interim\selected\kermany_PNEUMONIA_2441.jpeg,data/processed/images/kermany_PNEUMONIA_2441.png
kermany_PNEUMONIA_2442,kermany,PNEUMONIA,kermany-person-1157,train,d11acc74a25e724b3a7307b1019de81dd83cf8aa592959ad3a499725f3ddb497,kermany\train\PNEUMONIA\person1157_virus_1937.jpeg,data\interim\selected\kermany_PNEUMONIA_2442.jpeg,data/processed/images/kermany_PNEUMONIA_2442.png
kermany_PNEUMONIA_2443,kermany,PNEUMONIA,kermany-person-1321,train,d35e351ee82992e0bd0a395d750fad81c36a9386d7e6a7579565cb0c6e263f1b,kermany\train\PNEUMONIA\person1321_virus_2279.jpeg,data\interim\selected\kermany_PNEUMONIA_2443.jpeg,data/processed/images/kermany_PNEUMONIA_2443.png
kermany_PNEUMONIA_2444,kermany,PNEUMONIA,kermany-person-146,train,d37b22926539a026feacff794cfa34a1c27142738acfeb67d6de7fddc5de049b,kermany\test\PNEUMONIA\person146_bacteria_704.jpeg,data\interim\selected\kermany_PNEUMONIA_2444.jpeg,data/processed/images/kermany_PNEUMONIA_2444.png
kermany_PNEUMONIA_2445,kermany,PNEUMONIA,kermany-person-611,train,d3a8e94993ab92a8f90ee0f01e4299eb330d6c24db89e1ae7eecdedc7f400adb,kermany\train\PNEUMONIA\person611_bacteria_2476.jpeg,data\interim\selected\kermany_PNEUMONIA_2445.jpeg,data/processed/images/kermany_PNEUMONIA_2445.png
kermany_PNEUMONIA_2446,kermany,PNEUMONIA,kermany-person-130,train,d4584b439945298631fc0086440bfe5b1fd35ee80817fe550643a7fc401c36e5,kermany\test\PNEUMONIA\person130_bacteria_627.jpeg,data\interim\selected\kermany_PNEUMONIA_2446.jpeg,data/processed/images/kermany_PNEUMONIA_2446.png
kermany_PNEUMONIA_2447,kermany,PNEUMONIA,kermany-person-498,train,d45aba41f949c9271e65958499b8797b9a1d2f7327139e37bcbfc3ce2e939501,kermany\train\PNEUMONIA\person498_bacteria_2102.jpeg,data\interim\selected\kermany_PNEUMONIA_2447.jpeg,data/processed/images/kermany_PNEUMONIA_2447.png
kermany_PNEUMONIA_2448,kermany,PNEUMONIA,kermany-person-584,train,d474fc444a4197b6a8378676b8b6b416926119416452bc7d68f8266298d7cc84,kermany\train\PNEUMONIA\person584_virus_1128.jpeg,data\interim\selected\kermany_PNEUMONIA_2448.jpeg,data/processed/images/kermany_PNEUMONIA_2448.png
kermany_PNEUMONIA_2449,kermany,PNEUMONIA,kermany-person-896,train,d4f85ccf20f2e2cb4526173ff19defd47cd5b66c20e9e8a0e321f25df53c87ad,kermany\train\PNEUMONIA\person896_virus_1548.jpeg,data\interim\selected\kermany_PNEUMONIA_2449.jpeg,data/processed/images/kermany_PNEUMONIA_2449.png
kermany_PNEUMONIA_2450,kermany,PNEUMONIA,kermany-person-576,train,d632f0bacc9b1f28efe5e8abc7540ad55a72947e9a7a47c2fc68779c18875ab1,kermany\train\PNEUMONIA\person576_bacteria_2376.jpeg,data\interim\selected\kermany_PNEUMONIA_2450.jpeg,data/processed/images/kermany_PNEUMONIA_2450.png
kermany_PNEUMONIA_2451,kermany,PNEUMONIA,kermany-person-470,train,d75867974dca021bcc4936501638cc86cf1cb6a7952a7f5c285d56b6f8cb063b,kermany\train\PNEUMONIA\person470_bacteria_1999.jpeg,data\interim\selected\kermany_PNEUMONIA_2451.jpeg,data/processed/images/kermany_PNEUMONIA_2451.png
kermany_PNEUMONIA_2452,kermany,PNEUMONIA,kermany-person-1343,train,d77e4825fff27bbc2cc15a81dcba699ed8178cd220da72e37872524314fcf8ad,kermany\train\PNEUMONIA\person1343_bacteria_3413.jpeg,data\interim\selected\kermany_PNEUMONIA_2452.jpeg,data/processed/images/kermany_PNEUMONIA_2452.png
kermany_PNEUMONIA_2453,kermany,PNEUMONIA,kermany-person-83,train,d7b8b8a1b783b859b2c487ad1673d6c4cbe40e4b1f273d5efe9ee196dcc49237,kermany\test\PNEUMONIA\person83_bacteria_412.jpeg,data\interim\selected\kermany_PNEUMONIA_2453.jpeg,data/processed/images/kermany_PNEUMONIA_2453.png
kermany_PNEUMONIA_2454,kermany,PNEUMONIA,kermany-person-1728,train,d802c058c02839b47a9375536349d1f3315aa20c0b12798be13ef607a6e73671,kermany\train\PNEUMONIA\person1728_bacteria_4556.jpeg,data\interim\selected\kermany_PNEUMONIA_2454.jpeg,data/processed/images/kermany_PNEUMONIA_2454.png
kermany_PNEUMONIA_2455,kermany,PNEUMONIA,kermany-person-689,train,d917109e2e1f0dfb003ea6454537f4a60f21909d850923cae7010000a4d1b2b4,kermany\train\PNEUMONIA\person689_bacteria_2585.jpeg,data\interim\selected\kermany_PNEUMONIA_2455.jpeg,data/processed/images/kermany_PNEUMONIA_2455.png
kermany_PNEUMONIA_2456,kermany,PNEUMONIA,kermany-person-448,train,d96a97f8429f8e6630399f7fd830900c88b2a19afc8dccb6a8f7296ab9c1ded0,kermany\train\PNEUMONIA\person448_bacteria_1935.jpeg,data\interim\selected\kermany_PNEUMONIA_2456.jpeg,data/processed/images/kermany_PNEUMONIA_2456.png
kermany_PNEUMONIA_2457,kermany,PNEUMONIA,kermany-person-487,train,da0c805d1d9df2fc43dc8aecf5a2ff90576d6b21453c6944507d6318dc8ec281,kermany\train\PNEUMONIA\person487_bacteria_2058.jpeg,data\interim\selected\kermany_PNEUMONIA_2457.jpeg,data/processed/images/kermany_PNEUMONIA_2457.png
kermany_PNEUMONIA_2458,kermany,PNEUMONIA,kermany-person-1358,train,da443b7904f80a3013488c842783d9456dd6932e65be1c62d288e44f89fec00a,kermany\train\PNEUMONIA\person1358_virus_2339.jpeg,data\interim\selected\kermany_PNEUMONIA_2458.jpeg,data/processed/images/kermany_PNEUMONIA_2458.png
kermany_PNEUMONIA_2459,kermany,PNEUMONIA,kermany-person-1507,train,daa80d2dc71c07072ac24347bffb97aa96a0779c4a594d7454edc28258cad00c,kermany\train\PNEUMONIA\person1507_bacteria_3945.jpeg,data\interim\selected\kermany_PNEUMONIA_2459.jpeg,data/processed/images/kermany_PNEUMONIA_2459.png
kermany_PNEUMONIA_2460,kermany,PNEUMONIA,kermany-person-637,train,db6ed02b7aed03764acc49f4322bd35811cffca7dfdec0392f2e0d36c2ff92e4,kermany\train\PNEUMONIA\person637_bacteria_2528.jpeg,data\interim\selected\kermany_PNEUMONIA_2460.jpeg,data/processed/images/kermany_PNEUMONIA_2460.png
kermany_PNEUMONIA_2461,kermany,PNEUMONIA,kermany-person-255,train,dbba2d3ae203b8e8a124844adc72a1384808063f0d5b491c17a58fdf5547b8d2,kermany\train\PNEUMONIA\person255_bacteria_1162.jpeg,data\interim\selected\kermany_PNEUMONIA_2461.jpeg,data/processed/images/kermany_PNEUMONIA_2461.png
kermany_PNEUMONIA_2462,kermany,PNEUMONIA,kermany-person-364,train,dc61c9ad706a1af7c3c419e892a8f6e34d205eff847fe1e122e236d0e7c2f21c,kermany\train\PNEUMONIA\person364_bacteria_1656.jpeg,data\interim\selected\kermany_PNEUMONIA_2462.jpeg,data/processed/images/kermany_PNEUMONIA_2462.png
kermany_PNEUMONIA_2463,kermany,PNEUMONIA,kermany-person-294,train,dcbd5efa630076d90cb99e7c68be9a5a4f7356ba5b24a2f5d2c70185a8e59c9c,kermany\train\PNEUMONIA\person294_bacteria_1385.jpeg,data\interim\selected\kermany_PNEUMONIA_2463.jpeg,data/processed/images/kermany_PNEUMONIA_2463.png
kermany_PNEUMONIA_2464,kermany,PNEUMONIA,kermany-person-82,train,dd0afd77b20fc108c105918003dac1c25449e1d5e08a23b242769791938f2659,kermany\train\PNEUMONIA\person82_virus_155.jpeg,data\interim\selected\kermany_PNEUMONIA_2464.jpeg,data/processed/images/kermany_PNEUMONIA_2464.png
kermany_PNEUMONIA_2465,kermany,PNEUMONIA,kermany-person-430,train,dd4cc7a076b424b6c9616f6caa7441a073ef8ecd78b4908dc003de69fefc2c94,kermany\train\PNEUMONIA\person430_bacteria_1871.jpeg,data\interim\selected\kermany_PNEUMONIA_2465.jpeg,data/processed/images/kermany_PNEUMONIA_2465.png
kermany_PNEUMONIA_2466,kermany,PNEUMONIA,kermany-person-472,train,dd62149c94a974737a917d580bfca2d460bd38666fd811c4ae5975c185a691d8,kermany\train\PNEUMONIA\person472_bacteria_2008.jpeg,data\interim\selected\kermany_PNEUMONIA_2466.jpeg,data/processed/images/kermany_PNEUMONIA_2466.png
kermany_PNEUMONIA_2467,kermany,PNEUMONIA,kermany-person-533,train,ddd627654850d37f5c29be0b94717b1ba3dc37cbd086fbceb8665a453c684d48,kermany\train\PNEUMONIA\person533_bacteria_2250.jpeg,data\interim\selected\kermany_PNEUMONIA_2467.jpeg,data/processed/images/kermany_PNEUMONIA_2467.png
kermany_PNEUMONIA_2468,kermany,PNEUMONIA,kermany-person-665,train,de71ca763324e841f6f7dc8906ffd8caf99503617d3a5d08a52aff232182341d,kermany\train\PNEUMONIA\person665_bacteria_2557.jpeg,data\interim\selected\kermany_PNEUMONIA_2468.jpeg,data/processed/images/kermany_PNEUMONIA_2468.png
kermany_PNEUMONIA_2469,kermany,PNEUMONIA,kermany-person-135,train,def59a1b4218b539a93b26c9f52a538e48dd4446826484c7e739bd63f370fb87,kermany\test\PNEUMONIA\person135_bacteria_647.jpeg,data\interim\selected\kermany_PNEUMONIA_2469.jpeg,data/processed/images/kermany_PNEUMONIA_2469.png
kermany_PNEUMONIA_2470,kermany,PNEUMONIA,kermany-person-268,train,df3ae0bb7f8b8e732565e0e4d942c386e627f9a28e04729755ee1e2e260cdd2f,kermany\train\PNEUMONIA\person268_virus_553.jpeg,data\interim\selected\kermany_PNEUMONIA_2470.jpeg,data/processed/images/kermany_PNEUMONIA_2470.png
kermany_PNEUMONIA_2471,kermany,PNEUMONIA,kermany-person-134,train,dfb4e7b7b96746cde5796d473f1667680020b2ca38cc7d69757c7a3f7e2a7f90,kermany\test\PNEUMONIA\person134_bacteria_643.jpeg,data\interim\selected\kermany_PNEUMONIA_2471.jpeg,data/processed/images/kermany_PNEUMONIA_2471.png
kermany_PNEUMONIA_2472,kermany,PNEUMONIA,kermany-person-517,train,e10ddd78ce6c6070a2d220744be9fc04a825c5595963c5418c2c26c78d7869aa,kermany\train\PNEUMONIA\person517_bacteria_2196.jpeg,data\interim\selected\kermany_PNEUMONIA_2472.jpeg,data/processed/images/kermany_PNEUMONIA_2472.png
kermany_PNEUMONIA_2473,kermany,PNEUMONIA,kermany-person-1728,train,e1b7ee2912e97216f900d1a16eb314bc2576c94d11110a7fa33b435a55a8b70b,kermany\train\PNEUMONIA\person1728_bacteria_4555.jpeg,data\interim\selected\kermany_PNEUMONIA_2473.jpeg,data/processed/images/kermany_PNEUMONIA_2473.png
kermany_PNEUMONIA_2474,kermany,PNEUMONIA,kermany-person-445,train,e1cfaba7a84db6438dee2964851dbd5d2d7e8b48a56d95d8b899457ff1cdd802,kermany\train\PNEUMONIA\person445_virus_916.jpeg,data\interim\selected\kermany_PNEUMONIA_2474.jpeg,data/processed/images/kermany_PNEUMONIA_2474.png
kermany_PNEUMONIA_2475,kermany,PNEUMONIA,kermany-person-1114,train,e1f26df14a7742be087eb0698d2d6b6df3de7c932e0d9a2ed1849597d3e5875a,kermany\train\PNEUMONIA\person1114_bacteria_3055.jpeg,data\interim\selected\kermany_PNEUMONIA_2475.jpeg,data/processed/images/kermany_PNEUMONIA_2475.png
kermany_PNEUMONIA_2476,kermany,PNEUMONIA,kermany-person-872,train,e28d6b712e276a0a94bc1e577c96282458e41f083b5072889c97885877404645,kermany\train\PNEUMONIA\person872_bacteria_2795.jpeg,data\interim\selected\kermany_PNEUMONIA_2476.jpeg,data/processed/images/kermany_PNEUMONIA_2476.png
kermany_PNEUMONIA_2477,kermany,PNEUMONIA,kermany-person-1430,train,e324d8180008b810b79ccda935c21c2f5c82a12a5bd413fc14ad27df26e062cc,kermany\train\PNEUMONIA\person1430_bacteria_3695.jpeg,data\interim\selected\kermany_PNEUMONIA_2477.jpeg,data/processed/images/kermany_PNEUMONIA_2477.png
kermany_PNEUMONIA_2478,kermany,PNEUMONIA,kermany-person-85,train,e3290b03b61f7355055cbee5fb1baa169c6f6ccba65d1f26cb40c7f0e293fa02,kermany\test\PNEUMONIA\person85_bacteria_419.jpeg,data\interim\selected\kermany_PNEUMONIA_2478.jpeg,data/processed/images/kermany_PNEUMONIA_2478.png
kermany_PNEUMONIA_2479,kermany,PNEUMONIA,kermany-person-467,train,e3711f6e42be980cb56091785b2240614301277b89ac49975a8725bbbe54abba,kermany\train\PNEUMONIA\person467_bacteria_1989.jpeg,data\interim\selected\kermany_PNEUMONIA_2479.jpeg,data/processed/images/kermany_PNEUMONIA_2479.png
kermany_PNEUMONIA_2480,kermany,PNEUMONIA,kermany-person-656,train,e39fe0eac50757e591994e1d8e42c16ebf4076562a05ce7fda63346b43af4443,kermany\train\PNEUMONIA\person656_bacteria_2548.jpeg,data\interim\selected\kermany_PNEUMONIA_2480.jpeg,data/processed/images/kermany_PNEUMONIA_2480.png
kermany_PNEUMONIA_2481,kermany,PNEUMONIA,kermany-person-1228,train,e3a9e0849dcd259292610fc91606baf28413d710c6479c11ee31f5d92e7d698b,kermany\train\PNEUMONIA\person1228_virus_2079.jpeg,data\interim\selected\kermany_PNEUMONIA_2481.jpeg,data/processed/images/kermany_PNEUMONIA_2481.png
kermany_PNEUMONIA_2482,kermany,PNEUMONIA,kermany-person-993,train,e3deed0323461c9e81f615a5c9f785dd046f9b7270751246188481b4212be10a,kermany\train\PNEUMONIA\person993_bacteria_2921.jpeg,data\interim\selected\kermany_PNEUMONIA_2482.jpeg,data/processed/images/kermany_PNEUMONIA_2482.png
kermany_PNEUMONIA_2483,kermany,PNEUMONIA,kermany-person-30,train,e4483c783aeb1626bb77db2e640d8c68fb6c22ff5e994942775ec6ca08532b49,kermany\train\PNEUMONIA\person30_bacteria_145.jpeg,data\interim\selected\kermany_PNEUMONIA_2483.jpeg,data/processed/images/kermany_PNEUMONIA_2483.png
kermany_PNEUMONIA_2484,kermany,PNEUMONIA,kermany-person-1760,train,e4c01977fe37b0d941e1fb3592d8521bcf35c64e9f99779b0cfd854eb0e8677d,kermany\train\PNEUMONIA\person1760_bacteria_4602.jpeg,data\interim\selected\kermany_PNEUMONIA_2484.jpeg,data/processed/images/kermany_PNEUMONIA_2484.png
kermany_PNEUMONIA_2485,kermany,PNEUMONIA,kermany-person-41,train,e4c2f24204fdfd690a593fca5be79fbd800ade5cdbe9e864b3b806a5c6086e3c,kermany\test\PNEUMONIA\person41_virus_88.jpeg,data\interim\selected\kermany_PNEUMONIA_2485.jpeg,data/processed/images/kermany_PNEUMONIA_2485.png
kermany_PNEUMONIA_2486,kermany,PNEUMONIA,kermany-person-292,train,e4db4e27ab9d7110dc4c3e5f95ac6234a917f9b013e0fed51d145b919e8645dd,kermany\train\PNEUMONIA\person292_virus_598.jpeg,data\interim\selected\kermany_PNEUMONIA_2486.jpeg,data/processed/images/kermany_PNEUMONIA_2486.png
kermany_PNEUMONIA_2487,kermany,PNEUMONIA,kermany-person-1539,train,e527dfa1aed9de91004aafac4354355d250c970df49c89748373be6f4a2db9fc,kermany\train\PNEUMONIA\person1539_virus_2678.jpeg,data\interim\selected\kermany_PNEUMONIA_2487.jpeg,data/processed/images/kermany_PNEUMONIA_2487.png
kermany_PNEUMONIA_2488,kermany,PNEUMONIA,kermany-person-807,train,e53d589f1d07d2a985b9ddfbff7b82461ddfc13a4ceb7d04781c9760d6c2ca40,kermany\train\PNEUMONIA\person807_virus_1441.jpeg,data\interim\selected\kermany_PNEUMONIA_2488.jpeg,data/processed/images/kermany_PNEUMONIA_2488.png
kermany_PNEUMONIA_2489,kermany,PNEUMONIA,kermany-person-723,train,e65da955bd690c79aa850f5f9f25721a1d22b87b1cb60b76ff8b73e7fd320a4f,kermany\train\PNEUMONIA\person723_bacteria_2625.jpeg,data\interim\selected\kermany_PNEUMONIA_2489.jpeg,data/processed/images/kermany_PNEUMONIA_2489.png
kermany_PNEUMONIA_2490,kermany,PNEUMONIA,kermany-person-1,train,e6781a3aa69534a1bf4d786b93cb3a172bdf2b74d5c25c481c1267d6684f16f1,kermany\test\PNEUMONIA\person1_virus_12.jpeg,data\interim\selected\kermany_PNEUMONIA_2490.jpeg,data/processed/images/kermany_PNEUMONIA_2490.png
kermany_PNEUMONIA_2491,kermany,PNEUMONIA,kermany-person-1184,train,e6cab91b21ba0cc4d0a9d0a2eb197efec11c0fb92ee0b715985e54ddc316e325,kermany\train\PNEUMONIA\person1184_bacteria_3132.jpeg,data\interim\selected\kermany_PNEUMONIA_2491.jpeg,data/processed/images/kermany_PNEUMONIA_2491.png
kermany_PNEUMONIA_2492,kermany,PNEUMONIA,kermany-person-1308,train,e82e0b8d424c9cbfe76b9d9ca0b290bd3e5163f63bbf14520f5969198d366daf,kermany\train\PNEUMONIA\person1308_bacteria_3286.jpeg,data\interim\selected\kermany_PNEUMONIA_2492.jpeg,data/processed/images/kermany_PNEUMONIA_2492.png
kermany_PNEUMONIA_2493,kermany,PNEUMONIA,kermany-person-118,train,e83c6117e2547bb91538e9538981951fd422c2db659c8d8a704b0ea06b32a74e,kermany\test\PNEUMONIA\person118_bacteria_560.jpeg,data\interim\selected\kermany_PNEUMONIA_2493.jpeg,data/processed/images/kermany_PNEUMONIA_2493.png
kermany_PNEUMONIA_2494,kermany,PNEUMONIA,kermany-person-1628,train,e879f77ad0dcdedd89f743b2ce3ed54f4d5881cd59deee78d1f3ef7fc5fe9200,kermany\train\PNEUMONIA\person1628_bacteria_4293.jpeg,data\interim\selected\kermany_PNEUMONIA_2494.jpeg,data/processed/images/kermany_PNEUMONIA_2494.png
kermany_PNEUMONIA_2495,kermany,PNEUMONIA,kermany-person-889,train,e88673f92c68776bc9b115d991590f24a40f9a6da3708b7ce72c651b84eababd,kermany\train\PNEUMONIA\person889_bacteria_2813.jpeg,data\interim\selected\kermany_PNEUMONIA_2495.jpeg,data/processed/images/kermany_PNEUMONIA_2495.png
kermany_PNEUMONIA_2496,kermany,PNEUMONIA,kermany-person-1195,train,e977fa175456898d6b891e921631927d2289ba3953c74ce84fec957f62c03d50,kermany\train\PNEUMONIA\person1195_bacteria_3144.jpeg,data\interim\selected\kermany_PNEUMONIA_2496.jpeg,data/processed/images/kermany_PNEUMONIA_2496.png
kermany_PNEUMONIA_2497,kermany,PNEUMONIA,kermany-person-257,train,eae10b2744df58592267daf7f97088d0bf76f01be22ebf190674818b8e0fa6f8,kermany\train\PNEUMONIA\person257_bacteria_1194.jpeg,data\interim\selected\kermany_PNEUMONIA_2497.jpeg,data/processed/images/kermany_PNEUMONIA_2497.png
kermany_PNEUMONIA_2498,kermany,PNEUMONIA,kermany-person-73,train,eb284b497093571bc4647c0a7ca746a80868de62110bf5a3625ea14a7c6fff26,kermany\train\PNEUMONIA\person73_bacteria_358.jpeg,data\interim\selected\kermany_PNEUMONIA_2498.jpeg,data/processed/images/kermany_PNEUMONIA_2498.png
kermany_PNEUMONIA_2499,kermany,PNEUMONIA,kermany-person-7,train,eb40321357aa76201888e6ea32501bac1ae826916f7731b1beb3d5cd81b7ebfc,kermany\train\PNEUMONIA\person7_bacteria_24.jpeg,data\interim\selected\kermany_PNEUMONIA_2499.jpeg,data/processed/images/kermany_PNEUMONIA_2499.png
kermany_PNEUMONIA_2500,kermany,PNEUMONIA,kermany-person-88,train,ebb48150305896a7a88ebd13191ac357dcca9ea6d8cfdebea85f4e2f88c634de,kermany\test\PNEUMONIA\person88_bacteria_437.jpeg,data\interim\selected\kermany_PNEUMONIA_2500.jpeg,data/processed/images/kermany_PNEUMONIA_2500.png
kermany_PNEUMONIA_2501,kermany,PNEUMONIA,kermany-person-579,train,ebff27bbb926c1ee71ef7a723ac34057769ce9c76eff48725c7c72c9539081d3,kermany\train\PNEUMONIA\person579_bacteria_2384.jpeg,data\interim\selected\kermany_PNEUMONIA_2501.jpeg,data/processed/images/kermany_PNEUMONIA_2501.png
kermany_PNEUMONIA_2502,kermany,PNEUMONIA,kermany-person-1259,train,ec0e602ef06f2a64d00e26f3083cc9c1d6ada5ace682edb568d46cc7e0470118,kermany\train\PNEUMONIA\person1259_bacteria_3217.jpeg,data\interim\selected\kermany_PNEUMONIA_2502.jpeg,data/processed/images/kermany_PNEUMONIA_2502.png
kermany_PNEUMONIA_2503,kermany,PNEUMONIA,kermany-person-113,train,ec268bf2a879fc777e2e098ce07d02fc417c89e7f8740d81d514210296157ab6,kermany\test\PNEUMONIA\person113_bacteria_543.jpeg,data\interim\selected\kermany_PNEUMONIA_2503.jpeg,data/processed/images/kermany_PNEUMONIA_2503.png
kermany_PNEUMONIA_2504,kermany,PNEUMONIA,kermany-person-301,train,eca09713fcf4e8322811e23e74bd9010095c96bceb353e11048049d84e10c4a3,kermany\train\PNEUMONIA\person301_bacteria_1428.jpeg,data\interim\selected\kermany_PNEUMONIA_2504.jpeg,data/processed/images/kermany_PNEUMONIA_2504.png
kermany_PNEUMONIA_2505,kermany,PNEUMONIA,kermany-person-425,train,ecccfc37ae21929d90849f7c257c29a4565cb914cced858266f806ba3b169c8f,kermany\train\PNEUMONIA\person425_virus_871.jpeg,data\interim\selected\kermany_PNEUMONIA_2505.jpeg,data/processed/images/kermany_PNEUMONIA_2505.png
kermany_PNEUMONIA_2506,kermany,PNEUMONIA,kermany-person-470,train,ed731fc021bd3f7b2567dad76003dec6667054eac4f5476d1c4ae5eaf68192fb,kermany\train\PNEUMONIA\person470_bacteria_1996.jpeg,data\interim\selected\kermany_PNEUMONIA_2506.jpeg,data/processed/images/kermany_PNEUMONIA_2506.png
kermany_PNEUMONIA_2507,kermany,PNEUMONIA,kermany-person-1021,train,eeab077dc1b1022180f0e286cd89d6260919476ea3541f92aa323444213e15c1,kermany\train\PNEUMONIA\person1021_virus_1711.jpeg,data\interim\selected\kermany_PNEUMONIA_2507.jpeg,data/processed/images/kermany_PNEUMONIA_2507.png
kermany_PNEUMONIA_2508,kermany,PNEUMONIA,kermany-person-471,train,ef85007dbfcb6fbcca83aee91756aee3858ecd272b05331229ab511033f01a3c,kermany\train\PNEUMONIA\person471_bacteria_2004.jpeg,data\interim\selected\kermany_PNEUMONIA_2508.jpeg,data/processed/images/kermany_PNEUMONIA_2508.png
kermany_PNEUMONIA_2509,kermany,PNEUMONIA,kermany-person-123,train,efa4acbe5526a3e3bc5c07609b856bc03bb2e7f0b3af2130623c4f348b49a78b,kermany\test\PNEUMONIA\person123_bacteria_587.jpeg,data\interim\selected\kermany_PNEUMONIA_2509.jpeg,data/processed/images/kermany_PNEUMONIA_2509.png
kermany_PNEUMONIA_2510,kermany,PNEUMONIA,kermany-person-336,train,f031a3a31cb7e2623968016812029cf22c39054fb93153e5356a687fc27386dc,kermany\train\PNEUMONIA\person336_bacteria_1551.jpeg,data\interim\selected\kermany_PNEUMONIA_2510.jpeg,data/processed/images/kermany_PNEUMONIA_2510.png
kermany_PNEUMONIA_2511,kermany,PNEUMONIA,kermany-person-347,train,f055467add3c86229320dad12fcc397cd907b91c320411956196eed2b4ca9d50,kermany\train\PNEUMONIA\person347_bacteria_1594.jpeg,data\interim\selected\kermany_PNEUMONIA_2511.jpeg,data/processed/images/kermany_PNEUMONIA_2511.png
kermany_PNEUMONIA_2512,kermany,PNEUMONIA,kermany-person-1453,train,f0d1eb7d5ed5d84160da95cf368ab3a5fe6fca8803676d20b896aee35b55a57b,kermany\train\PNEUMONIA\person1453_bacteria_3771.jpeg,data\interim\selected\kermany_PNEUMONIA_2512.jpeg,data/processed/images/kermany_PNEUMONIA_2512.png
kermany_PNEUMONIA_2513,kermany,PNEUMONIA,kermany-person-387,train,f17d2b17fbef2909feefffad2d79319240c371a5c1e25f2ccd16b5bc15f8e8ee,kermany\train\PNEUMONIA\person387_bacteria_1772.jpeg,data\interim\selected\kermany_PNEUMONIA_2513.jpeg,data/processed/images/kermany_PNEUMONIA_2513.png
kermany_PNEUMONIA_2514,kermany,PNEUMONIA,kermany-person-487,train,f190d5a632f76598b49cced8666238c4a7153647d9e8b8106882fe76bd3cd980,kermany\train\PNEUMONIA\person487_virus_991.jpeg,data\interim\selected\kermany_PNEUMONIA_2514.jpeg,data/processed/images/kermany_PNEUMONIA_2514.png
kermany_PNEUMONIA_2515,kermany,PNEUMONIA,kermany-person-1859,train,f1f93c0e44f0329e4c878da9f75e89e619873a0c1fab200e67fbb7b1902eeff1,kermany\train\PNEUMONIA\person1859_bacteria_4731.jpeg,data\interim\selected\kermany_PNEUMONIA_2515.jpeg,data/processed/images/kermany_PNEUMONIA_2515.png
kermany_PNEUMONIA_2516,kermany,PNEUMONIA,kermany-person-739,train,f265f10bfdebceecec81c8882ce048500b5a3db0cf2a11e0ac810682e8f6c05a,kermany\train\PNEUMONIA\person739_bacteria_2642.jpeg,data\interim\selected\kermany_PNEUMONIA_2516.jpeg,data/processed/images/kermany_PNEUMONIA_2516.png
kermany_PNEUMONIA_2517,kermany,PNEUMONIA,kermany-person-114,train,f2fb1ed3611ee35df4057f5fb73c992401497eafd3e001fee2b391f08c66d364,kermany\train\PNEUMONIA\person114_virus_217.jpeg,data\interim\selected\kermany_PNEUMONIA_2517.jpeg,data/processed/images/kermany_PNEUMONIA_2517.png
kermany_PNEUMONIA_2518,kermany,PNEUMONIA,kermany-person-641,train,f314efdefa6ccbb4ba895927f7d9b42985e3c2ab25b270b8ccdd4b10e21e7663,kermany\train\PNEUMONIA\person641_virus_1222.jpeg,data\interim\selected\kermany_PNEUMONIA_2518.jpeg,data/processed/images/kermany_PNEUMONIA_2518.png
kermany_PNEUMONIA_2519,kermany,PNEUMONIA,kermany-person-155,train,f32758e58a71c948e2fb37c76f6ae7949a6ee138fded16ffa06dab3b96497fb5,kermany\test\PNEUMONIA\person155_bacteria_731.jpeg,data\interim\selected\kermany_PNEUMONIA_2519.jpeg,data/processed/images/kermany_PNEUMONIA_2519.png
kermany_PNEUMONIA_2520,kermany,PNEUMONIA,kermany-person-80,train,f4c1d89032ab6a48a230c68804ee1c2f6af5b39bb71f6c0702961d3d2d631ab8,kermany\test\PNEUMONIA\person80_bacteria_391.jpeg,data\interim\selected\kermany_PNEUMONIA_2520.jpeg,data/processed/images/kermany_PNEUMONIA_2520.png
kermany_PNEUMONIA_2521,kermany,PNEUMONIA,kermany-person-326,train,f51742eda1c18ca38efc2683297df283686bd0d670933062422b4419fcf26580,kermany\train\PNEUMONIA\person326_virus_673.jpeg,data\interim\selected\kermany_PNEUMONIA_2521.jpeg,data/processed/images/kermany_PNEUMONIA_2521.png
kermany_PNEUMONIA_2522,kermany,PNEUMONIA,kermany-person-445,train,f525af375bb4d6cb2d97b8e0d32c0838c400b0afdcdb76c057b936b4d35b2e67,kermany\train\PNEUMONIA\person445_virus_913.jpeg,data\interim\selected\kermany_PNEUMONIA_2522.jpeg,data/processed/images/kermany_PNEUMONIA_2522.png
kermany_PNEUMONIA_2523,kermany,PNEUMONIA,kermany-person-1546,train,f58c20bf9c1e625e9bfad9017a437942c0222e874930fea71deb5c6dcdc65587,kermany\train\PNEUMONIA\person1546_bacteria_4044.jpeg,data\interim\selected\kermany_PNEUMONIA_2523.jpeg,data/processed/images/kermany_PNEUMONIA_2523.png
kermany_PNEUMONIA_2524,kermany,PNEUMONIA,kermany-person-564,train,f6bc4d034143cbe6597254a7a8105c5d808895ad2082e55b45b1894d00e5b5bd,kermany\train\PNEUMONIA\person564_bacteria_2343.jpeg,data\interim\selected\kermany_PNEUMONIA_2524.jpeg,data/processed/images/kermany_PNEUMONIA_2524.png
kermany_PNEUMONIA_2525,kermany,PNEUMONIA,kermany-person-413,train,f7362cec8e8d86bd05006362748214de0a141cc04db5260c444ba2b3360a6df4,kermany\train\PNEUMONIA\person413_bacteria_1832.jpeg,data\interim\selected\kermany_PNEUMONIA_2525.jpeg,data/processed/images/kermany_PNEUMONIA_2525.png
kermany_PNEUMONIA_2526,kermany,PNEUMONIA,kermany-person-371,train,f7b0e85f9b35c2a4e45055bd5a2a76d45a79d2eefc6695093d7dcec55967a6ec,kermany\train\PNEUMONIA\person371_bacteria_1698.jpeg,data\interim\selected\kermany_PNEUMONIA_2526.jpeg,data/processed/images/kermany_PNEUMONIA_2526.png
kermany_PNEUMONIA_2527,kermany,PNEUMONIA,kermany-person-370,train,f8252dbcb5ea303f1610b006178225d9e62a11be4b06a8cac926c5c8d5eb2492,kermany\train\PNEUMONIA\person370_bacteria_1687.jpeg,data\interim\selected\kermany_PNEUMONIA_2527.jpeg,data/processed/images/kermany_PNEUMONIA_2527.png
kermany_PNEUMONIA_2528,kermany,PNEUMONIA,kermany-person-321,train,f832e378f26ade1dc34b1b45acc4cdc412984bca1d21328936b4679c8f470d4d,kermany\train\PNEUMONIA\person321_bacteria_1486.jpeg,data\interim\selected\kermany_PNEUMONIA_2528.jpeg,data/processed/images/kermany_PNEUMONIA_2528.png
kermany_PNEUMONIA_2529,kermany,PNEUMONIA,kermany-person-1665,train,f8b13ce9016516046826729e6bd52c1c07aa58a75ed0164f265b6d8667f17821,kermany\test\PNEUMONIA\person1665_virus_2878.jpeg,data\interim\selected\kermany_PNEUMONIA_2529.jpeg,data/processed/images/kermany_PNEUMONIA_2529.png
kermany_PNEUMONIA_2530,kermany,PNEUMONIA,kermany-person-45,train,f8cf991ab85428f622caf5256342b19b1b12e5ecf946399efa6f6a1e88a5b8aa,kermany\train\PNEUMONIA\person45_bacteria_222.jpeg,data\interim\selected\kermany_PNEUMONIA_2530.jpeg,data/processed/images/kermany_PNEUMONIA_2530.png
kermany_PNEUMONIA_2531,kermany,PNEUMONIA,kermany-person-1650,train,f96e8ccf0357f1e0cd669b65fa63ecc2fe4522aae3e2d7f39dcdec7c46612870,kermany\test\PNEUMONIA\person1650_virus_2852.jpeg,data\interim\selected\kermany_PNEUMONIA_2531.jpeg,data/processed/images/kermany_PNEUMONIA_2531.png
kermany_PNEUMONIA_2532,kermany,PNEUMONIA,kermany-person-445,train,fa9b41b60d2e8902a58339392973adc6c55deca4ad2afda715168ac029b67cd9,kermany\train\PNEUMONIA\person445_virus_912.jpeg,data\interim\selected\kermany_PNEUMONIA_2532.jpeg,data/processed/images/kermany_PNEUMONIA_2532.png
kermany_PNEUMONIA_2533,kermany,PNEUMONIA,kermany-person-1372,train,fac620c4d4a6966137a4feb1bcb8305d4b113c47b89a46a09425ed4d39014560,kermany\train\PNEUMONIA\person1372_bacteria_3500.jpeg,data\interim\selected\kermany_PNEUMONIA_2533.jpeg,data/processed/images/kermany_PNEUMONIA_2533.png
kermany_PNEUMONIA_2534,kermany,PNEUMONIA,kermany-person-337,train,fadcd4168d8d91984cd7090309f6b62d2ac882014be8436c72b5121ef58d5b79,kermany\train\PNEUMONIA\person337_bacteria_1566.jpeg,data\interim\selected\kermany_PNEUMONIA_2534.jpeg,data/processed/images/kermany_PNEUMONIA_2534.png
kermany_PNEUMONIA_2535,kermany,PNEUMONIA,kermany-person-545,train,fb0d0946f95c9834c4ef5b13bd1f8aafc23fa782660a2cd3aa34974895a25b7b,kermany\train\PNEUMONIA\person545_bacteria_2289.jpeg,data\interim\selected\kermany_PNEUMONIA_2535.jpeg,data/processed/images/kermany_PNEUMONIA_2535.png
kermany_PNEUMONIA_2536,kermany,PNEUMONIA,kermany-person-1381,train,fb80b548a2709c44b8c142338aa71700c3e9b9d8531c4657d0c2ab37478186e3,kermany\train\PNEUMONIA\person1381_virus_2375.jpeg,data\interim\selected\kermany_PNEUMONIA_2536.jpeg,data/processed/images/kermany_PNEUMONIA_2536.png
kermany_PNEUMONIA_2537,kermany,PNEUMONIA,kermany-person-1944,train,fb8448df2f67f09c34f4fc1151996cc0090aea3d6ea0ed1b51c0f1cb91e86d73,kermany\train\PNEUMONIA\person1944_bacteria_4869.jpeg,data\interim\selected\kermany_PNEUMONIA_2537.jpeg,data/processed/images/kermany_PNEUMONIA_2537.png
kermany_PNEUMONIA_2538,kermany,PNEUMONIA,kermany-person-1320,train,fba0b373e63c89f20d2069fc8218db65fd12de415edded468049759eaba6821e,kermany\train\PNEUMONIA\person1320_bacteria_3344.jpeg,data\interim\selected\kermany_PNEUMONIA_2538.jpeg,data/processed/images/kermany_PNEUMONIA_2538.png
kermany_PNEUMONIA_2539,kermany,PNEUMONIA,kermany-person-585,train,fbccf8860e0c9596d79ae5816a6034065a33c8886f37d67eb162455fbae0d229,kermany\train\PNEUMONIA\person585_bacteria_2411.jpeg,data\interim\selected\kermany_PNEUMONIA_2539.jpeg,data/processed/images/kermany_PNEUMONIA_2539.png
kermany_PNEUMONIA_2540,kermany,PNEUMONIA,kermany-person-122,train,fc68bc09adb06a3180fd9e026262584bb134d1e99cbf3a1ea55bee636db4911d,kermany\test\PNEUMONIA\person122_bacteria_586.jpeg,data\interim\selected\kermany_PNEUMONIA_2540.jpeg,data/processed/images/kermany_PNEUMONIA_2540.png
kermany_PNEUMONIA_2541,kermany,PNEUMONIA,kermany-person-1406,train,fcfe12bf0408bcbf27fdea3c334d7123903d0da1797cd5087da445432e7a8d99,kermany\train\PNEUMONIA\person1406_bacteria_3574.jpeg,data\interim\selected\kermany_PNEUMONIA_2541.jpeg,data/processed/images/kermany_PNEUMONIA_2541.png
kermany_PNEUMONIA_2542,kermany,PNEUMONIA,kermany-person-8,train,fd572635c2758d2f90cd6e4b50e73d612a38cc199a0380146cbad3801aa5fb13,kermany\train\PNEUMONIA\person8_bacteria_37.jpeg,data\interim\selected\kermany_PNEUMONIA_2542.jpeg,data/processed/images/kermany_PNEUMONIA_2542.png
kermany_PNEUMONIA_2543,kermany,PNEUMONIA,kermany-person-103,train,fda27b13cc2b36f08bb883d2934ed382aa0eb57ce9df6edbba7dc40c0f0455b4,kermany\test\PNEUMONIA\person103_bacteria_490.jpeg,data\interim\selected\kermany_PNEUMONIA_2543.jpeg,data/processed/images/kermany_PNEUMONIA_2543.png
kermany_PNEUMONIA_2544,kermany,PNEUMONIA,kermany-person-1381,train,fdb30321cffdb9cbf35bb8aea2e63766c660ac51ddc433165a283c40f70ee622,kermany\train\PNEUMONIA\person1381_bacteria_3517.jpeg,data\interim\selected\kermany_PNEUMONIA_2544.jpeg,data/processed/images/kermany_PNEUMONIA_2544.png
kermany_PNEUMONIA_2545,kermany,PNEUMONIA,kermany-person-23,train,fdc0d5149bf0e76d76a17985446d7f4f6fcb6ddaa3e186c321365ef151537312,kermany\train\PNEUMONIA\person23_bacteria_103.jpeg,data\interim\selected\kermany_PNEUMONIA_2545.jpeg,data/processed/images/kermany_PNEUMONIA_2545.png
kermany_PNEUMONIA_2546,kermany,PNEUMONIA,kermany-person-1092,train,ffc9e283a504f3e309518403ce48e00ee2077ed42a47d5e46313417939bcbc14,kermany\train\PNEUMONIA\person1092_bacteria_3032.jpeg,data\interim\selected\kermany_PNEUMONIA_2546.jpeg,data/processed/images/kermany_PNEUMONIA_2546.png
chittagong_NORMAL_2547,chittagong,NORMAL,chittagong-normal-7495,val,037d72fa6833631a9bc324956ff6ec0e91ac2050064a65925069cb03efdfba66,chittagong\nested_0\Training\normal\normal-7495.jpg,data\interim\selected\chittagong_NORMAL_2547.jpg,data/processed/images/chittagong_NORMAL_2547.png
chittagong_NORMAL_2548,chittagong,NORMAL,chittagong-normal-7927,val,04c28e6165b817fb94c7ea41449e06926dcf61a2f5772559c545a24eeb91329d,chittagong\nested_0\Testing\normal\normal-7927.jpg,data\interim\selected\chittagong_NORMAL_2548.jpg,data/processed/images/chittagong_NORMAL_2548.png
chittagong_NORMAL_2549,chittagong,NORMAL,chittagong-normal-7428,val,0976461f9b90a40e45fbb224dafd9290c79c6c3423ea7267f764f8dcb26b45e0,chittagong\nested_0\Training\normal\normal-7428.jpg,data\interim\selected\chittagong_NORMAL_2549.jpg,data/processed/images/chittagong_NORMAL_2549.png
chittagong_NORMAL_2550,chittagong,NORMAL,chittagong-normal-7434,val,09d1123ed6fbf1a66035191811f19f4c4eba16b66b68fe03e789840e5493e227,chittagong\nested_0\Training\normal\normal-7434.jpg,data\interim\selected\chittagong_NORMAL_2550.jpg,data/processed/images/chittagong_NORMAL_2550.png
chittagong_NORMAL_2551,chittagong,NORMAL,chittagong-normal-814,val,18010b4313f182d764b00be5d1b253b3307b5ea19be46fc2d549158daf436d26,chittagong\nested_0\Training\normal\normal-814.jpg,data\interim\selected\chittagong_NORMAL_2551.jpg,data/processed/images/chittagong_NORMAL_2551.png
chittagong_NORMAL_2552,chittagong,NORMAL,chittagong-normal-7412,val,1bd818eb6b850f960a9386e7d18a6d8dfe3c43e2add2056e875e7582ce669a81,chittagong\nested_0\Training\normal\normal-7412.jpg,data\interim\selected\chittagong_NORMAL_2552.jpg,data/processed/images/chittagong_NORMAL_2552.png
chittagong_NORMAL_2553,chittagong,NORMAL,chittagong-normal-765,val,1bf70c0c0f545d865d99c60785c991438f99ea55483bf3516d7bc8f8f7902a19,chittagong\nested_0\Training\normal\normal-765.jpg,data\interim\selected\chittagong_NORMAL_2553.jpg,data/processed/images/chittagong_NORMAL_2553.png
chittagong_NORMAL_2554,chittagong,NORMAL,chittagong-normal-8135,val,1c97d2faee0f64f8eb59b300cac42b4e354813f818319ff822311d1da5e0e59c,chittagong\nested_0\Testing\normal\normal-8135.jpg,data\interim\selected\chittagong_NORMAL_2554.jpg,data/processed/images/chittagong_NORMAL_2554.png
chittagong_NORMAL_2555,chittagong,NORMAL,chittagong-normal-7086,val,1cd8719e5768f797aedb0784f8b0f8cfd7a2153335436f956e8ed12b896cfe8a,chittagong\nested_0\Training\normal\normal-7086.jpg,data\interim\selected\chittagong_NORMAL_2555.jpg,data/processed/images/chittagong_NORMAL_2555.png
chittagong_NORMAL_2556,chittagong,NORMAL,chittagong-normal-647,val,209e47bf429ce3e327e259b0420b2b3c1ab5bf18cf85aac5948e9c237fec2f83,chittagong\nested_0\Training\normal\normal-647.jpg,data\interim\selected\chittagong_NORMAL_2556.jpg,data/processed/images/chittagong_NORMAL_2556.png
chittagong_NORMAL_2557,chittagong,NORMAL,chittagong-normal-7954,val,2468baefb6831aadb8e97f01c5be81d312636b92932942e7c9a01a18b0aa506f,chittagong\nested_0\Testing\normal\normal-7954.jpg,data\interim\selected\chittagong_NORMAL_2557.jpg,data/processed/images/chittagong_NORMAL_2557.png
chittagong_NORMAL_2558,chittagong,NORMAL,chittagong-normal-681,val,2750b84ca8c35d56c38fafe42b063069165c217337e0ee17497b0d689eb532b2,chittagong\nested_0\Training\normal\normal-681.jpg,data\interim\selected\chittagong_NORMAL_2558.jpg,data/processed/images/chittagong_NORMAL_2558.png
chittagong_NORMAL_2559,chittagong,NORMAL,chittagong-normal-7925,val,27fd66ab032e908afcd23720c82404734de4c92c1fd3b580a567179c992b9a3e,chittagong\nested_0\Testing\normal\normal-7925.jpg,data\interim\selected\chittagong_NORMAL_2559.jpg,data/processed/images/chittagong_NORMAL_2559.png
chittagong_NORMAL_2560,chittagong,NORMAL,chittagong-normal-588,val,28c7e328f420cbc1c0c8b2faab35c425c7b728eeceaadbf872521551fa3afc06,chittagong\nested_0\Training\normal\normal-588.jpg,data\interim\selected\chittagong_NORMAL_2560.jpg,data/processed/images/chittagong_NORMAL_2560.png
chittagong_NORMAL_2561,chittagong,NORMAL,chittagong-normal-7562,val,2997a25f82b8a24861300721fc7ac2056b587acd5b0885ce84e4406f0dabd066,chittagong\nested_0\Training\normal\normal-7562.jpg,data\interim\selected\chittagong_NORMAL_2561.jpg,data/processed/images/chittagong_NORMAL_2561.png
chittagong_NORMAL_2562,chittagong,NORMAL,chittagong-normal-757,val,2c4c2143e9db2abfefb464ec47b1d0f8c3feb7a178b2cf5448ae5064dceeab2b,chittagong\nested_0\Training\normal\normal-757.jpg,data\interim\selected\chittagong_NORMAL_2562.jpg,data/processed/images/chittagong_NORMAL_2562.png
chittagong_NORMAL_2563,chittagong,NORMAL,chittagong-normal-925,val,2e2fb63f7f4edce7b9132a736ca7e16c096d1d565a250a39205e75effa28e184,chittagong\nested_0\Training\normal\normal-925.jpg,data\interim\selected\chittagong_NORMAL_2563.jpg,data/processed/images/chittagong_NORMAL_2563.png
chittagong_NORMAL_2564,chittagong,NORMAL,chittagong-normal-7913,val,2e66c4e101bc2aa3f6863803d7bfa00a838810e3d85abebd0ecf25535b809b20,chittagong\nested_0\Testing\normal\normal-7913.jpg,data\interim\selected\chittagong_NORMAL_2564.jpg,data/processed/images/chittagong_NORMAL_2564.png
chittagong_NORMAL_2565,chittagong,NORMAL,chittagong-normal-7952,val,2f8cf68b31cbd97e35d232693132b070597c12ac9c74e84d155f262b3342b727,chittagong\nested_0\Testing\normal\normal-7952.jpg,data\interim\selected\chittagong_NORMAL_2565.jpg,data/processed/images/chittagong_NORMAL_2565.png
chittagong_NORMAL_2566,chittagong,NORMAL,chittagong-normal-7248,val,2f97db794ce19e6c86cb56959542d89693c7be9c00b24b1a38843e999557f5b6,chittagong\nested_0\Training\normal\normal-7248.jpg,data\interim\selected\chittagong_NORMAL_2566.jpg,data/processed/images/chittagong_NORMAL_2566.png
chittagong_NORMAL_2567,chittagong,NORMAL,chittagong-normal-807,val,2fd6add58b327b829b7746311dbe1a2859fce838fcd80cde660e1d6820ccbcc0,chittagong\nested_0\Training\normal\normal-807.jpg,data\interim\selected\chittagong_NORMAL_2567.jpg,data/processed/images/chittagong_NORMAL_2567.png
chittagong_NORMAL_2568,chittagong,NORMAL,chittagong-normal-7036,val,30989b0bc63c5704ce3f45a9964bc3aca895caf61b9a8392f05e86aa28c375cd,chittagong\nested_0\Training\normal\normal-7036.jpg,data\interim\selected\chittagong_NORMAL_2568.jpg,data/processed/images/chittagong_NORMAL_2568.png
chittagong_NORMAL_2569,chittagong,NORMAL,chittagong-normal-821,val,390638e6f669aab19062ec1082256f351f4ac05ca5a64048a3757082f1838e44,chittagong\nested_0\Training\normal\normal-821.jpg,data\interim\selected\chittagong_NORMAL_2569.jpg,data/processed/images/chittagong_NORMAL_2569.png
chittagong_NORMAL_2570,chittagong,NORMAL,chittagong-normal-7151,val,39cf069c9acbb35af4ba8bb2f837268129b814a13704e02d54de52270735709b,chittagong\nested_0\Training\normal\normal-7151.jpg,data\interim\selected\chittagong_NORMAL_2570.jpg,data/processed/images/chittagong_NORMAL_2570.png
chittagong_NORMAL_2571,chittagong,NORMAL,chittagong-normal-7314,val,3a379e69d103c7c2f2bd8e1931fe74c527e067d0954aafe0e130d0ac926b3764,chittagong\nested_0\Training\normal\normal-7314.jpg,data\interim\selected\chittagong_NORMAL_2571.jpg,data/processed/images/chittagong_NORMAL_2571.png
chittagong_NORMAL_2572,chittagong,NORMAL,chittagong-normal-704,val,3a8bfb8b596b16047de94ead54de4991efeac7738a5104e1f5f27b859686f8fb,chittagong\nested_0\Training\normal\normal-704.jpg,data\interim\selected\chittagong_NORMAL_2572.jpg,data/processed/images/chittagong_NORMAL_2572.png
chittagong_NORMAL_2573,chittagong,NORMAL,chittagong-normal-84,val,3ca2c9c46f9ffe8cb5d42d5a8baadf89cd06e4162da8a9a82880a9d20476ad8d,chittagong\nested_0\Training\normal\normal-84.jpg,data\interim\selected\chittagong_NORMAL_2573.jpg,data/processed/images/chittagong_NORMAL_2573.png
chittagong_NORMAL_2574,chittagong,NORMAL,chittagong-normal-7866,val,3e4e4de640d3af27d9e11be271b4297b0c65ea111ecf6babaed7e4e81f8fb70b,chittagong\nested_0\Testing\normal\normal-7866.jpg,data\interim\selected\chittagong_NORMAL_2574.jpg,data/processed/images/chittagong_NORMAL_2574.png
chittagong_NORMAL_2575,chittagong,NORMAL,chittagong-normal-742,val,3e8638c46892bdcef0de6534e8c26dd39a041592a56b33ba700a268ab5259ef9,chittagong\nested_0\Training\normal\normal-742.jpg,data\interim\selected\chittagong_NORMAL_2575.jpg,data/processed/images/chittagong_NORMAL_2575.png
chittagong_NORMAL_2576,chittagong,NORMAL,chittagong-normal-7348,val,3f814daf012905b5ad0337370b82e64a8d43ea603baa6547001fddb7b265e2b4,chittagong\nested_0\Training\normal\normal-7348.jpg,data\interim\selected\chittagong_NORMAL_2576.jpg,data/processed/images/chittagong_NORMAL_2576.png
chittagong_NORMAL_2577,chittagong,NORMAL,chittagong-normal-7360,val,421f35fde5c47623ab1dd5f108b49ebbe19037701fbaaba97041311955337821,chittagong\nested_0\Training\normal\normal-7360.jpg,data\interim\selected\chittagong_NORMAL_2577.jpg,data/processed/images/chittagong_NORMAL_2577.png
chittagong_NORMAL_2578,chittagong,NORMAL,chittagong-normal-7539,val,4234f3eb532f952f0a809ca3e2bd22f93fff0d90bfbca5ada5034694acb474c6,chittagong\nested_0\Training\normal\normal-7539.jpg,data\interim\selected\chittagong_NORMAL_2578.jpg,data/processed/images/chittagong_NORMAL_2578.png
chittagong_NORMAL_2579,chittagong,NORMAL,chittagong-normal-7183,val,478b31cb388915cd15f112a7c7c24ad827e2d5a3ca38a9ff410d181da87d763f,chittagong\nested_0\Training\normal\normal-7183.jpg,data\interim\selected\chittagong_NORMAL_2579.jpg,data/processed/images/chittagong_NORMAL_2579.png
chittagong_NORMAL_2580,chittagong,NORMAL,chittagong-normal-7985,val,4933c5ea23890ee009b135dc83e5f5a154190076365c33d58d7961dcfa8eee4c,chittagong\nested_0\Testing\normal\normal-7985.jpg,data\interim\selected\chittagong_NORMAL_2580.jpg,data/processed/images/chittagong_NORMAL_2580.png
chittagong_NORMAL_2581,chittagong,NORMAL,chittagong-normal-7579,val,4965cc8789fb7ffe6722a31defa61e64396b636669c696c7d57d889091244f5e,chittagong\nested_0\Training\normal\normal-7579.jpg,data\interim\selected\chittagong_NORMAL_2581.jpg,data/processed/images/chittagong_NORMAL_2581.png
chittagong_NORMAL_2582,chittagong,NORMAL,chittagong-normal-652,val,4da9d53cbdeb75bf9f6d7023fc2a0660449ad5dacb5a0de5ea93d946c8d00f50,chittagong\nested_0\Training\normal\normal-652.jpg,data\interim\selected\chittagong_NORMAL_2582.jpg,data/processed/images/chittagong_NORMAL_2582.png
chittagong_NORMAL_2583,chittagong,NORMAL,chittagong-normal-7025,val,5249a41cdde4f373676ba47586fb4f421b454b6bd624c5c63e509fcefcb1e913,chittagong\nested_0\Training\normal\normal-7025.jpg,data\interim\selected\chittagong_NORMAL_2583.jpg,data/processed/images/chittagong_NORMAL_2583.png
chittagong_NORMAL_2584,chittagong,NORMAL,chittagong-normal-870,val,564f9fdf5a4c2b78e6105643da5417a8f6519e1cde9675203d922a91ba2032e1,chittagong\nested_0\Training\normal\normal-870.jpg,data\interim\selected\chittagong_NORMAL_2584.jpg,data/processed/images/chittagong_NORMAL_2584.png
chittagong_NORMAL_2585,chittagong,NORMAL,chittagong-normal-7216,val,58c06538a8e79ae1566186470e0a9adc22527fb23a06064fbbf371a04e1ba8c1,chittagong\nested_0\Training\normal\normal-7216.jpg,data\interim\selected\chittagong_NORMAL_2585.jpg,data/processed/images/chittagong_NORMAL_2585.png
chittagong_NORMAL_2586,chittagong,NORMAL,chittagong-normal-720,val,5c804639a70b511d1131e70dd1d728f255d2eb095787728cf653542a423a6a70,chittagong\nested_0\Training\normal\normal-720.jpg,data\interim\selected\chittagong_NORMAL_2586.jpg,data/processed/images/chittagong_NORMAL_2586.png
chittagong_NORMAL_2587,chittagong,NORMAL,chittagong-normal-7077,val,5d683b921db659056020be9e93e69bb01e5fc11447797130f3ee0f3cffdf9523,chittagong\nested_0\Training\normal\normal-7077.jpg,data\interim\selected\chittagong_NORMAL_2587.jpg,data/processed/images/chittagong_NORMAL_2587.png
chittagong_NORMAL_2588,chittagong,NORMAL,chittagong-normal-7127,val,5eb0503c89624b8e1a1e6a339bbfab8ec4f5a945fb1028b1bfb4c06f60e6b023,chittagong\nested_0\Training\normal\normal-7127.jpg,data\interim\selected\chittagong_NORMAL_2588.jpg,data/processed/images/chittagong_NORMAL_2588.png
chittagong_NORMAL_2589,chittagong,NORMAL,chittagong-normal-643,val,602f04aca50a9dfe7bc52fa268d19ad61616b410d970a3a2fc008cd3ebaa2bb8,chittagong\nested_0\Training\normal\normal-643.jpg,data\interim\selected\chittagong_NORMAL_2589.jpg,data/processed/images/chittagong_NORMAL_2589.png
chittagong_NORMAL_2590,chittagong,NORMAL,chittagong-normal-7199,val,682371bfa56218c919c36ca2d6c156aba9b6f3b6dd1eeb4d8dfed7cf30be01ac,chittagong\nested_0\Training\normal\normal-7199.jpg,data\interim\selected\chittagong_NORMAL_2590.jpg,data/processed/images/chittagong_NORMAL_2590.png
chittagong_NORMAL_2591,chittagong,NORMAL,chittagong-normal-7135,val,682ac2e9a1267935d66fed0555dfcc86f1696ba7b5187f06723f25af523ff53e,chittagong\nested_0\Training\normal\normal-7135.jpg,data\interim\selected\chittagong_NORMAL_2591.jpg,data/processed/images/chittagong_NORMAL_2591.png
chittagong_NORMAL_2592,chittagong,NORMAL,chittagong-normal-7193,val,69ba13ec926baf93bfcc9b511bfb48b26fa2afb4bd699acafc642be6680dc368,chittagong\nested_0\Training\normal\normal-7193.jpg,data\interim\selected\chittagong_NORMAL_2592.jpg,data/processed/images/chittagong_NORMAL_2592.png
chittagong_NORMAL_2593,chittagong,NORMAL,chittagong-normal-70,val,69c318e6049877ec3897d3c7969d4e2e18e03638ea0f6c93999dd96a85e3ed83,chittagong\nested_0\Training\normal\normal-70.jpg,data\interim\selected\chittagong_NORMAL_2593.jpg,data/processed/images/chittagong_NORMAL_2593.png
chittagong_NORMAL_2594,chittagong,NORMAL,chittagong-normal-7315,val,6c011aa02728ddbbe8e390b2be124f4437dea3d09b4f245f6aa988b274650ca2,chittagong\nested_0\Training\normal\normal-7315.jpg,data\interim\selected\chittagong_NORMAL_2594.jpg,data/processed/images/chittagong_NORMAL_2594.png
chittagong_NORMAL_2595,chittagong,NORMAL,chittagong-normal-7125,val,6fb6a9506d4a794e0bc234a8500fdfdfe0948d97065847bdc82649eb24de12e9,chittagong\nested_0\Training\normal\normal-7125.jpg,data\interim\selected\chittagong_NORMAL_2595.jpg,data/processed/images/chittagong_NORMAL_2595.png
chittagong_NORMAL_2596,chittagong,NORMAL,chittagong-normal-7208,val,71d8a816a13a29dc9c0437dab31d4b2dcf88b4f77141616a90f6db6785c7d545,chittagong\nested_0\Training\normal\normal-7208.jpg,data\interim\selected\chittagong_NORMAL_2596.jpg,data/processed/images/chittagong_NORMAL_2596.png
chittagong_NORMAL_2597,chittagong,NORMAL,chittagong-normal-8027,val,720a9d69bef21c18f7963665ced0299a31a9e90d1e8ba80065dcfd6d7ab66bc4,chittagong\nested_0\Testing\normal\normal-8027.jpg,data\interim\selected\chittagong_NORMAL_2597.jpg,data/processed/images/chittagong_NORMAL_2597.png
chittagong_NORMAL_2598,chittagong,NORMAL,chittagong-normal-7608,val,72ca8e1ee3a31acb0cb4b1313e1715e9ec6f5e3e722bcef66009684bc63cfac7,chittagong\nested_0\Training\normal\normal-7608.jpg,data\interim\selected\chittagong_NORMAL_2598.jpg,data/processed/images/chittagong_NORMAL_2598.png
chittagong_NORMAL_2599,chittagong,NORMAL,chittagong-normal-7326,val,7300dff77dd4fa920be60a53cef82b74e341e33b55135d1c151bc2674e9cce98,chittagong\nested_0\Training\normal\normal-7326.jpg,data\interim\selected\chittagong_NORMAL_2599.jpg,data/processed/images/chittagong_NORMAL_2599.png
chittagong_NORMAL_2600,chittagong,NORMAL,chittagong-normal-7668,val,78378423a9f57777285ac8af8ecca24cbb78081cd6db1748fb5bc270b67279af,chittagong\nested_0\Training\normal\normal-7668.jpg,data\interim\selected\chittagong_NORMAL_2600.jpg,data/processed/images/chittagong_NORMAL_2600.png
chittagong_NORMAL_2601,chittagong,NORMAL,chittagong-normal-834,val,797c494e56e48ff7b5084e193e592139918b2e1edf164806a7d1f728e235e246,chittagong\nested_0\Training\normal\normal-834.jpg,data\interim\selected\chittagong_NORMAL_2601.jpg,data/processed/images/chittagong_NORMAL_2601.png
chittagong_NORMAL_2602,chittagong,NORMAL,chittagong-normal-819,val,7ab0a118290a1bd77d516f6dabd2a56c1e7fe856537c123aaebd9ae178acdbdd,chittagong\nested_0\Training\normal\normal-819.jpg,data\interim\selected\chittagong_NORMAL_2602.jpg,data/processed/images/chittagong_NORMAL_2602.png
chittagong_NORMAL_2603,chittagong,NORMAL,chittagong-normal-8009,val,7ad84144bc9e05f906e43dec719f8d1f8e9f80fbc1d8b1c6f13d676188596c27,chittagong\nested_0\Testing\normal\normal-8009.jpg,data\interim\selected\chittagong_NORMAL_2603.jpg,data/processed/images/chittagong_NORMAL_2603.png
chittagong_NORMAL_2604,chittagong,NORMAL,chittagong-normal-7181,val,7ad9c2f4320e14dd40c3ab7034354acd119bfd07b4b3b8fff9e50d2d704fff17,chittagong\nested_0\Training\normal\normal-7181.jpg,data\interim\selected\chittagong_NORMAL_2604.jpg,data/processed/images/chittagong_NORMAL_2604.png
chittagong_NORMAL_2605,chittagong,NORMAL,chittagong-normal-7356,val,7bc2d4375628826f73d1ce27fda21e5c6d6277e12522e0a7f04fd72cf836226d,chittagong\nested_0\Training\normal\normal-7356.jpg,data\interim\selected\chittagong_NORMAL_2605.jpg,data/processed/images/chittagong_NORMAL_2605.png
chittagong_NORMAL_2606,chittagong,NORMAL,chittagong-normal-7897,val,7f4c8b3f15124fadbfbc20a8a6d8540a1fdeae16eda177df88790b61251cff77,chittagong\nested_0\Testing\normal\normal-7897.jpg,data\interim\selected\chittagong_NORMAL_2606.jpg,data/processed/images/chittagong_NORMAL_2606.png
chittagong_NORMAL_2607,chittagong,NORMAL,chittagong-normal-7504,val,8027cfea27aa7aade9900e15c336f9e41b55909f7e4d9a90f98f6617523e7b59,chittagong\nested_0\Training\normal\normal-7504.jpg,data\interim\selected\chittagong_NORMAL_2607.jpg,data/processed/images/chittagong_NORMAL_2607.png
chittagong_NORMAL_2608,chittagong,NORMAL,chittagong-normal-8031,val,8584159b8d36b587f06592f99879a9350708d20c56b8b91d08a80912dada9f2e,chittagong\nested_0\Testing\normal\normal-8031.jpg,data\interim\selected\chittagong_NORMAL_2608.jpg,data/processed/images/chittagong_NORMAL_2608.png
chittagong_NORMAL_2609,chittagong,NORMAL,chittagong-normal-7079,val,8bfb808957719b149a8f45c8788dc7df2a3333c0847961a6d067658aedd34958,chittagong\nested_0\Training\normal\normal-7079.jpg,data\interim\selected\chittagong_NORMAL_2609.jpg,data/processed/images/chittagong_NORMAL_2609.png
chittagong_NORMAL_2610,chittagong,NORMAL,chittagong-normal-663,val,8ce2fe8f76186756ee8d162ee5319f30ec1fcba9125666e0104c7dc3b38a249c,chittagong\nested_0\Training\normal\normal-663.jpg,data\interim\selected\chittagong_NORMAL_2610.jpg,data/processed/images/chittagong_NORMAL_2610.png
chittagong_NORMAL_2611,chittagong,NORMAL,chittagong-normal-7909,val,8decbf48ff4bbd129467be924717287a4fc167cc4aa433c2506f236447303b3a,chittagong\nested_0\Testing\normal\normal-7909.jpg,data\interim\selected\chittagong_NORMAL_2611.jpg,data/processed/images/chittagong_NORMAL_2611.png
chittagong_NORMAL_2612,chittagong,NORMAL,chittagong-normal-7146,val,8e89df9138690d7def5999904735333479697784588b8bbd8f4a1548c06fcf29,chittagong\nested_0\Training\normal\normal-7146.jpg,data\interim\selected\chittagong_NORMAL_2612.jpg,data/processed/images/chittagong_NORMAL_2612.png
chittagong_NORMAL_2613,chittagong,NORMAL,chittagong-normal-701,val,8fca912828779242dc11b68c34cca0deb22220d9543bc167e8ada296d19707ee,chittagong\nested_0\Training\normal\normal-701.jpg,data\interim\selected\chittagong_NORMAL_2613.jpg,data/processed/images/chittagong_NORMAL_2613.png
chittagong_NORMAL_2614,chittagong,NORMAL,chittagong-normal-7291,val,91be25a119081b4ef18754c9b75a46562e173630852430adddfdce56ad0ecf5e,chittagong\nested_0\Training\normal\normal-7291.jpg,data\interim\selected\chittagong_NORMAL_2614.jpg,data/processed/images/chittagong_NORMAL_2614.png
chittagong_NORMAL_2615,chittagong,NORMAL,chittagong-normal-7239,val,9314cddb24cb06186960e4ba78416db9e0c20623d69e17f96d51a8b7f4f0ab82,chittagong\nested_0\Training\normal\normal-7239.jpg,data\interim\selected\chittagong_NORMAL_2615.jpg,data/processed/images/chittagong_NORMAL_2615.png
chittagong_NORMAL_2616,chittagong,NORMAL,chittagong-normal-8038,val,931556a72c5c3229085738203b5d27e285b965b73502ebfd39980d30831ed223,chittagong\nested_0\Testing\normal\normal-8038.jpg,data\interim\selected\chittagong_NORMAL_2616.jpg,data/processed/images/chittagong_NORMAL_2616.png
chittagong_NORMAL_2617,chittagong,NORMAL,chittagong-normal-7294,val,93dbbd3fe376daab6a0b5050943675d50774255f7f27ad6d9de86e8b60e960c5,chittagong\nested_0\Training\normal\normal-7294.jpg,data\interim\selected\chittagong_NORMAL_2617.jpg,data/processed/images/chittagong_NORMAL_2617.png
chittagong_NORMAL_2618,chittagong,NORMAL,chittagong-normal-7949,val,9b000ca97532d87d818436f00a5e7ae185fd02e0d6db7101780064ce73e9ca9c,chittagong\nested_0\Testing\normal\normal-7949.jpg,data\interim\selected\chittagong_NORMAL_2618.jpg,data/processed/images/chittagong_NORMAL_2618.png
chittagong_NORMAL_2619,chittagong,NORMAL,chittagong-normal-7552,val,9b7c50948b02278e3f970ba853e359c83985456f926d52c2b071776231578593,chittagong\nested_0\Training\normal\normal-7552.jpg,data\interim\selected\chittagong_NORMAL_2619.jpg,data/processed/images/chittagong_NORMAL_2619.png
chittagong_NORMAL_2620,chittagong,NORMAL,chittagong-normal-871,val,9ebae1fd5477d0b12f17bb2b5108004f3d55026d9a4d40ef4b9b9c9d304902cb,chittagong\nested_0\Training\normal\normal-871.jpg,data\interim\selected\chittagong_NORMAL_2620.jpg,data/processed/images/chittagong_NORMAL_2620.png
chittagong_NORMAL_2621,chittagong,NORMAL,chittagong-normal-7646,val,9fa7e3ab0cb2426eab2f6e11f8dcb32e8099befd24665468f2f6ff60e49ed454,chittagong\nested_0\Training\normal\normal-7646.jpg,data\interim\selected\chittagong_NORMAL_2621.jpg,data/processed/images/chittagong_NORMAL_2621.png
chittagong_NORMAL_2622,chittagong,NORMAL,chittagong-normal-7393,val,a3578933e29163d4dc1c0ad736bcff5f75248a318db3524c4ed032aa08be3013,chittagong\nested_0\Training\normal\normal-7393.jpg,data\interim\selected\chittagong_NORMAL_2622.jpg,data/processed/images/chittagong_NORMAL_2622.png
chittagong_NORMAL_2623,chittagong,NORMAL,chittagong-normal-7997,val,a399de1850e832cf12cc79d8b969d81d6e0fe622fbf2cabb1874f6b32fd78a48,chittagong\nested_0\Testing\normal\normal-7997.jpg,data\interim\selected\chittagong_NORMAL_2623.jpg,data/processed/images/chittagong_NORMAL_2623.png
chittagong_NORMAL_2624,chittagong,NORMAL,chittagong-normal-68,val,a49919365efb0653e56d1e4843326f6b9a0dfedd06e35c1ae3ac59ac3921d37f,chittagong\nested_0\Training\normal\normal-68.jpg,data\interim\selected\chittagong_NORMAL_2624.jpg,data/processed/images/chittagong_NORMAL_2624.png
chittagong_NORMAL_2625,chittagong,NORMAL,chittagong-normal-872,val,a7c582d87dcb33d7a010ea661ef42841c96d74d6ac9998e0cc042a773a83f981,chittagong\nested_0\Training\normal\normal-872.jpg,data\interim\selected\chittagong_NORMAL_2625.jpg,data/processed/images/chittagong_NORMAL_2625.png
chittagong_NORMAL_2626,chittagong,NORMAL,chittagong-normal-915,val,a946ebb4df143ab303a29845233f4a4b8d7b1939cccc5732c00fbf562c671c83,chittagong\nested_0\Training\normal\normal-915.jpg,data\interim\selected\chittagong_NORMAL_2626.jpg,data/processed/images/chittagong_NORMAL_2626.png
chittagong_NORMAL_2627,chittagong,NORMAL,chittagong-normal-7524,val,ace9239709bdb01b01c5175216e38d4d5e89e50181e8142868974b3d7ded0015,chittagong\nested_0\Training\normal\normal-7524.jpg,data\interim\selected\chittagong_NORMAL_2627.jpg,data/processed/images/chittagong_NORMAL_2627.png
chittagong_NORMAL_2628,chittagong,NORMAL,chittagong-normal-8134,val,af0588cd8c700649652bc795023ae8aed5f3430d9987107a41c344d66a425fc6,chittagong\nested_0\Testing\normal\normal-8134.jpg,data\interim\selected\chittagong_NORMAL_2628.jpg,data/processed/images/chittagong_NORMAL_2628.png
chittagong_NORMAL_2629,chittagong,NORMAL,chittagong-normal-7345,val,b171442832facc8f4d14fdfdf18dcbd4ed8217556a1cadc8c1b979a131fe6ee7,chittagong\nested_0\Training\normal\normal-7345.jpg,data\interim\selected\chittagong_NORMAL_2629.jpg,data/processed/images/chittagong_NORMAL_2629.png
chittagong_NORMAL_2630,chittagong,NORMAL,chittagong-normal-8053,val,b2dba2b613bf3f7e8f97ee4919a5541c7c2faad6bd52b248c6e0ce1beb7855e8,chittagong\nested_0\Testing\normal\normal-8053.jpg,data\interim\selected\chittagong_NORMAL_2630.jpg,data/processed/images/chittagong_NORMAL_2630.png
chittagong_NORMAL_2631,chittagong,NORMAL,chittagong-normal-7080,val,b4c71fc176ad2626bfbd315729b40fbded57c59def5ebbf390d200eec81d8827,chittagong\nested_0\Training\normal\normal-7080.jpg,data\interim\selected\chittagong_NORMAL_2631.jpg,data/processed/images/chittagong_NORMAL_2631.png
chittagong_NORMAL_2632,chittagong,NORMAL,chittagong-normal-8,val,b84e611d4f788006e0b673ec689f816a284a68052ed24c80b50b8c9c3150d7c0,chittagong\nested_0\Training\normal\normal-8.jpg,data\interim\selected\chittagong_NORMAL_2632.jpg,data/processed/images/chittagong_NORMAL_2632.png
chittagong_NORMAL_2633,chittagong,NORMAL,chittagong-normal-7446,val,bfcf266fd51a1d977db510c0f84efcacb65e6946c6b3c1e94d742496f78038d5,chittagong\nested_0\Training\normal\normal-7446.jpg,data\interim\selected\chittagong_NORMAL_2633.jpg,data/processed/images/chittagong_NORMAL_2633.png
chittagong_NORMAL_2634,chittagong,NORMAL,chittagong-normal-767,val,c36691794e0f7d0ab2ee7087935927413e28272c4a3efb58eff20fe6653abb22,chittagong\nested_0\Training\normal\normal-767.jpg,data\interim\selected\chittagong_NORMAL_2634.jpg,data/processed/images/chittagong_NORMAL_2634.png
chittagong_NORMAL_2635,chittagong,NORMAL,chittagong-normal-7989,val,c5696cac94cad742ef94c760ea1a7ce17cc72b0023905653172c159447be93f9,chittagong\nested_0\Testing\normal\normal-7989.jpg,data\interim\selected\chittagong_NORMAL_2635.jpg,data/processed/images/chittagong_NORMAL_2635.png
chittagong_NORMAL_2636,chittagong,NORMAL,chittagong-normal-769,val,c6b32691015918f477f33cbcbd2c00db7a1e31784bce01b77065a1bb76d44266,chittagong\nested_0\Training\normal\normal-769.jpg,data\interim\selected\chittagong_NORMAL_2636.jpg,data/processed/images/chittagong_NORMAL_2636.png
chittagong_NORMAL_2637,chittagong,NORMAL,chittagong-normal-613,val,c708f7ca1bc4bf05dff29b6e2623d85b9bee2effcca8e439ceff8e3d6229f193,chittagong\nested_0\Training\normal\normal-613.jpg,data\interim\selected\chittagong_NORMAL_2637.jpg,data/processed/images/chittagong_NORMAL_2637.png
chittagong_NORMAL_2638,chittagong,NORMAL,chittagong-normal-924,val,cdd7c49540cc3dc7f3db95d845a865c5facd376c7778b86dc29711f5ef24854d,chittagong\nested_0\Training\normal\normal-924.jpg,data\interim\selected\chittagong_NORMAL_2638.jpg,data/processed/images/chittagong_NORMAL_2638.png
chittagong_NORMAL_2639,chittagong,NORMAL,chittagong-normal-8004,val,ce97a22ee9885f1ed2e84af34991dbba8520829902622ebe09f812cca8c1feeb,chittagong\nested_0\Testing\normal\normal-8004.jpg,data\interim\selected\chittagong_NORMAL_2639.jpg,data/processed/images/chittagong_NORMAL_2639.png
chittagong_NORMAL_2640,chittagong,NORMAL,chittagong-normal-7958,val,cef381dac79137fa5f85d48492e4f5789f9e987393d74ddaa19fa8f184a1c2e5,chittagong\nested_0\Testing\normal\normal-7958.jpg,data\interim\selected\chittagong_NORMAL_2640.jpg,data/processed/images/chittagong_NORMAL_2640.png
chittagong_NORMAL_2641,chittagong,NORMAL,chittagong-normal-717,val,cef683ff486853acabdc00b67bbf7c75e063d55b185eb53b7eff64e25625daac,chittagong\nested_0\Training\normal\normal-717.jpg,data\interim\selected\chittagong_NORMAL_2641.jpg,data/processed/images/chittagong_NORMAL_2641.png
chittagong_NORMAL_2642,chittagong,NORMAL,chittagong-normal-697,val,cfa82cbf621451657958bc4d97fd0b26c40eb65a0385e758d179bf1736b8b772,chittagong\nested_0\Training\normal\normal-697.jpg,data\interim\selected\chittagong_NORMAL_2642.jpg,data/processed/images/chittagong_NORMAL_2642.png
chittagong_NORMAL_2643,chittagong,NORMAL,chittagong-normal-920,val,cffa1a59d2854fb4cf1d16442748f6cdef9c6bded327b66675cb246f2df17e06,chittagong\nested_0\Training\normal\normal-920.jpg,data\interim\selected\chittagong_NORMAL_2643.jpg,data/processed/images/chittagong_NORMAL_2643.png
chittagong_NORMAL_2644,chittagong,NORMAL,chittagong-normal-7318,val,d57f2552f985e9747831463c5078207ef0f7bd185a632b7df902e3651c85bc7b,chittagong\nested_0\Training\normal\normal-7318.jpg,data\interim\selected\chittagong_NORMAL_2644.jpg,data/processed/images/chittagong_NORMAL_2644.png
chittagong_NORMAL_2645,chittagong,NORMAL,chittagong-normal-843,val,d7f7dd68c6adfebd40f7f3c713d634566d6e8ada753f1a4752b2525824b2c725,chittagong\nested_0\Training\normal\normal-843.jpg,data\interim\selected\chittagong_NORMAL_2645.jpg,data/processed/images/chittagong_NORMAL_2645.png
chittagong_NORMAL_2646,chittagong,NORMAL,chittagong-normal-7289,val,d9952fc57b2c7acb4cac80a58abe005f477737ad500d80ef592cfd0da6a9b4d1,chittagong\nested_0\Training\normal\normal-7289.jpg,data\interim\selected\chittagong_NORMAL_2646.jpg,data/processed/images/chittagong_NORMAL_2646.png
chittagong_NORMAL_2647,chittagong,NORMAL,chittagong-normal-7279,val,da6eeff3cf418d4af576e6bf03790ee9f400ec01e0f74586be51ac606cf200aa,chittagong\nested_0\Training\normal\normal-7279.jpg,data\interim\selected\chittagong_NORMAL_2647.jpg,data/processed/images/chittagong_NORMAL_2647.png
chittagong_NORMAL_2648,chittagong,NORMAL,chittagong-normal-7537,val,db63235590468fd8f5e9fa3673178c2e918c2c36eef30db263a8c08ded03af8d,chittagong\nested_0\Training\normal\normal-7537.jpg,data\interim\selected\chittagong_NORMAL_2648.jpg,data/processed/images/chittagong_NORMAL_2648.png
chittagong_NORMAL_2649,chittagong,NORMAL,chittagong-normal-7522,val,dbd7ab519f6cbb22b63f4fdb81509e4a6fddc9f29efde6c75165b45cef0e9b1b,chittagong\nested_0\Training\normal\normal-7522.jpg,data\interim\selected\chittagong_NORMAL_2649.jpg,data/processed/images/chittagong_NORMAL_2649.png
chittagong_NORMAL_2650,chittagong,NORMAL,chittagong-normal-570,val,dc59ea0e50efe78aa5898d69a3fac782d88ec18b77d588289ea5089e71ab430f,chittagong\nested_0\Training\normal\normal-570.jpg,data\interim\selected\chittagong_NORMAL_2650.jpg,data/processed/images/chittagong_NORMAL_2650.png
chittagong_NORMAL_2651,chittagong,NORMAL,chittagong-normal-788,val,dc74e3d84fac1f47fedd85959a894ac8a9e4d2c44082f8ddda469239c11a2c7f,chittagong\nested_0\Training\normal\normal-788.jpg,data\interim\selected\chittagong_NORMAL_2651.jpg,data/processed/images/chittagong_NORMAL_2651.png
chittagong_NORMAL_2652,chittagong,NORMAL,chittagong-normal-6,val,e49158b8290f3033169eba7c8ede60a574ffdb138c8d8390ab7f61862865b232,chittagong\nested_0\Training\normal\normal-6.jpg,data\interim\selected\chittagong_NORMAL_2652.jpg,data/processed/images/chittagong_NORMAL_2652.png
chittagong_NORMAL_2653,chittagong,NORMAL,chittagong-normal-7374,val,ed836d6624e6907e3965617fec01713518f9202847290f17fb0dbc5e1c3fa268,chittagong\nested_0\Training\normal\normal-7374.jpg,data\interim\selected\chittagong_NORMAL_2653.jpg,data/processed/images/chittagong_NORMAL_2653.png
chittagong_NORMAL_2654,chittagong,NORMAL,chittagong-normal-7914,val,ee517e92f56ca2b182beacdf058893baee7b30fbae551bc4e2650b2bf9c6f64e,chittagong\nested_0\Testing\normal\normal-7914.jpg,data\interim\selected\chittagong_NORMAL_2654.jpg,data/processed/images/chittagong_NORMAL_2654.png
chittagong_NORMAL_2655,chittagong,NORMAL,chittagong-normal-7353,val,efb0351d0cf5e63b2a16b02d5c02d9514ed413a75e2ffa4ecd862a5b3c7b794c,chittagong\nested_0\Training\normal\normal-7353.jpg,data\interim\selected\chittagong_NORMAL_2655.jpg,data/processed/images/chittagong_NORMAL_2655.png
chittagong_NORMAL_2656,chittagong,NORMAL,chittagong-normal-7586,val,efb1eec4a99b2a0e87576d84be5c5b20831e49ed8323f4febe60fd4af4b3a9fb,chittagong\nested_0\Training\normal\normal-7586.jpg,data\interim\selected\chittagong_NORMAL_2656.jpg,data/processed/images/chittagong_NORMAL_2656.png
chittagong_NORMAL_2657,chittagong,NORMAL,chittagong-normal-7663,val,f17f080e8cf4258708c467745d2b4030ac633c9c04a4a7c7b13be28bb01ca794,chittagong\nested_0\Training\normal\normal-7663.jpg,data\interim\selected\chittagong_NORMAL_2657.jpg,data/processed/images/chittagong_NORMAL_2657.png
chittagong_NORMAL_2658,chittagong,NORMAL,chittagong-normal-7916,val,f42ae9081834ac6a0b512f4d4baea5bed7ec96ae713aa6cf45f4e0df8955783c,chittagong\nested_0\Testing\normal\normal-7916.jpg,data\interim\selected\chittagong_NORMAL_2658.jpg,data/processed/images/chittagong_NORMAL_2658.png
chittagong_NORMAL_2659,chittagong,NORMAL,chittagong-normal-7055,val,f595961aee8a9f2a11056b705c2af6229468255dd8328f4e5f73dd53b3a09795,chittagong\nested_0\Training\normal\normal-7055.jpg,data\interim\selected\chittagong_NORMAL_2659.jpg,data/processed/images/chittagong_NORMAL_2659.png
chittagong_NORMAL_2660,chittagong,NORMAL,chittagong-normal-7968,val,fc33207b1aaf0a871784e7ea3159d06a6256d14b8cb43abed35923b081e06b22,chittagong\nested_0\Testing\normal\normal-7968.jpg,data\interim\selected\chittagong_NORMAL_2660.jpg,data/processed/images/chittagong_NORMAL_2660.png
chittagong_NORMAL_2661,chittagong,NORMAL,chittagong-normal-7466,val,fc5bbe150b2f95b9180c22e991e696ef62e90d37c32c054181c71a19ea8c9866,chittagong\nested_0\Training\normal\normal-7466.jpg,data\interim\selected\chittagong_NORMAL_2661.jpg,data/processed/images/chittagong_NORMAL_2661.png
chittagong_NORMAL_2662,chittagong,NORMAL,chittagong-normal-7389,val,fdb1959f9328facfb9f321164c8805398cb72da7f7739af69a262d055cf42a4b,chittagong\nested_0\Training\normal\normal-7389.jpg,data\interim\selected\chittagong_NORMAL_2662.jpg,data/processed/images/chittagong_NORMAL_2662.png
chittagong_NORMAL_2663,chittagong,NORMAL,chittagong-normal-7472,val,fef9a9fbaff36a7eb306256f274194b3ac534f51312b5886c6f8c614c8a52226,chittagong\nested_0\Training\normal\normal-7472.jpg,data\interim\selected\chittagong_NORMAL_2663.jpg,data/processed/images/chittagong_NORMAL_2663.png
chittagong_NORMAL_2664,chittagong,NORMAL,chittagong-normal-7298,val,ffaa3a9e390bc0b9d90ffffcda9a0c903b1b871564e919cfdac0099787691424,chittagong\nested_0\Training\normal\normal-7298.jpg,data\interim\selected\chittagong_NORMAL_2664.jpg,data/processed/images/chittagong_NORMAL_2664.png
kermany_NORMAL_2665,kermany,NORMAL,kermany-im-0141,val,05a7de32e8868fd4aa00894bca7f1157884332593351076d02f07c771d4fd93d,kermany\train\NORMAL\IM-0141-0001.jpeg,data\interim\selected\kermany_NORMAL_2665.jpeg,data/processed/images/kermany_NORMAL_2665.png
kermany_NORMAL_2666,kermany,NORMAL,kermany-im-0307,val,05c61576866d70c127102c7006b70b79f7290e28db1c55e163db5da63b134d4f,kermany\train\NORMAL\IM-0307-0001.jpeg,data\interim\selected\kermany_NORMAL_2666.jpeg,data/processed/images/kermany_NORMAL_2666.png
kermany_NORMAL_2667,kermany,NORMAL,kermany-im-0384,val,082de1e214c34af770ce6d71c72cfbbfb3816e9770b84defc03a63082af12344,kermany\train\NORMAL\NORMAL2-IM-0384-0001.jpeg,data\interim\selected\kermany_NORMAL_2667.jpeg,data/processed/images/kermany_NORMAL_2667.png
kermany_NORMAL_2668,kermany,NORMAL,kermany-im-0309,val,0b2ee03e7dec60c98e30065a79abff7a0d0f3e46426c752e0170c08083b68550,kermany\train\NORMAL\IM-0309-0001.jpeg,data\interim\selected\kermany_NORMAL_2668.jpeg,data/processed/images/kermany_NORMAL_2668.png
kermany_NORMAL_2669,kermany,NORMAL,kermany-im-0681,val,0c7d2cabde7310daadc18cf0a46b3f5f534a4ad6a5b6aab31edb4e975d5fe565,kermany\train\NORMAL\IM-0681-0001.jpeg,data\interim\selected\kermany_NORMAL_2669.jpeg,data/processed/images/kermany_NORMAL_2669.png
kermany_NORMAL_2670,kermany,NORMAL,kermany-im-1125,val,0e81b0e3485f47190b362b0166e9698311b685407ecf8e4c588963f2bbe603d8,kermany\train\NORMAL\NORMAL2-IM-1125-0001.jpeg,data\interim\selected\kermany_NORMAL_2670.jpeg,data/processed/images/kermany_NORMAL_2670.png
kermany_NORMAL_2671,kermany,NORMAL,kermany-im-0926,val,0eb859b80f3135a91842fe0cfced2ca6737c8bfe9f6320ab3138828621d633bf,kermany\train\NORMAL\NORMAL2-IM-0926-0001.jpeg,data\interim\selected\kermany_NORMAL_2671.jpeg,data/processed/images/kermany_NORMAL_2671.png
kermany_NORMAL_2672,kermany,NORMAL,kermany-im-1412,val,0f6edc46fd05f4a680ed2bf9356c01f35534873836355272da25e10268b867d8,kermany\train\NORMAL\NORMAL2-IM-1412-0001.jpeg,data\interim\selected\kermany_NORMAL_2672.jpeg,data/processed/images/kermany_NORMAL_2672.png
kermany_NORMAL_2673,kermany,NORMAL,kermany-im-0221,val,10198ef4314b1c7492aedaf91b8d3705cf2d2ac9028b01cff2803ed61a14b038,kermany\train\NORMAL\IM-0221-0001.jpeg,data\interim\selected\kermany_NORMAL_2673.jpeg,data/processed/images/kermany_NORMAL_2673.png
kermany_NORMAL_2674,kermany,NORMAL,kermany-im-0382,val,1507c841155cf9f39a2a1b3adbfbe2f8b1e7bef8ee1415643c486e91e1fbd300,kermany\train\NORMAL\IM-0382-0001.jpeg,data\interim\selected\kermany_NORMAL_2674.jpeg,data/processed/images/kermany_NORMAL_2674.png
kermany_NORMAL_2675,kermany,NORMAL,kermany-im-0262,val,17e7f225546496e60fd8ea86d993ac24908667fd0689a14477f82df462bc4552,kermany\train\NORMAL\IM-0262-0001.jpeg,data\interim\selected\kermany_NORMAL_2675.jpeg,data/processed/images/kermany_NORMAL_2675.png
kermany_NORMAL_2676,kermany,NORMAL,kermany-im-0914,val,1a58c9da48e8a1d953b7f492854cabefc716bb52523daa002c40711ebbaf4caa,kermany\train\NORMAL\NORMAL2-IM-0914-0001.jpeg,data\interim\selected\kermany_NORMAL_2676.jpeg,data/processed/images/kermany_NORMAL_2676.png
kermany_NORMAL_2677,kermany,NORMAL,kermany-im-1231,val,1e2228ca074c5a56f387f21ba7151f1158fb76d9bd4d749dcf1985e8920f7c9a,kermany\train\NORMAL\NORMAL2-IM-1231-0001.jpeg,data\interim\selected\kermany_NORMAL_2677.jpeg,data/processed/images/kermany_NORMAL_2677.png
kermany_NORMAL_2678,kermany,NORMAL,kermany-im-0664,val,23438b885fc88a0060ec990a52017ad1f006ee38644f6f7fea0389b3b5010395,kermany\train\NORMAL\IM-0664-0001.jpeg,data\interim\selected\kermany_NORMAL_2678.jpeg,data/processed/images/kermany_NORMAL_2678.png
kermany_NORMAL_2679,kermany,NORMAL,kermany-im-0331,val,2453213f313221f434a32efa550efa6be95c5c26b954d9616c32036a453a9ba6,kermany\test\NORMAL\NORMAL2-IM-0331-0001.jpeg,data\interim\selected\kermany_NORMAL_2679.jpeg,data/processed/images/kermany_NORMAL_2679.png
kermany_NORMAL_2680,kermany,NORMAL,kermany-im-1294,val,26197414f4ddb2c9e12e1592b34f57c6d1ad797a6042c5c7c6e0356e599eb9f1,kermany\train\NORMAL\NORMAL2-IM-1294-0001-0002.jpeg,data\interim\selected\kermany_NORMAL_2680.jpeg,data/processed/images/kermany_NORMAL_2680.png
kermany_NORMAL_2681,kermany,NORMAL,kermany-im-0309,val,29039385c733d551e17bc1fe341b744019f448e2b7e5cecb33e678913fa6d349,kermany\test\NORMAL\NORMAL2-IM-0309-0001.jpeg,data\interim\selected\kermany_NORMAL_2681.jpeg,data/processed/images/kermany_NORMAL_2681.png
kermany_NORMAL_2682,kermany,NORMAL,kermany-im-0035,val,2a9b9fafd5000ad7478cd55f50c2492feae5f59c8f83e5ad2614e944a20556ee,kermany\test\NORMAL\IM-0035-0001.jpeg,data\interim\selected\kermany_NORMAL_2682.jpeg,data/processed/images/kermany_NORMAL_2682.png
kermany_NORMAL_2683,kermany,NORMAL,kermany-im-0464,val,2eeb767f7b43f7ec1a5ffbb99b4ec4336ce096ac5e538ea255fefcc920a85efd,kermany\train\NORMAL\NORMAL2-IM-0464-0001.jpeg,data\interim\selected\kermany_NORMAL_2683.jpeg,data/processed/images/kermany_NORMAL_2683.png
kermany_NORMAL_2684,kermany,NORMAL,kermany-im-0176,val,2fcbf1c55b7c2feafa44f0d458c3a380697c825c62bf942bbba67bc95c518ba4,kermany\train\NORMAL\IM-0176-0001.jpeg,data\interim\selected\kermany_NORMAL_2684.jpeg,data/processed/images/kermany_NORMAL_2684.png
kermany_NORMAL_2685,kermany,NORMAL,kermany-im-0353,val,2fd1ec1b6de793ad1f4fa888b4ff9653a00f73f0d8203c1876804e9d57ba3dd0,kermany\train\NORMAL\IM-0353-0001.jpeg,data\interim\selected\kermany_NORMAL_2685.jpeg,data/processed/images/kermany_NORMAL_2685.png
kermany_NORMAL_2686,kermany,NORMAL,kermany-im-1240,val,32a70e6446e9ebf84456293df9dc920a398c6081a1b5a50f26c913f5bc0be2e7,kermany\train\NORMAL\NORMAL2-IM-1240-0001.jpeg,data\interim\selected\kermany_NORMAL_2686.jpeg,data/processed/images/kermany_NORMAL_2686.png
kermany_NORMAL_2687,kermany,NORMAL,kermany-im-0335,val,33bc2afdff7b7d461179b8e44d8fff546324ffba3e22b4d9c81a28cb897df8e1,kermany\train\NORMAL\IM-0335-0001.jpeg,data\interim\selected\kermany_NORMAL_2687.jpeg,data/processed/images/kermany_NORMAL_2687.png
kermany_NORMAL_2688,kermany,NORMAL,kermany-im-0494,val,3730e575324a8a36b2a7772130f02560ce6e10c7d1147c2ffbc372a1f10d0500,kermany\train\NORMAL\IM-0494-0001.jpeg,data\interim\selected\kermany_NORMAL_2688.jpeg,data/processed/images/kermany_NORMAL_2688.png
kermany_NORMAL_2689,kermany,NORMAL,kermany-im-0587,val,3853a4552e0bc9aea1f45b2e7ee27be5954cdf9a0365d7972663b62b5495d9ae,kermany\train\NORMAL\NORMAL2-IM-0587-0001-0001.jpeg,data\interim\selected\kermany_NORMAL_2689.jpeg,data/processed/images/kermany_NORMAL_2689.png
kermany_NORMAL_2690,kermany,NORMAL,kermany-im-0665,val,3d51640e33bafcac2452d681ca6004d151b08f0416297594de8ac67aa619032e,kermany\train\NORMAL\NORMAL2-IM-0665-0001.jpeg,data\interim\selected\kermany_NORMAL_2690.jpeg,data/processed/images/kermany_NORMAL_2690.png
kermany_NORMAL_2691,kermany,NORMAL,kermany-im-0063,val,41c2bece0cabc096430c6446b8b2498b24c92f928db0633dd007cda968704a3d,kermany\test\NORMAL\IM-0063-0001.jpeg,data\interim\selected\kermany_NORMAL_2691.jpeg,data/processed/images/kermany_NORMAL_2691.png
kermany_NORMAL_2692,kermany,NORMAL,kermany-im-0670,val,47645478cce38f93ae296a1ec03753ccd9caa1c22a71bd112f730b989a12d647,kermany\train\NORMAL\IM-0670-0001.jpeg,data\interim\selected\kermany_NORMAL_2692.jpeg,data/processed/images/kermany_NORMAL_2692.png
kermany_NORMAL_2693,kermany,NORMAL,kermany-im-1183,val,4c092b142899ca4e383a6c3dd4112f21aa2f2c8e85fe55d780e0cb5b89299865,kermany\train\NORMAL\NORMAL2-IM-1183-0001.jpeg,data\interim\selected\kermany_NORMAL_2693.jpeg,data/processed/images/kermany_NORMAL_2693.png
kermany_NORMAL_2694,kermany,NORMAL,kermany-im-0303,val,4ca90d07580106c57c089fe8b2e86387d6bbc3ac4368d29ceeb6a940f3d2c594,kermany\train\NORMAL\IM-0303-0001.jpeg,data\interim\selected\kermany_NORMAL_2694.jpeg,data/processed/images/kermany_NORMAL_2694.png
kermany_NORMAL_2695,kermany,NORMAL,kermany-im-0085,val,4cebf7eed9aea1c2f47e6d96cd2696082601b2cd4b086939198a5bb274963602,kermany\test\NORMAL\IM-0085-0001.jpeg,data\interim\selected\kermany_NORMAL_2695.jpeg,data/processed/images/kermany_NORMAL_2695.png
kermany_NORMAL_2696,kermany,NORMAL,kermany-im-0143,val,4db5ab57e8b5fd1e1fb53885e74329edb5145f98d996d3381c5cf8c406db8a9f,kermany\train\NORMAL\IM-0143-0001.jpeg,data\interim\selected\kermany_NORMAL_2696.jpeg,data/processed/images/kermany_NORMAL_2696.png
kermany_NORMAL_2697,kermany,NORMAL,kermany-im-0230,val,4fe6ee38e842e2a3d9a7bbf3a5a144aa9c4e0d32473a41d221cd494fbf416010,kermany\train\NORMAL\IM-0230-0001.jpeg,data\interim\selected\kermany_NORMAL_2697.jpeg,data/processed/images/kermany_NORMAL_2697.png
kermany_NORMAL_2698,kermany,NORMAL,kermany-im-0395,val,539c5a16b5b792726002a928719112a9f8ca320ba7fd96e98f9d8b5ba35046f2,kermany\train\NORMAL\IM-0395-0001.jpeg,data\interim\selected\kermany_NORMAL_2698.jpeg,data/processed/images/kermany_NORMAL_2698.png
kermany_NORMAL_2699,kermany,NORMAL,kermany-im-0959,val,5a2f7a1af48a0d35e930b8d31f7b30ec073a201bed15de1baddf45361cdd627c,kermany\train\NORMAL\NORMAL2-IM-0959-0001.jpeg,data\interim\selected\kermany_NORMAL_2699.jpeg,data/processed/images/kermany_NORMAL_2699.png
kermany_NORMAL_2700,kermany,NORMAL,kermany-im-0555,val,5ab14ce79ecc947180d6fa88821e53c326f90282b8ec16f8c489227b9448ad4b,kermany\train\NORMAL\NORMAL2-IM-0555-0001-0001.jpeg,data\interim\selected\kermany_NORMAL_2700.jpeg,data/processed/images/kermany_NORMAL_2700.png
kermany_NORMAL_2701,kermany,NORMAL,kermany-im-0589,val,5fe5bffed340e5f5935de1b3bff26e8ee48e668d0283b966b7f2c68a0c722564,kermany\train\NORMAL\NORMAL2-IM-0589-0001.jpeg,data\interim\selected\kermany_NORMAL_2701.jpeg,data/processed/images/kermany_NORMAL_2701.png
kermany_NORMAL_2702,kermany,NORMAL,kermany-im-1349,val,62b34d931e4b0522f4a0ccffad7587ed4810e79d590c77c809640a82c046be08,kermany\train\NORMAL\NORMAL2-IM-1349-0001.jpeg,data\interim\selected\kermany_NORMAL_2702.jpeg,data/processed/images/kermany_NORMAL_2702.png
kermany_NORMAL_2703,kermany,NORMAL,kermany-im-0612,val,69fd86d43512422179bb47655fcf1f2f497e9da232bb31a4402cbb4a56fcc65e,kermany\train\NORMAL\IM-0612-0001.jpeg,data\interim\selected\kermany_NORMAL_2703.jpeg,data/processed/images/kermany_NORMAL_2703.png
kermany_NORMAL_2704,kermany,NORMAL,kermany-im-0588,val,6ac38249425f1c936c31b15d808fcd7101a3b122e6b002df5b9ec84ef99b45c0,kermany\train\NORMAL\IM-0588-0001.jpeg,data\interim\selected\kermany_NORMAL_2704.jpeg,data/processed/images/kermany_NORMAL_2704.png
kermany_NORMAL_2705,kermany,NORMAL,kermany-im-0870,val,70e7df1bda9c266ca850dbeb48f6acf0dd4358073bce27ae2689a2582e153983,kermany\train\NORMAL\NORMAL2-IM-0870-0001.jpeg,data\interim\selected\kermany_NORMAL_2705.jpeg,data/processed/images/kermany_NORMAL_2705.png
kermany_NORMAL_2706,kermany,NORMAL,kermany-im-0906,val,764017bd151589b0644c5aef7d0c4d2ee71ec883b1f22850486b503554452ab2,kermany\train\NORMAL\NORMAL2-IM-0906-0001.jpeg,data\interim\selected\kermany_NORMAL_2706.jpeg,data/processed/images/kermany_NORMAL_2706.png
kermany_NORMAL_2707,kermany,NORMAL,kermany-im-0492,val,7897009b17ae7afd1280fd2b8bee2d9bf1f7bf2dddb8ff495cd118cad61d9378,kermany\train\NORMAL\IM-0492-0001.jpeg,data\interim\selected\kermany_NORMAL_2707.jpeg,data/processed/images/kermany_NORMAL_2707.png
kermany_NORMAL_2708,kermany,NORMAL,kermany-im-0606,val,7b92af65dc1bdffb0e0c050ad98630b2ab5c9d9d71197ff234c94a580018ebba,kermany\train\NORMAL\IM-0606-0001.jpeg,data\interim\selected\kermany_NORMAL_2708.jpeg,data/processed/images/kermany_NORMAL_2708.png
kermany_NORMAL_2709,kermany,NORMAL,kermany-im-0307,val,7e115173a640b8cd3c6e62975799ed3e61ea71452cb487d254a966310c42c9d6,kermany\test\NORMAL\NORMAL2-IM-0307-0001.jpeg,data\interim\selected\kermany_NORMAL_2709.jpeg,data/processed/images/kermany_NORMAL_2709.png
kermany_NORMAL_2710,kermany,NORMAL,kermany-im-0568,val,80d02b351524239514c423412163e81796ba58b76a21b096fb1119bf8f353a1c,kermany\train\NORMAL\IM-0568-0001.jpeg,data\interim\selected\kermany_NORMAL_2710.jpeg,data/processed/images/kermany_NORMAL_2710.png
kermany_NORMAL_2711,kermany,NORMAL,kermany-im-0618,val,885fb01b7820667049cd4eb316dea7f91aa2ccf692f24c78e12bbb31118f0153,kermany\train\NORMAL\IM-0618-0001-0001.jpeg,data\interim\selected\kermany_NORMAL_2711.jpeg,data/processed/images/kermany_NORMAL_2711.png
kermany_NORMAL_2712,kermany,NORMAL,kermany-im-0298,val,8c89b32fb6f27757cbf7d7cac5fbc3d7a7d8c14402a55e4c5410955ec5dcf32b,kermany\train\NORMAL\IM-0298-0001.jpeg,data\interim\selected\kermany_NORMAL_2712.jpeg,data/processed/images/kermany_NORMAL_2712.png
kermany_NORMAL_2713,kermany,NORMAL,kermany-im-0140,val,8dc03ab59fae781a1b126e68212739a29321b1eec21850f755828d4af30613ae,kermany\train\NORMAL\IM-0140-0001.jpeg,data\interim\selected\kermany_NORMAL_2713.jpeg,data/processed/images/kermany_NORMAL_2713.png
kermany_NORMAL_2714,kermany,NORMAL,kermany-im-1136,val,98e37b581ff3c68cb97149e8ed8dd407ef6358b2fa6a03eab72cb8fb5e545aed,kermany\train\NORMAL\NORMAL2-IM-1136-0001.jpeg,data\interim\selected\kermany_NORMAL_2714.jpeg,data/processed/images/kermany_NORMAL_2714.png
kermany_NORMAL_2715,kermany,NORMAL,kermany-im-0825,val,98f989d82fb22c4da0c95e746a50ae396fc4b46cab81546f93daa1ce2e3afab5,kermany\train\NORMAL\NORMAL2-IM-0825-0001.jpeg,data\interim\selected\kermany_NORMAL_2715.jpeg,data/processed/images/kermany_NORMAL_2715.png
kermany_NORMAL_2716,kermany,NORMAL,kermany-im-1052,val,9d34b02a24aaf497a90c2c84e27aff0a594ae6b558977a061ab7a447d4f75e60,kermany\train\NORMAL\NORMAL2-IM-1052-0001.jpeg,data\interim\selected\kermany_NORMAL_2716.jpeg,data/processed/images/kermany_NORMAL_2716.png
kermany_NORMAL_2717,kermany,NORMAL,kermany-im-0059,val,a301bf55fcab5c11ccad2b46bd0ee216c85e599a6aee52d4833e796bdb09b58e,kermany\test\NORMAL\IM-0059-0001.jpeg,data\interim\selected\kermany_NORMAL_2717.jpeg,data/processed/images/kermany_NORMAL_2717.png
kermany_NORMAL_2718,kermany,NORMAL,kermany-im-0487,val,a443e595aba9d99a253a4686b3279a52c4dd4afceee8eedcbf35cbd5811f6b2f,kermany\train\NORMAL\NORMAL2-IM-0487-0001.jpeg,data\interim\selected\kermany_NORMAL_2718.jpeg,data/processed/images/kermany_NORMAL_2718.png
kermany_NORMAL_2719,kermany,NORMAL,kermany-im-0191,val,a4adf28620a98c5f8346ef30e6400041c36d968489d7c48261857da4b2e8dc88,kermany\train\NORMAL\IM-0191-0001.jpeg,data\interim\selected\kermany_NORMAL_2719.jpeg,data/processed/images/kermany_NORMAL_2719.png
kermany_NORMAL_2720,kermany,NORMAL,kermany-im-1157,val,a5668e352bb1fde322c97b3eeeca9f0e385403e469490be508ab9a640a615708,kermany\train\NORMAL\NORMAL2-IM-1157-0001.jpeg,data\interim\selected\kermany_NORMAL_2720.jpeg,data/processed/images/kermany_NORMAL_2720.png
kermany_NORMAL_2721,kermany,NORMAL,kermany-im-0555,val,a6d03bf936f9ccf9a86209a063812cd06fe09aa5043c5b0464ed943229b79591,kermany\train\NORMAL\NORMAL2-IM-0555-0001-0002.jpeg,data\interim\selected\kermany_NORMAL_2721.jpeg,data/processed/images/kermany_NORMAL_2721.png
kermany_NORMAL_2722,kermany,NORMAL,kermany-im-0071,val,abbe15892336cdfef05660a619550c40e9e9866001a18481852c244663c762c4,kermany\test\NORMAL\IM-0071-0001.jpeg,data\interim\selected\kermany_NORMAL_2722.jpeg,data/processed/images/kermany_NORMAL_2722.png
kermany_NORMAL_2723,kermany,NORMAL,kermany-im-0915,val,aeefa7c5fdd92e7269d084ae454d12fac2652126a67b0f75ce45b479496c63c4,kermany\train\NORMAL\NORMAL2-IM-0915-0001.jpeg,data\interim\selected\kermany_NORMAL_2723.jpeg,data/processed/images/kermany_NORMAL_2723.png
kermany_NORMAL_2724,kermany,NORMAL,kermany-im-0490,val,aefcada1227c36c70f0daa6dac16c7ae1254f51f52191066f83e863bcc8157fe,kermany\train\NORMAL\NORMAL2-IM-0490-0001.jpeg,data\interim\selected\kermany_NORMAL_2724.jpeg,data/processed/images/kermany_NORMAL_2724.png
kermany_NORMAL_2725,kermany,NORMAL,kermany-im-0775,val,afdf726bbd22a4a185c8b03fd3bef4bb0223c2b741385fe4b40b1d285e64ebd5,kermany\train\NORMAL\NORMAL2-IM-0775-0001.jpeg,data\interim\selected\kermany_NORMAL_2725.jpeg,data/processed/images/kermany_NORMAL_2725.png
kermany_NORMAL_2726,kermany,NORMAL,kermany-im-0571,val,b13c08aa858c722c4bc29568e07bf374129517418bee62a79857c8b2d52ccc9b,kermany\train\NORMAL\IM-0571-0001.jpeg,data\interim\selected\kermany_NORMAL_2726.jpeg,data/processed/images/kermany_NORMAL_2726.png
kermany_NORMAL_2727,kermany,NORMAL,kermany-im-0345,val,b1c317066405ebebe9c1f1dc687d5dc7a7f0198b86c35328df6b809d25d2ae95,kermany\test\NORMAL\NORMAL2-IM-0345-0001.jpeg,data\interim\selected\kermany_NORMAL_2727.jpeg,data/processed/images/kermany_NORMAL_2727.png
kermany_NORMAL_2728,kermany,NORMAL,kermany-im-0180,val,b3b7e0673571fc851ba773fbc826e293850130e7f6b59812bd172a1fdaa814de,kermany\train\NORMAL\IM-0180-0001.jpeg,data\interim\selected\kermany_NORMAL_2728.jpeg,data/processed/images/kermany_NORMAL_2728.png
kermany_NORMAL_2729,kermany,NORMAL,kermany-im-0917,val,b4222ce7140fc1e83014c86b3dc944f48effb65a522ae17f88699c19d623d7d8,kermany\train\NORMAL\NORMAL2-IM-0917-0001.jpeg,data\interim\selected\kermany_NORMAL_2729.jpeg,data/processed/images/kermany_NORMAL_2729.png
kermany_NORMAL_2730,kermany,NORMAL,kermany-im-1204,val,b5a575304aded08423716f1de6bfcbd8f4fb84369ba8dc6e5498ceefa24da8c5,kermany\train\NORMAL\NORMAL2-IM-1204-0001.jpeg,data\interim\selected\kermany_NORMAL_2730.jpeg,data/processed/images/kermany_NORMAL_2730.png
kermany_NORMAL_2731,kermany,NORMAL,kermany-im-0904,val,b5bf73e6f05c816d727c3430043efcc41cabb5f6cd9ac3387aeb1f9e104d7320,kermany\train\NORMAL\NORMAL2-IM-0904-0001.jpeg,data\interim\selected\kermany_NORMAL_2731.jpeg,data/processed/images/kermany_NORMAL_2731.png
kermany_NORMAL_2732,kermany,NORMAL,kermany-im-1218,val,b6d68f1c3f257277914a2cba0d96b1d512c1717da50c41b2e37da11d04f5b216,kermany\train\NORMAL\NORMAL2-IM-1218-0001.jpeg,data\interim\selected\kermany_NORMAL_2732.jpeg,data/processed/images/kermany_NORMAL_2732.png
kermany_NORMAL_2733,kermany,NORMAL,kermany-im-0335,val,b7050231acc393a641c84863e23f90abd0d53329dc879e731021200d6ca1854d,kermany\test\NORMAL\NORMAL2-IM-0335-0001.jpeg,data\interim\selected\kermany_NORMAL_2733.jpeg,data/processed/images/kermany_NORMAL_2733.png
kermany_NORMAL_2734,kermany,NORMAL,kermany-im-1430,val,ba2d0ff79c2758dc75331c3242dfc05b0108df3affc5402b55b6d9b81f44c2a0,kermany\train\NORMAL\NORMAL2-IM-1430-0001.jpeg,data\interim\selected\kermany_NORMAL_2734.jpeg,data/processed/images/kermany_NORMAL_2734.png
kermany_NORMAL_2735,kermany,NORMAL,kermany-im-0669,val,ba36bd46253491076b261e4ccaaa371fa1141509cbb7c36ad6e54866ba26713c,kermany\train\NORMAL\IM-0669-0001.jpeg,data\interim\selected\kermany_NORMAL_2735.jpeg,data/processed/images/kermany_NORMAL_2735.png
kermany_NORMAL_2736,kermany,NORMAL,kermany-im-0508,val,baa025943630a17a868539570e53b77dcdf6b1ec8fd2cae3da059ba5af852c9f,kermany\train\NORMAL\IM-0508-0001.jpeg,data\interim\selected\kermany_NORMAL_2736.jpeg,data/processed/images/kermany_NORMAL_2736.png
kermany_NORMAL_2737,kermany,NORMAL,kermany-im-0555,val,bc98cb241731af7288cdc429c397c34ed844efba0727ead896b024a59a81689c,kermany\train\NORMAL\IM-0555-0001-0002.jpeg,data\interim\selected\kermany_NORMAL_2737.jpeg,data/processed/images/kermany_NORMAL_2737.png
kermany_NORMAL_2738,kermany,NORMAL,kermany-im-0512,val,bce41fb508f5645bbbce33d7f40974a1220d490cc34a63960d0f2d054ba5b826,kermany\train\NORMAL\NORMAL2-IM-0512-0001.jpeg,data\interim\selected\kermany_NORMAL_2738.jpeg,data/processed/images/kermany_NORMAL_2738.png
kermany_NORMAL_2739,kermany,NORMAL,kermany-im-0656,val,bcfa785a51519f248f236aeac3791f9e083b8f3342a196abc3449d9ecb9ba068,kermany\train\NORMAL\IM-0656-0001-0002.jpeg,data\interim\selected\kermany_NORMAL_2739.jpeg,data/processed/images/kermany_NORMAL_2739.png
kermany_NORMAL_2740,kermany,NORMAL,kermany-im-0746,val,bebf97b0e40da61f6a1cc40d3fab9ed16f38ecf4584867c53e6438d59dfc9ab1,kermany\train\NORMAL\IM-0746-0001.jpeg,data\interim\selected\kermany_NORMAL_2740.jpeg,data/processed/images/kermany_NORMAL_2740.png
kermany_NORMAL_2741,kermany,NORMAL,kermany-im-0746,val,bed19ae58022a7b5d9dd50b038f443b71391565ba3c9a884819a688e61eff933,kermany\train\NORMAL\NORMAL2-IM-0746-0001.jpeg,data\interim\selected\kermany_NORMAL_2741.jpeg,data/processed/images/kermany_NORMAL_2741.png
kermany_NORMAL_2742,kermany,NORMAL,kermany-im-0449,val,bfe94e0abcf2791bdf1579cc0852425fd18dec29884e11f096d8502874ac1928,kermany\train\NORMAL\NORMAL2-IM-0449-0001.jpeg,data\interim\selected\kermany_NORMAL_2742.jpeg,data/processed/images/kermany_NORMAL_2742.png
kermany_NORMAL_2743,kermany,NORMAL,kermany-im-0980,val,c2c0524d3548280be2eb57f5f6f9d274c063c1316285feb5172eb458768e2e17,kermany\train\NORMAL\NORMAL2-IM-0980-0001.jpeg,data\interim\selected\kermany_NORMAL_2743.jpeg,data/processed/images/kermany_NORMAL_2743.png
kermany_NORMAL_2744,kermany,NORMAL,kermany-im-0725,val,c5e976c3f74b6b555e308273d5c1398270f65bb414f676ed6b756cbc9c38845c,kermany\train\NORMAL\NORMAL2-IM-0725-0001.jpeg,data\interim\selected\kermany_NORMAL_2744.jpeg,data/processed/images/kermany_NORMAL_2744.png
kermany_NORMAL_2745,kermany,NORMAL,kermany-im-0302,val,c8239b4ae00ad4cd6ec0c858bfa7e1735c1d918617406acfaeee15c4563ccd15,kermany\train\NORMAL\IM-0302-0001.jpeg,data\interim\selected\kermany_NORMAL_2745.jpeg,data/processed/images/kermany_NORMAL_2745.png
kermany_NORMAL_2746,kermany,NORMAL,kermany-im-1162,val,ca0e162130ce94cf9ee60717e14b0e54751a4355dbc92de400a2b2b92a61b3e5,kermany\train\NORMAL\NORMAL2-IM-1162-0001.jpeg,data\interim\selected\kermany_NORMAL_2746.jpeg,data/processed/images/kermany_NORMAL_2746.png
kermany_NORMAL_2747,kermany,NORMAL,kermany-im-0449,val,cbe54f98f75b62f962b77112685c44605d85824684c6d8188b7457a5ef2e6345,kermany\train\NORMAL\IM-0449-0001.jpeg,data\interim\selected\kermany_NORMAL_2747.jpeg,data/processed/images/kermany_NORMAL_2747.png
kermany_NORMAL_2748,kermany,NORMAL,kermany-im-0888,val,cbff89bb00a4c59246745929e995a2b16b6cebb1ae8c393a06f02ebd397d3f12,kermany\train\NORMAL\NORMAL2-IM-0888-0001.jpeg,data\interim\selected\kermany_NORMAL_2748.jpeg,data/processed/images/kermany_NORMAL_2748.png
kermany_NORMAL_2749,kermany,NORMAL,kermany-im-0211,val,cd894200eec7eb38753b26b6d367d869573ac7d5ea60ea38b9f69fee93fcc107,kermany\train\NORMAL\IM-0211-0001.jpeg,data\interim\selected\kermany_NORMAL_2749.jpeg,data/processed/images/kermany_NORMAL_2749.png
kermany_NORMAL_2750,kermany,NORMAL,kermany-im-0434,val,cdf5f89ae502ef9c356ec68a8f8f2780e51be837d27f9a08309e04cb1c98d943,kermany\train\NORMAL\IM-0434-0001.jpeg,data\interim\selected\kermany_NORMAL_2750.jpeg,data/processed/images/kermany_NORMAL_2750.png
kermany_NORMAL_2751,kermany,NORMAL,kermany-im-0092,val,cf3f9750b05772842ef4a959a670cbe840886c9692ede25b2b10a3fb06b364e1,kermany\test\NORMAL\NORMAL2-IM-0092-0001.jpeg,data\interim\selected\kermany_NORMAL_2751.jpeg,data/processed/images/kermany_NORMAL_2751.png
kermany_NORMAL_2752,kermany,NORMAL,kermany-im-0664,val,d00e53ba67712bada31ba319e9bb80cd311aee83e2ec492c04b452110f002f5e,kermany\train\NORMAL\NORMAL2-IM-0664-0001.jpeg,data\interim\selected\kermany_NORMAL_2752.jpeg,data/processed/images/kermany_NORMAL_2752.png
kermany_NORMAL_2753,kermany,NORMAL,kermany-im-0588,val,d3bc627b20573802220d143928f1e898fef01cda1288c7d305d3e8fff7a3a2ca,kermany\train\NORMAL\NORMAL2-IM-0588-0001.jpeg,data\interim\selected\kermany_NORMAL_2753.jpeg,data/processed/images/kermany_NORMAL_2753.png
kermany_NORMAL_2754,kermany,NORMAL,kermany-im-0130,val,d4a8c26b756d9c7a9c94c01dce9f7731fd1a9d28275483d2e46fae4cc16b1efb,kermany\test\NORMAL\NORMAL2-IM-0130-0001.jpeg,data\interim\selected\kermany_NORMAL_2754.jpeg,data/processed/images/kermany_NORMAL_2754.png
kermany_NORMAL_2755,kermany,NORMAL,kermany-im-0508,val,d8768350a077be5b03c8b10608e4d0f09e049c2b0f3ff964422954ac8019392c,kermany\train\NORMAL\NORMAL2-IM-0508-0001.jpeg,data\interim\selected\kermany_NORMAL_2755.jpeg,data/processed/images/kermany_NORMAL_2755.png
kermany_NORMAL_2756,kermany,NORMAL,kermany-im-0304,val,d8b565fca6118198c7ff84157bb29b8eb938dc30ee626e38daac5205efdb7d6f,kermany\train\NORMAL\IM-0304-0001.jpeg,data\interim\selected\kermany_NORMAL_2756.jpeg,data/processed/images/kermany_NORMAL_2756.png
kermany_NORMAL_2757,kermany,NORMAL,kermany-im-0231,val,d99dcf2c234311b4649b7e287c8703d8a9fc46d4be020bb072aba82677a1c51e,kermany\train\NORMAL\IM-0231-0001.jpeg,data\interim\selected\kermany_NORMAL_2757.jpeg,data/processed/images/kermany_NORMAL_2757.png
kermany_NORMAL_2758,kermany,NORMAL,kermany-im-1294,val,daef83071137352513531056204edbc6ba09e2a9d2f58dc610dd450faf50841f,kermany\train\NORMAL\NORMAL2-IM-1294-0001.jpeg,data\interim\selected\kermany_NORMAL_2758.jpeg,data/processed/images/kermany_NORMAL_2758.png
kermany_NORMAL_2759,kermany,NORMAL,kermany-im-0353,val,dafd8e2d20105e78f52566fbffe53d4c6d8f8d0dd1f701ce8a968d15c51bf982,kermany\test\NORMAL\NORMAL2-IM-0353-0001.jpeg,data\interim\selected\kermany_NORMAL_2759.jpeg,data/processed/images/kermany_NORMAL_2759.png
kermany_NORMAL_2760,kermany,NORMAL,kermany-im-0395,val,db9b13cf5c93ae4c74b1e459f2a04b7baf75b8326db756410e14f870c15d93eb,kermany\train\NORMAL\NORMAL2-IM-0395-0001.jpeg,data\interim\selected\kermany_NORMAL_2760.jpeg,data/processed/images/kermany_NORMAL_2760.png
kermany_NORMAL_2761,kermany,NORMAL,kermany-im-0252,val,dbaaa32193cab6bb632894de309f77a8461377d00e1b112ddb056dd488a0f35d,kermany\test\NORMAL\NORMAL2-IM-0252-0001.jpeg,data\interim\selected\kermany_NORMAL_2761.jpeg,data/processed/images/kermany_NORMAL_2761.png
kermany_NORMAL_2762,kermany,NORMAL,kermany-im-0618,val,dc34dbb4b9956354f35c2332e5c5c0383b80d123edeaddb74479514dd83c5833,kermany\train\NORMAL\NORMAL2-IM-0618-0001.jpeg,data\interim\selected\kermany_NORMAL_2762.jpeg,data/processed/images/kermany_NORMAL_2762.png
kermany_NORMAL_2763,kermany,NORMAL,kermany-im-0790,val,dca741803f2bbd0ead05ae9276724a14b37d22e744d84cf44403f8241d4a4cee,kermany\train\NORMAL\NORMAL2-IM-0790-0001.jpeg,data\interim\selected\kermany_NORMAL_2763.jpeg,data/processed/images/kermany_NORMAL_2763.png
kermany_NORMAL_2764,kermany,NORMAL,kermany-im-0735,val,e3fa6a391db0944b81b06c274035903f890b6c39304c6f24fe4fc6ceefce0650,kermany\train\NORMAL\IM-0735-0001.jpeg,data\interim\selected\kermany_NORMAL_2764.jpeg,data/processed/images/kermany_NORMAL_2764.png
kermany_NORMAL_2765,kermany,NORMAL,kermany-im-1227,val,e81f09a7788df195e9ed384b4898fcfe20d8a5b04776822db683222f977541ff,kermany\train\NORMAL\NORMAL2-IM-1227-0001.jpeg,data\interim\selected\kermany_NORMAL_2765.jpeg,data/processed/images/kermany_NORMAL_2765.png
kermany_NORMAL_2766,kermany,NORMAL,kermany-im-0679,val,e9eea0882f2d758573164595b8d2eb5c7a19d5814e0d3cc57ce2baf95577928e,kermany\train\NORMAL\IM-0679-0001.jpeg,data\interim\selected\kermany_NORMAL_2766.jpeg,data/processed/images/kermany_NORMAL_2766.png
kermany_NORMAL_2767,kermany,NORMAL,kermany-im-0128,val,f2fb24e09ff07664c17fe32b9ec66ae5d8beb630d195efd0baab3e92b2b0da4c,kermany\train\NORMAL\IM-0128-0001.jpeg,data\interim\selected\kermany_NORMAL_2767.jpeg,data/processed/images/kermany_NORMAL_2767.png
kermany_NORMAL_2768,kermany,NORMAL,kermany-im-0350,val,f4011ac2ad4623b36aaf9a795e47232c62fbaa6071171903024b2df94ef9b37e,kermany\test\NORMAL\NORMAL2-IM-0350-0001.jpeg,data\interim\selected\kermany_NORMAL_2768.jpeg,data/processed/images/kermany_NORMAL_2768.png
kermany_NORMAL_2769,kermany,NORMAL,kermany-im-0350,val,f6bc31257550a28ee27ebfddd1f6e4a329df87797bf020d8921325fc8e5dd4f3,kermany\train\NORMAL\IM-0350-0001.jpeg,data\interim\selected\kermany_NORMAL_2769.jpeg,data/processed/images/kermany_NORMAL_2769.png
kermany_NORMAL_2770,kermany,NORMAL,kermany-im-0838,val,f90cf048b3557188f48e4c2202d159fd688c30f96bb87fdd5228e6bf7764ec3d,kermany\train\NORMAL\NORMAL2-IM-0838-0001.jpeg,data\interim\selected\kermany_NORMAL_2770.jpeg,data/processed/images/kermany_NORMAL_2770.png
kermany_NORMAL_2771,kermany,NORMAL,kermany-im-0477,val,fff14015d8c616958834be1c68a1029ca8f9b08dcbb1cfb3d4a9304f67f9ceeb,kermany\train\NORMAL\IM-0477-0001.jpeg,data\interim\selected\kermany_NORMAL_2771.jpeg,data/processed/images/kermany_NORMAL_2771.png
chittagong_PNEUMONIA_2772,chittagong,PNEUMONIA,chittagong-pneumonia-4081,val,0533c6507755e0cb69ed86fc4e52ecbfa6d140d97493f6e8c3cf51562fe66e09,chittagong\nested_0\Training\pneumonia\pneumonia-4081.jpg,data\interim\selected\chittagong_PNEUMONIA_2772.jpg,data/processed/images/chittagong_PNEUMONIA_2772.png
chittagong_PNEUMONIA_2773,chittagong,PNEUMONIA,chittagong-pneumonia-580,val,05f91132d75c6fc9d843ad3c343abc25a3aa45e3160096d9e1f8f9e9f9de64c0,chittagong\nested_0\Training\pneumonia\pneumonia-580.jpg,data\interim\selected\chittagong_PNEUMONIA_2773.jpg,data/processed/images/chittagong_PNEUMONIA_2773.png
chittagong_PNEUMONIA_2774,chittagong,PNEUMONIA,chittagong-pneumonia-17,val,06d85b2f1d37a72f4552660d88947ddfb1d1df668755e2785307c0dcd30ece8b,chittagong\nested_0\Training\pneumonia\pneumonia-17.jpg,data\interim\selected\chittagong_PNEUMONIA_2774.jpg,data/processed/images/chittagong_PNEUMONIA_2774.png
chittagong_PNEUMONIA_2775,chittagong,PNEUMONIA,chittagong-pneumonia-3924,val,0ae07171b8be2c69444c118b04b7274acf886bf0ceccfc85550569f665204965,chittagong\nested_0\Training\pneumonia\pneumonia-3924.jpg,data\interim\selected\chittagong_PNEUMONIA_2775.jpg,data/processed/images/chittagong_PNEUMONIA_2775.png
chittagong_PNEUMONIA_2776,chittagong,PNEUMONIA,chittagong-pneumonia-5244,val,0d9c94584537e01a77a769d90606e56ef50435cb7a5785641d49493ea1c25990,chittagong\nested_0\Testing\pneumonia\pneumonia-5244.jpg,data\interim\selected\chittagong_PNEUMONIA_2776.jpg,data/processed/images/chittagong_PNEUMONIA_2776.png
chittagong_PNEUMONIA_2777,chittagong,PNEUMONIA,chittagong-pneumonia-4549,val,0ea0612a3897fb633c053654b584965210249831c211bea736fcf76cca0526e4,chittagong\nested_0\Training\pneumonia\pneumonia-4549.jpg,data\interim\selected\chittagong_PNEUMONIA_2777.jpg,data/processed/images/chittagong_PNEUMONIA_2777.png
chittagong_PNEUMONIA_2778,chittagong,PNEUMONIA,chittagong-pneumonia-647,val,140bc9e39179b832a9c9fa536327a72ffedc8b5f6b6f38000df1f66a731c3ea1,chittagong\nested_0\Testing\pneumonia\pneumonia-647.jpg,data\interim\selected\chittagong_PNEUMONIA_2778.jpg,data/processed/images/chittagong_PNEUMONIA_2778.png
chittagong_PNEUMONIA_2779,chittagong,PNEUMONIA,chittagong-pneumonia-372,val,15fecd61c44a59c2a48ae22de59dd0a95797d4716fe0c0f2ac89088c030b2c94,chittagong\nested_0\Training\pneumonia\pneumonia-372.jpg,data\interim\selected\chittagong_PNEUMONIA_2779.jpg,data/processed/images/chittagong_PNEUMONIA_2779.png
chittagong_PNEUMONIA_2780,chittagong,PNEUMONIA,chittagong-pneumonia-4591,val,162bb2dd36318b449c7382a78c3f96c1e7ff2df314ddf9d86f4d066d4d69b986,chittagong\nested_0\Training\pneumonia\pneumonia-4591.jpg,data\interim\selected\chittagong_PNEUMONIA_2780.jpg,data/processed/images/chittagong_PNEUMONIA_2780.png
chittagong_PNEUMONIA_2781,chittagong,PNEUMONIA,chittagong-pneumonia-4043,val,1b066b25184b61d40d7d084a25c3e2a28f2d98b5a88e945b77a5101c252a42aa,chittagong\nested_0\Training\pneumonia\pneumonia-4043.jpg,data\interim\selected\chittagong_PNEUMONIA_2781.jpg,data/processed/images/chittagong_PNEUMONIA_2781.png
chittagong_PNEUMONIA_2782,chittagong,PNEUMONIA,chittagong-pneumonia-747,val,1d03296eef53b8a3772c59eb2ab209651b70160277887eb06cc99c6b3a53f6d4,chittagong\nested_0\Testing\pneumonia\pneumonia-747.jpg,data\interim\selected\chittagong_PNEUMONIA_2782.jpg,data/processed/images/chittagong_PNEUMONIA_2782.png
chittagong_PNEUMONIA_2783,chittagong,PNEUMONIA,chittagong-pneumonia-878,val,1eab4769eb15bd1dcfdef3a7cbfdf28de2b0242cd77d6c5b91bce2fcf3920e20,chittagong\nested_0\Testing\pneumonia\pneumonia-878.jpg,data\interim\selected\chittagong_PNEUMONIA_2783.jpg,data/processed/images/chittagong_PNEUMONIA_2783.png
chittagong_PNEUMONIA_2784,chittagong,PNEUMONIA,chittagong-pneumonia-3930,val,1ee1647698bc4cb170af87b7d8caaa4095f70d60b4c7864797764098a74e7120,chittagong\nested_0\Training\pneumonia\pneumonia-3930.jpg,data\interim\selected\chittagong_PNEUMONIA_2784.jpg,data/processed/images/chittagong_PNEUMONIA_2784.png
chittagong_PNEUMONIA_2785,chittagong,PNEUMONIA,chittagong-pneumonia-3954,val,1f52794ad18d4be43ef4589f952bbf36d5422068c2372d4dd3adc05363391a8c,chittagong\nested_0\Training\pneumonia\pneumonia-3954.jpg,data\interim\selected\chittagong_PNEUMONIA_2785.jpg,data/processed/images/chittagong_PNEUMONIA_2785.png
chittagong_PNEUMONIA_2786,chittagong,PNEUMONIA,chittagong-pneumonia-4288,val,250509c0eac17308c4b972b42422267ce1b2a6c0a87852f5f1e07dc04b4d8fd9,chittagong\nested_0\Training\pneumonia\pneumonia-4288.jpg,data\interim\selected\chittagong_PNEUMONIA_2786.jpg,data/processed/images/chittagong_PNEUMONIA_2786.png
chittagong_PNEUMONIA_2787,chittagong,PNEUMONIA,chittagong-pneumonia-3997,val,25a915a56496dcc2a801e09652b6885575071750ad95e7da62df9b316c864377,chittagong\nested_0\Training\pneumonia\pneumonia-3997.jpg,data\interim\selected\chittagong_PNEUMONIA_2787.jpg,data/processed/images/chittagong_PNEUMONIA_2787.png
chittagong_PNEUMONIA_2788,chittagong,PNEUMONIA,chittagong-pneumonia-4275,val,2965e8bc1fd235e985272b58cad898a4785ece5f341096923367f99edab8bb48,chittagong\nested_0\Training\pneumonia\pneumonia-4275.jpg,data\interim\selected\chittagong_PNEUMONIA_2788.jpg,data/processed/images/chittagong_PNEUMONIA_2788.png
chittagong_PNEUMONIA_2789,chittagong,PNEUMONIA,chittagong-pneumonia-3983,val,2a5b4e195db8b24f33fbf9d03d33b40499d8fe9795b60959d203c7177920478a,chittagong\nested_0\Training\pneumonia\pneumonia-3983.jpg,data\interim\selected\chittagong_PNEUMONIA_2789.jpg,data/processed/images/chittagong_PNEUMONIA_2789.png
chittagong_PNEUMONIA_2790,chittagong,PNEUMONIA,chittagong-pneumonia-4291,val,2ecf65992001da0fccc785d87e2f57d28308cac5c1f3300a27c1f78da26cb212,chittagong\nested_0\Training\pneumonia\pneumonia-4291.jpg,data\interim\selected\chittagong_PNEUMONIA_2790.jpg,data/processed/images/chittagong_PNEUMONIA_2790.png
chittagong_PNEUMONIA_2791,chittagong,PNEUMONIA,chittagong-pneumonia-4055,val,2f73e52e9acd453bba4e29ccc6461ed622f6a4f7483dc836835db0d2b58092f1,chittagong\nested_0\Training\pneumonia\pneumonia-4055.jpg,data\interim\selected\chittagong_PNEUMONIA_2791.jpg,data/processed/images/chittagong_PNEUMONIA_2791.png
chittagong_PNEUMONIA_2792,chittagong,PNEUMONIA,chittagong-pneumonia-3872,val,311451a53af89220e987b501ad42a46fe27d7e5532a43b7fc0e238eeb1cca40b,chittagong\nested_0\Training\pneumonia\pneumonia-3872.jpg,data\interim\selected\chittagong_PNEUMONIA_2792.jpg,data/processed/images/chittagong_PNEUMONIA_2792.png
chittagong_PNEUMONIA_2793,chittagong,PNEUMONIA,chittagong-pneumonia-4172,val,35966dee6fffea17111b77b378af78cff7724994135d5d237d0d13bafaed6854,chittagong\nested_0\Training\pneumonia\pneumonia-4172.jpg,data\interim\selected\chittagong_PNEUMONIA_2793.jpg,data/processed/images/chittagong_PNEUMONIA_2793.png
chittagong_PNEUMONIA_2794,chittagong,PNEUMONIA,chittagong-pneumonia-4161,val,374f6ae677950c8c1bd4611639abb1e4ca5a2c0b29734d1d3fb87ae44e0ba082,chittagong\nested_0\Training\pneumonia\pneumonia-4161.jpg,data\interim\selected\chittagong_PNEUMONIA_2794.jpg,data/processed/images/chittagong_PNEUMONIA_2794.png
chittagong_PNEUMONIA_2795,chittagong,PNEUMONIA,chittagong-pneumonia-4084,val,3859a0b4719c134f9b6c0ea78c4b345f4be47743862198d0c521119def818888,chittagong\nested_0\Training\pneumonia\pneumonia-4084.jpg,data\interim\selected\chittagong_PNEUMONIA_2795.jpg,data/processed/images/chittagong_PNEUMONIA_2795.png
chittagong_PNEUMONIA_2796,chittagong,PNEUMONIA,chittagong-pneumonia-4265,val,38fd6066b7f7ed45cf77ec59ef29d32ef559c9154298e364dce6a0793318d0db,chittagong\nested_0\Training\pneumonia\pneumonia-4265.jpg,data\interim\selected\chittagong_PNEUMONIA_2796.jpg,data/processed/images/chittagong_PNEUMONIA_2796.png
chittagong_PNEUMONIA_2797,chittagong,PNEUMONIA,chittagong-pneumonia-534,val,39d8a3ea2a71695d8cf96a575d6a38f4ba8797768c73769690da8978d219cb9a,chittagong\nested_0\Training\pneumonia\pneumonia-534.jpg,data\interim\selected\chittagong_PNEUMONIA_2797.jpg,data/processed/images/chittagong_PNEUMONIA_2797.png
chittagong_PNEUMONIA_2798,chittagong,PNEUMONIA,chittagong-pneumonia-5125,val,3a10fa760c70939e0545ca85167b03eee36529a50952629bb47b6bbf3c72ce15,chittagong\nested_0\Testing\pneumonia\pneumonia-5125.jpg,data\interim\selected\chittagong_PNEUMONIA_2798.jpg,data/processed/images/chittagong_PNEUMONIA_2798.png
chittagong_PNEUMONIA_2799,chittagong,PNEUMONIA,chittagong-pneumonia-361,val,3a74289956c5ffee1838bc7178b52750036d94f5399b747a796b3b634b6609ea,chittagong\nested_0\Training\pneumonia\pneumonia-361.jpg,data\interim\selected\chittagong_PNEUMONIA_2799.jpg,data/processed/images/chittagong_PNEUMONIA_2799.png
chittagong_PNEUMONIA_2800,chittagong,PNEUMONIA,chittagong-pneumonia-4049,val,3c58d2809b4fec6ad7a959eb18e3bce454c43ab8f974fca293259b8e068e2836,chittagong\nested_0\Training\pneumonia\pneumonia-4049.jpg,data\interim\selected\chittagong_PNEUMONIA_2800.jpg,data/processed/images/chittagong_PNEUMONIA_2800.png
chittagong_PNEUMONIA_2801,chittagong,PNEUMONIA,chittagong-pneumonia-577,val,3ce8d6250d9555613f4048b1e5abbc90f28368ffdd7743a0fcbae079b1e17596,chittagong\nested_0\Training\pneumonia\pneumonia-577.jpg,data\interim\selected\chittagong_PNEUMONIA_2801.jpg,data/processed/images/chittagong_PNEUMONIA_2801.png
chittagong_PNEUMONIA_2802,chittagong,PNEUMONIA,chittagong-pneumonia-4166,val,3d8774423d29ec9e2bb1293f7c7ee0e37e989b44b9b32f87f5ec1e8e744bddad,chittagong\nested_0\Training\pneumonia\pneumonia-4166.jpg,data\interim\selected\chittagong_PNEUMONIA_2802.jpg,data/processed/images/chittagong_PNEUMONIA_2802.png
chittagong_PNEUMONIA_2803,chittagong,PNEUMONIA,chittagong-pneumonia-715,val,3f11c2d51b8b40cd6c659d05af74f512582c6546e369a71a775ed9f8b8fa5078,chittagong\nested_0\Testing\pneumonia\pneumonia-715.jpg,data\interim\selected\chittagong_PNEUMONIA_2803.jpg,data/processed/images/chittagong_PNEUMONIA_2803.png
chittagong_PNEUMONIA_2804,chittagong,PNEUMONIA,chittagong-pneumonia-3937,val,45dd3bfcf9fe80856d7f14fa2d2120329fa002a362d4d8adf98ee8a7c626e2d5,chittagong\nested_0\Training\pneumonia\pneumonia-3937.jpg,data\interim\selected\chittagong_PNEUMONIA_2804.jpg,data/processed/images/chittagong_PNEUMONIA_2804.png
chittagong_PNEUMONIA_2805,chittagong,PNEUMONIA,chittagong-pneumonia-5160,val,4627b9b95539e429bc0e4eb61d188bd85e6d6960fe9269ee5ad0673d1022a4b1,chittagong\nested_0\Testing\pneumonia\pneumonia-5160.jpg,data\interim\selected\chittagong_PNEUMONIA_2805.jpg,data/processed/images/chittagong_PNEUMONIA_2805.png
chittagong_PNEUMONIA_2806,chittagong,PNEUMONIA,chittagong-pneumonia-3943,val,46b066d108cdf6c0f6f1155185eca9ce653950d5d44e1f95b999bf9cd3fa1964,chittagong\nested_0\Training\pneumonia\pneumonia-3943.jpg,data\interim\selected\chittagong_PNEUMONIA_2806.jpg,data/processed/images/chittagong_PNEUMONIA_2806.png
chittagong_PNEUMONIA_2807,chittagong,PNEUMONIA,chittagong-pneumonia-633,val,4755fcfa3a509d93cae03510999151a8da1417d285f0364c6b94e7dc38d19c40,chittagong\nested_0\Testing\pneumonia\pneumonia-633.jpg,data\interim\selected\chittagong_PNEUMONIA_2807.jpg,data/processed/images/chittagong_PNEUMONIA_2807.png
chittagong_PNEUMONIA_2808,chittagong,PNEUMONIA,chittagong-pneumonia-70,val,4c2e81fcb2e417b6ab09ec25c7527fe23830f377b7f1eb532331687eb90d0870,chittagong\nested_0\Training\pneumonia\pneumonia-70.jpg,data\interim\selected\chittagong_PNEUMONIA_2808.jpg,data/processed/images/chittagong_PNEUMONIA_2808.png
chittagong_PNEUMONIA_2809,chittagong,PNEUMONIA,chittagong-pneumonia-5111,val,4d1647a11b4784f42f44293d6e3ab6972547ed8eb234c53808e1091c02236812,chittagong\nested_0\Testing\pneumonia\pneumonia-5111.jpg,data\interim\selected\chittagong_PNEUMONIA_2809.jpg,data/processed/images/chittagong_PNEUMONIA_2809.png
chittagong_PNEUMONIA_2810,chittagong,PNEUMONIA,chittagong-pneumonia-4124,val,55b49b5bfa2ce03f497fbb8373560055d007dacdb01fc8ba36e07b6c5e001ded,chittagong\nested_0\Training\pneumonia\pneumonia-4124.jpg,data\interim\selected\chittagong_PNEUMONIA_2810.jpg,data/processed/images/chittagong_PNEUMONIA_2810.png
chittagong_PNEUMONIA_2811,chittagong,PNEUMONIA,chittagong-pneumonia-4544,val,5a5749e946991f53981cc6f3551c886a6c0becaf94b4bbbecddb437fea8788eb,chittagong\nested_0\Training\pneumonia\pneumonia-4544.jpg,data\interim\selected\chittagong_PNEUMONIA_2811.jpg,data/processed/images/chittagong_PNEUMONIA_2811.png
chittagong_PNEUMONIA_2812,chittagong,PNEUMONIA,chittagong-pneumonia-3972,val,5b996a9310a64e9c7bea75a9b40858aea5f722a4f24ba9ad984ebdad64693009,chittagong\nested_0\Training\pneumonia\pneumonia-3972.jpg,data\interim\selected\chittagong_PNEUMONIA_2812.jpg,data/processed/images/chittagong_PNEUMONIA_2812.png
chittagong_PNEUMONIA_2813,chittagong,PNEUMONIA,chittagong-pneumonia-419,val,5bd668eebc7b191a0b4d2a6a32889a70fa288321fc89230a08fd8f19dd1a9e52,chittagong\nested_0\Training\pneumonia\pneumonia-419.jpg,data\interim\selected\chittagong_PNEUMONIA_2813.jpg,data/processed/images/chittagong_PNEUMONIA_2813.png
chittagong_PNEUMONIA_2814,chittagong,PNEUMONIA,chittagong-pneumonia-472,val,5e2cbc92860f930d9d79d743e9680dd930b00f1a87d0fbcda43abdb7987ea85e,chittagong\nested_0\Training\pneumonia\pneumonia-472.jpg,data\interim\selected\chittagong_PNEUMONIA_2814.jpg,data/processed/images/chittagong_PNEUMONIA_2814.png
chittagong_PNEUMONIA_2815,chittagong,PNEUMONIA,chittagong-pneumonia-787,val,65916c5fd4a4bac85ff6bb656492f63cbb37e0bbbeb77a8fcfe3e72b693f83d2,chittagong\nested_0\Testing\pneumonia\pneumonia-787.jpg,data\interim\selected\chittagong_PNEUMONIA_2815.jpg,data/processed/images/chittagong_PNEUMONIA_2815.png
chittagong_PNEUMONIA_2816,chittagong,PNEUMONIA,chittagong-pneumonia-324,val,65b3b63ed39b5e46005c3e77371eb24f765b26c82dabdc40748d6d0632792a7a,chittagong\nested_0\Training\pneumonia\pneumonia-324.jpg,data\interim\selected\chittagong_PNEUMONIA_2816.jpg,data/processed/images/chittagong_PNEUMONIA_2816.png
chittagong_PNEUMONIA_2817,chittagong,PNEUMONIA,chittagong-pneumonia-532,val,6865f61773c9e73f49174ab3940badfbf2705e79772d3ac0ee3b1b9b0f26211e,chittagong\nested_0\Training\pneumonia\pneumonia-532.jpg,data\interim\selected\chittagong_PNEUMONIA_2817.jpg,data/processed/images/chittagong_PNEUMONIA_2817.png
chittagong_PNEUMONIA_2818,chittagong,PNEUMONIA,chittagong-pneumonia-679,val,68e5b47e87fb954b3fccc51de2b797813fe22c2cb635dec25ed0d24e7e0cd20f,chittagong\nested_0\Testing\pneumonia\pneumonia-679.jpg,data\interim\selected\chittagong_PNEUMONIA_2818.jpg,data/processed/images/chittagong_PNEUMONIA_2818.png
chittagong_PNEUMONIA_2819,chittagong,PNEUMONIA,chittagong-pneumonia-465,val,73f595f49d91b47ecb6eecb13a8bccdbbcba1ac1cbeae795fc78eaddc17d9c6e,chittagong\nested_0\Training\pneumonia\pneumonia-465.jpg,data\interim\selected\chittagong_PNEUMONIA_2819.jpg,data/processed/images/chittagong_PNEUMONIA_2819.png
chittagong_PNEUMONIA_2820,chittagong,PNEUMONIA,chittagong-pneumonia-540,val,76b3d0408b82e8b4e303f85965ca3ada93200d7966b8a0aa196ac0dcc0307bfd,chittagong\nested_0\Training\pneumonia\pneumonia-540.jpg,data\interim\selected\chittagong_PNEUMONIA_2820.jpg,data/processed/images/chittagong_PNEUMONIA_2820.png
chittagong_PNEUMONIA_2821,chittagong,PNEUMONIA,chittagong-pneumonia-4255,val,7792865b2ebb3f7e8164631cfa2ef2c3fa7b371a12ea9194f919060e5e3bfbe5,chittagong\nested_0\Training\pneumonia\pneumonia-4255.jpg,data\interim\selected\chittagong_PNEUMONIA_2821.jpg,data/processed/images/chittagong_PNEUMONIA_2821.png
chittagong_PNEUMONIA_2822,chittagong,PNEUMONIA,chittagong-pneumonia-548,val,7a6230dbe436f23c935c1045684a66448620f4bdea5ac764b0a24b3deacee763,chittagong\nested_0\Training\pneumonia\pneumonia-548.jpg,data\interim\selected\chittagong_PNEUMONIA_2822.jpg,data/processed/images/chittagong_PNEUMONIA_2822.png
chittagong_PNEUMONIA_2823,chittagong,PNEUMONIA,chittagong-pneumonia-3883,val,7d489f1db95c8074cc1dc354cc4ed40051e9003912fbcaf8a569ac55d03c43eb,chittagong\nested_0\Training\pneumonia\pneumonia-3883.jpg,data\interim\selected\chittagong_PNEUMONIA_2823.jpg,data/processed/images/chittagong_PNEUMONIA_2823.png
chittagong_PNEUMONIA_2824,chittagong,PNEUMONIA,chittagong-pneumonia-4061,val,7f633a622c12d7db756fa4696deb63816eb710f7711e1db4485cc8cf2c89404a,chittagong\nested_0\Training\pneumonia\pneumonia-4061.jpg,data\interim\selected\chittagong_PNEUMONIA_2824.jpg,data/processed/images/chittagong_PNEUMONIA_2824.png
chittagong_PNEUMONIA_2825,chittagong,PNEUMONIA,chittagong-pneumonia-3914,val,8015e8c82155665f005775e413e6789e846c0f5e4cf28761b2fc2d290371de5f,chittagong\nested_0\Training\pneumonia\pneumonia-3914.jpg,data\interim\selected\chittagong_PNEUMONIA_2825.jpg,data/processed/images/chittagong_PNEUMONIA_2825.png
chittagong_PNEUMONIA_2826,chittagong,PNEUMONIA,chittagong-pneumonia-248,val,885c9e6bdadfb0ff9807fb581f4e6cb5cb9defb75c36270a4f85e376d1ea4825,chittagong\nested_0\Training\pneumonia\pneumonia-248.jpg,data\interim\selected\chittagong_PNEUMONIA_2826.jpg,data/processed/images/chittagong_PNEUMONIA_2826.png
chittagong_PNEUMONIA_2827,chittagong,PNEUMONIA,chittagong-pneumonia-5113,val,886aefa72f17bded9922a76cf873b0a79f3c55e116b6fc407994c2ed0f3b61fc,chittagong\nested_0\Testing\pneumonia\pneumonia-5113.jpg,data\interim\selected\chittagong_PNEUMONIA_2827.jpg,data/processed/images/chittagong_PNEUMONIA_2827.png
chittagong_PNEUMONIA_2828,chittagong,PNEUMONIA,chittagong-pneumonia-412,val,8a1a9799e49088d5820caddc33dec00e31604da3883aca9f7aa4e1e9f97d965f,chittagong\nested_0\Training\pneumonia\pneumonia-412.jpg,data\interim\selected\chittagong_PNEUMONIA_2828.jpg,data/processed/images/chittagong_PNEUMONIA_2828.png
chittagong_PNEUMONIA_2829,chittagong,PNEUMONIA,chittagong-pneumonia-3902,val,8ba25b7951f378a351af288851c46db28c7b24ce83bc4122f30c6dea154982ab,chittagong\nested_0\Training\pneumonia\pneumonia-3902.jpg,data\interim\selected\chittagong_PNEUMONIA_2829.jpg,data/processed/images/chittagong_PNEUMONIA_2829.png
chittagong_PNEUMONIA_2830,chittagong,PNEUMONIA,chittagong-pneumonia-5171,val,8e72dcf9aa7e0b4ee29ad677191ed32515300856f58a0cf473958bdd03204c2a,chittagong\nested_0\Testing\pneumonia\pneumonia-5171.jpg,data\interim\selected\chittagong_PNEUMONIA_2830.jpg,data/processed/images/chittagong_PNEUMONIA_2830.png
chittagong_PNEUMONIA_2831,chittagong,PNEUMONIA,chittagong-pneumonia-4052,val,8f30264b0fa7604e20bff252009297be843c2559d8d5216f7846e6f1c0ebc32e,chittagong\nested_0\Training\pneumonia\pneumonia-4052.jpg,data\interim\selected\chittagong_PNEUMONIA_2831.jpg,data/processed/images/chittagong_PNEUMONIA_2831.png
chittagong_PNEUMONIA_2832,chittagong,PNEUMONIA,chittagong-pneumonia-664,val,8f499a95a8fc26c45178c0666c84f81b75f37444a931da7141603f385d6c70b5,chittagong\nested_0\Testing\pneumonia\pneumonia-664.jpg,data\interim\selected\chittagong_PNEUMONIA_2832.jpg,data/processed/images/chittagong_PNEUMONIA_2832.png
chittagong_PNEUMONIA_2833,chittagong,PNEUMONIA,chittagong-pneumonia-130,val,9039fec1f4b1169cd349f98e27007dd1119304f36481e596a414153945cf33ae,chittagong\nested_0\Training\pneumonia\pneumonia-130.jpg,data\interim\selected\chittagong_PNEUMONIA_2833.jpg,data/processed/images/chittagong_PNEUMONIA_2833.png
chittagong_PNEUMONIA_2834,chittagong,PNEUMONIA,chittagong-pneumonia-698,val,910d2d6335f55a03015e257b684039ff86bac426226d972e37f1e0f8256eef09,chittagong\nested_0\Testing\pneumonia\pneumonia-698.jpg,data\interim\selected\chittagong_PNEUMONIA_2834.jpg,data/processed/images/chittagong_PNEUMONIA_2834.png
chittagong_PNEUMONIA_2835,chittagong,PNEUMONIA,chittagong-pneumonia-4170,val,932b6b2c763214dcdbd0ba84435dbd64536bfee75e6564f515e442530f01eea0,chittagong\nested_0\Training\pneumonia\pneumonia-4170.jpg,data\interim\selected\chittagong_PNEUMONIA_2835.jpg,data/processed/images/chittagong_PNEUMONIA_2835.png
chittagong_PNEUMONIA_2836,chittagong,PNEUMONIA,chittagong-pneumonia-369,val,94a4279325972b73010d5c5b1390a346f0cde66f38606f796b43b7a131fd4261,chittagong\nested_0\Training\pneumonia\pneumonia-369.jpg,data\interim\selected\chittagong_PNEUMONIA_2836.jpg,data/processed/images/chittagong_PNEUMONIA_2836.png
chittagong_PNEUMONIA_2837,chittagong,PNEUMONIA,chittagong-pneumonia-5153,val,979b37050bfeeb6121c837388511c3f12ea1e62c8a5365a98bbec003b20d104c,chittagong\nested_0\Testing\pneumonia\pneumonia-5153.jpg,data\interim\selected\chittagong_PNEUMONIA_2837.jpg,data/processed/images/chittagong_PNEUMONIA_2837.png
chittagong_PNEUMONIA_2838,chittagong,PNEUMONIA,chittagong-pneumonia-4177,val,9b47e0bf0f734a38267217e4a4d74b6bf412c09c9a987e061873347b3e1aa4af,chittagong\nested_0\Training\pneumonia\pneumonia-4177.jpg,data\interim\selected\chittagong_PNEUMONIA_2838.jpg,data/processed/images/chittagong_PNEUMONIA_2838.png
chittagong_PNEUMONIA_2839,chittagong,PNEUMONIA,chittagong-pneumonia-555,val,9b736b6775e38320ba6a1c3ce244e33d75ebffb03622b3f5b1987cce82869a0a,chittagong\nested_0\Training\pneumonia\pneumonia-555.jpg,data\interim\selected\chittagong_PNEUMONIA_2839.jpg,data/processed/images/chittagong_PNEUMONIA_2839.png
chittagong_PNEUMONIA_2840,chittagong,PNEUMONIA,chittagong-pneumonia-4285,val,9b907704db19c1cfa4ced4f806c9bc6146deac7775fb5ea8563771c07b292efe,chittagong\nested_0\Training\pneumonia\pneumonia-4285.jpg,data\interim\selected\chittagong_PNEUMONIA_2840.jpg,data/processed/images/chittagong_PNEUMONIA_2840.png
chittagong_PNEUMONIA_2841,chittagong,PNEUMONIA,chittagong-pneumonia-4071,val,9f6815acfd7de809a776f9d56491523413d677583cc07218cd8e21974de65d1b,chittagong\nested_0\Training\pneumonia\pneumonia-4071.jpg,data\interim\selected\chittagong_PNEUMONIA_2841.jpg,data/processed/images/chittagong_PNEUMONIA_2841.png
chittagong_PNEUMONIA_2842,chittagong,PNEUMONIA,chittagong-pneumonia-662,val,a0fc2b626cfde81ecf3f021e5f1cdb49df91c81a4f090efb089ef50bb0a86790,chittagong\nested_0\Testing\pneumonia\pneumonia-662.jpg,data\interim\selected\chittagong_PNEUMONIA_2842.jpg,data/processed/images/chittagong_PNEUMONIA_2842.png
chittagong_PNEUMONIA_2843,chittagong,PNEUMONIA,chittagong-pneumonia-4553,val,a3bfe74526f1f898c3b03a857161a7cd56ecfd2404c874c7ecac8d6724d8f5f4,chittagong\nested_0\Training\pneumonia\pneumonia-4553.jpg,data\interim\selected\chittagong_PNEUMONIA_2843.jpg,data/processed/images/chittagong_PNEUMONIA_2843.png
chittagong_PNEUMONIA_2844,chittagong,PNEUMONIA,chittagong-pneumonia-4140,val,a55a9001f1f1c44b142d97e01fb944cb672a9156aa8162e80f8bf2dd4dc7e3c6,chittagong\nested_0\Training\pneumonia\pneumonia-4140.jpg,data\interim\selected\chittagong_PNEUMONIA_2844.jpg,data/processed/images/chittagong_PNEUMONIA_2844.png
chittagong_PNEUMONIA_2845,chittagong,PNEUMONIA,chittagong-pneumonia-32,val,a57e5862df2461f3a414d26202f6378de438aac4c483b0b456725b9b6a8c520c,chittagong\nested_0\Training\pneumonia\pneumonia-32.jpg,data\interim\selected\chittagong_PNEUMONIA_2845.jpg,data/processed/images/chittagong_PNEUMONIA_2845.png
chittagong_PNEUMONIA_2846,chittagong,PNEUMONIA,chittagong-pneumonia-73,val,a7e6ed488a1d57a219d335535f340bc3ee168576e9a4f740a92d01157b22f5b5,chittagong\nested_0\Training\pneumonia\pneumonia-73.jpg,data\interim\selected\chittagong_PNEUMONIA_2846.jpg,data/processed/images/chittagong_PNEUMONIA_2846.png
chittagong_PNEUMONIA_2847,chittagong,PNEUMONIA,chittagong-pneumonia-4175,val,a9be1d80cdea1fea27f61c609fc14aa497aa7cfc38a6fd2d4be0d52536d8f03c,chittagong\nested_0\Training\pneumonia\pneumonia-4175.jpg,data\interim\selected\chittagong_PNEUMONIA_2847.jpg,data/processed/images/chittagong_PNEUMONIA_2847.png
chittagong_PNEUMONIA_2848,chittagong,PNEUMONIA,chittagong-pneumonia-246,val,aef0e9d43c57eeb052abf449dfc15e8cbb943988e0cf26b168772438d493126e,chittagong\nested_0\Training\pneumonia\pneumonia-246.jpg,data\interim\selected\chittagong_PNEUMONIA_2848.jpg,data/processed/images/chittagong_PNEUMONIA_2848.png
chittagong_PNEUMONIA_2849,chittagong,PNEUMONIA,chittagong-pneumonia-5167,val,b5be972d08589512c2f6e111b5606780a7e71ea8e1c6f1527aec25ff6fbc57b5,chittagong\nested_0\Testing\pneumonia\pneumonia-5167.jpg,data\interim\selected\chittagong_PNEUMONIA_2849.jpg,data/processed/images/chittagong_PNEUMONIA_2849.png
chittagong_PNEUMONIA_2850,chittagong,PNEUMONIA,chittagong-pneumonia-229,val,b7a45557848778ce11ffa2458418c44cfcb51d2eb4e2f1972b6b1983ef8b99b0,chittagong\nested_0\Training\pneumonia\pneumonia-229.jpg,data\interim\selected\chittagong_PNEUMONIA_2850.jpg,data/processed/images/chittagong_PNEUMONIA_2850.png
chittagong_PNEUMONIA_2851,chittagong,PNEUMONIA,chittagong-pneumonia-269,val,bab2be6d5f83a503bb3296c0acd53c0f66b706888c8269583bf53a9b48c60a06,chittagong\nested_0\Training\pneumonia\pneumonia-269.jpg,data\interim\selected\chittagong_PNEUMONIA_2851.jpg,data/processed/images/chittagong_PNEUMONIA_2851.png
chittagong_PNEUMONIA_2852,chittagong,PNEUMONIA,chittagong-pneumonia-61,val,bd13023baacc53c1a270567d914df63d8c3b5ac203f40e43681e2bfd3d7bf83f,chittagong\nested_0\Training\pneumonia\pneumonia-61.jpg,data\interim\selected\chittagong_PNEUMONIA_2852.jpg,data/processed/images/chittagong_PNEUMONIA_2852.png
chittagong_PNEUMONIA_2853,chittagong,PNEUMONIA,chittagong-pneumonia-863,val,c0bf19b784717f7ed4e333eba5e4af7385f67d97bdc879b4193a32d815ba0779,chittagong\nested_0\Testing\pneumonia\pneumonia-863.jpg,data\interim\selected\chittagong_PNEUMONIA_2853.jpg,data/processed/images/chittagong_PNEUMONIA_2853.png
chittagong_PNEUMONIA_2854,chittagong,PNEUMONIA,chittagong-pneumonia-4270,val,c26104b941aacef9c1f427f9832b1fe5510b3ac684b6aa1716a3affa9e5bcc40,chittagong\nested_0\Training\pneumonia\pneumonia-4270.jpg,data\interim\selected\chittagong_PNEUMONIA_2854.jpg,data/processed/images/chittagong_PNEUMONIA_2854.png
chittagong_PNEUMONIA_2855,chittagong,PNEUMONIA,chittagong-pneumonia-5239,val,c3a0da914caf8d4b6d751b0caf3f91f7530069682d004251e6c1633e48e2f29b,chittagong\nested_0\Testing\pneumonia\pneumonia-5239.jpg,data\interim\selected\chittagong_PNEUMONIA_2855.jpg,data/processed/images/chittagong_PNEUMONIA_2855.png
chittagong_PNEUMONIA_2856,chittagong,PNEUMONIA,chittagong-pneumonia-4075,val,c52b7509af6be0034dc1f1de04b25f4cca92ab69be4574fafb78359d9be06122,chittagong\nested_0\Training\pneumonia\pneumonia-4075.jpg,data\interim\selected\chittagong_PNEUMONIA_2856.jpg,data/processed/images/chittagong_PNEUMONIA_2856.png
chittagong_PNEUMONIA_2857,chittagong,PNEUMONIA,chittagong-pneumonia-55,val,c5aa93b91e17558ce620a8e7ec58a67b1b3b1b9674e598c3ed6d73f59185c718,chittagong\nested_0\Training\pneumonia\pneumonia-55.jpg,data\interim\selected\chittagong_PNEUMONIA_2857.jpg,data/processed/images/chittagong_PNEUMONIA_2857.png
chittagong_PNEUMONIA_2858,chittagong,PNEUMONIA,chittagong-pneumonia-831,val,c6f958958695926424cf77a1ce38541c59276c04624ae1e4789cb00d967f15d7,chittagong\nested_0\Testing\pneumonia\pneumonia-831.jpg,data\interim\selected\chittagong_PNEUMONIA_2858.jpg,data/processed/images/chittagong_PNEUMONIA_2858.png
chittagong_PNEUMONIA_2859,chittagong,PNEUMONIA,chittagong-pneumonia-5142,val,c9ed0974144b63bb1bedc03e7b3ec228e20d3c182f80b73facbd54117cf270bf,chittagong\nested_0\Testing\pneumonia\pneumonia-5142.jpg,data\interim\selected\chittagong_PNEUMONIA_2859.jpg,data/processed/images/chittagong_PNEUMONIA_2859.png
chittagong_PNEUMONIA_2860,chittagong,PNEUMONIA,chittagong-pneumonia-564,val,ca5cf886a678a826602ec416a4cb870df6890c3ab9546daab58a31a7b878deb5,chittagong\nested_0\Training\pneumonia\pneumonia-564.jpg,data\interim\selected\chittagong_PNEUMONIA_2860.jpg,data/processed/images/chittagong_PNEUMONIA_2860.png
chittagong_PNEUMONIA_2861,chittagong,PNEUMONIA,chittagong-pneumonia-648,val,cd37f3b5557aaf9c9e0df3b7a04613d5cbab9566344e0ffdd22e9e1c3dfd21c6,chittagong\nested_0\Testing\pneumonia\pneumonia-648.jpg,data\interim\selected\chittagong_PNEUMONIA_2861.jpg,data/processed/images/chittagong_PNEUMONIA_2861.png
chittagong_PNEUMONIA_2862,chittagong,PNEUMONIA,chittagong-pneumonia-568,val,cd7d4c8d3eee9b0d1e73a24ea3fe4d4f26a688dc4883bfbd2446ee0447f68314,chittagong\nested_0\Training\pneumonia\pneumonia-568.jpg,data\interim\selected\chittagong_PNEUMONIA_2862.jpg,data/processed/images/chittagong_PNEUMONIA_2862.png
chittagong_PNEUMONIA_2863,chittagong,PNEUMONIA,chittagong-pneumonia-5209,val,cecc6fde0c7fdf9cc0624104c73f534642bec62a6a958f2449c7c1c0a30e523c,chittagong\nested_0\Testing\pneumonia\pneumonia-5209.jpg,data\interim\selected\chittagong_PNEUMONIA_2863.jpg,data/processed/images/chittagong_PNEUMONIA_2863.png
chittagong_PNEUMONIA_2864,chittagong,PNEUMONIA,chittagong-pneumonia-790,val,d4540ce0da02dcdf3df67efb477926cd9af6c28d96417fe121074dac949d3148,chittagong\nested_0\Testing\pneumonia\pneumonia-790.jpg,data\interim\selected\chittagong_PNEUMONIA_2864.jpg,data/processed/images/chittagong_PNEUMONIA_2864.png
chittagong_PNEUMONIA_2865,chittagong,PNEUMONIA,chittagong-pneumonia-5187,val,d461536dae13356615730c7ebbbf4e3840a0aeee872b1f1bd0fe288a92814d84,chittagong\nested_0\Testing\pneumonia\pneumonia-5187.jpg,data\interim\selected\chittagong_PNEUMONIA_2865.jpg,data/processed/images/chittagong_PNEUMONIA_2865.png
chittagong_PNEUMONIA_2866,chittagong,PNEUMONIA,chittagong-pneumonia-4491,val,da6201878596485315d698c7191bbd5024dbcd88b558b9d545e4783b72fa59d7,chittagong\nested_0\Training\pneumonia\pneumonia-4491.jpg,data\interim\selected\chittagong_PNEUMONIA_2866.jpg,data/processed/images/chittagong_PNEUMONIA_2866.png
chittagong_PNEUMONIA_2867,chittagong,PNEUMONIA,chittagong-pneumonia-4588,val,daa58cc421368a103d76f4340f5634753bf6b087f1310b9ea996e51ce94ae468,chittagong\nested_0\Training\pneumonia\pneumonia-4588.jpg,data\interim\selected\chittagong_PNEUMONIA_2867.jpg,data/processed/images/chittagong_PNEUMONIA_2867.png
chittagong_PNEUMONIA_2868,chittagong,PNEUMONIA,chittagong-pneumonia-4091,val,db04b8ead06a64924e01d1c4c15d52491580e898ed0fa77bd1a353ca0d41d778,chittagong\nested_0\Training\pneumonia\pneumonia-4091.jpg,data\interim\selected\chittagong_PNEUMONIA_2868.jpg,data/processed/images/chittagong_PNEUMONIA_2868.png
chittagong_PNEUMONIA_2869,chittagong,PNEUMONIA,chittagong-pneumonia-449,val,dc04f93f6d9d405f7513a563414c8a11ebd551b6cd0ae095a1e90ff6a8670c20,chittagong\nested_0\Training\pneumonia\pneumonia-449.jpg,data\interim\selected\chittagong_PNEUMONIA_2869.jpg,data/processed/images/chittagong_PNEUMONIA_2869.png
chittagong_PNEUMONIA_2870,chittagong,PNEUMONIA,chittagong-pneumonia-222,val,dd93cffc843569fd85c610a64a579b72aabca2669ec6e6c83d6756403be441f6,chittagong\nested_0\Training\pneumonia\pneumonia-222.jpg,data\interim\selected\chittagong_PNEUMONIA_2870.jpg,data/processed/images/chittagong_PNEUMONIA_2870.png
chittagong_PNEUMONIA_2871,chittagong,PNEUMONIA,chittagong-pneumonia-3962,val,e04022d32a9af1239a4f5e62d7c2848e8dd1e522deb07039d963fa3bca46e87b,chittagong\nested_0\Training\pneumonia\pneumonia-3962.jpg,data\interim\selected\chittagong_PNEUMONIA_2871.jpg,data/processed/images/chittagong_PNEUMONIA_2871.png
chittagong_PNEUMONIA_2872,chittagong,PNEUMONIA,chittagong-pneumonia-425,val,e079e02c5ffb8d1fef7d758a0ea3143653e6ff0bdac6174b64e61a5adaa69957,chittagong\nested_0\Training\pneumonia\pneumonia-425.jpg,data\interim\selected\chittagong_PNEUMONIA_2872.jpg,data/processed/images/chittagong_PNEUMONIA_2872.png
chittagong_PNEUMONIA_2873,chittagong,PNEUMONIA,chittagong-pneumonia-427,val,e5e25d8a147254ffe83836c940467c2f97e9779eb29a49dd0e518e9ad6e4ebaf,chittagong\nested_0\Training\pneumonia\pneumonia-427.jpg,data\interim\selected\chittagong_PNEUMONIA_2873.jpg,data/processed/images/chittagong_PNEUMONIA_2873.png
chittagong_PNEUMONIA_2874,chittagong,PNEUMONIA,chittagong-pneumonia-4105,val,e7cd3926d25c90ba71ae097096e4af35571d83e929cbfeb730b785ee7e32a114,chittagong\nested_0\Training\pneumonia\pneumonia-4105.jpg,data\interim\selected\chittagong_PNEUMONIA_2874.jpg,data/processed/images/chittagong_PNEUMONIA_2874.png
chittagong_PNEUMONIA_2875,chittagong,PNEUMONIA,chittagong-pneumonia-214,val,eb3ef6816062d2fa31ece7258775d3109554e39fb77015b89225335307447304,chittagong\nested_0\Training\pneumonia\pneumonia-214.jpg,data\interim\selected\chittagong_PNEUMONIA_2875.jpg,data/processed/images/chittagong_PNEUMONIA_2875.png
chittagong_PNEUMONIA_2876,chittagong,PNEUMONIA,chittagong-pneumonia-5230,val,f22701218714303880a99ee04185a8a483c2dabf12d69faed823bbf367dd0982,chittagong\nested_0\Testing\pneumonia\pneumonia-5230.jpg,data\interim\selected\chittagong_PNEUMONIA_2876.jpg,data/processed/images/chittagong_PNEUMONIA_2876.png
chittagong_PNEUMONIA_2877,chittagong,PNEUMONIA,chittagong-pneumonia-847,val,f32e94b8c51f50415f90a2bf19f356d57d115525c20ac04e094643714590bbbb,chittagong\nested_0\Testing\pneumonia\pneumonia-847.jpg,data\interim\selected\chittagong_PNEUMONIA_2877.jpg,data/processed/images/chittagong_PNEUMONIA_2877.png
kermany_PNEUMONIA_2878,kermany,PNEUMONIA,kermany-person-1653,val,0066170eaa91d425e95bdd6384c97e51823c1062f465565cfc5e64ec61ea7217,kermany\test\PNEUMONIA\person1653_virus_2858.jpeg,data\interim\selected\kermany_PNEUMONIA_2878.jpeg,data/processed/images/kermany_PNEUMONIA_2878.png
kermany_PNEUMONIA_2879,kermany,PNEUMONIA,kermany-person-96,val,03246743bc354aa8fef7744e5c2e79624d13170fd9e68febd755cf8788276005,kermany\train\PNEUMONIA\person96_virus_179.jpeg,data\interim\selected\kermany_PNEUMONIA_2879.jpeg,data/processed/images/kermany_PNEUMONIA_2879.png
kermany_PNEUMONIA_2880,kermany,PNEUMONIA,kermany-person-314,val,05021a3f924819e67f454ad84fa943a3bd5d44c684a0cee4fc2e4a7a67572989,kermany\train\PNEUMONIA\person314_bacteria_1461.jpeg,data\interim\selected\kermany_PNEUMONIA_2880.jpeg,data/processed/images/kermany_PNEUMONIA_2880.png
kermany_PNEUMONIA_2881,kermany,PNEUMONIA,kermany-person-33,val,070ab6dd252b30b21c060439d869fa1c600ccf42f1917d8b75c3ddefe5bb5cfc,kermany\train\PNEUMONIA\person33_bacteria_174.jpeg,data\interim\selected\kermany_PNEUMONIA_2881.jpeg,data/processed/images/kermany_PNEUMONIA_2881.png
kermany_PNEUMONIA_2882,kermany,PNEUMONIA,kermany-person-769,val,0fa45683452b03fd8e42fe16b2f93f622ba3eea41961c0cba883fe349eddd866,kermany\train\PNEUMONIA\person769_bacteria_2673.jpeg,data\interim\selected\kermany_PNEUMONIA_2882.jpeg,data/processed/images/kermany_PNEUMONIA_2882.png
kermany_PNEUMONIA_2883,kermany,PNEUMONIA,kermany-person-266,val,10509332b5217d7c88bada035e5ced01c23bf359e464e4eed0e1d708845bac26,kermany\train\PNEUMONIA\person266_bacteria_1245.jpeg,data\interim\selected\kermany_PNEUMONIA_2883.jpeg,data/processed/images/kermany_PNEUMONIA_2883.png
kermany_PNEUMONIA_2884,kermany,PNEUMONIA,kermany-person-427,val,109acc2a7b7c22d03854f74865ee3ccee9cc7ff41f3ebee708635cb1cc2d2c46,kermany\train\PNEUMONIA\person427_bacteria_1865.jpeg,data\interim\selected\kermany_PNEUMONIA_2884.jpeg,data/processed/images/kermany_PNEUMONIA_2884.png
kermany_PNEUMONIA_2885,kermany,PNEUMONIA,kermany-person-5,val,1106a9be12ded0aacf262ef900654b0b58e257cf9894f01a149c44f909611456,kermany\train\PNEUMONIA\person5_bacteria_19.jpeg,data\interim\selected\kermany_PNEUMONIA_2885.jpeg,data/processed/images/kermany_PNEUMONIA_2885.png
kermany_PNEUMONIA_2886,kermany,PNEUMONIA,kermany-person-1880,val,130fe9f1ad179e4493102bb57dcc72ad4a9d28c733421e89048d17c83298d727,kermany\train\PNEUMONIA\person1880_bacteria_4765.jpeg,data\interim\selected\kermany_PNEUMONIA_2886.jpeg,data/processed/images/kermany_PNEUMONIA_2886.png
kermany_PNEUMONIA_2887,kermany,PNEUMONIA,kermany-person-1644,val,137048575cb0bd34e23ab6c6c6764ff33f01349179d3c820fd5786f850cb0e4b,kermany\train\PNEUMONIA\person1644_bacteria_4360.jpeg,data\interim\selected\kermany_PNEUMONIA_2887.jpeg,data/processed/images/kermany_PNEUMONIA_2887.png
kermany_PNEUMONIA_2888,kermany,PNEUMONIA,kermany-person-614,val,13f5bc466f7b65853f189c9a2bc26472bb4b0806c470dce3e9736731ba095754,kermany\train\PNEUMONIA\person614_bacteria_2483.jpeg,data\interim\selected\kermany_PNEUMONIA_2888.jpeg,data/processed/images/kermany_PNEUMONIA_2888.png
kermany_PNEUMONIA_2889,kermany,PNEUMONIA,kermany-person-469,val,16931b33609f76893ff296900675e68b7c195a6daad08ad921ea2e0cda6448ed,kermany\train\PNEUMONIA\person469_bacteria_1992.jpeg,data\interim\selected\kermany_PNEUMONIA_2889.jpeg,data/processed/images/kermany_PNEUMONIA_2889.png
kermany_PNEUMONIA_2890,kermany,PNEUMONIA,kermany-person-27,val,1d4eb625be2d3fdf02e52fd1a0a46116b26fa331295cd400a396872780ec5ae3,kermany\train\PNEUMONIA\person27_bacteria_137.jpeg,data\interim\selected\kermany_PNEUMONIA_2890.jpeg,data/processed/images/kermany_PNEUMONIA_2890.png
kermany_PNEUMONIA_2891,kermany,PNEUMONIA,kermany-person-331,val,1df04dd6dd21084c0c05513c077486e5ff6993b7fe25708336f53861b07680d3,kermany\train\PNEUMONIA\person331_bacteria_1527.jpeg,data\interim\selected\kermany_PNEUMONIA_2891.jpeg,data/processed/images/kermany_PNEUMONIA_2891.png
kermany_PNEUMONIA_2892,kermany,PNEUMONIA,kermany-person-1220,val,1f1af6aa9c7f76ad6c002d561f6d128b76f423afe4dd9428cbda07b8c247b52c,kermany\train\PNEUMONIA\person1220_virus_2068.jpeg,data\interim\selected\kermany_PNEUMONIA_2892.jpeg,data/processed/images/kermany_PNEUMONIA_2892.png
kermany_PNEUMONIA_2893,kermany,PNEUMONIA,kermany-person-773,val,1f374551a220b05c2a09ac44fb5495c5ff190a97487c57caf54a6d01e014d3a9,kermany\train\PNEUMONIA\person773_virus_1402.jpeg,data\interim\selected\kermany_PNEUMONIA_2893.jpeg,data/processed/images/kermany_PNEUMONIA_2893.png
kermany_PNEUMONIA_2894,kermany,PNEUMONIA,kermany-person-630,val,1f9216db4e1307c2705d885adee62a4a95854fb6a87a21b77e39ec10d245dce1,kermany\train\PNEUMONIA\person630_bacteria_2514.jpeg,data\interim\selected\kermany_PNEUMONIA_2894.jpeg,data/processed/images/kermany_PNEUMONIA_2894.png
kermany_PNEUMONIA_2895,kermany,PNEUMONIA,kermany-person-1756,val,2034f8a2b87b3fb7e5ccb8c4bb5eda9380965a95fb2b0f67ea5af29f41300236,kermany\train\PNEUMONIA\person1756_bacteria_4598.jpeg,data\interim\selected\kermany_PNEUMONIA_2895.jpeg,data/processed/images/kermany_PNEUMONIA_2895.png
kermany_PNEUMONIA_2896,kermany,PNEUMONIA,kermany-person-1468,val,2043e55a8b670f5f773a7ccb7208bbc72852af9d11a7a9cdaec05ea08b5be438,kermany\train\PNEUMONIA\person1468_bacteria_3822.jpeg,data\interim\selected\kermany_PNEUMONIA_2896.jpeg,data/processed/images/kermany_PNEUMONIA_2896.png
kermany_PNEUMONIA_2897,kermany,PNEUMONIA,kermany-person-1517,val,2078165aa512d28596fd94dbac5c6b83a54524e5a0fac342ec019aa828772b6e,kermany\train\PNEUMONIA\person1517_bacteria_3968.jpeg,data\interim\selected\kermany_PNEUMONIA_2897.jpeg,data/processed/images/kermany_PNEUMONIA_2897.png
kermany_PNEUMONIA_2898,kermany,PNEUMONIA,kermany-person-1673,val,21fb7fa44b7632a43e994021f1a26ae9b108aee965600102da914da63519ecd7,kermany\test\PNEUMONIA\person1673_virus_2889.jpeg,data\interim\selected\kermany_PNEUMONIA_2898.jpeg,data/processed/images/kermany_PNEUMONIA_2898.png
kermany_PNEUMONIA_2899,kermany,PNEUMONIA,kermany-person-536,val,28156fee480fbadf284ca3f97802fb83aad830b0ba734e299def1041dc9a8945,kermany\train\PNEUMONIA\person536_bacteria_2259.jpeg,data\interim\selected\kermany_PNEUMONIA_2899.jpeg,data/processed/images/kermany_PNEUMONIA_2899.png
kermany_PNEUMONIA_2900,kermany,PNEUMONIA,kermany-person-1164,val,284e5d2e98d5125ce4abd97554e141f2cc1e51d034388bc47ce03d9d490034e6,kermany\train\PNEUMONIA\person1164_virus_1956.jpeg,data\interim\selected\kermany_PNEUMONIA_2900.jpeg,data/processed/images/kermany_PNEUMONIA_2900.png
kermany_PNEUMONIA_2901,kermany,PNEUMONIA,kermany-person-1923,val,2ac4e209115b4f59cf6a85a5c3c1217f4ed67db15200826b2f8de7661cc9b67d,kermany\train\PNEUMONIA\person1923_bacteria_4831.jpeg,data\interim\selected\kermany_PNEUMONIA_2901.jpeg,data/processed/images/kermany_PNEUMONIA_2901.png
kermany_PNEUMONIA_2902,kermany,PNEUMONIA,kermany-person-747,val,383ca4d4f729f777d3b9c317709202be826b84f5b8e7a0f3858093acb8298ac7,kermany\train\PNEUMONIA\person747_virus_1372.jpeg,data\interim\selected\kermany_PNEUMONIA_2902.jpeg,data/processed/images/kermany_PNEUMONIA_2902.png
kermany_PNEUMONIA_2903,kermany,PNEUMONIA,kermany-person-1636,val,38d83e209d9c5276cee2184547f21587c67f207a3947c0377b7e4042d3c2e727,kermany\train\PNEUMONIA\person1636_bacteria_4338.jpeg,data\interim\selected\kermany_PNEUMONIA_2903.jpeg,data/processed/images/kermany_PNEUMONIA_2903.png
kermany_PNEUMONIA_2904,kermany,PNEUMONIA,kermany-person-100,val,3f1901f20df399964f8d97cc0934d7f7bac0bae59f10cb3de6b6459951b7cd26,kermany\test\PNEUMONIA\person100_bacteria_478.jpeg,data\interim\selected\kermany_PNEUMONIA_2904.jpeg,data/processed/images/kermany_PNEUMONIA_2904.png
kermany_PNEUMONIA_2905,kermany,PNEUMONIA,kermany-person-509,val,3f96a84511c6273cabea4bf2a12ee54aa5ef0dd6f11a3f58ccbcb5a35476d75a,kermany\train\PNEUMONIA\person509_virus_1025.jpeg,data\interim\selected\kermany_PNEUMONIA_2905.jpeg,data/processed/images/kermany_PNEUMONIA_2905.png
kermany_PNEUMONIA_2906,kermany,PNEUMONIA,kermany-person-306,val,42132313e0b8d8c291388aa2172e7e68af94f785464b8e2525a65356218e64c1,kermany\train\PNEUMONIA\person306_bacteria_1440.jpeg,data\interim\selected\kermany_PNEUMONIA_2906.jpeg,data/processed/images/kermany_PNEUMONIA_2906.png
kermany_PNEUMONIA_2907,kermany,PNEUMONIA,kermany-person-90,val,44ace9c7e388cf75bf7788e16cd980532efcc8ca03cea000f0a790738e986c3f,kermany\test\PNEUMONIA\person90_bacteria_443.jpeg,data\interim\selected\kermany_PNEUMONIA_2907.jpeg,data/processed/images/kermany_PNEUMONIA_2907.png
kermany_PNEUMONIA_2908,kermany,PNEUMONIA,kermany-person-1411,val,4a2a94d481eb75948ad553dd68aa8581e14a3e25c072f934afd75a7b8c4f6285,kermany\train\PNEUMONIA\person1411_bacteria_3601.jpeg,data\interim\selected\kermany_PNEUMONIA_2908.jpeg,data/processed/images/kermany_PNEUMONIA_2908.png
kermany_PNEUMONIA_2909,kermany,PNEUMONIA,kermany-person-1548,val,4beb47c1cd884ceea14fd53968e0c78aee1668433810e6d6d42d87dea10edab5,kermany\train\PNEUMONIA\person1548_virus_2689.jpeg,data\interim\selected\kermany_PNEUMONIA_2909.jpeg,data/processed/images/kermany_PNEUMONIA_2909.png
kermany_PNEUMONIA_2910,kermany,PNEUMONIA,kermany-person-527,val,4cddfaba03b9c8f07a2d42a5a86539d6baae26920edb073ccbfd1cec70073e7f,kermany\train\PNEUMONIA\person527_bacteria_2225.jpeg,data\interim\selected\kermany_PNEUMONIA_2910.jpeg,data/processed/images/kermany_PNEUMONIA_2910.png
kermany_PNEUMONIA_2911,kermany,PNEUMONIA,kermany-person-1663,val,4d7248af0f8ae424e4222e3f7270abf33dcd2e9bf310126add3fb242f1951784,kermany\train\PNEUMONIA\person1663_bacteria_4412.jpeg,data\interim\selected\kermany_PNEUMONIA_2911.jpeg,data/processed/images/kermany_PNEUMONIA_2911.png
kermany_PNEUMONIA_2912,kermany,PNEUMONIA,kermany-person-509,val,57b949d9376edd2cb3aa76a5e5ff2b654ec1e43f5237d8927cd28489e2e207c5,kermany\train\PNEUMONIA\person509_bacteria_2146.jpeg,data\interim\selected\kermany_PNEUMONIA_2912.jpeg,data/processed/images/kermany_PNEUMONIA_2912.png
kermany_PNEUMONIA_2913,kermany,PNEUMONIA,kermany-person-462,val,58f4945761dc9802d0fc000b0dbc673330a31ea8953fabded50f393604dddb79,kermany\train\PNEUMONIA\person462_virus_951.jpeg,data\interim\selected\kermany_PNEUMONIA_2913.jpeg,data/processed/images/kermany_PNEUMONIA_2913.png
kermany_PNEUMONIA_2914,kermany,PNEUMONIA,kermany-person-142,val,5ad7f6a8f06ee22534836363da002b306ae774a1237a71b10e71077fe94c64c8,kermany\test\PNEUMONIA\person142_bacteria_684.jpeg,data\interim\selected\kermany_PNEUMONIA_2914.jpeg,data/processed/images/kermany_PNEUMONIA_2914.png
kermany_PNEUMONIA_2915,kermany,PNEUMONIA,kermany-person-1949,val,5bde846e4a137b37e568c66a61752b4c5cfe2057b0f4af6bfd3cfab3db1202b8,kermany\train\PNEUMONIA\person1949_bacteria_4880.jpeg,data\interim\selected\kermany_PNEUMONIA_2915.jpeg,data/processed/images/kermany_PNEUMONIA_2915.png
kermany_PNEUMONIA_2916,kermany,PNEUMONIA,kermany-person-141,val,5c7b1c6e1e67643f463d6739c26c836034921f3be6af14f2812fd1a015e0f83f,kermany\test\PNEUMONIA\person141_bacteria_678.jpeg,data\interim\selected\kermany_PNEUMONIA_2916.jpeg,data/processed/images/kermany_PNEUMONIA_2916.png
kermany_PNEUMONIA_2917,kermany,PNEUMONIA,kermany-person-427,val,5cca902545b4cde4eb2de27acfc120d977f04ff88761cf6d1bb8a3c66e62593b,kermany\train\PNEUMONIA\person427_bacteria_1864.jpeg,data\interim\selected\kermany_PNEUMONIA_2917.jpeg,data/processed/images/kermany_PNEUMONIA_2917.png
kermany_PNEUMONIA_2918,kermany,PNEUMONIA,kermany-person-705,val,5da7792198948274f8d6c7abe760f27a6b591e219e020417b6b5f84e5ddb58a5,kermany\train\PNEUMONIA\person705_virus_1302.jpeg,data\interim\selected\kermany_PNEUMONIA_2918.jpeg,data/processed/images/kermany_PNEUMONIA_2918.png
kermany_PNEUMONIA_2919,kermany,PNEUMONIA,kermany-person-266,val,62e4e4fd98cdfd5268092e82a6a93265a7e8ec09b9f210f405f6f4dd44ea47f8,kermany\train\PNEUMONIA\person266_bacteria_1241.jpeg,data\interim\selected\kermany_PNEUMONIA_2919.jpeg,data/processed/images/kermany_PNEUMONIA_2919.png
kermany_PNEUMONIA_2920,kermany,PNEUMONIA,kermany-person-117,val,62e8901e2ff2812de5ca50dcaf14e923527f3c861b2d3ff6c218a6dce13987a8,kermany\test\PNEUMONIA\person117_bacteria_553.jpeg,data\interim\selected\kermany_PNEUMONIA_2920.jpeg,data/processed/images/kermany_PNEUMONIA_2920.png
kermany_PNEUMONIA_2921,kermany,PNEUMONIA,kermany-person-263,val,65aa926974284e3d6e09712910887ca2262abce853f1b0305cd9d9277ed8863f,kermany\train\PNEUMONIA\person263_virus_546.jpeg,data\interim\selected\kermany_PNEUMONIA_2921.jpeg,data/processed/images/kermany_PNEUMONIA_2921.png
kermany_PNEUMONIA_2922,kermany,PNEUMONIA,kermany-person-266,val,6842590fa04309933b633613133c8a3b4e92973cea1c0e8bcf25fb33fa67917f,kermany\train\PNEUMONIA\person266_bacteria_1247.jpeg,data\interim\selected\kermany_PNEUMONIA_2922.jpeg,data/processed/images/kermany_PNEUMONIA_2922.png
kermany_PNEUMONIA_2923,kermany,PNEUMONIA,kermany-person-1662,val,6950638f7233878b93ffe5d14e19f97fac6abec8d5987c0b4716ed74c07d399b,kermany\test\PNEUMONIA\person1662_virus_2875.jpeg,data\interim\selected\kermany_PNEUMONIA_2923.jpeg,data/processed/images/kermany_PNEUMONIA_2923.png
kermany_PNEUMONIA_2924,kermany,PNEUMONIA,kermany-person-926,val,69d7a43e6715aff72fcc43ea1a90eabde03da0c79501ce29b89edd507134af18,kermany\train\PNEUMONIA\person926_virus_1583.jpeg,data\interim\selected\kermany_PNEUMONIA_2924.jpeg,data/processed/images/kermany_PNEUMONIA_2924.png
kermany_PNEUMONIA_2925,kermany,PNEUMONIA,kermany-person-142,val,6a4500423ffa0fb8a6ca247f743c13e32ec06ef948add8761aee2ce4a83442c3,kermany\test\PNEUMONIA\person142_bacteria_682.jpeg,data\interim\selected\kermany_PNEUMONIA_2925.jpeg,data/processed/images/kermany_PNEUMONIA_2925.png
kermany_PNEUMONIA_2926,kermany,PNEUMONIA,kermany-person-419,val,6be27561dce86f7ff402937f23aa6bb3c673976f8ccb3ba83664aa834b8d760e,kermany\train\PNEUMONIA\person419_bacteria_1844.jpeg,data\interim\selected\kermany_PNEUMONIA_2926.jpeg,data/processed/images/kermany_PNEUMONIA_2926.png
kermany_PNEUMONIA_2927,kermany,PNEUMONIA,kermany-person-1344,val,70625af80498382c26b540c7cc17270ea5983c9eebd65e43b2660e0bfd5fd16f,kermany\train\PNEUMONIA\person1344_virus_2320.jpeg,data\interim\selected\kermany_PNEUMONIA_2927.jpeg,data/processed/images/kermany_PNEUMONIA_2927.png
kermany_PNEUMONIA_2928,kermany,PNEUMONIA,kermany-person-634,val,74abc61f7255340d3356594feb9c283c59ee1f60856dbd0f32b99b72e31c8874,kermany\train\PNEUMONIA\person634_bacteria_2525.jpeg,data\interim\selected\kermany_PNEUMONIA_2928.jpeg,data/processed/images/kermany_PNEUMONIA_2928.png
kermany_PNEUMONIA_2929,kermany,PNEUMONIA,kermany-person-328,val,7518db9a020d88f1a38741ae171beaa9c4190d3968b45794485f1cb7174053cf,kermany\train\PNEUMONIA\person328_bacteria_1515.jpeg,data\interim\selected\kermany_PNEUMONIA_2929.jpeg,data/processed/images/kermany_PNEUMONIA_2929.png
kermany_PNEUMONIA_2930,kermany,PNEUMONIA,kermany-person-143,val,75f25bf779b644390320b6ff65cd779cad990ca3fa384ac8aa95c2e49ccdcd4a,kermany\train\PNEUMONIA\person143_virus_289.jpeg,data\interim\selected\kermany_PNEUMONIA_2930.jpeg,data/processed/images/kermany_PNEUMONIA_2930.png
kermany_PNEUMONIA_2931,kermany,PNEUMONIA,kermany-person-501,val,79760fbf6bfe2f08fa36b8e4374f690c997d5089149df2735a7717af864c5df7,kermany\train\PNEUMONIA\person501_bacteria_2114.jpeg,data\interim\selected\kermany_PNEUMONIA_2931.jpeg,data/processed/images/kermany_PNEUMONIA_2931.png
kermany_PNEUMONIA_2932,kermany,PNEUMONIA,kermany-person-281,val,7b3aef4e76c85f45f1aee0af3307d1e1b6b2a15808cc68d19628c621ad74997b,kermany\train\PNEUMONIA\person281_bacteria_1332.jpeg,data\interim\selected\kermany_PNEUMONIA_2932.jpeg,data/processed/images/kermany_PNEUMONIA_2932.png
kermany_PNEUMONIA_2933,kermany,PNEUMONIA,kermany-person-1701,val,7b9fa5cb9167f02d1d39b05da1ec606c2e2e8dee857e3c6b1e413e9d6721c0be,kermany\train\PNEUMONIA\person1701_bacteria_4504.jpeg,data\interim\selected\kermany_PNEUMONIA_2933.jpeg,data/processed/images/kermany_PNEUMONIA_2933.png
kermany_PNEUMONIA_2934,kermany,PNEUMONIA,kermany-person-33,val,7da83501b8c8d76713a71f06eb9cfd2a0f3aedce4cd1e1b06dfd57a6369468ef,kermany\test\PNEUMONIA\person33_virus_72.jpeg,data\interim\selected\kermany_PNEUMONIA_2934.jpeg,data/processed/images/kermany_PNEUMONIA_2934.png
kermany_PNEUMONIA_2935,kermany,PNEUMONIA,kermany-person-296,val,80746f9bdca262796512b360a48cedf920f2531625b93733d7aad2bc3df1b5fe,kermany\train\PNEUMONIA\person296_virus_613.jpeg,data\interim\selected\kermany_PNEUMONIA_2935.jpeg,data/processed/images/kermany_PNEUMONIA_2935.png
kermany_PNEUMONIA_2936,kermany,PNEUMONIA,kermany-person-270,val,81b3e141ba6be4db61f9f065d5eb421ce1f1241a53eeadf758fa79757cf57539,kermany\train\PNEUMONIA\person270_virus_555.jpeg,data\interim\selected\kermany_PNEUMONIA_2936.jpeg,data/processed/images/kermany_PNEUMONIA_2936.png
kermany_PNEUMONIA_2937,kermany,PNEUMONIA,kermany-person-492,val,8205dc341d480e40601ef5be4241f140a5c43e1a4b970c170eb93264730a56f6,kermany\train\PNEUMONIA\person492_virus_998.jpeg,data\interim\selected\kermany_PNEUMONIA_2937.jpeg,data/processed/images/kermany_PNEUMONIA_2937.png
kermany_PNEUMONIA_2938,kermany,PNEUMONIA,kermany-person-1411,val,827e3a80f91205bf35b3635b0b06f1af7a92b4658f33c8a156486297630592ae,kermany\train\PNEUMONIA\person1411_bacteria_3607.jpeg,data\interim\selected\kermany_PNEUMONIA_2938.jpeg,data/processed/images/kermany_PNEUMONIA_2938.png
kermany_PNEUMONIA_2939,kermany,PNEUMONIA,kermany-person-596,val,89272b4bcc7c2ffc9c0abcbe455cec697529a1c216d5094abea22c8702fde829,kermany\train\PNEUMONIA\person596_bacteria_2446.jpeg,data\interim\selected\kermany_PNEUMONIA_2939.jpeg,data/processed/images/kermany_PNEUMONIA_2939.png
kermany_PNEUMONIA_2940,kermany,PNEUMONIA,kermany-person-863,val,8b8b04345c5071d5869073cb40beaba5c0eb2c4b751eeb2de400cca7368209ec,kermany\train\PNEUMONIA\person863_virus_1508.jpeg,data\interim\selected\kermany_PNEUMONIA_2940.jpeg,data/processed/images/kermany_PNEUMONIA_2940.png
kermany_PNEUMONIA_2941,kermany,PNEUMONIA,kermany-person-266,val,8c917bd0806be2f87778e3a816faf52f50111695dbeb9ec429c28c213b18986a,kermany\train\PNEUMONIA\person266_bacteria_1237.jpeg,data\interim\selected\kermany_PNEUMONIA_2941.jpeg,data/processed/images/kermany_PNEUMONIA_2941.png
kermany_PNEUMONIA_2942,kermany,PNEUMONIA,kermany-person-21,val,8d698188862c82328421b4a16b870815383d3c148cbc3974bb0c72a2639af6fd,kermany\train\PNEUMONIA\person21_bacteria_73.jpeg,data\interim\selected\kermany_PNEUMONIA_2942.jpeg,data/processed/images/kermany_PNEUMONIA_2942.png
kermany_PNEUMONIA_2943,kermany,PNEUMONIA,kermany-person-117,val,8f72d6384c56a02393eb2b814e937596d2c0790cb5c4cfa8c4df7ad50e946ade,kermany\train\PNEUMONIA\person117_virus_223.jpeg,data\interim\selected\kermany_PNEUMONIA_2943.jpeg,data/processed/images/kermany_PNEUMONIA_2943.png
kermany_PNEUMONIA_2944,kermany,PNEUMONIA,kermany-person-1946,val,905a703da2ca12326f2d88ce9b9823290bad97e98c8179e77393c56f86978caa,kermany\train\PNEUMONIA\person1946_bacteria_4875.jpeg,data\interim\selected\kermany_PNEUMONIA_2944.jpeg,data/processed/images/kermany_PNEUMONIA_2944.png
kermany_PNEUMONIA_2945,kermany,PNEUMONIA,kermany-person-1582,val,913dbe0df965c9c7984fa2bd66356a27df5fcce4eeeb06b77ddfed3ed81d6979,kermany\train\PNEUMONIA\person1582_bacteria_4143.jpeg,data\interim\selected\kermany_PNEUMONIA_2945.jpeg,data/processed/images/kermany_PNEUMONIA_2945.png
kermany_PNEUMONIA_2946,kermany,PNEUMONIA,kermany-person-1528,val,96ac4e5cd0cfd25adb06d6f154e9774d2511bac9861311865a5caf9ae143f8c1,kermany\train\PNEUMONIA\person1528_virus_2662.jpeg,data\interim\selected\kermany_PNEUMONIA_2946.jpeg,data/processed/images/kermany_PNEUMONIA_2946.png
kermany_PNEUMONIA_2947,kermany,PNEUMONIA,kermany-person-629,val,992e928a3acc75ba221a9a63c703666c529a0d99323b89c8c56e9571548daeac,kermany\train\PNEUMONIA\person629_bacteria_2510.jpeg,data\interim\selected\kermany_PNEUMONIA_2947.jpeg,data/processed/images/kermany_PNEUMONIA_2947.png
kermany_PNEUMONIA_2948,kermany,PNEUMONIA,kermany-person-1636,val,9949a643b7703e576d62570cb10752600ba03fe8eeb763fb2ac8e3f14b54c864,kermany\train\PNEUMONIA\person1636_bacteria_4337.jpeg,data\interim\selected\kermany_PNEUMONIA_2948.jpeg,data/processed/images/kermany_PNEUMONIA_2948.png
kermany_PNEUMONIA_2949,kermany,PNEUMONIA,kermany-person-91,val,9999bcffb54f2563e8dc4c3f3b9a95f36e10af894d863414231ca61ce03947f9,kermany\test\PNEUMONIA\person91_bacteria_448.jpeg,data\interim\selected\kermany_PNEUMONIA_2949.jpeg,data/processed/images/kermany_PNEUMONIA_2949.png
kermany_PNEUMONIA_2950,kermany,PNEUMONIA,kermany-person-711,val,99bf6d2cac5d95c89a6bc9129cd1559f5cc4016b268d99455e774d548c326fb6,kermany\train\PNEUMONIA\person711_bacteria_2612.jpeg,data\interim\selected\kermany_PNEUMONIA_2950.jpeg,data/processed/images/kermany_PNEUMONIA_2950.png
kermany_PNEUMONIA_2951,kermany,PNEUMONIA,kermany-person-266,val,9a1f2b96816429b9ca4587a7defdf43f39c8900a095d8e6cb5b562b99f8d33da,kermany\train\PNEUMONIA\person266_bacteria_1240.jpeg,data\interim\selected\kermany_PNEUMONIA_2951.jpeg,data/processed/images/kermany_PNEUMONIA_2951.png
kermany_PNEUMONIA_2952,kermany,PNEUMONIA,kermany-person-1448,val,9a9281420e6de6e73e588500a06744227d70812fe7ca367424c0782f223681f5,kermany\train\PNEUMONIA\person1448_virus_2468.jpeg,data\interim\selected\kermany_PNEUMONIA_2952.jpeg,data/processed/images/kermany_PNEUMONIA_2952.png
kermany_PNEUMONIA_2953,kermany,PNEUMONIA,kermany-person-1312,val,9abe31146a4e6e0bd87509d744b97ea28b291f58e7acd14640b671967851be2e,kermany\train\PNEUMONIA\person1312_bacteria_3317.jpeg,data\interim\selected\kermany_PNEUMONIA_2953.jpeg,data/processed/images/kermany_PNEUMONIA_2953.png
kermany_PNEUMONIA_2954,kermany,PNEUMONIA,kermany-person-431,val,9c0cad84e27f79620c3d48762d9ae4445c31abe19c638075a10f6991f40761ee,kermany\train\PNEUMONIA\person431_bacteria_1872.jpeg,data\interim\selected\kermany_PNEUMONIA_2954.jpeg,data/processed/images/kermany_PNEUMONIA_2954.png
kermany_PNEUMONIA_2955,kermany,PNEUMONIA,kermany-person-100,val,9c38ec82b9559968095e3e16d6b52eab7b7fba273534a8607581920bad97e8f3,kermany\train\PNEUMONIA\person100_virus_184.jpeg,data\interim\selected\kermany_PNEUMONIA_2955.jpeg,data/processed/images/kermany_PNEUMONIA_2955.png
kermany_PNEUMONIA_2956,kermany,PNEUMONIA,kermany-person-541,val,9e4a2ad03aacf60baa87bef9ba5321bc78078b9649e5e97be61e4628d71403a5,kermany\train\PNEUMONIA\person541_bacteria_2274.jpeg,data\interim\selected\kermany_PNEUMONIA_2956.jpeg,data/processed/images/kermany_PNEUMONIA_2956.png
kermany_PNEUMONIA_2957,kermany,PNEUMONIA,kermany-person-1440,val,9e6d2aaf30d25ea26fabbb4e3e677293a41946a2dd11553f242eac9eb4af4e95,kermany\train\PNEUMONIA\person1440_bacteria_3723.jpeg,data\interim\selected\kermany_PNEUMONIA_2957.jpeg,data/processed/images/kermany_PNEUMONIA_2957.png
kermany_PNEUMONIA_2958,kermany,PNEUMONIA,kermany-person-509,val,a11a2774d0de8577d41437abbc07281a97f7504152f1dccdf0bef44e8049b46b,kermany\train\PNEUMONIA\person509_bacteria_2145.jpeg,data\interim\selected\kermany_PNEUMONIA_2958.jpeg,data/processed/images/kermany_PNEUMONIA_2958.png
kermany_PNEUMONIA_2959,kermany,PNEUMONIA,kermany-person-375,val,a321fcdd6c1c0c287422477a3d240a0113e7345a663211adfd5c09c90d06d94e,kermany\train\PNEUMONIA\person375_virus_758.jpeg,data\interim\selected\kermany_PNEUMONIA_2959.jpeg,data/processed/images/kermany_PNEUMONIA_2959.png
kermany_PNEUMONIA_2960,kermany,PNEUMONIA,kermany-person-1548,val,a3506caa65ad06a1bcfbd081895ec8379e4017e1b7b308fb20cdfd3588865676,kermany\train\PNEUMONIA\person1548_bacteria_4048.jpeg,data\interim\selected\kermany_PNEUMONIA_2960.jpeg,data/processed/images/kermany_PNEUMONIA_2960.png
kermany_PNEUMONIA_2961,kermany,PNEUMONIA,kermany-person-331,val,a39357bfacdad8add43066214093845f6f4d52dc1de9b380854cfde1c1d3e1df,kermany\train\PNEUMONIA\person331_virus_684.jpeg,data\interim\selected\kermany_PNEUMONIA_2961.jpeg,data/processed/images/kermany_PNEUMONIA_2961.png
kermany_PNEUMONIA_2962,kermany,PNEUMONIA,kermany-person-531,val,a74a15d8a419b5a05ea30ccc7cc6c4dfc3e1963d8f3a5dfbc89d92c5da25c794,kermany\train\PNEUMONIA\person531_bacteria_2241.jpeg,data\interim\selected\kermany_PNEUMONIA_2962.jpeg,data/processed/images/kermany_PNEUMONIA_2962.png
kermany_PNEUMONIA_2963,kermany,PNEUMONIA,kermany-person-738,val,aa556f48764781a6ffa23dd9a0d29662a523d2f94a61094502a2c42de83413bf,kermany\train\PNEUMONIA\person738_virus_1360.jpeg,data\interim\selected\kermany_PNEUMONIA_2963.jpeg,data/processed/images/kermany_PNEUMONIA_2963.png
kermany_PNEUMONIA_2964,kermany,PNEUMONIA,kermany-person-427,val,ab8498ca0b0705375a883968241aa0d347cf5f10cbe7824c672e61e2cce20431,kermany\train\PNEUMONIA\person427_bacteria_1868.jpeg,data\interim\selected\kermany_PNEUMONIA_2964.jpeg,data/processed/images/kermany_PNEUMONIA_2964.png
kermany_PNEUMONIA_2965,kermany,PNEUMONIA,kermany-person-492,val,ad11d71e1d78afef5f6612d1f76ce3ea22141e3edf09726dcb778ba5b9ca0a9c,kermany\train\PNEUMONIA\person492_bacteria_2083.jpeg,data\interim\selected\kermany_PNEUMONIA_2965.jpeg,data/processed/images/kermany_PNEUMONIA_2965.png
kermany_PNEUMONIA_2966,kermany,PNEUMONIA,kermany-person-143,val,ae277c5ec04fb7f7abed338f2c084a6d8b240d932cdce47f7adfa1aa3b41f55b,kermany\test\PNEUMONIA\person143_bacteria_688.jpeg,data\interim\selected\kermany_PNEUMONIA_2966.jpeg,data/processed/images/kermany_PNEUMONIA_2966.png
kermany_PNEUMONIA_2967,kermany,PNEUMONIA,kermany-person-139,val,ae7d1e6fb914590f4fddcfde63fc7cdc4483e8d4deeb8ab542a05dc76a3c4e2f,kermany\test\PNEUMONIA\person139_bacteria_662.jpeg,data\interim\selected\kermany_PNEUMONIA_2967.jpeg,data/processed/images/kermany_PNEUMONIA_2967.png
kermany_PNEUMONIA_2968,kermany,PNEUMONIA,kermany-person-1744,val,b26a2479679a32f64b8dded0d1e2d726356684ce18a6395354de4c05c0ad2029,kermany\train\PNEUMONIA\person1744_bacteria_4583.jpeg,data\interim\selected\kermany_PNEUMONIA_2968.jpeg,data/processed/images/kermany_PNEUMONIA_2968.png
kermany_PNEUMONIA_2969,kermany,PNEUMONIA,kermany-person-1072,val,b2b87a5bdcd996db95f848717d20748d60b5d91df48bc3d17badc317a8a60565,kermany\train\PNEUMONIA\person1072_bacteria_3006.jpeg,data\interim\selected\kermany_PNEUMONIA_2969.jpeg,data/processed/images/kermany_PNEUMONIA_2969.png
kermany_PNEUMONIA_2970,kermany,PNEUMONIA,kermany-person-91,val,b3657fb48e0b020ab15f815c8af9e9ee809c9022fa423200b755665c972eadf6,kermany\test\PNEUMONIA\person91_bacteria_446.jpeg,data\interim\selected\kermany_PNEUMONIA_2970.jpeg,data/processed/images/kermany_PNEUMONIA_2970.png
kermany_PNEUMONIA_2971,kermany,PNEUMONIA,kermany-person-1012,val,b411abf691c20a1c43ddcf936839ab1504d0f3e719fa122c8561da345f487487,kermany\train\PNEUMONIA\person1012_bacteria_2943.jpeg,data\interim\selected\kermany_PNEUMONIA_2971.jpeg,data/processed/images/kermany_PNEUMONIA_2971.png
kermany_PNEUMONIA_2972,kermany,PNEUMONIA,kermany-person-1118,val,b44254fd1fc5cdb8d8047f4cef16f8dd63f3037a49acc67432facccf1064f157,kermany\train\PNEUMONIA\person1118_bacteria_3059.jpeg,data\interim\selected\kermany_PNEUMONIA_2972.jpeg,data/processed/images/kermany_PNEUMONIA_2972.png
kermany_PNEUMONIA_2973,kermany,PNEUMONIA,kermany-person-1644,val,b528c1ce340908eac0bfdef169e19691bb39803793a69d3024a8423c61ca3e2e,kermany\train\PNEUMONIA\person1644_bacteria_4357.jpeg,data\interim\selected\kermany_PNEUMONIA_2973.jpeg,data/processed/images/kermany_PNEUMONIA_2973.png
kermany_PNEUMONIA_2974,kermany,PNEUMONIA,kermany-person-1564,val,ba95d2f799c5c1d0a01cd2ca761130c3435052b9bda0f19f086bd504297bb38d,kermany\train\PNEUMONIA\person1564_virus_2719.jpeg,data\interim\selected\kermany_PNEUMONIA_2974.jpeg,data/processed/images/kermany_PNEUMONIA_2974.png
kermany_PNEUMONIA_2975,kermany,PNEUMONIA,kermany-person-398,val,bb912b9436e127315ebd24fd59c9cb4a7912ea076af18cc343c6ae00e2cf31da,kermany\train\PNEUMONIA\person398_bacteria_1801.jpeg,data\interim\selected\kermany_PNEUMONIA_2975.jpeg,data/processed/images/kermany_PNEUMONIA_2975.png
kermany_PNEUMONIA_2976,kermany,PNEUMONIA,kermany-person-1312,val,bdb41db64ef1f32af100dd8d9e2811c880af81bb00054f1f5c00d1ca139ddf74,kermany\train\PNEUMONIA\person1312_bacteria_3313.jpeg,data\interim\selected\kermany_PNEUMONIA_2976.jpeg,data/processed/images/kermany_PNEUMONIA_2976.png
kermany_PNEUMONIA_2977,kermany,PNEUMONIA,kermany-person-381,val,bfba664bd59593f49e5e2b1022e46cc2339adade71fe882869718a54c001fb03,kermany\train\PNEUMONIA\person381_bacteria_1730.jpeg,data\interim\selected\kermany_PNEUMONIA_2977.jpeg,data/processed/images/kermany_PNEUMONIA_2977.png
kermany_PNEUMONIA_2978,kermany,PNEUMONIA,kermany-person-306,val,c1a7f21d50484e6499264715180f78328597a05018a75df1617bd0fea9b368a3,kermany\train\PNEUMONIA\person306_virus_628.jpeg,data\interim\selected\kermany_PNEUMONIA_2978.jpeg,data/processed/images/kermany_PNEUMONIA_2978.png
kermany_PNEUMONIA_2979,kermany,PNEUMONIA,kermany-person-1312,val,c2dc168d5792b4744e04745e86d8c0e116682abede551bf89b8c8a72668a4d07,kermany\train\PNEUMONIA\person1312_bacteria_3316.jpeg,data\interim\selected\kermany_PNEUMONIA_2979.jpeg,data/processed/images/kermany_PNEUMONIA_2979.png
kermany_PNEUMONIA_2980,kermany,PNEUMONIA,kermany-person-1196,val,c510ef581d0da00c46f5b2172b606e185668d0f18813308e75e178175de0fc25,kermany\train\PNEUMONIA\person1196_bacteria_3146.jpeg,data\interim\selected\kermany_PNEUMONIA_2980.jpeg,data/processed/images/kermany_PNEUMONIA_2980.png
kermany_PNEUMONIA_2981,kermany,PNEUMONIA,kermany-person-531,val,c889ec3bb7c992004a90f1e90480dca86c2c0c179c3de9f6d77593a7f4a21944,kermany\train\PNEUMONIA\person531_bacteria_2235.jpeg,data\interim\selected\kermany_PNEUMONIA_2981.jpeg,data/processed/images/kermany_PNEUMONIA_2981.png
kermany_PNEUMONIA_2982,kermany,PNEUMONIA,kermany-person-334,val,c9ff696cde3ef190e237c24aba927261d4924de7257e0e795e883e86f2c12e2c,kermany\train\PNEUMONIA\person334_bacteria_1544.jpeg,data\interim\selected\kermany_PNEUMONIA_2982.jpeg,data/processed/images/kermany_PNEUMONIA_2982.png
kermany_PNEUMONIA_2983,kermany,PNEUMONIA,kermany-person-469,val,cde7105903d4f19370ae3c0b96f9bb0e39f45f1372568ff16871b5e04ef190b8,kermany\train\PNEUMONIA\person469_bacteria_1994.jpeg,data\interim\selected\kermany_PNEUMONIA_2983.jpeg,data/processed/images/kermany_PNEUMONIA_2983.png
kermany_PNEUMONIA_2984,kermany,PNEUMONIA,kermany-person-1164,val,d038c6795d6207e59fcc592ae3ed26db5267dfccbd50e5def67254de0d748e02,kermany\train\PNEUMONIA\person1164_virus_1957.jpeg,data\interim\selected\kermany_PNEUMONIA_2984.jpeg,data/processed/images/kermany_PNEUMONIA_2984.png
kermany_PNEUMONIA_2985,kermany,PNEUMONIA,kermany-person-968,val,d111a6b4e1479775c02a8dec99458b58db85225ae15dc8b8170c53c65f5d9660,kermany\train\PNEUMONIA\person968_virus_1642.jpeg,data\interim\selected\kermany_PNEUMONIA_2985.jpeg,data/processed/images/kermany_PNEUMONIA_2985.png
kermany_PNEUMONIA_2986,kermany,PNEUMONIA,kermany-person-762,val,d2050f96ab23c6e5101d193f6d97ef52bff59bb6c0ce7b72cd731c2445ecf580,kermany\train\PNEUMONIA\person762_virus_1390.jpeg,data\interim\selected\kermany_PNEUMONIA_2986.jpeg,data/processed/images/kermany_PNEUMONIA_2986.png
kermany_PNEUMONIA_2987,kermany,PNEUMONIA,kermany-person-863,val,d286b1f7131c47fa2f86d81aef7f8553d6b4cf95dd46f0ceb4918ceae1b74249,kermany\train\PNEUMONIA\person863_bacteria_2785.jpeg,data\interim\selected\kermany_PNEUMONIA_2987.jpeg,data/processed/images/kermany_PNEUMONIA_2987.png
kermany_PNEUMONIA_2988,kermany,PNEUMONIA,kermany-person-1377,val,db63b4a754cc297b57442011fac654d85814302aa2d332505e9f820036794e6d,kermany\train\PNEUMONIA\person1377_bacteria_3512.jpeg,data\interim\selected\kermany_PNEUMONIA_2988.jpeg,data/processed/images/kermany_PNEUMONIA_2988.png
kermany_PNEUMONIA_2989,kermany,PNEUMONIA,kermany-person-971,val,ddb2b6fc1616a37c40a3e4104be1b4766a967511897f7bdd706d24a3f8d9d60b,kermany\train\PNEUMONIA\person971_bacteria_2896.jpeg,data\interim\selected\kermany_PNEUMONIA_2989.jpeg,data/processed/images/kermany_PNEUMONIA_2989.png
kermany_PNEUMONIA_2990,kermany,PNEUMONIA,kermany-person-1630,val,df1fe6380859c654dea78b6129df1b47b7982ec86113a51abdd53b3da28b048e,kermany\train\PNEUMONIA\person1630_bacteria_4304.jpeg,data\interim\selected\kermany_PNEUMONIA_2990.jpeg,data/processed/images/kermany_PNEUMONIA_2990.png
kermany_PNEUMONIA_2991,kermany,PNEUMONIA,kermany-person-427,val,e1e8e343f6af8c64d7866d5c69e83ad04e5daf2e5e18e8f4285185d2d5293809,kermany\train\PNEUMONIA\person427_bacteria_1866.jpeg,data\interim\selected\kermany_PNEUMONIA_2991.jpeg,data/processed/images/kermany_PNEUMONIA_2991.png
kermany_PNEUMONIA_2992,kermany,PNEUMONIA,kermany-person-5,val,e5e736a1ed29a47f431b25b3c94f500bd19f3e34a1dc05855cedaa24ec399a28,kermany\train\PNEUMONIA\person5_bacteria_15.jpeg,data\interim\selected\kermany_PNEUMONIA_2992.jpeg,data/processed/images/kermany_PNEUMONIA_2992.png
kermany_PNEUMONIA_2993,kermany,PNEUMONIA,kermany-person-66,val,eeb16767cdf981e3515b54243aacaba62fb22b835b019e905024a0bd28a5fc34,kermany\train\PNEUMONIA\person66_bacteria_325.jpeg,data\interim\selected\kermany_PNEUMONIA_2993.jpeg,data/processed/images/kermany_PNEUMONIA_2993.png
kermany_PNEUMONIA_2994,kermany,PNEUMONIA,kermany-person-1411,val,f20d8cf7a8653bc8d601415a7c1d8e62c0310aeca8b39ebd31f81a6aefdcd933,kermany\train\PNEUMONIA\person1411_bacteria_3593.jpeg,data\interim\selected\kermany_PNEUMONIA_2994.jpeg,data/processed/images/kermany_PNEUMONIA_2994.png
kermany_PNEUMONIA_2995,kermany,PNEUMONIA,kermany-person-96,val,f56fe1e25e36159a5083e747fc429a8d91468c6c9937ad44c306595d831f70b5,kermany\test\PNEUMONIA\person96_bacteria_465.jpeg,data\interim\selected\kermany_PNEUMONIA_2995.jpeg,data/processed/images/kermany_PNEUMONIA_2995.png
kermany_PNEUMONIA_2996,kermany,PNEUMONIA,kermany-person-1034,val,f80f286b57946f5b1647564247dd1a93471da877baf069826c42349d15cd4cb3,kermany\train\PNEUMONIA\person1034_virus_1728.jpeg,data\interim\selected\kermany_PNEUMONIA_2996.jpeg,data/processed/images/kermany_PNEUMONIA_2996.png
kermany_PNEUMONIA_2997,kermany,PNEUMONIA,kermany-person-27,val,f8f58c8dcadaded1e4d5291716828b293573311eaedbdbb150b1373692a31bd6,kermany\train\PNEUMONIA\person27_bacteria_136.jpeg,data\interim\selected\kermany_PNEUMONIA_2997.jpeg,data/processed/images/kermany_PNEUMONIA_2997.png
kermany_PNEUMONIA_2998,kermany,PNEUMONIA,kermany-person-595,val,fd5b2c0d00f10f6f4dfe7dd543be2d8919852112cbd436c6a551bd6bfc5a78e9,kermany\train\PNEUMONIA\person595_bacteria_2438.jpeg,data\interim\selected\kermany_PNEUMONIA_2998.jpeg,data/processed/images/kermany_PNEUMONIA_2998.png
kermany_PNEUMONIA_2999,kermany,PNEUMONIA,kermany-person-354,val,fd7e4885f05b30d27c648bb4cef344dd66d638faaef79d77ed13896c21238215,kermany\train\PNEUMONIA\person354_bacteria_1633.jpeg,data\interim\selected\kermany_PNEUMONIA_2999.jpeg,data/processed/images/kermany_PNEUMONIA_2999.png
kermany_PNEUMONIA_3000,kermany,PNEUMONIA,kermany-person-1817,val,ff924d7876b88a49deb471f40d20a009bf5c3f4e965a5fb8be73e11fcebc9b91,kermany\train\PNEUMONIA\person1817_bacteria_4675.jpeg,data\interim\selected\kermany_PNEUMONIA_3000.jpeg,data/processed/images/kermany_PNEUMONIA_3000.png
